$ /Users/nf477/anaconda3/envs/nrgsuite/bin/python /Users/nf477/Projects_Natalia/GROMACS/gromacs_ab_ligand_toolkit/ab_ligand_md_8complexes/Surfaces/clean_structure.py -f 1G10_ddhU_P001_WT_top_pose.pdb -def /Users/nf477/Projects_Natalia/GROMACS/gromacs_ab_ligand_toolkit/ab_ligand_md_8complexes/computational_DMS_top_occupancy_poses/1G10__ddhU/surfaces_definition/custom_MOL_AMINO_FlexAID.def
WARNING: ATOM H1 NOT DEFINED FOR CYS
WARNING: ATOM H2 NOT DEFINED FOR CYS
WARNING: ATOM H3 NOT DEFINED FOR CYS
WARNING: ATOM HA NOT DEFINED FOR CYS
WARNING: ATOM HB1 NOT DEFINED FOR CYS
WARNING: ATOM HB2 NOT DEFINED FOR CYS
WARNING: ATOM HG NOT DEFINED FOR CYS
WARNING: ATOM H NOT DEFINED FOR GLN
WARNING: ATOM HA NOT DEFINED FOR GLN
WARNING: ATOM HB1 NOT DEFINED FOR GLN
WARNING: ATOM HB2 NOT DEFINED FOR GLN
WARNING: ATOM HG1 NOT DEFINED FOR GLN
WARNING: ATOM HG2 NOT DEFINED FOR GLN
WARNING: ATOM HE21 NOT DEFINED FOR GLN
WARNING: ATOM HE22 NOT DEFINED FOR GLN
WARNING: ATOM H NOT DEFINED FOR SER
WARNING: ATOM HA NOT DEFINED FOR SER
WARNING: ATOM HB1 NOT DEFINED FOR SER
WARNING: ATOM HB2 NOT DEFINED FOR SER
WARNING: ATOM HG NOT DEFINED FOR SER
WARNING: ATOM H NOT DEFINED FOR LEU
WARNING: ATOM HA NOT DEFINED FOR LEU
WARNING: ATOM HB1 NOT DEFINED FOR LEU
WARNING: ATOM HB2 NOT DEFINED FOR LEU
WARNING: ATOM HG NOT DEFINED FOR LEU
WARNING: ATOM HD11 NOT DEFINED FOR LEU
WARNING: ATOM HD12 NOT DEFINED FOR LEU
WARNING: ATOM HD13 NOT DEFINED FOR LEU
WARNING: ATOM HD21 NOT DEFINED FOR LEU
WARNING: ATOM HD22 NOT DEFINED FOR LEU
WARNING: ATOM HD23 NOT DEFINED FOR LEU
WARNING: ATOM H NOT DEFINED FOR GLU
WARNING: ATOM HA NOT DEFINED FOR GLU
WARNING: ATOM HB1 NOT DEFINED FOR GLU
WARNING: ATOM HB2 NOT DEFINED FOR GLU
WARNING: ATOM HG1 NOT DEFINED FOR GLU
WARNING: ATOM HG2 NOT DEFINED FOR GLU
WARNING: ATOM H NOT DEFINED FOR GLU
WARNING: ATOM HA NOT DEFINED FOR GLU
WARNING: ATOM HB1 NOT DEFINED FOR GLU
WARNING: ATOM HB2 NOT DEFINED FOR GLU
WARNING: ATOM HG1 NOT DEFINED FOR GLU
WARNING: ATOM HG2 NOT DEFINED FOR GLU
WARNING: ATOM H NOT DEFINED FOR SER
WARNING: ATOM HA NOT DEFINED FOR SER
WARNING: ATOM HB1 NOT DEFINED FOR SER
WARNING: ATOM HB2 NOT DEFINED FOR SER
WARNING: ATOM HG NOT DEFINED FOR SER
WARNING: ATOM H NOT DEFINED FOR GLY
WARNING: ATOM HA1 NOT DEFINED FOR GLY
WARNING: ATOM HA2 NOT DEFINED FOR GLY
WARNING: ATOM H NOT DEFINED FOR GLY
WARNING: ATOM HA1 NOT DEFINED FOR GLY
WARNING: ATOM HA2 NOT DEFINED FOR GLY
WARNING: ATOM H NOT DEFINED FOR ARG
WARNING: ATOM HA NOT DEFINED FOR ARG
WARNING: ATOM HB1 NOT DEFINED FOR ARG
WARNING: ATOM HB2 NOT DEFINED FOR ARG
WARNING: ATOM HG1 NOT DEFINED FOR ARG
WARNING: ATOM HG2 NOT DEFINED FOR ARG
WARNING: ATOM HD1 NOT DEFINED FOR ARG
WARNING: ATOM HD2 NOT DEFINED FOR ARG
WARNING: ATOM HE NOT DEFINED FOR ARG
WARNING: ATOM HH11 NOT DEFINED FOR ARG
WARNING: ATOM HH12 NOT DEFINED FOR ARG
WARNING: ATOM HH21 NOT DEFINED FOR ARG
WARNING: ATOM HH22 NOT DEFINED FOR ARG
WARNING: ATOM H NOT DEFINED FOR LEU
WARNING: ATOM HA NOT DEFINED FOR LEU
WARNING: ATOM HB1 NOT DEFINED FOR LEU
WARNING: ATOM HB2 NOT DEFINED FOR LEU
WARNING: ATOM HG NOT DEFINED FOR LEU
WARNING: ATOM HD11 NOT DEFINED FOR LEU
WARNING: ATOM HD12 NOT DEFINED FOR LEU
WARNING: ATOM HD13 NOT DEFINED FOR LEU
WARNING: ATOM HD21 NOT DEFINED FOR LEU
WARNING: ATOM HD22 NOT DEFINED FOR LEU
WARNING: ATOM HD23 NOT DEFINED FOR LEU
WARNING: ATOM H NOT DEFINED FOR VAL
WARNING: ATOM HA NOT DEFINED FOR VAL
WARNING: ATOM HB NOT DEFINED FOR VAL
WARNING: ATOM HG11 NOT DEFINED FOR VAL
WARNING: ATOM HG12 NOT DEFINED FOR VAL
WARNING: ATOM HG13 NOT DEFINED FOR VAL
WARNING: ATOM HG21 NOT DEFINED FOR VAL
WARNING: ATOM HG22 NOT DEFINED FOR VAL
WARNING: ATOM HG23 NOT DEFINED FOR VAL
WARNING: ATOM H NOT DEFINED FOR THR
WARNING: ATOM HA NOT DEFINED FOR THR
WARNING: ATOM HB NOT DEFINED FOR THR
WARNING: ATOM HG21 NOT DEFINED FOR THR
WARNING: ATOM HG22 NOT DEFINED FOR THR
WARNING: ATOM HG23 NOT DEFINED FOR THR
WARNING: ATOM HG1 NOT DEFINED FOR THR
WARNING: ATOM HD1 NOT DEFINED FOR PRO
WARNING: ATOM HD2 NOT DEFINED FOR PRO
WARNING: ATOM HG1 NOT DEFINED FOR PRO
WARNING: ATOM HG2 NOT DEFINED FOR PRO
WARNING: ATOM HB1 NOT DEFINED FOR PRO
WARNING: ATOM HB2 NOT DEFINED FOR PRO
WARNING: ATOM HA NOT DEFINED FOR PRO
WARNING: ATOM H NOT DEFINED FOR GLY
WARNING: ATOM HA1 NOT DEFINED FOR GLY
WARNING: ATOM HA2 NOT DEFINED FOR GLY
WARNING: ATOM H NOT DEFINED FOR THR
WARNING: ATOM HA NOT DEFINED FOR THR
WARNING: ATOM HB NOT DEFINED FOR THR
WARNING: ATOM HG21 NOT DEFINED FOR THR
WARNING: ATOM HG22 NOT DEFINED FOR THR
WARNING: ATOM HG23 NOT DEFINED FOR THR
WARNING: ATOM HG1 NOT DEFINED FOR THR
WARNING: ATOM HD1 NOT DEFINED FOR PRO
WARNING: ATOM HD2 NOT DEFINED FOR PRO
WARNING: ATOM HG1 NOT DEFINED FOR PRO
WARNING: ATOM HG2 NOT DEFINED FOR PRO
WARNING: ATOM HB1 NOT DEFINED FOR PRO
WARNING: ATOM HB2 NOT DEFINED FOR PRO
WARNING: ATOM HA NOT DEFINED FOR PRO
WARNING: ATOM H NOT DEFINED FOR LEU
WARNING: ATOM HA NOT DEFINED FOR LEU
WARNING: ATOM HB1 NOT DEFINED FOR LEU
WARNING: ATOM HB2 NOT DEFINED FOR LEU
WARNING: ATOM HG NOT DEFINED FOR LEU
WARNING: ATOM HD11 NOT DEFINED FOR LEU
WARNING: ATOM HD12 NOT DEFINED FOR LEU
WARNING: ATOM HD13 NOT DEFINED FOR LEU
WARNING: ATOM HD21 NOT DEFINED FOR LEU
WARNING: ATOM HD22 NOT DEFINED FOR LEU
WARNING: ATOM HD23 NOT DEFINED FOR LEU
WARNING: ATOM H NOT DEFINED FOR THR
WARNING: ATOM HA NOT DEFINED FOR THR
WARNING: ATOM HB NOT DEFINED FOR THR
WARNING: ATOM HG21 NOT DEFINED FOR THR
WARNING: ATOM HG22 NOT DEFINED FOR THR
WARNING: ATOM HG23 NOT DEFINED FOR THR
WARNING: ATOM HG1 NOT DEFINED FOR THR
WARNING: ATOM H NOT DEFINED FOR LEU
WARNING: ATOM HA NOT DEFINED FOR LEU
WARNING: ATOM HB1 NOT DEFINED FOR LEU
WARNING: ATOM HB2 NOT DEFINED FOR LEU
WARNING: ATOM HG NOT DEFINED FOR LEU
WARNING: ATOM HD11 NOT DEFINED FOR LEU
WARNING: ATOM HD12 NOT DEFINED FOR LEU
WARNING: ATOM HD13 NOT DEFINED FOR LEU
WARNING: ATOM HD21 NOT DEFINED FOR LEU
WARNING: ATOM HD22 NOT DEFINED FOR LEU
WARNING: ATOM HD23 NOT DEFINED FOR LEU
WARNING: ATOM H NOT DEFINED FOR THR
WARNING: ATOM HA NOT DEFINED FOR THR
WARNING: ATOM HB NOT DEFINED FOR THR
WARNING: ATOM HG21 NOT DEFINED FOR THR
WARNING: ATOM HG22 NOT DEFINED FOR THR
WARNING: ATOM HG23 NOT DEFINED FOR THR
WARNING: ATOM HG1 NOT DEFINED FOR THR
WARNING: ATOM H NOT DEFINED FOR CYS
WARNING: ATOM HA NOT DEFINED FOR CYS
WARNING: ATOM HB1 NOT DEFINED FOR CYS
WARNING: ATOM HB2 NOT DEFINED FOR CYS
WARNING: ATOM H NOT DEFINED FOR THR
WARNING: ATOM HA NOT DEFINED FOR THR
WARNING: ATOM HB NOT DEFINED FOR THR
WARNING: ATOM HG21 NOT DEFINED FOR THR
WARNING: ATOM HG22 NOT DEFINED FOR THR
WARNING: ATOM HG23 NOT DEFINED FOR THR
WARNING: ATOM HG1 NOT DEFINED FOR THR
WARNING: ATOM H NOT DEFINED FOR ALA
WARNING: ATOM HA NOT DEFINED FOR ALA
WARNING: ATOM HB1 NOT DEFINED FOR ALA
WARNING: ATOM HB2 NOT DEFINED FOR ALA
WARNING: ATOM HB3 NOT DEFINED FOR ALA
WARNING: ATOM H NOT DEFINED FOR SER
WARNING: ATOM HA NOT DEFINED FOR SER
WARNING: ATOM HB1 NOT DEFINED FOR SER
WARNING: ATOM HB2 NOT DEFINED FOR SER
WARNING: ATOM HG NOT DEFINED FOR SER
WARNING: ATOM H NOT DEFINED FOR GLY
WARNING: ATOM HA1 NOT DEFINED FOR GLY
WARNING: ATOM HA2 NOT DEFINED FOR GLY
WARNING: ATOM H NOT DEFINED FOR PHE
WARNING: ATOM HA NOT DEFINED FOR PHE
WARNING: ATOM HB1 NOT DEFINED FOR PHE
WARNING: ATOM HB2 NOT DEFINED FOR PHE
WARNING: ATOM HD1 NOT DEFINED FOR PHE
WARNING: ATOM HE1 NOT DEFINED FOR PHE
WARNING: ATOM HZ NOT DEFINED FOR PHE
WARNING: ATOM HE2 NOT DEFINED FOR PHE
WARNING: ATOM HD2 NOT DEFINED FOR PHE
WARNING: ATOM H NOT DEFINED FOR ASP
WARNING: ATOM HA NOT DEFINED FOR ASP
WARNING: ATOM HB1 NOT DEFINED FOR ASP
WARNING: ATOM HB2 NOT DEFINED FOR ASP
WARNING: ATOM H NOT DEFINED FOR ILE
WARNING: ATOM HA NOT DEFINED FOR ILE
WARNING: ATOM HB NOT DEFINED FOR ILE
WARNING: ATOM HG21 NOT DEFINED FOR ILE
WARNING: ATOM HG22 NOT DEFINED FOR ILE
WARNING: ATOM HG23 NOT DEFINED FOR ILE
WARNING: ATOM HG11 NOT DEFINED FOR ILE
WARNING: ATOM HG12 NOT DEFINED FOR ILE
WARNING: ATOM HD1 NOT DEFINED FOR ILE
WARNING: ATOM HD2 NOT DEFINED FOR ILE
WARNING: ATOM HD3 NOT DEFINED FOR ILE
WARNING: ATOM H NOT DEFINED FOR SER
WARNING: ATOM HA NOT DEFINED FOR SER
WARNING: ATOM HB1 NOT DEFINED FOR SER
WARNING: ATOM HB2 NOT DEFINED FOR SER
WARNING: ATOM HG NOT DEFINED FOR SER
WARNING: ATOM H NOT DEFINED FOR THR
WARNING: ATOM HA NOT DEFINED FOR THR
WARNING: ATOM HB NOT DEFINED FOR THR
WARNING: ATOM HG21 NOT DEFINED FOR THR
WARNING: ATOM HG22 NOT DEFINED FOR THR
WARNING: ATOM HG23 NOT DEFINED FOR THR
WARNING: ATOM HG1 NOT DEFINED FOR THR
WARNING: ATOM H NOT DEFINED FOR TYR
WARNING: ATOM HA NOT DEFINED FOR TYR
WARNING: ATOM HB1 NOT DEFINED FOR TYR
WARNING: ATOM HB2 NOT DEFINED FOR TYR
WARNING: ATOM HD1 NOT DEFINED FOR TYR
WARNING: ATOM HE1 NOT DEFINED FOR TYR
WARNING: ATOM HH NOT DEFINED FOR TYR
WARNING: ATOM HE2 NOT DEFINED FOR TYR
WARNING: ATOM HD2 NOT DEFINED FOR TYR
WARNING: ATOM H NOT DEFINED FOR ASN
WARNING: ATOM HA NOT DEFINED FOR ASN
WARNING: ATOM HB1 NOT DEFINED FOR ASN
WARNING: ATOM HB2 NOT DEFINED FOR ASN
WARNING: ATOM HD21 NOT DEFINED FOR ASN
WARNING: ATOM HD22 NOT DEFINED FOR ASN
WARNING: ATOM H NOT DEFINED FOR ILE
WARNING: ATOM HA NOT DEFINED FOR ILE
WARNING: ATOM HB NOT DEFINED FOR ILE
WARNING: ATOM HG21 NOT DEFINED FOR ILE
WARNING: ATOM HG22 NOT DEFINED FOR ILE
WARNING: ATOM HG23 NOT DEFINED FOR ILE
WARNING: ATOM HG11 NOT DEFINED FOR ILE
WARNING: ATOM HG12 NOT DEFINED FOR ILE
WARNING: ATOM HD1 NOT DEFINED FOR ILE
WARNING: ATOM HD2 NOT DEFINED FOR ILE
WARNING: ATOM HD3 NOT DEFINED FOR ILE
WARNING: ATOM H NOT DEFINED FOR GLN
WARNING: ATOM HA NOT DEFINED FOR GLN
WARNING: ATOM HB1 NOT DEFINED FOR GLN
WARNING: ATOM HB2 NOT DEFINED FOR GLN
WARNING: ATOM HG1 NOT DEFINED FOR GLN
WARNING: ATOM HG2 NOT DEFINED FOR GLN
WARNING: ATOM HE21 NOT DEFINED FOR GLN
WARNING: ATOM HE22 NOT DEFINED FOR GLN
WARNING: ATOM H NOT DEFINED FOR TRP
WARNING: ATOM HA NOT DEFINED FOR TRP
WARNING: ATOM HB1 NOT DEFINED FOR TRP
WARNING: ATOM HB2 NOT DEFINED FOR TRP
WARNING: ATOM HD1 NOT DEFINED FOR TRP
WARNING: ATOM HE1 NOT DEFINED FOR TRP
WARNING: ATOM HZ2 NOT DEFINED FOR TRP
WARNING: ATOM HH2 NOT DEFINED FOR TRP
WARNING: ATOM HZ3 NOT DEFINED FOR TRP
WARNING: ATOM HE3 NOT DEFINED FOR TRP
WARNING: ATOM H NOT DEFINED FOR VAL
WARNING: ATOM HA NOT DEFINED FOR VAL
WARNING: ATOM HB NOT DEFINED FOR VAL
WARNING: ATOM HG11 NOT DEFINED FOR VAL
WARNING: ATOM HG12 NOT DEFINED FOR VAL
WARNING: ATOM HG13 NOT DEFINED FOR VAL
WARNING: ATOM HG21 NOT DEFINED FOR VAL
WARNING: ATOM HG22 NOT DEFINED FOR VAL
WARNING: ATOM HG23 NOT DEFINED FOR VAL
WARNING: ATOM H NOT DEFINED FOR ARG
WARNING: ATOM HA NOT DEFINED FOR ARG
WARNING: ATOM HB1 NOT DEFINED FOR ARG
WARNING: ATOM HB2 NOT DEFINED FOR ARG
WARNING: ATOM HG1 NOT DEFINED FOR ARG
WARNING: ATOM HG2 NOT DEFINED FOR ARG
WARNING: ATOM HD1 NOT DEFINED FOR ARG
WARNING: ATOM HD2 NOT DEFINED FOR ARG
WARNING: ATOM HE NOT DEFINED FOR ARG
WARNING: ATOM HH11 NOT DEFINED FOR ARG
WARNING: ATOM HH12 NOT DEFINED FOR ARG
WARNING: ATOM HH21 NOT DEFINED FOR ARG
WARNING: ATOM HH22 NOT DEFINED FOR ARG
WARNING: ATOM H NOT DEFINED FOR GLN
WARNING: ATOM HA NOT DEFINED FOR GLN
WARNING: ATOM HB1 NOT DEFINED FOR GLN
WARNING: ATOM HB2 NOT DEFINED FOR GLN
WARNING: ATOM HG1 NOT DEFINED FOR GLN
WARNING: ATOM HG2 NOT DEFINED FOR GLN
WARNING: ATOM HE21 NOT DEFINED FOR GLN
WARNING: ATOM HE22 NOT DEFINED FOR GLN
WARNING: ATOM H NOT DEFINED FOR ALA
WARNING: ATOM HA NOT DEFINED FOR ALA
WARNING: ATOM HB1 NOT DEFINED FOR ALA
WARNING: ATOM HB2 NOT DEFINED FOR ALA
WARNING: ATOM HB3 NOT DEFINED FOR ALA
WARNING: ATOM HD1 NOT DEFINED FOR PRO
WARNING: ATOM HD2 NOT DEFINED FOR PRO
WARNING: ATOM HG1 NOT DEFINED FOR PRO
WARNING: ATOM HG2 NOT DEFINED FOR PRO
WARNING: ATOM HB1 NOT DEFINED FOR PRO
WARNING: ATOM HB2 NOT DEFINED FOR PRO
WARNING: ATOM HA NOT DEFINED FOR PRO
WARNING: ATOM H NOT DEFINED FOR GLU
WARNING: ATOM HA NOT DEFINED FOR GLU
WARNING: ATOM HB1 NOT DEFINED FOR GLU
WARNING: ATOM HB2 NOT DEFINED FOR GLU
WARNING: ATOM HG1 NOT DEFINED FOR GLU
WARNING: ATOM HG2 NOT DEFINED FOR GLU
WARNING: ATOM H NOT DEFINED FOR LYS
WARNING: ATOM HA NOT DEFINED FOR LYS
WARNING: ATOM HB1 NOT DEFINED FOR LYS
WARNING: ATOM HB2 NOT DEFINED FOR LYS
WARNING: ATOM HG1 NOT DEFINED FOR LYS
WARNING: ATOM HG2 NOT DEFINED FOR LYS
WARNING: ATOM HD1 NOT DEFINED FOR LYS
WARNING: ATOM HD2 NOT DEFINED FOR LYS
WARNING: ATOM HE1 NOT DEFINED FOR LYS
WARNING: ATOM HE2 NOT DEFINED FOR LYS
WARNING: ATOM HZ1 NOT DEFINED FOR LYS
WARNING: ATOM HZ2 NOT DEFINED FOR LYS
WARNING: ATOM HZ3 NOT DEFINED FOR LYS
WARNING: ATOM H NOT DEFINED FOR GLY
WARNING: ATOM HA1 NOT DEFINED FOR GLY
WARNING: ATOM HA2 NOT DEFINED FOR GLY
WARNING: ATOM H NOT DEFINED FOR LEU
WARNING: ATOM HA NOT DEFINED FOR LEU
WARNING: ATOM HB1 NOT DEFINED FOR LEU
WARNING: ATOM HB2 NOT DEFINED FOR LEU
WARNING: ATOM HG NOT DEFINED FOR LEU
WARNING: ATOM HD11 NOT DEFINED FOR LEU
WARNING: ATOM HD12 NOT DEFINED FOR LEU
WARNING: ATOM HD13 NOT DEFINED FOR LEU
WARNING: ATOM HD21 NOT DEFINED FOR LEU
WARNING: ATOM HD22 NOT DEFINED FOR LEU
WARNING: ATOM HD23 NOT DEFINED FOR LEU
WARNING: ATOM H NOT DEFINED FOR GLU
WARNING: ATOM HA NOT DEFINED FOR GLU
WARNING: ATOM HB1 NOT DEFINED FOR GLU
WARNING: ATOM HB2 NOT DEFINED FOR GLU
WARNING: ATOM HG1 NOT DEFINED FOR GLU
WARNING: ATOM HG2 NOT DEFINED FOR GLU
WARNING: ATOM H NOT DEFINED FOR TYR
WARNING: ATOM HA NOT DEFINED FOR TYR
WARNING: ATOM HB1 NOT DEFINED FOR TYR
WARNING: ATOM HB2 NOT DEFINED FOR TYR
WARNING: ATOM HD1 NOT DEFINED FOR TYR
WARNING: ATOM HE1 NOT DEFINED FOR TYR
WARNING: ATOM HH NOT DEFINED FOR TYR
WARNING: ATOM HE2 NOT DEFINED FOR TYR
WARNING: ATOM HD2 NOT DEFINED FOR TYR
WARNING: ATOM H NOT DEFINED FOR ILE
WARNING: ATOM HA NOT DEFINED FOR ILE
WARNING: ATOM HB NOT DEFINED FOR ILE
WARNING: ATOM HG21 NOT DEFINED FOR ILE
WARNING: ATOM HG22 NOT DEFINED FOR ILE
WARNING: ATOM HG23 NOT DEFINED FOR ILE
WARNING: ATOM HG11 NOT DEFINED FOR ILE
WARNING: ATOM HG12 NOT DEFINED FOR ILE
WARNING: ATOM HD1 NOT DEFINED FOR ILE
WARNING: ATOM HD2 NOT DEFINED FOR ILE
WARNING: ATOM HD3 NOT DEFINED FOR ILE
WARNING: ATOM H NOT DEFINED FOR GLY
WARNING: ATOM HA1 NOT DEFINED FOR GLY
WARNING: ATOM HA2 NOT DEFINED FOR GLY
WARNING: ATOM H NOT DEFINED FOR ILE
WARNING: ATOM HA NOT DEFINED FOR ILE
WARNING: ATOM HB NOT DEFINED FOR ILE
WARNING: ATOM HG21 NOT DEFINED FOR ILE
WARNING: ATOM HG22 NOT DEFINED FOR ILE
WARNING: ATOM HG23 NOT DEFINED FOR ILE
WARNING: ATOM HG11 NOT DEFINED FOR ILE
WARNING: ATOM HG12 NOT DEFINED FOR ILE
WARNING: ATOM HD1 NOT DEFINED FOR ILE
WARNING: ATOM HD2 NOT DEFINED FOR ILE
WARNING: ATOM HD3 NOT DEFINED FOR ILE
WARNING: ATOM H NOT DEFINED FOR ILE
WARNING: ATOM HA NOT DEFINED FOR ILE
WARNING: ATOM HB NOT DEFINED FOR ILE
WARNING: ATOM HG21 NOT DEFINED FOR ILE
WARNING: ATOM HG22 NOT DEFINED FOR ILE
WARNING: ATOM HG23 NOT DEFINED FOR ILE
WARNING: ATOM HG11 NOT DEFINED FOR ILE
WARNING: ATOM HG12 NOT DEFINED FOR ILE
WARNING: ATOM HD1 NOT DEFINED FOR ILE
WARNING: ATOM HD2 NOT DEFINED FOR ILE
WARNING: ATOM HD3 NOT DEFINED FOR ILE
WARNING: ATOM H NOT DEFINED FOR THR
WARNING: ATOM HA NOT DEFINED FOR THR
WARNING: ATOM HB NOT DEFINED FOR THR
WARNING: ATOM HG21 NOT DEFINED FOR THR
WARNING: ATOM HG22 NOT DEFINED FOR THR
WARNING: ATOM HG23 NOT DEFINED FOR THR
WARNING: ATOM HG1 NOT DEFINED FOR THR
WARNING: ATOM H NOT DEFINED FOR TYR
WARNING: ATOM HA NOT DEFINED FOR TYR
WARNING: ATOM HB1 NOT DEFINED FOR TYR
WARNING: ATOM HB2 NOT DEFINED FOR TYR
WARNING: ATOM HD1 NOT DEFINED FOR TYR
WARNING: ATOM HE1 NOT DEFINED FOR TYR
WARNING: ATOM HH NOT DEFINED FOR TYR
WARNING: ATOM HE2 NOT DEFINED FOR TYR
WARNING: ATOM HD2 NOT DEFINED FOR TYR
WARNING: ATOM H NOT DEFINED FOR GLY
WARNING: ATOM HA1 NOT DEFINED FOR GLY
WARNING: ATOM HA2 NOT DEFINED FOR GLY
WARNING: ATOM H NOT DEFINED FOR GLY
WARNING: ATOM HA1 NOT DEFINED FOR GLY
WARNING: ATOM HA2 NOT DEFINED FOR GLY
WARNING: ATOM H NOT DEFINED FOR SER
WARNING: ATOM HA NOT DEFINED FOR SER
WARNING: ATOM HB1 NOT DEFINED FOR SER
WARNING: ATOM HB2 NOT DEFINED FOR SER
WARNING: ATOM HG NOT DEFINED FOR SER
WARNING: ATOM H NOT DEFINED FOR ALA
WARNING: ATOM HA NOT DEFINED FOR ALA
WARNING: ATOM HB1 NOT DEFINED FOR ALA
WARNING: ATOM HB2 NOT DEFINED FOR ALA
WARNING: ATOM HB3 NOT DEFINED FOR ALA
WARNING: ATOM H NOT DEFINED FOR TYR
WARNING: ATOM HA NOT DEFINED FOR TYR
WARNING: ATOM HB1 NOT DEFINED FOR TYR
WARNING: ATOM HB2 NOT DEFINED FOR TYR
WARNING: ATOM HD1 NOT DEFINED FOR TYR
WARNING: ATOM HE1 NOT DEFINED FOR TYR
WARNING: ATOM HH NOT DEFINED FOR TYR
WARNING: ATOM HE2 NOT DEFINED FOR TYR
WARNING: ATOM HD2 NOT DEFINED FOR TYR
WARNING: ATOM H NOT DEFINED FOR TYR
WARNING: ATOM HA NOT DEFINED FOR TYR
WARNING: ATOM HB1 NOT DEFINED FOR TYR
WARNING: ATOM HB2 NOT DEFINED FOR TYR
WARNING: ATOM HD1 NOT DEFINED FOR TYR
WARNING: ATOM HE1 NOT DEFINED FOR TYR
WARNING: ATOM HH NOT DEFINED FOR TYR
WARNING: ATOM HE2 NOT DEFINED FOR TYR
WARNING: ATOM HD2 NOT DEFINED FOR TYR
WARNING: ATOM HD1 NOT DEFINED FOR PRO
WARNING: ATOM HD2 NOT DEFINED FOR PRO
WARNING: ATOM HG1 NOT DEFINED FOR PRO
WARNING: ATOM HG2 NOT DEFINED FOR PRO
WARNING: ATOM HB1 NOT DEFINED FOR PRO
WARNING: ATOM HB2 NOT DEFINED FOR PRO
WARNING: ATOM HA NOT DEFINED FOR PRO
WARNING: ATOM H NOT DEFINED FOR SER
WARNING: ATOM HA NOT DEFINED FOR SER
WARNING: ATOM HB1 NOT DEFINED FOR SER
WARNING: ATOM HB2 NOT DEFINED FOR SER
WARNING: ATOM HG NOT DEFINED FOR SER
WARNING: ATOM H NOT DEFINED FOR TRP
WARNING: ATOM HA NOT DEFINED FOR TRP
WARNING: ATOM HB1 NOT DEFINED FOR TRP
WARNING: ATOM HB2 NOT DEFINED FOR TRP
WARNING: ATOM HD1 NOT DEFINED FOR TRP
WARNING: ATOM HE1 NOT DEFINED FOR TRP
WARNING: ATOM HZ2 NOT DEFINED FOR TRP
WARNING: ATOM HH2 NOT DEFINED FOR TRP
WARNING: ATOM HZ3 NOT DEFINED FOR TRP
WARNING: ATOM HE3 NOT DEFINED FOR TRP
WARNING: ATOM H NOT DEFINED FOR ALA
WARNING: ATOM HA NOT DEFINED FOR ALA
WARNING: ATOM HB1 NOT DEFINED FOR ALA
WARNING: ATOM HB2 NOT DEFINED FOR ALA
WARNING: ATOM HB3 NOT DEFINED FOR ALA
WARNING: ATOM H NOT DEFINED FOR LYS
WARNING: ATOM HA NOT DEFINED FOR LYS
WARNING: ATOM HB1 NOT DEFINED FOR LYS
WARNING: ATOM HB2 NOT DEFINED FOR LYS
WARNING: ATOM HG1 NOT DEFINED FOR LYS
WARNING: ATOM HG2 NOT DEFINED FOR LYS
WARNING: ATOM HD1 NOT DEFINED FOR LYS
WARNING: ATOM HD2 NOT DEFINED FOR LYS
WARNING: ATOM HE1 NOT DEFINED FOR LYS
WARNING: ATOM HE2 NOT DEFINED FOR LYS
WARNING: ATOM HZ1 NOT DEFINED FOR LYS
WARNING: ATOM HZ2 NOT DEFINED FOR LYS
WARNING: ATOM HZ3 NOT DEFINED FOR LYS
WARNING: ATOM H NOT DEFINED FOR GLY
WARNING: ATOM HA1 NOT DEFINED FOR GLY
WARNING: ATOM HA2 NOT DEFINED FOR GLY
WARNING: ATOM H NOT DEFINED FOR ARG
WARNING: ATOM HA NOT DEFINED FOR ARG
WARNING: ATOM HB1 NOT DEFINED FOR ARG
WARNING: ATOM HB2 NOT DEFINED FOR ARG
WARNING: ATOM HG1 NOT DEFINED FOR ARG
WARNING: ATOM HG2 NOT DEFINED FOR ARG
WARNING: ATOM HD1 NOT DEFINED FOR ARG
WARNING: ATOM HD2 NOT DEFINED FOR ARG
WARNING: ATOM HE NOT DEFINED FOR ARG
WARNING: ATOM HH11 NOT DEFINED FOR ARG
WARNING: ATOM HH12 NOT DEFINED FOR ARG
WARNING: ATOM HH21 NOT DEFINED FOR ARG
WARNING: ATOM HH22 NOT DEFINED FOR ARG
WARNING: ATOM H NOT DEFINED FOR PHE
WARNING: ATOM HA NOT DEFINED FOR PHE
WARNING: ATOM HB1 NOT DEFINED FOR PHE
WARNING: ATOM HB2 NOT DEFINED FOR PHE
WARNING: ATOM HD1 NOT DEFINED FOR PHE
WARNING: ATOM HE1 NOT DEFINED FOR PHE
WARNING: ATOM HZ NOT DEFINED FOR PHE
WARNING: ATOM HE2 NOT DEFINED FOR PHE
WARNING: ATOM HD2 NOT DEFINED FOR PHE
WARNING: ATOM H NOT DEFINED FOR THR
WARNING: ATOM HA NOT DEFINED FOR THR
WARNING: ATOM HB NOT DEFINED FOR THR
WARNING: ATOM HG21 NOT DEFINED FOR THR
WARNING: ATOM HG22 NOT DEFINED FOR THR
WARNING: ATOM HG23 NOT DEFINED FOR THR
WARNING: ATOM HG1 NOT DEFINED FOR THR
WARNING: ATOM H NOT DEFINED FOR PHE
WARNING: ATOM HA NOT DEFINED FOR PHE
WARNING: ATOM HB1 NOT DEFINED FOR PHE
WARNING: ATOM HB2 NOT DEFINED FOR PHE
WARNING: ATOM HD1 NOT DEFINED FOR PHE
WARNING: ATOM HE1 NOT DEFINED FOR PHE
WARNING: ATOM HZ NOT DEFINED FOR PHE
WARNING: ATOM HE2 NOT DEFINED FOR PHE
WARNING: ATOM HD2 NOT DEFINED FOR PHE
WARNING: ATOM H NOT DEFINED FOR SER
WARNING: ATOM HA NOT DEFINED FOR SER
WARNING: ATOM HB1 NOT DEFINED FOR SER
WARNING: ATOM HB2 NOT DEFINED FOR SER
WARNING: ATOM HG NOT DEFINED FOR SER
WARNING: ATOM H NOT DEFINED FOR ARG
WARNING: ATOM HA NOT DEFINED FOR ARG
WARNING: ATOM HB1 NOT DEFINED FOR ARG
WARNING: ATOM HB2 NOT DEFINED FOR ARG
WARNING: ATOM HG1 NOT DEFINED FOR ARG
WARNING: ATOM HG2 NOT DEFINED FOR ARG
WARNING: ATOM HD1 NOT DEFINED FOR ARG
WARNING: ATOM HD2 NOT DEFINED FOR ARG
WARNING: ATOM HE NOT DEFINED FOR ARG
WARNING: ATOM HH11 NOT DEFINED FOR ARG
WARNING: ATOM HH12 NOT DEFINED FOR ARG
WARNING: ATOM HH21 NOT DEFINED FOR ARG
WARNING: ATOM HH22 NOT DEFINED FOR ARG
WARNING: ATOM H NOT DEFINED FOR THR
WARNING: ATOM HA NOT DEFINED FOR THR
WARNING: ATOM HB NOT DEFINED FOR THR
WARNING: ATOM HG21 NOT DEFINED FOR THR
WARNING: ATOM HG22 NOT DEFINED FOR THR
WARNING: ATOM HG23 NOT DEFINED FOR THR
WARNING: ATOM HG1 NOT DEFINED FOR THR
WARNING: ATOM H NOT DEFINED FOR SER
WARNING: ATOM HA NOT DEFINED FOR SER
WARNING: ATOM HB1 NOT DEFINED FOR SER
WARNING: ATOM HB2 NOT DEFINED FOR SER
WARNING: ATOM HG NOT DEFINED FOR SER
WARNING: ATOM H NOT DEFINED FOR THR
WARNING: ATOM HA NOT DEFINED FOR THR
WARNING: ATOM HB NOT DEFINED FOR THR
WARNING: ATOM HG21 NOT DEFINED FOR THR
WARNING: ATOM HG22 NOT DEFINED FOR THR
WARNING: ATOM HG23 NOT DEFINED FOR THR
WARNING: ATOM HG1 NOT DEFINED FOR THR
WARNING: ATOM H NOT DEFINED FOR THR
WARNING: ATOM HA NOT DEFINED FOR THR
WARNING: ATOM HB NOT DEFINED FOR THR
WARNING: ATOM HG21 NOT DEFINED FOR THR
WARNING: ATOM HG22 NOT DEFINED FOR THR
WARNING: ATOM HG23 NOT DEFINED FOR THR
WARNING: ATOM HG1 NOT DEFINED FOR THR
WARNING: ATOM H NOT DEFINED FOR VAL
WARNING: ATOM HA NOT DEFINED FOR VAL
WARNING: ATOM HB NOT DEFINED FOR VAL
WARNING: ATOM HG11 NOT DEFINED FOR VAL
WARNING: ATOM HG12 NOT DEFINED FOR VAL
WARNING: ATOM HG13 NOT DEFINED FOR VAL
WARNING: ATOM HG21 NOT DEFINED FOR VAL
WARNING: ATOM HG22 NOT DEFINED FOR VAL
WARNING: ATOM HG23 NOT DEFINED FOR VAL
WARNING: ATOM H NOT DEFINED FOR ASP
WARNING: ATOM HA NOT DEFINED FOR ASP
WARNING: ATOM HB1 NOT DEFINED FOR ASP
WARNING: ATOM HB2 NOT DEFINED FOR ASP
WARNING: ATOM H NOT DEFINED FOR LEU
WARNING: ATOM HA NOT DEFINED FOR LEU
WARNING: ATOM HB1 NOT DEFINED FOR LEU
WARNING: ATOM HB2 NOT DEFINED FOR LEU
WARNING: ATOM HG NOT DEFINED FOR LEU
WARNING: ATOM HD11 NOT DEFINED FOR LEU
WARNING: ATOM HD12 NOT DEFINED FOR LEU
WARNING: ATOM HD13 NOT DEFINED FOR LEU
WARNING: ATOM HD21 NOT DEFINED FOR LEU
WARNING: ATOM HD22 NOT DEFINED FOR LEU
WARNING: ATOM HD23 NOT DEFINED FOR LEU
WARNING: ATOM H NOT DEFINED FOR LYS
WARNING: ATOM HA NOT DEFINED FOR LYS
WARNING: ATOM HB1 NOT DEFINED FOR LYS
WARNING: ATOM HB2 NOT DEFINED FOR LYS
WARNING: ATOM HG1 NOT DEFINED FOR LYS
WARNING: ATOM HG2 NOT DEFINED FOR LYS
WARNING: ATOM HD1 NOT DEFINED FOR LYS
WARNING: ATOM HD2 NOT DEFINED FOR LYS
WARNING: ATOM HE1 NOT DEFINED FOR LYS
WARNING: ATOM HE2 NOT DEFINED FOR LYS
WARNING: ATOM HZ1 NOT DEFINED FOR LYS
WARNING: ATOM HZ2 NOT DEFINED FOR LYS
WARNING: ATOM HZ3 NOT DEFINED FOR LYS
WARNING: ATOM H NOT DEFINED FOR ILE
WARNING: ATOM HA NOT DEFINED FOR ILE
WARNING: ATOM HB NOT DEFINED FOR ILE
WARNING: ATOM HG21 NOT DEFINED FOR ILE
WARNING: ATOM HG22 NOT DEFINED FOR ILE
WARNING: ATOM HG23 NOT DEFINED FOR ILE
WARNING: ATOM HG11 NOT DEFINED FOR ILE
WARNING: ATOM HG12 NOT DEFINED FOR ILE
WARNING: ATOM HD1 NOT DEFINED FOR ILE
WARNING: ATOM HD2 NOT DEFINED FOR ILE
WARNING: ATOM HD3 NOT DEFINED FOR ILE
WARNING: ATOM H NOT DEFINED FOR THR
WARNING: ATOM HA NOT DEFINED FOR THR
WARNING: ATOM HB NOT DEFINED FOR THR
WARNING: ATOM HG21 NOT DEFINED FOR THR
WARNING: ATOM HG22 NOT DEFINED FOR THR
WARNING: ATOM HG23 NOT DEFINED FOR THR
WARNING: ATOM HG1 NOT DEFINED FOR THR
WARNING: ATOM H NOT DEFINED FOR SER
WARNING: ATOM HA NOT DEFINED FOR SER
WARNING: ATOM HB1 NOT DEFINED FOR SER
WARNING: ATOM HB2 NOT DEFINED FOR SER
WARNING: ATOM HG NOT DEFINED FOR SER
WARNING: ATOM HD1 NOT DEFINED FOR PRO
WARNING: ATOM HD2 NOT DEFINED FOR PRO
WARNING: ATOM HG1 NOT DEFINED FOR PRO
WARNING: ATOM HG2 NOT DEFINED FOR PRO
WARNING: ATOM HB1 NOT DEFINED FOR PRO
WARNING: ATOM HB2 NOT DEFINED FOR PRO
WARNING: ATOM HA NOT DEFINED FOR PRO
WARNING: ATOM H NOT DEFINED FOR THR
WARNING: ATOM HA NOT DEFINED FOR THR
WARNING: ATOM HB NOT DEFINED FOR THR
WARNING: ATOM HG21 NOT DEFINED FOR THR
WARNING: ATOM HG22 NOT DEFINED FOR THR
WARNING: ATOM HG23 NOT DEFINED FOR THR
WARNING: ATOM HG1 NOT DEFINED FOR THR
WARNING: ATOM H NOT DEFINED FOR THR
WARNING: ATOM HA NOT DEFINED FOR THR
WARNING: ATOM HB NOT DEFINED FOR THR
WARNING: ATOM HG21 NOT DEFINED FOR THR
WARNING: ATOM HG22 NOT DEFINED FOR THR
WARNING: ATOM HG23 NOT DEFINED FOR THR
WARNING: ATOM HG1 NOT DEFINED FOR THR
WARNING: ATOM H NOT DEFINED FOR GLU
WARNING: ATOM HA NOT DEFINED FOR GLU
WARNING: ATOM HB1 NOT DEFINED FOR GLU
WARNING: ATOM HB2 NOT DEFINED FOR GLU
WARNING: ATOM HG1 NOT DEFINED FOR GLU
WARNING: ATOM HG2 NOT DEFINED FOR GLU
WARNING: ATOM H NOT DEFINED FOR ASP
WARNING: ATOM HA NOT DEFINED FOR ASP
WARNING: ATOM HB1 NOT DEFINED FOR ASP
WARNING: ATOM HB2 NOT DEFINED FOR ASP
WARNING: ATOM H NOT DEFINED FOR THR
WARNING: ATOM HA NOT DEFINED FOR THR
WARNING: ATOM HB NOT DEFINED FOR THR
WARNING: ATOM HG21 NOT DEFINED FOR THR
WARNING: ATOM HG22 NOT DEFINED FOR THR
WARNING: ATOM HG23 NOT DEFINED FOR THR
WARNING: ATOM HG1 NOT DEFINED FOR THR
WARNING: ATOM H NOT DEFINED FOR ALA
WARNING: ATOM HA NOT DEFINED FOR ALA
WARNING: ATOM HB1 NOT DEFINED FOR ALA
WARNING: ATOM HB2 NOT DEFINED FOR ALA
WARNING: ATOM HB3 NOT DEFINED FOR ALA
WARNING: ATOM H NOT DEFINED FOR THR
WARNING: ATOM HA NOT DEFINED FOR THR
WARNING: ATOM HB NOT DEFINED FOR THR
WARNING: ATOM HG21 NOT DEFINED FOR THR
WARNING: ATOM HG22 NOT DEFINED FOR THR
WARNING: ATOM HG23 NOT DEFINED FOR THR
WARNING: ATOM HG1 NOT DEFINED FOR THR
WARNING: ATOM H NOT DEFINED FOR TYR
WARNING: ATOM HA NOT DEFINED FOR TYR
WARNING: ATOM HB1 NOT DEFINED FOR TYR
WARNING: ATOM HB2 NOT DEFINED FOR TYR
WARNING: ATOM HD1 NOT DEFINED FOR TYR
WARNING: ATOM HE1 NOT DEFINED FOR TYR
WARNING: ATOM HH NOT DEFINED FOR TYR
WARNING: ATOM HE2 NOT DEFINED FOR TYR
WARNING: ATOM HD2 NOT DEFINED FOR TYR
WARNING: ATOM H NOT DEFINED FOR PHE
WARNING: ATOM HA NOT DEFINED FOR PHE
WARNING: ATOM HB1 NOT DEFINED FOR PHE
WARNING: ATOM HB2 NOT DEFINED FOR PHE
WARNING: ATOM HD1 NOT DEFINED FOR PHE
WARNING: ATOM HE1 NOT DEFINED FOR PHE
WARNING: ATOM HZ NOT DEFINED FOR PHE
WARNING: ATOM HE2 NOT DEFINED FOR PHE
WARNING: ATOM HD2 NOT DEFINED FOR PHE
WARNING: ATOM H NOT DEFINED FOR CYS
WARNING: ATOM HA NOT DEFINED FOR CYS
WARNING: ATOM HB1 NOT DEFINED FOR CYS
WARNING: ATOM HB2 NOT DEFINED FOR CYS
WARNING: ATOM H NOT DEFINED FOR ALA
WARNING: ATOM HA NOT DEFINED FOR ALA
WARNING: ATOM HB1 NOT DEFINED FOR ALA
WARNING: ATOM HB2 NOT DEFINED FOR ALA
WARNING: ATOM HB3 NOT DEFINED FOR ALA
WARNING: ATOM H NOT DEFINED FOR ARG
WARNING: ATOM HA NOT DEFINED FOR ARG
WARNING: ATOM HB1 NOT DEFINED FOR ARG
WARNING: ATOM HB2 NOT DEFINED FOR ARG
WARNING: ATOM HG1 NOT DEFINED FOR ARG
WARNING: ATOM HG2 NOT DEFINED FOR ARG
WARNING: ATOM HD1 NOT DEFINED FOR ARG
WARNING: ATOM HD2 NOT DEFINED FOR ARG
WARNING: ATOM HE NOT DEFINED FOR ARG
WARNING: ATOM HH11 NOT DEFINED FOR ARG
WARNING: ATOM HH12 NOT DEFINED FOR ARG
WARNING: ATOM HH21 NOT DEFINED FOR ARG
WARNING: ATOM HH22 NOT DEFINED FOR ARG
WARNING: ATOM H NOT DEFINED FOR ALA
WARNING: ATOM HA NOT DEFINED FOR ALA
WARNING: ATOM HB1 NOT DEFINED FOR ALA
WARNING: ATOM HB2 NOT DEFINED FOR ALA
WARNING: ATOM HB3 NOT DEFINED FOR ALA
WARNING: ATOM H NOT DEFINED FOR LEU
WARNING: ATOM HA NOT DEFINED FOR LEU
WARNING: ATOM HB1 NOT DEFINED FOR LEU
WARNING: ATOM HB2 NOT DEFINED FOR LEU
WARNING: ATOM HG NOT DEFINED FOR LEU
WARNING: ATOM HD11 NOT DEFINED FOR LEU
WARNING: ATOM HD12 NOT DEFINED FOR LEU
WARNING: ATOM HD13 NOT DEFINED FOR LEU
WARNING: ATOM HD21 NOT DEFINED FOR LEU
WARNING: ATOM HD22 NOT DEFINED FOR LEU
WARNING: ATOM HD23 NOT DEFINED FOR LEU
WARNING: ATOM H NOT DEFINED FOR GLN
WARNING: ATOM HA NOT DEFINED FOR GLN
WARNING: ATOM HB1 NOT DEFINED FOR GLN
WARNING: ATOM HB2 NOT DEFINED FOR GLN
WARNING: ATOM HG1 NOT DEFINED FOR GLN
WARNING: ATOM HG2 NOT DEFINED FOR GLN
WARNING: ATOM HE21 NOT DEFINED FOR GLN
WARNING: ATOM HE22 NOT DEFINED FOR GLN
WARNING: ATOM HD1 NOT DEFINED FOR PRO
WARNING: ATOM HD2 NOT DEFINED FOR PRO
WARNING: ATOM HG1 NOT DEFINED FOR PRO
WARNING: ATOM HG2 NOT DEFINED FOR PRO
WARNING: ATOM HB1 NOT DEFINED FOR PRO
WARNING: ATOM HB2 NOT DEFINED FOR PRO
WARNING: ATOM HA NOT DEFINED FOR PRO
WARNING: ATOM H NOT DEFINED FOR ASN
WARNING: ATOM HA NOT DEFINED FOR ASN
WARNING: ATOM HB1 NOT DEFINED FOR ASN
WARNING: ATOM HB2 NOT DEFINED FOR ASN
WARNING: ATOM HD21 NOT DEFINED FOR ASN
WARNING: ATOM HD22 NOT DEFINED FOR ASN
WARNING: ATOM H NOT DEFINED FOR TYR
WARNING: ATOM HA NOT DEFINED FOR TYR
WARNING: ATOM HB1 NOT DEFINED FOR TYR
WARNING: ATOM HB2 NOT DEFINED FOR TYR
WARNING: ATOM HD1 NOT DEFINED FOR TYR
WARNING: ATOM HE1 NOT DEFINED FOR TYR
WARNING: ATOM HH NOT DEFINED FOR TYR
WARNING: ATOM HE2 NOT DEFINED FOR TYR
WARNING: ATOM HD2 NOT DEFINED FOR TYR
WARNING: ATOM H NOT DEFINED FOR VAL
WARNING: ATOM HA NOT DEFINED FOR VAL
WARNING: ATOM HB NOT DEFINED FOR VAL
WARNING: ATOM HG11 NOT DEFINED FOR VAL
WARNING: ATOM HG12 NOT DEFINED FOR VAL
WARNING: ATOM HG13 NOT DEFINED FOR VAL
WARNING: ATOM HG21 NOT DEFINED FOR VAL
WARNING: ATOM HG22 NOT DEFINED FOR VAL
WARNING: ATOM HG23 NOT DEFINED FOR VAL
WARNING: ATOM H NOT DEFINED FOR ASN
WARNING: ATOM HA NOT DEFINED FOR ASN
WARNING: ATOM HB1 NOT DEFINED FOR ASN
WARNING: ATOM HB2 NOT DEFINED FOR ASN
WARNING: ATOM HD21 NOT DEFINED FOR ASN
WARNING: ATOM HD22 NOT DEFINED FOR ASN
WARNING: ATOM H NOT DEFINED FOR ALA
WARNING: ATOM HA NOT DEFINED FOR ALA
WARNING: ATOM HB1 NOT DEFINED FOR ALA
WARNING: ATOM HB2 NOT DEFINED FOR ALA
WARNING: ATOM HB3 NOT DEFINED FOR ALA
WARNING: ATOM H NOT DEFINED FOR PHE
WARNING: ATOM HA NOT DEFINED FOR PHE
WARNING: ATOM HB1 NOT DEFINED FOR PHE
WARNING: ATOM HB2 NOT DEFINED FOR PHE
WARNING: ATOM HD1 NOT DEFINED FOR PHE
WARNING: ATOM HE1 NOT DEFINED FOR PHE
WARNING: ATOM HZ NOT DEFINED FOR PHE
WARNING: ATOM HE2 NOT DEFINED FOR PHE
WARNING: ATOM HD2 NOT DEFINED FOR PHE
WARNING: ATOM H NOT DEFINED FOR ASN
WARNING: ATOM HA NOT DEFINED FOR ASN
WARNING: ATOM HB1 NOT DEFINED FOR ASN
WARNING: ATOM HB2 NOT DEFINED FOR ASN
WARNING: ATOM HD21 NOT DEFINED FOR ASN
WARNING: ATOM HD22 NOT DEFINED FOR ASN
WARNING: ATOM H NOT DEFINED FOR ILE
WARNING: ATOM HA NOT DEFINED FOR ILE
WARNING: ATOM HB NOT DEFINED FOR ILE
WARNING: ATOM HG21 NOT DEFINED FOR ILE
WARNING: ATOM HG22 NOT DEFINED FOR ILE
WARNING: ATOM HG23 NOT DEFINED FOR ILE
WARNING: ATOM HG11 NOT DEFINED FOR ILE
WARNING: ATOM HG12 NOT DEFINED FOR ILE
WARNING: ATOM HD1 NOT DEFINED FOR ILE
WARNING: ATOM HD2 NOT DEFINED FOR ILE
WARNING: ATOM HD3 NOT DEFINED FOR ILE
WARNING: ATOM H NOT DEFINED FOR TRP
WARNING: ATOM HA NOT DEFINED FOR TRP
WARNING: ATOM HB1 NOT DEFINED FOR TRP
WARNING: ATOM HB2 NOT DEFINED FOR TRP
WARNING: ATOM HD1 NOT DEFINED FOR TRP
WARNING: ATOM HE1 NOT DEFINED FOR TRP
WARNING: ATOM HZ2 NOT DEFINED FOR TRP
WARNING: ATOM HH2 NOT DEFINED FOR TRP
WARNING: ATOM HZ3 NOT DEFINED FOR TRP
WARNING: ATOM HE3 NOT DEFINED FOR TRP
WARNING: ATOM H NOT DEFINED FOR GLY
WARNING: ATOM HA1 NOT DEFINED FOR GLY
WARNING: ATOM HA2 NOT DEFINED FOR GLY
WARNING: ATOM HD1 NOT DEFINED FOR PRO
WARNING: ATOM HD2 NOT DEFINED FOR PRO
WARNING: ATOM HG1 NOT DEFINED FOR PRO
WARNING: ATOM HG2 NOT DEFINED FOR PRO
WARNING: ATOM HB1 NOT DEFINED FOR PRO
WARNING: ATOM HB2 NOT DEFINED FOR PRO
WARNING: ATOM HA NOT DEFINED FOR PRO
WARNING: ATOM H NOT DEFINED FOR GLY
WARNING: ATOM HA1 NOT DEFINED FOR GLY
WARNING: ATOM HA2 NOT DEFINED FOR GLY
WARNING: ATOM H NOT DEFINED FOR THR
WARNING: ATOM HA NOT DEFINED FOR THR
WARNING: ATOM HB NOT DEFINED FOR THR
WARNING: ATOM HG21 NOT DEFINED FOR THR
WARNING: ATOM HG22 NOT DEFINED FOR THR
WARNING: ATOM HG23 NOT DEFINED FOR THR
WARNING: ATOM HG1 NOT DEFINED FOR THR
WARNING: ATOM H NOT DEFINED FOR LEU
WARNING: ATOM HA NOT DEFINED FOR LEU
WARNING: ATOM HB1 NOT DEFINED FOR LEU
WARNING: ATOM HB2 NOT DEFINED FOR LEU
WARNING: ATOM HG NOT DEFINED FOR LEU
WARNING: ATOM HD11 NOT DEFINED FOR LEU
WARNING: ATOM HD12 NOT DEFINED FOR LEU
WARNING: ATOM HD13 NOT DEFINED FOR LEU
WARNING: ATOM HD21 NOT DEFINED FOR LEU
WARNING: ATOM HD22 NOT DEFINED FOR LEU
WARNING: ATOM HD23 NOT DEFINED FOR LEU
WARNING: ATOM H NOT DEFINED FOR VAL
WARNING: ATOM HA NOT DEFINED FOR VAL
WARNING: ATOM HB NOT DEFINED FOR VAL
WARNING: ATOM HG11 NOT DEFINED FOR VAL
WARNING: ATOM HG12 NOT DEFINED FOR VAL
WARNING: ATOM HG13 NOT DEFINED FOR VAL
WARNING: ATOM HG21 NOT DEFINED FOR VAL
WARNING: ATOM HG22 NOT DEFINED FOR VAL
WARNING: ATOM HG23 NOT DEFINED FOR VAL
WARNING: ATOM H NOT DEFINED FOR THR
WARNING: ATOM HA NOT DEFINED FOR THR
WARNING: ATOM HB NOT DEFINED FOR THR
WARNING: ATOM HG21 NOT DEFINED FOR THR
WARNING: ATOM HG22 NOT DEFINED FOR THR
WARNING: ATOM HG23 NOT DEFINED FOR THR
WARNING: ATOM HG1 NOT DEFINED FOR THR
WARNING: ATOM H NOT DEFINED FOR VAL
WARNING: ATOM HA NOT DEFINED FOR VAL
WARNING: ATOM HB NOT DEFINED FOR VAL
WARNING: ATOM HG11 NOT DEFINED FOR VAL
WARNING: ATOM HG12 NOT DEFINED FOR VAL
WARNING: ATOM HG13 NOT DEFINED FOR VAL
WARNING: ATOM HG21 NOT DEFINED FOR VAL
WARNING: ATOM HG22 NOT DEFINED FOR VAL
WARNING: ATOM HG23 NOT DEFINED FOR VAL
WARNING: ATOM H NOT DEFINED FOR SER
WARNING: ATOM HA NOT DEFINED FOR SER
WARNING: ATOM HB1 NOT DEFINED FOR SER
WARNING: ATOM HB2 NOT DEFINED FOR SER
WARNING: ATOM HG NOT DEFINED FOR SER
WARNING: ATOM H NOT DEFINED FOR LEU
WARNING: ATOM HA NOT DEFINED FOR LEU
WARNING: ATOM HB1 NOT DEFINED FOR LEU
WARNING: ATOM HB2 NOT DEFINED FOR LEU
WARNING: ATOM HG NOT DEFINED FOR LEU
WARNING: ATOM HD11 NOT DEFINED FOR LEU
WARNING: ATOM HD12 NOT DEFINED FOR LEU
WARNING: ATOM HD13 NOT DEFINED FOR LEU
WARNING: ATOM HD21 NOT DEFINED FOR LEU
WARNING: ATOM HD22 NOT DEFINED FOR LEU
WARNING: ATOM HD23 NOT DEFINED FOR LEU
WARNING: ATOM H1 NOT DEFINED FOR ALA
WARNING: ATOM H2 NOT DEFINED FOR ALA
WARNING: ATOM H3 NOT DEFINED FOR ALA
WARNING: ATOM HA NOT DEFINED FOR ALA
WARNING: ATOM HB1 NOT DEFINED FOR ALA
WARNING: ATOM HB2 NOT DEFINED FOR ALA
WARNING: ATOM HB3 NOT DEFINED FOR ALA
WARNING: ATOM H NOT DEFINED FOR GLN
WARNING: ATOM HA NOT DEFINED FOR GLN
WARNING: ATOM HB1 NOT DEFINED FOR GLN
WARNING: ATOM HB2 NOT DEFINED FOR GLN
WARNING: ATOM HG1 NOT DEFINED FOR GLN
WARNING: ATOM HG2 NOT DEFINED FOR GLN
WARNING: ATOM HE21 NOT DEFINED FOR GLN
WARNING: ATOM HE22 NOT DEFINED FOR GLN
WARNING: ATOM H NOT DEFINED FOR VAL
WARNING: ATOM HA NOT DEFINED FOR VAL
WARNING: ATOM HB NOT DEFINED FOR VAL
WARNING: ATOM HG11 NOT DEFINED FOR VAL
WARNING: ATOM HG12 NOT DEFINED FOR VAL
WARNING: ATOM HG13 NOT DEFINED FOR VAL
WARNING: ATOM HG21 NOT DEFINED FOR VAL
WARNING: ATOM HG22 NOT DEFINED FOR VAL
WARNING: ATOM HG23 NOT DEFINED FOR VAL
WARNING: ATOM H NOT DEFINED FOR LEU
WARNING: ATOM HA NOT DEFINED FOR LEU
WARNING: ATOM HB1 NOT DEFINED FOR LEU
WARNING: ATOM HB2 NOT DEFINED FOR LEU
WARNING: ATOM HG NOT DEFINED FOR LEU
WARNING: ATOM HD11 NOT DEFINED FOR LEU
WARNING: ATOM HD12 NOT DEFINED FOR LEU
WARNING: ATOM HD13 NOT DEFINED FOR LEU
WARNING: ATOM HD21 NOT DEFINED FOR LEU
WARNING: ATOM HD22 NOT DEFINED FOR LEU
WARNING: ATOM HD23 NOT DEFINED FOR LEU
WARNING: ATOM H NOT DEFINED FOR THR
WARNING: ATOM HA NOT DEFINED FOR THR
WARNING: ATOM HB NOT DEFINED FOR THR
WARNING: ATOM HG21 NOT DEFINED FOR THR
WARNING: ATOM HG22 NOT DEFINED FOR THR
WARNING: ATOM HG23 NOT DEFINED FOR THR
WARNING: ATOM HG1 NOT DEFINED FOR THR
WARNING: ATOM H NOT DEFINED FOR GLN
WARNING: ATOM HA NOT DEFINED FOR GLN
WARNING: ATOM HB1 NOT DEFINED FOR GLN
WARNING: ATOM HB2 NOT DEFINED FOR GLN
WARNING: ATOM HG1 NOT DEFINED FOR GLN
WARNING: ATOM HG2 NOT DEFINED FOR GLN
WARNING: ATOM HE21 NOT DEFINED FOR GLN
WARNING: ATOM HE22 NOT DEFINED FOR GLN
WARNING: ATOM H NOT DEFINED FOR THR
WARNING: ATOM HA NOT DEFINED FOR THR
WARNING: ATOM HB NOT DEFINED FOR THR
WARNING: ATOM HG21 NOT DEFINED FOR THR
WARNING: ATOM HG22 NOT DEFINED FOR THR
WARNING: ATOM HG23 NOT DEFINED FOR THR
WARNING: ATOM HG1 NOT DEFINED FOR THR
WARNING: ATOM H NOT DEFINED FOR ALA
WARNING: ATOM HA NOT DEFINED FOR ALA
WARNING: ATOM HB1 NOT DEFINED FOR ALA
WARNING: ATOM HB2 NOT DEFINED FOR ALA
WARNING: ATOM HB3 NOT DEFINED FOR ALA
WARNING: ATOM H NOT DEFINED FOR SER
WARNING: ATOM HA NOT DEFINED FOR SER
WARNING: ATOM HB1 NOT DEFINED FOR SER
WARNING: ATOM HB2 NOT DEFINED FOR SER
WARNING: ATOM HG NOT DEFINED FOR SER
WARNING: ATOM H NOT DEFINED FOR SER
WARNING: ATOM HA NOT DEFINED FOR SER
WARNING: ATOM HB1 NOT DEFINED FOR SER
WARNING: ATOM HB2 NOT DEFINED FOR SER
WARNING: ATOM HG NOT DEFINED FOR SER
WARNING: ATOM H NOT DEFINED FOR VAL
WARNING: ATOM HA NOT DEFINED FOR VAL
WARNING: ATOM HB NOT DEFINED FOR VAL
WARNING: ATOM HG11 NOT DEFINED FOR VAL
WARNING: ATOM HG12 NOT DEFINED FOR VAL
WARNING: ATOM HG13 NOT DEFINED FOR VAL
WARNING: ATOM HG21 NOT DEFINED FOR VAL
WARNING: ATOM HG22 NOT DEFINED FOR VAL
WARNING: ATOM HG23 NOT DEFINED FOR VAL
WARNING: ATOM H NOT DEFINED FOR SER
WARNING: ATOM HA NOT DEFINED FOR SER
WARNING: ATOM HB1 NOT DEFINED FOR SER
WARNING: ATOM HB2 NOT DEFINED FOR SER
WARNING: ATOM HG NOT DEFINED FOR SER
WARNING: ATOM H NOT DEFINED FOR ALA
WARNING: ATOM HA NOT DEFINED FOR ALA
WARNING: ATOM HB1 NOT DEFINED FOR ALA
WARNING: ATOM HB2 NOT DEFINED FOR ALA
WARNING: ATOM HB3 NOT DEFINED FOR ALA
WARNING: ATOM H NOT DEFINED FOR ALA
WARNING: ATOM HA NOT DEFINED FOR ALA
WARNING: ATOM HB1 NOT DEFINED FOR ALA
WARNING: ATOM HB2 NOT DEFINED FOR ALA
WARNING: ATOM HB3 NOT DEFINED FOR ALA
WARNING: ATOM H NOT DEFINED FOR VAL
WARNING: ATOM HA NOT DEFINED FOR VAL
WARNING: ATOM HB NOT DEFINED FOR VAL
WARNING: ATOM HG11 NOT DEFINED FOR VAL
WARNING: ATOM HG12 NOT DEFINED FOR VAL
WARNING: ATOM HG13 NOT DEFINED FOR VAL
WARNING: ATOM HG21 NOT DEFINED FOR VAL
WARNING: ATOM HG22 NOT DEFINED FOR VAL
WARNING: ATOM HG23 NOT DEFINED FOR VAL
WARNING: ATOM H NOT DEFINED FOR GLY
WARNING: ATOM HA1 NOT DEFINED FOR GLY
WARNING: ATOM HA2 NOT DEFINED FOR GLY
WARNING: ATOM H NOT DEFINED FOR GLY
WARNING: ATOM HA1 NOT DEFINED FOR GLY
WARNING: ATOM HA2 NOT DEFINED FOR GLY
WARNING: ATOM H NOT DEFINED FOR THR
WARNING: ATOM HA NOT DEFINED FOR THR
WARNING: ATOM HB NOT DEFINED FOR THR
WARNING: ATOM HG21 NOT DEFINED FOR THR
WARNING: ATOM HG22 NOT DEFINED FOR THR
WARNING: ATOM HG23 NOT DEFINED FOR THR
WARNING: ATOM HG1 NOT DEFINED FOR THR
WARNING: ATOM H NOT DEFINED FOR VAL
WARNING: ATOM HA NOT DEFINED FOR VAL
WARNING: ATOM HB NOT DEFINED FOR VAL
WARNING: ATOM HG11 NOT DEFINED FOR VAL
WARNING: ATOM HG12 NOT DEFINED FOR VAL
WARNING: ATOM HG13 NOT DEFINED FOR VAL
WARNING: ATOM HG21 NOT DEFINED FOR VAL
WARNING: ATOM HG22 NOT DEFINED FOR VAL
WARNING: ATOM HG23 NOT DEFINED FOR VAL
WARNING: ATOM H NOT DEFINED FOR THR
WARNING: ATOM HA NOT DEFINED FOR THR
WARNING: ATOM HB NOT DEFINED FOR THR
WARNING: ATOM HG21 NOT DEFINED FOR THR
WARNING: ATOM HG22 NOT DEFINED FOR THR
WARNING: ATOM HG23 NOT DEFINED FOR THR
WARNING: ATOM HG1 NOT DEFINED FOR THR
WARNING: ATOM H NOT DEFINED FOR ILE
WARNING: ATOM HA NOT DEFINED FOR ILE
WARNING: ATOM HB NOT DEFINED FOR ILE
WARNING: ATOM HG21 NOT DEFINED FOR ILE
WARNING: ATOM HG22 NOT DEFINED FOR ILE
WARNING: ATOM HG23 NOT DEFINED FOR ILE
WARNING: ATOM HG11 NOT DEFINED FOR ILE
WARNING: ATOM HG12 NOT DEFINED FOR ILE
WARNING: ATOM HD1 NOT DEFINED FOR ILE
WARNING: ATOM HD2 NOT DEFINED FOR ILE
WARNING: ATOM HD3 NOT DEFINED FOR ILE
WARNING: ATOM H NOT DEFINED FOR ASN
WARNING: ATOM HA NOT DEFINED FOR ASN
WARNING: ATOM HB1 NOT DEFINED FOR ASN
WARNING: ATOM HB2 NOT DEFINED FOR ASN
WARNING: ATOM HD21 NOT DEFINED FOR ASN
WARNING: ATOM HD22 NOT DEFINED FOR ASN
WARNING: ATOM H NOT DEFINED FOR CYS
WARNING: ATOM HA NOT DEFINED FOR CYS
WARNING: ATOM HB1 NOT DEFINED FOR CYS
WARNING: ATOM HB2 NOT DEFINED FOR CYS
WARNING: ATOM H NOT DEFINED FOR GLN
WARNING: ATOM HA NOT DEFINED FOR GLN
WARNING: ATOM HB1 NOT DEFINED FOR GLN
WARNING: ATOM HB2 NOT DEFINED FOR GLN
WARNING: ATOM HG1 NOT DEFINED FOR GLN
WARNING: ATOM HG2 NOT DEFINED FOR GLN
WARNING: ATOM HE21 NOT DEFINED FOR GLN
WARNING: ATOM HE22 NOT DEFINED FOR GLN
WARNING: ATOM H NOT DEFINED FOR SER
WARNING: ATOM HA NOT DEFINED FOR SER
WARNING: ATOM HB1 NOT DEFINED FOR SER
WARNING: ATOM HB2 NOT DEFINED FOR SER
WARNING: ATOM HG NOT DEFINED FOR SER
WARNING: ATOM H NOT DEFINED FOR SER
WARNING: ATOM HA NOT DEFINED FOR SER
WARNING: ATOM HB1 NOT DEFINED FOR SER
WARNING: ATOM HB2 NOT DEFINED FOR SER
WARNING: ATOM HG NOT DEFINED FOR SER
WARNING: ATOM H NOT DEFINED FOR GLU
WARNING: ATOM HA NOT DEFINED FOR GLU
WARNING: ATOM HB1 NOT DEFINED FOR GLU
WARNING: ATOM HB2 NOT DEFINED FOR GLU
WARNING: ATOM HG1 NOT DEFINED FOR GLU
WARNING: ATOM HG2 NOT DEFINED FOR GLU
WARNING: ATOM H NOT DEFINED FOR SER
WARNING: ATOM HA NOT DEFINED FOR SER
WARNING: ATOM HB1 NOT DEFINED FOR SER
WARNING: ATOM HB2 NOT DEFINED FOR SER
WARNING: ATOM HG NOT DEFINED FOR SER
WARNING: ATOM H NOT DEFINED FOR VAL
WARNING: ATOM HA NOT DEFINED FOR VAL
WARNING: ATOM HB NOT DEFINED FOR VAL
WARNING: ATOM HG11 NOT DEFINED FOR VAL
WARNING: ATOM HG12 NOT DEFINED FOR VAL
WARNING: ATOM HG13 NOT DEFINED FOR VAL
WARNING: ATOM HG21 NOT DEFINED FOR VAL
WARNING: ATOM HG22 NOT DEFINED FOR VAL
WARNING: ATOM HG23 NOT DEFINED FOR VAL
WARNING: ATOM H NOT DEFINED FOR TYR
WARNING: ATOM HA NOT DEFINED FOR TYR
WARNING: ATOM HB1 NOT DEFINED FOR TYR
WARNING: ATOM HB2 NOT DEFINED FOR TYR
WARNING: ATOM HD1 NOT DEFINED FOR TYR
WARNING: ATOM HE1 NOT DEFINED FOR TYR
WARNING: ATOM HH NOT DEFINED FOR TYR
WARNING: ATOM HE2 NOT DEFINED FOR TYR
WARNING: ATOM HD2 NOT DEFINED FOR TYR
WARNING: ATOM H NOT DEFINED FOR ASN
WARNING: ATOM HA NOT DEFINED FOR ASN
WARNING: ATOM HB1 NOT DEFINED FOR ASN
WARNING: ATOM HB2 NOT DEFINED FOR ASN
WARNING: ATOM HD21 NOT DEFINED FOR ASN
WARNING: ATOM HD22 NOT DEFINED FOR ASN
WARNING: ATOM H NOT DEFINED FOR ASN
WARNING: ATOM HA NOT DEFINED FOR ASN
WARNING: ATOM HB1 NOT DEFINED FOR ASN
WARNING: ATOM HB2 NOT DEFINED FOR ASN
WARNING: ATOM HD21 NOT DEFINED FOR ASN
WARNING: ATOM HD22 NOT DEFINED FOR ASN
WARNING: ATOM H NOT DEFINED FOR ASN
WARNING: ATOM HA NOT DEFINED FOR ASN
WARNING: ATOM HB1 NOT DEFINED FOR ASN
WARNING: ATOM HB2 NOT DEFINED FOR ASN
WARNING: ATOM HD21 NOT DEFINED FOR ASN
WARNING: ATOM HD22 NOT DEFINED FOR ASN
WARNING: ATOM H NOT DEFINED FOR TYR
WARNING: ATOM HA NOT DEFINED FOR TYR
WARNING: ATOM HB1 NOT DEFINED FOR TYR
WARNING: ATOM HB2 NOT DEFINED FOR TYR
WARNING: ATOM HD1 NOT DEFINED FOR TYR
WARNING: ATOM HE1 NOT DEFINED FOR TYR
WARNING: ATOM HH NOT DEFINED FOR TYR
WARNING: ATOM HE2 NOT DEFINED FOR TYR
WARNING: ATOM HD2 NOT DEFINED FOR TYR
WARNING: ATOM H NOT DEFINED FOR LEU
WARNING: ATOM HA NOT DEFINED FOR LEU
WARNING: ATOM HB1 NOT DEFINED FOR LEU
WARNING: ATOM HB2 NOT DEFINED FOR LEU
WARNING: ATOM HG NOT DEFINED FOR LEU
WARNING: ATOM HD11 NOT DEFINED FOR LEU
WARNING: ATOM HD12 NOT DEFINED FOR LEU
WARNING: ATOM HD13 NOT DEFINED FOR LEU
WARNING: ATOM HD21 NOT DEFINED FOR LEU
WARNING: ATOM HD22 NOT DEFINED FOR LEU
WARNING: ATOM HD23 NOT DEFINED FOR LEU
WARNING: ATOM H NOT DEFINED FOR VAL
WARNING: ATOM HA NOT DEFINED FOR VAL
WARNING: ATOM HB NOT DEFINED FOR VAL
WARNING: ATOM HG11 NOT DEFINED FOR VAL
WARNING: ATOM HG12 NOT DEFINED FOR VAL
WARNING: ATOM HG13 NOT DEFINED FOR VAL
WARNING: ATOM HG21 NOT DEFINED FOR VAL
WARNING: ATOM HG22 NOT DEFINED FOR VAL
WARNING: ATOM HG23 NOT DEFINED FOR VAL
WARNING: ATOM H NOT DEFINED FOR TRP
WARNING: ATOM HA NOT DEFINED FOR TRP
WARNING: ATOM HB1 NOT DEFINED FOR TRP
WARNING: ATOM HB2 NOT DEFINED FOR TRP
WARNING: ATOM HD1 NOT DEFINED FOR TRP
WARNING: ATOM HE1 NOT DEFINED FOR TRP
WARNING: ATOM HZ2 NOT DEFINED FOR TRP
WARNING: ATOM HH2 NOT DEFINED FOR TRP
WARNING: ATOM HZ3 NOT DEFINED FOR TRP
WARNING: ATOM HE3 NOT DEFINED FOR TRP
WARNING: ATOM H NOT DEFINED FOR TYR
WARNING: ATOM HA NOT DEFINED FOR TYR
WARNING: ATOM HB1 NOT DEFINED FOR TYR
WARNING: ATOM HB2 NOT DEFINED FOR TYR
WARNING: ATOM HD1 NOT DEFINED FOR TYR
WARNING: ATOM HE1 NOT DEFINED FOR TYR
WARNING: ATOM HH NOT DEFINED FOR TYR
WARNING: ATOM HE2 NOT DEFINED FOR TYR
WARNING: ATOM HD2 NOT DEFINED FOR TYR
WARNING: ATOM H NOT DEFINED FOR GLN
WARNING: ATOM HA NOT DEFINED FOR GLN
WARNING: ATOM HB1 NOT DEFINED FOR GLN
WARNING: ATOM HB2 NOT DEFINED FOR GLN
WARNING: ATOM HG1 NOT DEFINED FOR GLN
WARNING: ATOM HG2 NOT DEFINED FOR GLN
WARNING: ATOM HE21 NOT DEFINED FOR GLN
WARNING: ATOM HE22 NOT DEFINED FOR GLN
WARNING: ATOM H NOT DEFINED FOR GLN
WARNING: ATOM HA NOT DEFINED FOR GLN
WARNING: ATOM HB1 NOT DEFINED FOR GLN
WARNING: ATOM HB2 NOT DEFINED FOR GLN
WARNING: ATOM HG1 NOT DEFINED FOR GLN
WARNING: ATOM HG2 NOT DEFINED FOR GLN
WARNING: ATOM HE21 NOT DEFINED FOR GLN
WARNING: ATOM HE22 NOT DEFINED FOR GLN
WARNING: ATOM H NOT DEFINED FOR LYS
WARNING: ATOM HA NOT DEFINED FOR LYS
WARNING: ATOM HB1 NOT DEFINED FOR LYS
WARNING: ATOM HB2 NOT DEFINED FOR LYS
WARNING: ATOM HG1 NOT DEFINED FOR LYS
WARNING: ATOM HG2 NOT DEFINED FOR LYS
WARNING: ATOM HD1 NOT DEFINED FOR LYS
WARNING: ATOM HD2 NOT DEFINED FOR LYS
WARNING: ATOM HE1 NOT DEFINED FOR LYS
WARNING: ATOM HE2 NOT DEFINED FOR LYS
WARNING: ATOM HZ1 NOT DEFINED FOR LYS
WARNING: ATOM HZ2 NOT DEFINED FOR LYS
WARNING: ATOM HZ3 NOT DEFINED FOR LYS
WARNING: ATOM H NOT DEFINED FOR ALA
WARNING: ATOM HA NOT DEFINED FOR ALA
WARNING: ATOM HB1 NOT DEFINED FOR ALA
WARNING: ATOM HB2 NOT DEFINED FOR ALA
WARNING: ATOM HB3 NOT DEFINED FOR ALA
WARNING: ATOM H NOT DEFINED FOR GLY
WARNING: ATOM HA1 NOT DEFINED FOR GLY
WARNING: ATOM HA2 NOT DEFINED FOR GLY
WARNING: ATOM H NOT DEFINED FOR GLN
WARNING: ATOM HA NOT DEFINED FOR GLN
WARNING: ATOM HB1 NOT DEFINED FOR GLN
WARNING: ATOM HB2 NOT DEFINED FOR GLN
WARNING: ATOM HG1 NOT DEFINED FOR GLN
WARNING: ATOM HG2 NOT DEFINED FOR GLN
WARNING: ATOM HE21 NOT DEFINED FOR GLN
WARNING: ATOM HE22 NOT DEFINED FOR GLN
WARNING: ATOM HD1 NOT DEFINED FOR PRO
WARNING: ATOM HD2 NOT DEFINED FOR PRO
WARNING: ATOM HG1 NOT DEFINED FOR PRO
WARNING: ATOM HG2 NOT DEFINED FOR PRO
WARNING: ATOM HB1 NOT DEFINED FOR PRO
WARNING: ATOM HB2 NOT DEFINED FOR PRO
WARNING: ATOM HA NOT DEFINED FOR PRO
WARNING: ATOM HD1 NOT DEFINED FOR PRO
WARNING: ATOM HD2 NOT DEFINED FOR PRO
WARNING: ATOM HG1 NOT DEFINED FOR PRO
WARNING: ATOM HG2 NOT DEFINED FOR PRO
WARNING: ATOM HB1 NOT DEFINED FOR PRO
WARNING: ATOM HB2 NOT DEFINED FOR PRO
WARNING: ATOM HA NOT DEFINED FOR PRO
WARNING: ATOM H NOT DEFINED FOR LYS
WARNING: ATOM HA NOT DEFINED FOR LYS
WARNING: ATOM HB1 NOT DEFINED FOR LYS
WARNING: ATOM HB2 NOT DEFINED FOR LYS
WARNING: ATOM HG1 NOT DEFINED FOR LYS
WARNING: ATOM HG2 NOT DEFINED FOR LYS
WARNING: ATOM HD1 NOT DEFINED FOR LYS
WARNING: ATOM HD2 NOT DEFINED FOR LYS
WARNING: ATOM HE1 NOT DEFINED FOR LYS
WARNING: ATOM HE2 NOT DEFINED FOR LYS
WARNING: ATOM HZ1 NOT DEFINED FOR LYS
WARNING: ATOM HZ2 NOT DEFINED FOR LYS
WARNING: ATOM HZ3 NOT DEFINED FOR LYS
WARNING: ATOM H NOT DEFINED FOR LEU
WARNING: ATOM HA NOT DEFINED FOR LEU
WARNING: ATOM HB1 NOT DEFINED FOR LEU
WARNING: ATOM HB2 NOT DEFINED FOR LEU
WARNING: ATOM HG NOT DEFINED FOR LEU
WARNING: ATOM HD11 NOT DEFINED FOR LEU
WARNING: ATOM HD12 NOT DEFINED FOR LEU
WARNING: ATOM HD13 NOT DEFINED FOR LEU
WARNING: ATOM HD21 NOT DEFINED FOR LEU
WARNING: ATOM HD22 NOT DEFINED FOR LEU
WARNING: ATOM HD23 NOT DEFINED FOR LEU
WARNING: ATOM H NOT DEFINED FOR LEU
WARNING: ATOM HA NOT DEFINED FOR LEU
WARNING: ATOM HB1 NOT DEFINED FOR LEU
WARNING: ATOM HB2 NOT DEFINED FOR LEU
WARNING: ATOM HG NOT DEFINED FOR LEU
WARNING: ATOM HD11 NOT DEFINED FOR LEU
WARNING: ATOM HD12 NOT DEFINED FOR LEU
WARNING: ATOM HD13 NOT DEFINED FOR LEU
WARNING: ATOM HD21 NOT DEFINED FOR LEU
WARNING: ATOM HD22 NOT DEFINED FOR LEU
WARNING: ATOM HD23 NOT DEFINED FOR LEU
WARNING: ATOM H NOT DEFINED FOR ILE
WARNING: ATOM HA NOT DEFINED FOR ILE
WARNING: ATOM HB NOT DEFINED FOR ILE
WARNING: ATOM HG21 NOT DEFINED FOR ILE
WARNING: ATOM HG22 NOT DEFINED FOR ILE
WARNING: ATOM HG23 NOT DEFINED FOR ILE
WARNING: ATOM HG11 NOT DEFINED FOR ILE
WARNING: ATOM HG12 NOT DEFINED FOR ILE
WARNING: ATOM HD1 NOT DEFINED FOR ILE
WARNING: ATOM HD2 NOT DEFINED FOR ILE
WARNING: ATOM HD3 NOT DEFINED FOR ILE
WARNING: ATOM H NOT DEFINED FOR TYR
WARNING: ATOM HA NOT DEFINED FOR TYR
WARNING: ATOM HB1 NOT DEFINED FOR TYR
WARNING: ATOM HB2 NOT DEFINED FOR TYR
WARNING: ATOM HD1 NOT DEFINED FOR TYR
WARNING: ATOM HE1 NOT DEFINED FOR TYR
WARNING: ATOM HH NOT DEFINED FOR TYR
WARNING: ATOM HE2 NOT DEFINED FOR TYR
WARNING: ATOM HD2 NOT DEFINED FOR TYR
WARNING: ATOM H NOT DEFINED FOR GLY
WARNING: ATOM HA1 NOT DEFINED FOR GLY
WARNING: ATOM HA2 NOT DEFINED FOR GLY
WARNING: ATOM H NOT DEFINED FOR ALA
WARNING: ATOM HA NOT DEFINED FOR ALA
WARNING: ATOM HB1 NOT DEFINED FOR ALA
WARNING: ATOM HB2 NOT DEFINED FOR ALA
WARNING: ATOM HB3 NOT DEFINED FOR ALA
WARNING: ATOM H NOT DEFINED FOR SER
WARNING: ATOM HA NOT DEFINED FOR SER
WARNING: ATOM HB1 NOT DEFINED FOR SER
WARNING: ATOM HB2 NOT DEFINED FOR SER
WARNING: ATOM HG NOT DEFINED FOR SER
WARNING: ATOM H NOT DEFINED FOR THR
WARNING: ATOM HA NOT DEFINED FOR THR
WARNING: ATOM HB NOT DEFINED FOR THR
WARNING: ATOM HG21 NOT DEFINED FOR THR
WARNING: ATOM HG22 NOT DEFINED FOR THR
WARNING: ATOM HG23 NOT DEFINED FOR THR
WARNING: ATOM HG1 NOT DEFINED FOR THR
WARNING: ATOM H NOT DEFINED FOR LEU
WARNING: ATOM HA NOT DEFINED FOR LEU
WARNING: ATOM HB1 NOT DEFINED FOR LEU
WARNING: ATOM HB2 NOT DEFINED FOR LEU
WARNING: ATOM HG NOT DEFINED FOR LEU
WARNING: ATOM HD11 NOT DEFINED FOR LEU
WARNING: ATOM HD12 NOT DEFINED FOR LEU
WARNING: ATOM HD13 NOT DEFINED FOR LEU
WARNING: ATOM HD21 NOT DEFINED FOR LEU
WARNING: ATOM HD22 NOT DEFINED FOR LEU
WARNING: ATOM HD23 NOT DEFINED FOR LEU
WARNING: ATOM H NOT DEFINED FOR THR
WARNING: ATOM HA NOT DEFINED FOR THR
WARNING: ATOM HB NOT DEFINED FOR THR
WARNING: ATOM HG21 NOT DEFINED FOR THR
WARNING: ATOM HG22 NOT DEFINED FOR THR
WARNING: ATOM HG23 NOT DEFINED FOR THR
WARNING: ATOM HG1 NOT DEFINED FOR THR
WARNING: ATOM H NOT DEFINED FOR SER
WARNING: ATOM HA NOT DEFINED FOR SER
WARNING: ATOM HB1 NOT DEFINED FOR SER
WARNING: ATOM HB2 NOT DEFINED FOR SER
WARNING: ATOM HG NOT DEFINED FOR SER
WARNING: ATOM H NOT DEFINED FOR GLY
WARNING: ATOM HA1 NOT DEFINED FOR GLY
WARNING: ATOM HA2 NOT DEFINED FOR GLY
WARNING: ATOM H NOT DEFINED FOR VAL
WARNING: ATOM HA NOT DEFINED FOR VAL
WARNING: ATOM HB NOT DEFINED FOR VAL
WARNING: ATOM HG11 NOT DEFINED FOR VAL
WARNING: ATOM HG12 NOT DEFINED FOR VAL
WARNING: ATOM HG13 NOT DEFINED FOR VAL
WARNING: ATOM HG21 NOT DEFINED FOR VAL
WARNING: ATOM HG22 NOT DEFINED FOR VAL
WARNING: ATOM HG23 NOT DEFINED FOR VAL
WARNING: ATOM H NOT DEFINED FOR SER
WARNING: ATOM HA NOT DEFINED FOR SER
WARNING: ATOM HB1 NOT DEFINED FOR SER
WARNING: ATOM HB2 NOT DEFINED FOR SER
WARNING: ATOM HG NOT DEFINED FOR SER
WARNING: ATOM H NOT DEFINED FOR SER
WARNING: ATOM HA NOT DEFINED FOR SER
WARNING: ATOM HB1 NOT DEFINED FOR SER
WARNING: ATOM HB2 NOT DEFINED FOR SER
WARNING: ATOM HG NOT DEFINED FOR SER
WARNING: ATOM H NOT DEFINED FOR ARG
WARNING: ATOM HA NOT DEFINED FOR ARG
WARNING: ATOM HB1 NOT DEFINED FOR ARG
WARNING: ATOM HB2 NOT DEFINED FOR ARG
WARNING: ATOM HG1 NOT DEFINED FOR ARG
WARNING: ATOM HG2 NOT DEFINED FOR ARG
WARNING: ATOM HD1 NOT DEFINED FOR ARG
WARNING: ATOM HD2 NOT DEFINED FOR ARG
WARNING: ATOM HE NOT DEFINED FOR ARG
WARNING: ATOM HH11 NOT DEFINED FOR ARG
WARNING: ATOM HH12 NOT DEFINED FOR ARG
WARNING: ATOM HH21 NOT DEFINED FOR ARG
WARNING: ATOM HH22 NOT DEFINED FOR ARG
WARNING: ATOM H NOT DEFINED FOR PHE
WARNING: ATOM HA NOT DEFINED FOR PHE
WARNING: ATOM HB1 NOT DEFINED FOR PHE
WARNING: ATOM HB2 NOT DEFINED FOR PHE
WARNING: ATOM HD1 NOT DEFINED FOR PHE
WARNING: ATOM HE1 NOT DEFINED FOR PHE
WARNING: ATOM HZ NOT DEFINED FOR PHE
WARNING: ATOM HE2 NOT DEFINED FOR PHE
WARNING: ATOM HD2 NOT DEFINED FOR PHE
WARNING: ATOM H NOT DEFINED FOR LYS
WARNING: ATOM HA NOT DEFINED FOR LYS
WARNING: ATOM HB1 NOT DEFINED FOR LYS
WARNING: ATOM HB2 NOT DEFINED FOR LYS
WARNING: ATOM HG1 NOT DEFINED FOR LYS
WARNING: ATOM HG2 NOT DEFINED FOR LYS
WARNING: ATOM HD1 NOT DEFINED FOR LYS
WARNING: ATOM HD2 NOT DEFINED FOR LYS
WARNING: ATOM HE1 NOT DEFINED FOR LYS
WARNING: ATOM HE2 NOT DEFINED FOR LYS
WARNING: ATOM HZ1 NOT DEFINED FOR LYS
WARNING: ATOM HZ2 NOT DEFINED FOR LYS
WARNING: ATOM HZ3 NOT DEFINED FOR LYS
WARNING: ATOM H NOT DEFINED FOR GLY
WARNING: ATOM HA1 NOT DEFINED FOR GLY
WARNING: ATOM HA2 NOT DEFINED FOR GLY
WARNING: ATOM H NOT DEFINED FOR SER
WARNING: ATOM HA NOT DEFINED FOR SER
WARNING: ATOM HB1 NOT DEFINED FOR SER
WARNING: ATOM HB2 NOT DEFINED FOR SER
WARNING: ATOM HG NOT DEFINED FOR SER
WARNING: ATOM H NOT DEFINED FOR GLY
WARNING: ATOM HA1 NOT DEFINED FOR GLY
WARNING: ATOM HA2 NOT DEFINED FOR GLY
WARNING: ATOM H NOT DEFINED FOR SER
WARNING: ATOM HA NOT DEFINED FOR SER
WARNING: ATOM HB1 NOT DEFINED FOR SER
WARNING: ATOM HB2 NOT DEFINED FOR SER
WARNING: ATOM HG NOT DEFINED FOR SER
WARNING: ATOM H NOT DEFINED FOR GLY
WARNING: ATOM HA1 NOT DEFINED FOR GLY
WARNING: ATOM HA2 NOT DEFINED FOR GLY
WARNING: ATOM H NOT DEFINED FOR THR
WARNING: ATOM HA NOT DEFINED FOR THR
WARNING: ATOM HB NOT DEFINED FOR THR
WARNING: ATOM HG21 NOT DEFINED FOR THR
WARNING: ATOM HG22 NOT DEFINED FOR THR
WARNING: ATOM HG23 NOT DEFINED FOR THR
WARNING: ATOM HG1 NOT DEFINED FOR THR
WARNING: ATOM H NOT DEFINED FOR GLN
WARNING: ATOM HA NOT DEFINED FOR GLN
WARNING: ATOM HB1 NOT DEFINED FOR GLN
WARNING: ATOM HB2 NOT DEFINED FOR GLN
WARNING: ATOM HG1 NOT DEFINED FOR GLN
WARNING: ATOM HG2 NOT DEFINED FOR GLN
WARNING: ATOM HE21 NOT DEFINED FOR GLN
WARNING: ATOM HE22 NOT DEFINED FOR GLN
WARNING: ATOM H NOT DEFINED FOR PHE
WARNING: ATOM HA NOT DEFINED FOR PHE
WARNING: ATOM HB1 NOT DEFINED FOR PHE
WARNING: ATOM HB2 NOT DEFINED FOR PHE
WARNING: ATOM HD1 NOT DEFINED FOR PHE
WARNING: ATOM HE1 NOT DEFINED FOR PHE
WARNING: ATOM HZ NOT DEFINED FOR PHE
WARNING: ATOM HE2 NOT DEFINED FOR PHE
WARNING: ATOM HD2 NOT DEFINED FOR PHE
WARNING: ATOM H NOT DEFINED FOR THR
WARNING: ATOM HA NOT DEFINED FOR THR
WARNING: ATOM HB NOT DEFINED FOR THR
WARNING: ATOM HG21 NOT DEFINED FOR THR
WARNING: ATOM HG22 NOT DEFINED FOR THR
WARNING: ATOM HG23 NOT DEFINED FOR THR
WARNING: ATOM HG1 NOT DEFINED FOR THR
WARNING: ATOM H NOT DEFINED FOR LEU
WARNING: ATOM HA NOT DEFINED FOR LEU
WARNING: ATOM HB1 NOT DEFINED FOR LEU
WARNING: ATOM HB2 NOT DEFINED FOR LEU
WARNING: ATOM HG NOT DEFINED FOR LEU
WARNING: ATOM HD11 NOT DEFINED FOR LEU
WARNING: ATOM HD12 NOT DEFINED FOR LEU
WARNING: ATOM HD13 NOT DEFINED FOR LEU
WARNING: ATOM HD21 NOT DEFINED FOR LEU
WARNING: ATOM HD22 NOT DEFINED FOR LEU
WARNING: ATOM HD23 NOT DEFINED FOR LEU
WARNING: ATOM H NOT DEFINED FOR THR
WARNING: ATOM HA NOT DEFINED FOR THR
WARNING: ATOM HB NOT DEFINED FOR THR
WARNING: ATOM HG21 NOT DEFINED FOR THR
WARNING: ATOM HG22 NOT DEFINED FOR THR
WARNING: ATOM HG23 NOT DEFINED FOR THR
WARNING: ATOM HG1 NOT DEFINED FOR THR
WARNING: ATOM H NOT DEFINED FOR ILE
WARNING: ATOM HA NOT DEFINED FOR ILE
WARNING: ATOM HB NOT DEFINED FOR ILE
WARNING: ATOM HG21 NOT DEFINED FOR ILE
WARNING: ATOM HG22 NOT DEFINED FOR ILE
WARNING: ATOM HG23 NOT DEFINED FOR ILE
WARNING: ATOM HG11 NOT DEFINED FOR ILE
WARNING: ATOM HG12 NOT DEFINED FOR ILE
WARNING: ATOM HD1 NOT DEFINED FOR ILE
WARNING: ATOM HD2 NOT DEFINED FOR ILE
WARNING: ATOM HD3 NOT DEFINED FOR ILE
WARNING: ATOM H NOT DEFINED FOR SER
WARNING: ATOM HA NOT DEFINED FOR SER
WARNING: ATOM HB1 NOT DEFINED FOR SER
WARNING: ATOM HB2 NOT DEFINED FOR SER
WARNING: ATOM HG NOT DEFINED FOR SER
WARNING: ATOM H NOT DEFINED FOR ASP
WARNING: ATOM HA NOT DEFINED FOR ASP
WARNING: ATOM HB1 NOT DEFINED FOR ASP
WARNING: ATOM HB2 NOT DEFINED FOR ASP
WARNING: ATOM H NOT DEFINED FOR LEU
WARNING: ATOM HA NOT DEFINED FOR LEU
WARNING: ATOM HB1 NOT DEFINED FOR LEU
WARNING: ATOM HB2 NOT DEFINED FOR LEU
WARNING: ATOM HG NOT DEFINED FOR LEU
WARNING: ATOM HD11 NOT DEFINED FOR LEU
WARNING: ATOM HD12 NOT DEFINED FOR LEU
WARNING: ATOM HD13 NOT DEFINED FOR LEU
WARNING: ATOM HD21 NOT DEFINED FOR LEU
WARNING: ATOM HD22 NOT DEFINED FOR LEU
WARNING: ATOM HD23 NOT DEFINED FOR LEU
WARNING: ATOM H NOT DEFINED FOR GLU
WARNING: ATOM HA NOT DEFINED FOR GLU
WARNING: ATOM HB1 NOT DEFINED FOR GLU
WARNING: ATOM HB2 NOT DEFINED FOR GLU
WARNING: ATOM HG1 NOT DEFINED FOR GLU
WARNING: ATOM HG2 NOT DEFINED FOR GLU
WARNING: ATOM H NOT DEFINED FOR CYS
WARNING: ATOM HA NOT DEFINED FOR CYS
WARNING: ATOM HB1 NOT DEFINED FOR CYS
WARNING: ATOM HB2 NOT DEFINED FOR CYS
WARNING: ATOM HG NOT DEFINED FOR CYS
WARNING: ATOM H NOT DEFINED FOR ASP
WARNING: ATOM HA NOT DEFINED FOR ASP
WARNING: ATOM HB1 NOT DEFINED FOR ASP
WARNING: ATOM HB2 NOT DEFINED FOR ASP
WARNING: ATOM H NOT DEFINED FOR ASP
WARNING: ATOM HA NOT DEFINED FOR ASP
WARNING: ATOM HB1 NOT DEFINED FOR ASP
WARNING: ATOM HB2 NOT DEFINED FOR ASP
WARNING: ATOM H NOT DEFINED FOR ALA
WARNING: ATOM HA NOT DEFINED FOR ALA
WARNING: ATOM HB1 NOT DEFINED FOR ALA
WARNING: ATOM HB2 NOT DEFINED FOR ALA
WARNING: ATOM HB3 NOT DEFINED FOR ALA
WARNING: ATOM H NOT DEFINED FOR ALA
WARNING: ATOM HA NOT DEFINED FOR ALA
WARNING: ATOM HB1 NOT DEFINED FOR ALA
WARNING: ATOM HB2 NOT DEFINED FOR ALA
WARNING: ATOM HB3 NOT DEFINED FOR ALA
WARNING: ATOM H NOT DEFINED FOR THR
WARNING: ATOM HA NOT DEFINED FOR THR
WARNING: ATOM HB NOT DEFINED FOR THR
WARNING: ATOM HG21 NOT DEFINED FOR THR
WARNING: ATOM HG22 NOT DEFINED FOR THR
WARNING: ATOM HG23 NOT DEFINED FOR THR
WARNING: ATOM HG1 NOT DEFINED FOR THR
WARNING: ATOM H NOT DEFINED FOR TYR
WARNING: ATOM HA NOT DEFINED FOR TYR
WARNING: ATOM HB1 NOT DEFINED FOR TYR
WARNING: ATOM HB2 NOT DEFINED FOR TYR
WARNING: ATOM HD1 NOT DEFINED FOR TYR
WARNING: ATOM HE1 NOT DEFINED FOR TYR
WARNING: ATOM HH NOT DEFINED FOR TYR
WARNING: ATOM HE2 NOT DEFINED FOR TYR
WARNING: ATOM HD2 NOT DEFINED FOR TYR
WARNING: ATOM H NOT DEFINED FOR TYR
WARNING: ATOM HA NOT DEFINED FOR TYR
WARNING: ATOM HB1 NOT DEFINED FOR TYR
WARNING: ATOM HB2 NOT DEFINED FOR TYR
WARNING: ATOM HD1 NOT DEFINED FOR TYR
WARNING: ATOM HE1 NOT DEFINED FOR TYR
WARNING: ATOM HH NOT DEFINED FOR TYR
WARNING: ATOM HE2 NOT DEFINED FOR TYR
WARNING: ATOM HD2 NOT DEFINED FOR TYR
WARNING: ATOM H NOT DEFINED FOR CYS
WARNING: ATOM HA NOT DEFINED FOR CYS
WARNING: ATOM HB1 NOT DEFINED FOR CYS
WARNING: ATOM HB2 NOT DEFINED FOR CYS
WARNING: ATOM H NOT DEFINED FOR ALA
WARNING: ATOM HA NOT DEFINED FOR ALA
WARNING: ATOM HB1 NOT DEFINED FOR ALA
WARNING: ATOM HB2 NOT DEFINED FOR ALA
WARNING: ATOM HB3 NOT DEFINED FOR ALA
WARNING: ATOM H NOT DEFINED FOR GLY
WARNING: ATOM HA1 NOT DEFINED FOR GLY
WARNING: ATOM HA2 NOT DEFINED FOR GLY
WARNING: ATOM H NOT DEFINED FOR ALA
WARNING: ATOM HA NOT DEFINED FOR ALA
WARNING: ATOM HB1 NOT DEFINED FOR ALA
WARNING: ATOM HB2 NOT DEFINED FOR ALA
WARNING: ATOM HB3 NOT DEFINED FOR ALA
WARNING: ATOM H NOT DEFINED FOR PHE
WARNING: ATOM HA NOT DEFINED FOR PHE
WARNING: ATOM HB1 NOT DEFINED FOR PHE
WARNING: ATOM HB2 NOT DEFINED FOR PHE
WARNING: ATOM HD1 NOT DEFINED FOR PHE
WARNING: ATOM HE1 NOT DEFINED FOR PHE
WARNING: ATOM HZ NOT DEFINED FOR PHE
WARNING: ATOM HE2 NOT DEFINED FOR PHE
WARNING: ATOM HD2 NOT DEFINED FOR PHE
WARNING: ATOM H NOT DEFINED FOR ASN
WARNING: ATOM HA NOT DEFINED FOR ASN
WARNING: ATOM HB1 NOT DEFINED FOR ASN
WARNING: ATOM HB2 NOT DEFINED FOR ASN
WARNING: ATOM HD21 NOT DEFINED FOR ASN
WARNING: ATOM HD22 NOT DEFINED FOR ASN
WARNING: ATOM H NOT DEFINED FOR TYR
WARNING: ATOM HA NOT DEFINED FOR TYR
WARNING: ATOM HB1 NOT DEFINED FOR TYR
WARNING: ATOM HB2 NOT DEFINED FOR TYR
WARNING: ATOM HD1 NOT DEFINED FOR TYR
WARNING: ATOM HE1 NOT DEFINED FOR TYR
WARNING: ATOM HH NOT DEFINED FOR TYR
WARNING: ATOM HE2 NOT DEFINED FOR TYR
WARNING: ATOM HD2 NOT DEFINED FOR TYR
WARNING: ATOM H NOT DEFINED FOR TRP
WARNING: ATOM HA NOT DEFINED FOR TRP
WARNING: ATOM HB1 NOT DEFINED FOR TRP
WARNING: ATOM HB2 NOT DEFINED FOR TRP
WARNING: ATOM HD1 NOT DEFINED FOR TRP
WARNING: ATOM HE1 NOT DEFINED FOR TRP
WARNING: ATOM HZ2 NOT DEFINED FOR TRP
WARNING: ATOM HH2 NOT DEFINED FOR TRP
WARNING: ATOM HZ3 NOT DEFINED FOR TRP
WARNING: ATOM HE3 NOT DEFINED FOR TRP
WARNING: ATOM H NOT DEFINED FOR ILE
WARNING: ATOM HA NOT DEFINED FOR ILE
WARNING: ATOM HB NOT DEFINED FOR ILE
WARNING: ATOM HG21 NOT DEFINED FOR ILE
WARNING: ATOM HG22 NOT DEFINED FOR ILE
WARNING: ATOM HG23 NOT DEFINED FOR ILE
WARNING: ATOM HG11 NOT DEFINED FOR ILE
WARNING: ATOM HG12 NOT DEFINED FOR ILE
WARNING: ATOM HD1 NOT DEFINED FOR ILE
WARNING: ATOM HD2 NOT DEFINED FOR ILE
WARNING: ATOM HD3 NOT DEFINED FOR ILE
WARNING: ATOM H NOT DEFINED FOR ASN
WARNING: ATOM HA NOT DEFINED FOR ASN
WARNING: ATOM HB1 NOT DEFINED FOR ASN
WARNING: ATOM HB2 NOT DEFINED FOR ASN
WARNING: ATOM HD21 NOT DEFINED FOR ASN
WARNING: ATOM HD22 NOT DEFINED FOR ASN
WARNING: ATOM H NOT DEFINED FOR ILE
WARNING: ATOM HA NOT DEFINED FOR ILE
WARNING: ATOM HB NOT DEFINED FOR ILE
WARNING: ATOM HG21 NOT DEFINED FOR ILE
WARNING: ATOM HG22 NOT DEFINED FOR ILE
WARNING: ATOM HG23 NOT DEFINED FOR ILE
WARNING: ATOM HG11 NOT DEFINED FOR ILE
WARNING: ATOM HG12 NOT DEFINED FOR ILE
WARNING: ATOM HD1 NOT DEFINED FOR ILE
WARNING: ATOM HD2 NOT DEFINED FOR ILE
WARNING: ATOM HD3 NOT DEFINED FOR ILE
WARNING: ATOM H NOT DEFINED FOR PHE
WARNING: ATOM HA NOT DEFINED FOR PHE
WARNING: ATOM HB1 NOT DEFINED FOR PHE
WARNING: ATOM HB2 NOT DEFINED FOR PHE
WARNING: ATOM HD1 NOT DEFINED FOR PHE
WARNING: ATOM HE1 NOT DEFINED FOR PHE
WARNING: ATOM HZ NOT DEFINED FOR PHE
WARNING: ATOM HE2 NOT DEFINED FOR PHE
WARNING: ATOM HD2 NOT DEFINED FOR PHE
WARNING: ATOM H NOT DEFINED FOR GLY
WARNING: ATOM HA1 NOT DEFINED FOR GLY
WARNING: ATOM HA2 NOT DEFINED FOR GLY
WARNING: ATOM H NOT DEFINED FOR GLY
WARNING: ATOM HA1 NOT DEFINED FOR GLY
WARNING: ATOM HA2 NOT DEFINED FOR GLY
WARNING: ATOM H NOT DEFINED FOR GLY
WARNING: ATOM HA1 NOT DEFINED FOR GLY
WARNING: ATOM HA2 NOT DEFINED FOR GLY
WARNING: ATOM H NOT DEFINED FOR THR
WARNING: ATOM HA NOT DEFINED FOR THR
WARNING: ATOM HB NOT DEFINED FOR THR
WARNING: ATOM HG21 NOT DEFINED FOR THR
WARNING: ATOM HG22 NOT DEFINED FOR THR
WARNING: ATOM HG23 NOT DEFINED FOR THR
WARNING: ATOM HG1 NOT DEFINED FOR THR
WARNING: ATOM H NOT DEFINED FOR GLU
WARNING: ATOM HA NOT DEFINED FOR GLU
WARNING: ATOM HB1 NOT DEFINED FOR GLU
WARNING: ATOM HB2 NOT DEFINED FOR GLU
WARNING: ATOM HG1 NOT DEFINED FOR GLU
WARNING: ATOM HG2 NOT DEFINED FOR GLU
WARNING: ATOM H NOT DEFINED FOR VAL
WARNING: ATOM HA NOT DEFINED FOR VAL
WARNING: ATOM HB NOT DEFINED FOR VAL
WARNING: ATOM HG11 NOT DEFINED FOR VAL
WARNING: ATOM HG12 NOT DEFINED FOR VAL
WARNING: ATOM HG13 NOT DEFINED FOR VAL
WARNING: ATOM HG21 NOT DEFINED FOR VAL
WARNING: ATOM HG22 NOT DEFINED FOR VAL
WARNING: ATOM HG23 NOT DEFINED FOR VAL
WARNING: ATOM H NOT DEFINED FOR VAL
WARNING: ATOM HA NOT DEFINED FOR VAL
WARNING: ATOM HB NOT DEFINED FOR VAL
WARNING: ATOM HG11 NOT DEFINED FOR VAL
WARNING: ATOM HG12 NOT DEFINED FOR VAL
WARNING: ATOM HG13 NOT DEFINED FOR VAL
WARNING: ATOM HG21 NOT DEFINED FOR VAL
WARNING: ATOM HG22 NOT DEFINED FOR VAL
WARNING: ATOM HG23 NOT DEFINED FOR VAL
WARNING: ATOM H NOT DEFINED FOR VAL
WARNING: ATOM HA NOT DEFINED FOR VAL
WARNING: ATOM HB NOT DEFINED FOR VAL
WARNING: ATOM HG11 NOT DEFINED FOR VAL
WARNING: ATOM HG12 NOT DEFINED FOR VAL
WARNING: ATOM HG13 NOT DEFINED FOR VAL
WARNING: ATOM HG21 NOT DEFINED FOR VAL
WARNING: ATOM HG22 NOT DEFINED FOR VAL
WARNING: ATOM HG23 NOT DEFINED FOR VAL
WARNING: ATOM H NOT DEFINED FOR LYS
WARNING: ATOM HA NOT DEFINED FOR LYS
WARNING: ATOM HB1 NOT DEFINED FOR LYS
WARNING: ATOM HB2 NOT DEFINED FOR LYS
WARNING: ATOM HG1 NOT DEFINED FOR LYS
WARNING: ATOM HG2 NOT DEFINED FOR LYS
WARNING: ATOM HD1 NOT DEFINED FOR LYS
WARNING: ATOM HD2 NOT DEFINED FOR LYS
WARNING: ATOM HE1 NOT DEFINED FOR LYS
WARNING: ATOM HE2 NOT DEFINED FOR LYS
WARNING: ATOM HZ1 NOT DEFINED FOR LYS
WARNING: ATOM HZ2 NOT DEFINED FOR LYS
WARNING: ATOM HZ3 NOT DEFINED FOR LYS
$ /Users/nf477/anaconda3/envs/nrgsuite/bin/python /Users/nf477/Projects_Natalia/GROMACS/gromacs_ab_ligand_toolkit/ab_ligand_md_8complexes/Surfaces/surface_cont_lig.py -f /Users/nf477/Projects_Natalia/GROMACS/gromacs_ab_ligand_toolkit/ab_ligand_md_8complexes/computational_DMS_top_occupancy_poses/1G10__ddhU/top_pose/clean_1G10_ddhU_P001_WT_top_pose.pdb -c HL -lig MOL -o /Users/nf477/Projects_Natalia/GROMACS/gromacs_ab_ligand_toolkit/ab_ligand_md_8complexes/computational_DMS_top_occupancy_poses/1G10__ddhU/surfaces/WT_unmodified_top_pose_output.csv -def /Users/nf477/Projects_Natalia/GROMACS/gromacs_ab_ligand_toolkit/ab_ligand_md_8complexes/computational_DMS_top_occupancy_poses/1G10__ddhU/surfaces_definition/custom_MOL_AMINO_FlexAID.def -dat /Users/nf477/Projects_Natalia/GROMACS/gromacs_ab_ligand_toolkit/ab_ligand_md_8complexes/Surfaces/FlexAID.dat

$ /Users/nf477/anaconda3/envs/nrgsuite/bin/python /Users/nf477/Projects_Natalia/GROMACS/gromacs_ab_ligand_toolkit/ab_ligand_md_8complexes/Surfaces/clean_structure.py -f 1G10_ddhU_P001_SH69A.pdb -def /Users/nf477/Projects_Natalia/GROMACS/gromacs_ab_ligand_toolkit/ab_ligand_md_8complexes/computational_DMS_top_occupancy_poses/1G10__ddhU/surfaces_definition/custom_MOL_AMINO_FlexAID.def

$ /Users/nf477/anaconda3/envs/nrgsuite/bin/python /Users/nf477/Projects_Natalia/GROMACS/gromacs_ab_ligand_toolkit/ab_ligand_md_8complexes/Surfaces/surface_cont_lig.py -f /Users/nf477/Projects_Natalia/GROMACS/gromacs_ab_ligand_toolkit/ab_ligand_md_8complexes/computational_DMS_top_occupancy_poses/1G10__ddhU/mutants/clean_1G10_ddhU_P001_SH69A.pdb -c HL -lig MOL -o /Users/nf477/Projects_Natalia/GROMACS/gromacs_ab_ligand_toolkit/ab_ligand_md_8complexes/computational_DMS_top_occupancy_poses/1G10__ddhU/surfaces/SH69A_output.csv -def /Users/nf477/Projects_Natalia/GROMACS/gromacs_ab_ligand_toolkit/ab_ligand_md_8complexes/computational_DMS_top_occupancy_poses/1G10__ddhU/surfaces_definition/custom_MOL_AMINO_FlexAID.def -dat /Users/nf477/Projects_Natalia/GROMACS/gromacs_ab_ligand_toolkit/ab_ligand_md_8complexes/Surfaces/FlexAID.dat

$ /Users/nf477/anaconda3/envs/nrgsuite/bin/python /Users/nf477/Projects_Natalia/GROMACS/gromacs_ab_ligand_toolkit/ab_ligand_md_8complexes/Surfaces/clean_structure.py -f 1G10_ddhU_P001_SH69C.pdb -def /Users/nf477/Projects_Natalia/GROMACS/gromacs_ab_ligand_toolkit/ab_ligand_md_8complexes/computational_DMS_top_occupancy_poses/1G10__ddhU/surfaces_definition/custom_MOL_AMINO_FlexAID.def

$ /Users/nf477/anaconda3/envs/nrgsuite/bin/python /Users/nf477/Projects_Natalia/GROMACS/gromacs_ab_ligand_toolkit/ab_ligand_md_8complexes/Surfaces/surface_cont_lig.py -f /Users/nf477/Projects_Natalia/GROMACS/gromacs_ab_ligand_toolkit/ab_ligand_md_8complexes/computational_DMS_top_occupancy_poses/1G10__ddhU/mutants/clean_1G10_ddhU_P001_SH69C.pdb -c HL -lig MOL -o /Users/nf477/Projects_Natalia/GROMACS/gromacs_ab_ligand_toolkit/ab_ligand_md_8complexes/computational_DMS_top_occupancy_poses/1G10__ddhU/surfaces/SH69C_output.csv -def /Users/nf477/Projects_Natalia/GROMACS/gromacs_ab_ligand_toolkit/ab_ligand_md_8complexes/computational_DMS_top_occupancy_poses/1G10__ddhU/surfaces_definition/custom_MOL_AMINO_FlexAID.def -dat /Users/nf477/Projects_Natalia/GROMACS/gromacs_ab_ligand_toolkit/ab_ligand_md_8complexes/Surfaces/FlexAID.dat

$ /Users/nf477/anaconda3/envs/nrgsuite/bin/python /Users/nf477/Projects_Natalia/GROMACS/gromacs_ab_ligand_toolkit/ab_ligand_md_8complexes/Surfaces/clean_structure.py -f 1G10_ddhU_P001_SH69D.pdb -def /Users/nf477/Projects_Natalia/GROMACS/gromacs_ab_ligand_toolkit/ab_ligand_md_8complexes/computational_DMS_top_occupancy_poses/1G10__ddhU/surfaces_definition/custom_MOL_AMINO_FlexAID.def

$ /Users/nf477/anaconda3/envs/nrgsuite/bin/python /Users/nf477/Projects_Natalia/GROMACS/gromacs_ab_ligand_toolkit/ab_ligand_md_8complexes/Surfaces/surface_cont_lig.py -f /Users/nf477/Projects_Natalia/GROMACS/gromacs_ab_ligand_toolkit/ab_ligand_md_8complexes/computational_DMS_top_occupancy_poses/1G10__ddhU/mutants/clean_1G10_ddhU_P001_SH69D.pdb -c HL -lig MOL -o /Users/nf477/Projects_Natalia/GROMACS/gromacs_ab_ligand_toolkit/ab_ligand_md_8complexes/computational_DMS_top_occupancy_poses/1G10__ddhU/surfaces/SH69D_output.csv -def /Users/nf477/Projects_Natalia/GROMACS/gromacs_ab_ligand_toolkit/ab_ligand_md_8complexes/computational_DMS_top_occupancy_poses/1G10__ddhU/surfaces_definition/custom_MOL_AMINO_FlexAID.def -dat /Users/nf477/Projects_Natalia/GROMACS/gromacs_ab_ligand_toolkit/ab_ligand_md_8complexes/Surfaces/FlexAID.dat

$ /Users/nf477/anaconda3/envs/nrgsuite/bin/python /Users/nf477/Projects_Natalia/GROMACS/gromacs_ab_ligand_toolkit/ab_ligand_md_8complexes/Surfaces/clean_structure.py -f 1G10_ddhU_P001_SH69E.pdb -def /Users/nf477/Projects_Natalia/GROMACS/gromacs_ab_ligand_toolkit/ab_ligand_md_8complexes/computational_DMS_top_occupancy_poses/1G10__ddhU/surfaces_definition/custom_MOL_AMINO_FlexAID.def

$ /Users/nf477/anaconda3/envs/nrgsuite/bin/python /Users/nf477/Projects_Natalia/GROMACS/gromacs_ab_ligand_toolkit/ab_ligand_md_8complexes/Surfaces/surface_cont_lig.py -f /Users/nf477/Projects_Natalia/GROMACS/gromacs_ab_ligand_toolkit/ab_ligand_md_8complexes/computational_DMS_top_occupancy_poses/1G10__ddhU/mutants/clean_1G10_ddhU_P001_SH69E.pdb -c HL -lig MOL -o /Users/nf477/Projects_Natalia/GROMACS/gromacs_ab_ligand_toolkit/ab_ligand_md_8complexes/computational_DMS_top_occupancy_poses/1G10__ddhU/surfaces/SH69E_output.csv -def /Users/nf477/Projects_Natalia/GROMACS/gromacs_ab_ligand_toolkit/ab_ligand_md_8complexes/computational_DMS_top_occupancy_poses/1G10__ddhU/surfaces_definition/custom_MOL_AMINO_FlexAID.def -dat /Users/nf477/Projects_Natalia/GROMACS/gromacs_ab_ligand_toolkit/ab_ligand_md_8complexes/Surfaces/FlexAID.dat

$ /Users/nf477/anaconda3/envs/nrgsuite/bin/python /Users/nf477/Projects_Natalia/GROMACS/gromacs_ab_ligand_toolkit/ab_ligand_md_8complexes/Surfaces/clean_structure.py -f 1G10_ddhU_P001_SH69F.pdb -def /Users/nf477/Projects_Natalia/GROMACS/gromacs_ab_ligand_toolkit/ab_ligand_md_8complexes/computational_DMS_top_occupancy_poses/1G10__ddhU/surfaces_definition/custom_MOL_AMINO_FlexAID.def

$ /Users/nf477/anaconda3/envs/nrgsuite/bin/python /Users/nf477/Projects_Natalia/GROMACS/gromacs_ab_ligand_toolkit/ab_ligand_md_8complexes/Surfaces/surface_cont_lig.py -f /Users/nf477/Projects_Natalia/GROMACS/gromacs_ab_ligand_toolkit/ab_ligand_md_8complexes/computational_DMS_top_occupancy_poses/1G10__ddhU/mutants/clean_1G10_ddhU_P001_SH69F.pdb -c HL -lig MOL -o /Users/nf477/Projects_Natalia/GROMACS/gromacs_ab_ligand_toolkit/ab_ligand_md_8complexes/computational_DMS_top_occupancy_poses/1G10__ddhU/surfaces/SH69F_output.csv -def /Users/nf477/Projects_Natalia/GROMACS/gromacs_ab_ligand_toolkit/ab_ligand_md_8complexes/computational_DMS_top_occupancy_poses/1G10__ddhU/surfaces_definition/custom_MOL_AMINO_FlexAID.def -dat /Users/nf477/Projects_Natalia/GROMACS/gromacs_ab_ligand_toolkit/ab_ligand_md_8complexes/Surfaces/FlexAID.dat

$ /Users/nf477/anaconda3/envs/nrgsuite/bin/python /Users/nf477/Projects_Natalia/GROMACS/gromacs_ab_ligand_toolkit/ab_ligand_md_8complexes/Surfaces/clean_structure.py -f 1G10_ddhU_P001_SH69G.pdb -def /Users/nf477/Projects_Natalia/GROMACS/gromacs_ab_ligand_toolkit/ab_ligand_md_8complexes/computational_DMS_top_occupancy_poses/1G10__ddhU/surfaces_definition/custom_MOL_AMINO_FlexAID.def

$ /Users/nf477/anaconda3/envs/nrgsuite/bin/python /Users/nf477/Projects_Natalia/GROMACS/gromacs_ab_ligand_toolkit/ab_ligand_md_8complexes/Surfaces/surface_cont_lig.py -f /Users/nf477/Projects_Natalia/GROMACS/gromacs_ab_ligand_toolkit/ab_ligand_md_8complexes/computational_DMS_top_occupancy_poses/1G10__ddhU/mutants/clean_1G10_ddhU_P001_SH69G.pdb -c HL -lig MOL -o /Users/nf477/Projects_Natalia/GROMACS/gromacs_ab_ligand_toolkit/ab_ligand_md_8complexes/computational_DMS_top_occupancy_poses/1G10__ddhU/surfaces/SH69G_output.csv -def /Users/nf477/Projects_Natalia/GROMACS/gromacs_ab_ligand_toolkit/ab_ligand_md_8complexes/computational_DMS_top_occupancy_poses/1G10__ddhU/surfaces_definition/custom_MOL_AMINO_FlexAID.def -dat /Users/nf477/Projects_Natalia/GROMACS/gromacs_ab_ligand_toolkit/ab_ligand_md_8complexes/Surfaces/FlexAID.dat

$ /Users/nf477/anaconda3/envs/nrgsuite/bin/python /Users/nf477/Projects_Natalia/GROMACS/gromacs_ab_ligand_toolkit/ab_ligand_md_8complexes/Surfaces/clean_structure.py -f 1G10_ddhU_P001_SH69H.pdb -def /Users/nf477/Projects_Natalia/GROMACS/gromacs_ab_ligand_toolkit/ab_ligand_md_8complexes/computational_DMS_top_occupancy_poses/1G10__ddhU/surfaces_definition/custom_MOL_AMINO_FlexAID.def

$ /Users/nf477/anaconda3/envs/nrgsuite/bin/python /Users/nf477/Projects_Natalia/GROMACS/gromacs_ab_ligand_toolkit/ab_ligand_md_8complexes/Surfaces/surface_cont_lig.py -f /Users/nf477/Projects_Natalia/GROMACS/gromacs_ab_ligand_toolkit/ab_ligand_md_8complexes/computational_DMS_top_occupancy_poses/1G10__ddhU/mutants/clean_1G10_ddhU_P001_SH69H.pdb -c HL -lig MOL -o /Users/nf477/Projects_Natalia/GROMACS/gromacs_ab_ligand_toolkit/ab_ligand_md_8complexes/computational_DMS_top_occupancy_poses/1G10__ddhU/surfaces/SH69H_output.csv -def /Users/nf477/Projects_Natalia/GROMACS/gromacs_ab_ligand_toolkit/ab_ligand_md_8complexes/computational_DMS_top_occupancy_poses/1G10__ddhU/surfaces_definition/custom_MOL_AMINO_FlexAID.def -dat /Users/nf477/Projects_Natalia/GROMACS/gromacs_ab_ligand_toolkit/ab_ligand_md_8complexes/Surfaces/FlexAID.dat

$ /Users/nf477/anaconda3/envs/nrgsuite/bin/python /Users/nf477/Projects_Natalia/GROMACS/gromacs_ab_ligand_toolkit/ab_ligand_md_8complexes/Surfaces/clean_structure.py -f 1G10_ddhU_P001_SH69I.pdb -def /Users/nf477/Projects_Natalia/GROMACS/gromacs_ab_ligand_toolkit/ab_ligand_md_8complexes/computational_DMS_top_occupancy_poses/1G10__ddhU/surfaces_definition/custom_MOL_AMINO_FlexAID.def

$ /Users/nf477/anaconda3/envs/nrgsuite/bin/python /Users/nf477/Projects_Natalia/GROMACS/gromacs_ab_ligand_toolkit/ab_ligand_md_8complexes/Surfaces/surface_cont_lig.py -f /Users/nf477/Projects_Natalia/GROMACS/gromacs_ab_ligand_toolkit/ab_ligand_md_8complexes/computational_DMS_top_occupancy_poses/1G10__ddhU/mutants/clean_1G10_ddhU_P001_SH69I.pdb -c HL -lig MOL -o /Users/nf477/Projects_Natalia/GROMACS/gromacs_ab_ligand_toolkit/ab_ligand_md_8complexes/computational_DMS_top_occupancy_poses/1G10__ddhU/surfaces/SH69I_output.csv -def /Users/nf477/Projects_Natalia/GROMACS/gromacs_ab_ligand_toolkit/ab_ligand_md_8complexes/computational_DMS_top_occupancy_poses/1G10__ddhU/surfaces_definition/custom_MOL_AMINO_FlexAID.def -dat /Users/nf477/Projects_Natalia/GROMACS/gromacs_ab_ligand_toolkit/ab_ligand_md_8complexes/Surfaces/FlexAID.dat

$ /Users/nf477/anaconda3/envs/nrgsuite/bin/python /Users/nf477/Projects_Natalia/GROMACS/gromacs_ab_ligand_toolkit/ab_ligand_md_8complexes/Surfaces/clean_structure.py -f 1G10_ddhU_P001_SH69K.pdb -def /Users/nf477/Projects_Natalia/GROMACS/gromacs_ab_ligand_toolkit/ab_ligand_md_8complexes/computational_DMS_top_occupancy_poses/1G10__ddhU/surfaces_definition/custom_MOL_AMINO_FlexAID.def

$ /Users/nf477/anaconda3/envs/nrgsuite/bin/python /Users/nf477/Projects_Natalia/GROMACS/gromacs_ab_ligand_toolkit/ab_ligand_md_8complexes/Surfaces/surface_cont_lig.py -f /Users/nf477/Projects_Natalia/GROMACS/gromacs_ab_ligand_toolkit/ab_ligand_md_8complexes/computational_DMS_top_occupancy_poses/1G10__ddhU/mutants/clean_1G10_ddhU_P001_SH69K.pdb -c HL -lig MOL -o /Users/nf477/Projects_Natalia/GROMACS/gromacs_ab_ligand_toolkit/ab_ligand_md_8complexes/computational_DMS_top_occupancy_poses/1G10__ddhU/surfaces/SH69K_output.csv -def /Users/nf477/Projects_Natalia/GROMACS/gromacs_ab_ligand_toolkit/ab_ligand_md_8complexes/computational_DMS_top_occupancy_poses/1G10__ddhU/surfaces_definition/custom_MOL_AMINO_FlexAID.def -dat /Users/nf477/Projects_Natalia/GROMACS/gromacs_ab_ligand_toolkit/ab_ligand_md_8complexes/Surfaces/FlexAID.dat

$ /Users/nf477/anaconda3/envs/nrgsuite/bin/python /Users/nf477/Projects_Natalia/GROMACS/gromacs_ab_ligand_toolkit/ab_ligand_md_8complexes/Surfaces/clean_structure.py -f 1G10_ddhU_P001_SH69L.pdb -def /Users/nf477/Projects_Natalia/GROMACS/gromacs_ab_ligand_toolkit/ab_ligand_md_8complexes/computational_DMS_top_occupancy_poses/1G10__ddhU/surfaces_definition/custom_MOL_AMINO_FlexAID.def

$ /Users/nf477/anaconda3/envs/nrgsuite/bin/python /Users/nf477/Projects_Natalia/GROMACS/gromacs_ab_ligand_toolkit/ab_ligand_md_8complexes/Surfaces/surface_cont_lig.py -f /Users/nf477/Projects_Natalia/GROMACS/gromacs_ab_ligand_toolkit/ab_ligand_md_8complexes/computational_DMS_top_occupancy_poses/1G10__ddhU/mutants/clean_1G10_ddhU_P001_SH69L.pdb -c HL -lig MOL -o /Users/nf477/Projects_Natalia/GROMACS/gromacs_ab_ligand_toolkit/ab_ligand_md_8complexes/computational_DMS_top_occupancy_poses/1G10__ddhU/surfaces/SH69L_output.csv -def /Users/nf477/Projects_Natalia/GROMACS/gromacs_ab_ligand_toolkit/ab_ligand_md_8complexes/computational_DMS_top_occupancy_poses/1G10__ddhU/surfaces_definition/custom_MOL_AMINO_FlexAID.def -dat /Users/nf477/Projects_Natalia/GROMACS/gromacs_ab_ligand_toolkit/ab_ligand_md_8complexes/Surfaces/FlexAID.dat

$ /Users/nf477/anaconda3/envs/nrgsuite/bin/python /Users/nf477/Projects_Natalia/GROMACS/gromacs_ab_ligand_toolkit/ab_ligand_md_8complexes/Surfaces/clean_structure.py -f 1G10_ddhU_P001_SH69M.pdb -def /Users/nf477/Projects_Natalia/GROMACS/gromacs_ab_ligand_toolkit/ab_ligand_md_8complexes/computational_DMS_top_occupancy_poses/1G10__ddhU/surfaces_definition/custom_MOL_AMINO_FlexAID.def

$ /Users/nf477/anaconda3/envs/nrgsuite/bin/python /Users/nf477/Projects_Natalia/GROMACS/gromacs_ab_ligand_toolkit/ab_ligand_md_8complexes/Surfaces/surface_cont_lig.py -f /Users/nf477/Projects_Natalia/GROMACS/gromacs_ab_ligand_toolkit/ab_ligand_md_8complexes/computational_DMS_top_occupancy_poses/1G10__ddhU/mutants/clean_1G10_ddhU_P001_SH69M.pdb -c HL -lig MOL -o /Users/nf477/Projects_Natalia/GROMACS/gromacs_ab_ligand_toolkit/ab_ligand_md_8complexes/computational_DMS_top_occupancy_poses/1G10__ddhU/surfaces/SH69M_output.csv -def /Users/nf477/Projects_Natalia/GROMACS/gromacs_ab_ligand_toolkit/ab_ligand_md_8complexes/computational_DMS_top_occupancy_poses/1G10__ddhU/surfaces_definition/custom_MOL_AMINO_FlexAID.def -dat /Users/nf477/Projects_Natalia/GROMACS/gromacs_ab_ligand_toolkit/ab_ligand_md_8complexes/Surfaces/FlexAID.dat

$ /Users/nf477/anaconda3/envs/nrgsuite/bin/python /Users/nf477/Projects_Natalia/GROMACS/gromacs_ab_ligand_toolkit/ab_ligand_md_8complexes/Surfaces/clean_structure.py -f 1G10_ddhU_P001_SH69N.pdb -def /Users/nf477/Projects_Natalia/GROMACS/gromacs_ab_ligand_toolkit/ab_ligand_md_8complexes/computational_DMS_top_occupancy_poses/1G10__ddhU/surfaces_definition/custom_MOL_AMINO_FlexAID.def

$ /Users/nf477/anaconda3/envs/nrgsuite/bin/python /Users/nf477/Projects_Natalia/GROMACS/gromacs_ab_ligand_toolkit/ab_ligand_md_8complexes/Surfaces/surface_cont_lig.py -f /Users/nf477/Projects_Natalia/GROMACS/gromacs_ab_ligand_toolkit/ab_ligand_md_8complexes/computational_DMS_top_occupancy_poses/1G10__ddhU/mutants/clean_1G10_ddhU_P001_SH69N.pdb -c HL -lig MOL -o /Users/nf477/Projects_Natalia/GROMACS/gromacs_ab_ligand_toolkit/ab_ligand_md_8complexes/computational_DMS_top_occupancy_poses/1G10__ddhU/surfaces/SH69N_output.csv -def /Users/nf477/Projects_Natalia/GROMACS/gromacs_ab_ligand_toolkit/ab_ligand_md_8complexes/computational_DMS_top_occupancy_poses/1G10__ddhU/surfaces_definition/custom_MOL_AMINO_FlexAID.def -dat /Users/nf477/Projects_Natalia/GROMACS/gromacs_ab_ligand_toolkit/ab_ligand_md_8complexes/Surfaces/FlexAID.dat

$ /Users/nf477/anaconda3/envs/nrgsuite/bin/python /Users/nf477/Projects_Natalia/GROMACS/gromacs_ab_ligand_toolkit/ab_ligand_md_8complexes/Surfaces/clean_structure.py -f 1G10_ddhU_P001_SH69P.pdb -def /Users/nf477/Projects_Natalia/GROMACS/gromacs_ab_ligand_toolkit/ab_ligand_md_8complexes/computational_DMS_top_occupancy_poses/1G10__ddhU/surfaces_definition/custom_MOL_AMINO_FlexAID.def

$ /Users/nf477/anaconda3/envs/nrgsuite/bin/python /Users/nf477/Projects_Natalia/GROMACS/gromacs_ab_ligand_toolkit/ab_ligand_md_8complexes/Surfaces/surface_cont_lig.py -f /Users/nf477/Projects_Natalia/GROMACS/gromacs_ab_ligand_toolkit/ab_ligand_md_8complexes/computational_DMS_top_occupancy_poses/1G10__ddhU/mutants/clean_1G10_ddhU_P001_SH69P.pdb -c HL -lig MOL -o /Users/nf477/Projects_Natalia/GROMACS/gromacs_ab_ligand_toolkit/ab_ligand_md_8complexes/computational_DMS_top_occupancy_poses/1G10__ddhU/surfaces/SH69P_output.csv -def /Users/nf477/Projects_Natalia/GROMACS/gromacs_ab_ligand_toolkit/ab_ligand_md_8complexes/computational_DMS_top_occupancy_poses/1G10__ddhU/surfaces_definition/custom_MOL_AMINO_FlexAID.def -dat /Users/nf477/Projects_Natalia/GROMACS/gromacs_ab_ligand_toolkit/ab_ligand_md_8complexes/Surfaces/FlexAID.dat

$ /Users/nf477/anaconda3/envs/nrgsuite/bin/python /Users/nf477/Projects_Natalia/GROMACS/gromacs_ab_ligand_toolkit/ab_ligand_md_8complexes/Surfaces/clean_structure.py -f 1G10_ddhU_P001_SH69Q.pdb -def /Users/nf477/Projects_Natalia/GROMACS/gromacs_ab_ligand_toolkit/ab_ligand_md_8complexes/computational_DMS_top_occupancy_poses/1G10__ddhU/surfaces_definition/custom_MOL_AMINO_FlexAID.def

$ /Users/nf477/anaconda3/envs/nrgsuite/bin/python /Users/nf477/Projects_Natalia/GROMACS/gromacs_ab_ligand_toolkit/ab_ligand_md_8complexes/Surfaces/surface_cont_lig.py -f /Users/nf477/Projects_Natalia/GROMACS/gromacs_ab_ligand_toolkit/ab_ligand_md_8complexes/computational_DMS_top_occupancy_poses/1G10__ddhU/mutants/clean_1G10_ddhU_P001_SH69Q.pdb -c HL -lig MOL -o /Users/nf477/Projects_Natalia/GROMACS/gromacs_ab_ligand_toolkit/ab_ligand_md_8complexes/computational_DMS_top_occupancy_poses/1G10__ddhU/surfaces/SH69Q_output.csv -def /Users/nf477/Projects_Natalia/GROMACS/gromacs_ab_ligand_toolkit/ab_ligand_md_8complexes/computational_DMS_top_occupancy_poses/1G10__ddhU/surfaces_definition/custom_MOL_AMINO_FlexAID.def -dat /Users/nf477/Projects_Natalia/GROMACS/gromacs_ab_ligand_toolkit/ab_ligand_md_8complexes/Surfaces/FlexAID.dat

$ /Users/nf477/anaconda3/envs/nrgsuite/bin/python /Users/nf477/Projects_Natalia/GROMACS/gromacs_ab_ligand_toolkit/ab_ligand_md_8complexes/Surfaces/clean_structure.py -f 1G10_ddhU_P001_SH69R.pdb -def /Users/nf477/Projects_Natalia/GROMACS/gromacs_ab_ligand_toolkit/ab_ligand_md_8complexes/computational_DMS_top_occupancy_poses/1G10__ddhU/surfaces_definition/custom_MOL_AMINO_FlexAID.def

$ /Users/nf477/anaconda3/envs/nrgsuite/bin/python /Users/nf477/Projects_Natalia/GROMACS/gromacs_ab_ligand_toolkit/ab_ligand_md_8complexes/Surfaces/surface_cont_lig.py -f /Users/nf477/Projects_Natalia/GROMACS/gromacs_ab_ligand_toolkit/ab_ligand_md_8complexes/computational_DMS_top_occupancy_poses/1G10__ddhU/mutants/clean_1G10_ddhU_P001_SH69R.pdb -c HL -lig MOL -o /Users/nf477/Projects_Natalia/GROMACS/gromacs_ab_ligand_toolkit/ab_ligand_md_8complexes/computational_DMS_top_occupancy_poses/1G10__ddhU/surfaces/SH69R_output.csv -def /Users/nf477/Projects_Natalia/GROMACS/gromacs_ab_ligand_toolkit/ab_ligand_md_8complexes/computational_DMS_top_occupancy_poses/1G10__ddhU/surfaces_definition/custom_MOL_AMINO_FlexAID.def -dat /Users/nf477/Projects_Natalia/GROMACS/gromacs_ab_ligand_toolkit/ab_ligand_md_8complexes/Surfaces/FlexAID.dat

$ /Users/nf477/anaconda3/envs/nrgsuite/bin/python /Users/nf477/Projects_Natalia/GROMACS/gromacs_ab_ligand_toolkit/ab_ligand_md_8complexes/Surfaces/clean_structure.py -f 1G10_ddhU_P001_SH69S.pdb -def /Users/nf477/Projects_Natalia/GROMACS/gromacs_ab_ligand_toolkit/ab_ligand_md_8complexes/computational_DMS_top_occupancy_poses/1G10__ddhU/surfaces_definition/custom_MOL_AMINO_FlexAID.def

$ /Users/nf477/anaconda3/envs/nrgsuite/bin/python /Users/nf477/Projects_Natalia/GROMACS/gromacs_ab_ligand_toolkit/ab_ligand_md_8complexes/Surfaces/surface_cont_lig.py -f /Users/nf477/Projects_Natalia/GROMACS/gromacs_ab_ligand_toolkit/ab_ligand_md_8complexes/computational_DMS_top_occupancy_poses/1G10__ddhU/mutants/clean_1G10_ddhU_P001_SH69S.pdb -c HL -lig MOL -o /Users/nf477/Projects_Natalia/GROMACS/gromacs_ab_ligand_toolkit/ab_ligand_md_8complexes/computational_DMS_top_occupancy_poses/1G10__ddhU/surfaces/SH69S_output.csv -def /Users/nf477/Projects_Natalia/GROMACS/gromacs_ab_ligand_toolkit/ab_ligand_md_8complexes/computational_DMS_top_occupancy_poses/1G10__ddhU/surfaces_definition/custom_MOL_AMINO_FlexAID.def -dat /Users/nf477/Projects_Natalia/GROMACS/gromacs_ab_ligand_toolkit/ab_ligand_md_8complexes/Surfaces/FlexAID.dat

$ /Users/nf477/anaconda3/envs/nrgsuite/bin/python /Users/nf477/Projects_Natalia/GROMACS/gromacs_ab_ligand_toolkit/ab_ligand_md_8complexes/Surfaces/clean_structure.py -f 1G10_ddhU_P001_SH69T.pdb -def /Users/nf477/Projects_Natalia/GROMACS/gromacs_ab_ligand_toolkit/ab_ligand_md_8complexes/computational_DMS_top_occupancy_poses/1G10__ddhU/surfaces_definition/custom_MOL_AMINO_FlexAID.def

$ /Users/nf477/anaconda3/envs/nrgsuite/bin/python /Users/nf477/Projects_Natalia/GROMACS/gromacs_ab_ligand_toolkit/ab_ligand_md_8complexes/Surfaces/surface_cont_lig.py -f /Users/nf477/Projects_Natalia/GROMACS/gromacs_ab_ligand_toolkit/ab_ligand_md_8complexes/computational_DMS_top_occupancy_poses/1G10__ddhU/mutants/clean_1G10_ddhU_P001_SH69T.pdb -c HL -lig MOL -o /Users/nf477/Projects_Natalia/GROMACS/gromacs_ab_ligand_toolkit/ab_ligand_md_8complexes/computational_DMS_top_occupancy_poses/1G10__ddhU/surfaces/SH69T_output.csv -def /Users/nf477/Projects_Natalia/GROMACS/gromacs_ab_ligand_toolkit/ab_ligand_md_8complexes/computational_DMS_top_occupancy_poses/1G10__ddhU/surfaces_definition/custom_MOL_AMINO_FlexAID.def -dat /Users/nf477/Projects_Natalia/GROMACS/gromacs_ab_ligand_toolkit/ab_ligand_md_8complexes/Surfaces/FlexAID.dat

$ /Users/nf477/anaconda3/envs/nrgsuite/bin/python /Users/nf477/Projects_Natalia/GROMACS/gromacs_ab_ligand_toolkit/ab_ligand_md_8complexes/Surfaces/clean_structure.py -f 1G10_ddhU_P001_SH69V.pdb -def /Users/nf477/Projects_Natalia/GROMACS/gromacs_ab_ligand_toolkit/ab_ligand_md_8complexes/computational_DMS_top_occupancy_poses/1G10__ddhU/surfaces_definition/custom_MOL_AMINO_FlexAID.def

$ /Users/nf477/anaconda3/envs/nrgsuite/bin/python /Users/nf477/Projects_Natalia/GROMACS/gromacs_ab_ligand_toolkit/ab_ligand_md_8complexes/Surfaces/surface_cont_lig.py -f /Users/nf477/Projects_Natalia/GROMACS/gromacs_ab_ligand_toolkit/ab_ligand_md_8complexes/computational_DMS_top_occupancy_poses/1G10__ddhU/mutants/clean_1G10_ddhU_P001_SH69V.pdb -c HL -lig MOL -o /Users/nf477/Projects_Natalia/GROMACS/gromacs_ab_ligand_toolkit/ab_ligand_md_8complexes/computational_DMS_top_occupancy_poses/1G10__ddhU/surfaces/SH69V_output.csv -def /Users/nf477/Projects_Natalia/GROMACS/gromacs_ab_ligand_toolkit/ab_ligand_md_8complexes/computational_DMS_top_occupancy_poses/1G10__ddhU/surfaces_definition/custom_MOL_AMINO_FlexAID.def -dat /Users/nf477/Projects_Natalia/GROMACS/gromacs_ab_ligand_toolkit/ab_ligand_md_8complexes/Surfaces/FlexAID.dat

$ /Users/nf477/anaconda3/envs/nrgsuite/bin/python /Users/nf477/Projects_Natalia/GROMACS/gromacs_ab_ligand_toolkit/ab_ligand_md_8complexes/Surfaces/clean_structure.py -f 1G10_ddhU_P001_SH69W.pdb -def /Users/nf477/Projects_Natalia/GROMACS/gromacs_ab_ligand_toolkit/ab_ligand_md_8complexes/computational_DMS_top_occupancy_poses/1G10__ddhU/surfaces_definition/custom_MOL_AMINO_FlexAID.def

$ /Users/nf477/anaconda3/envs/nrgsuite/bin/python /Users/nf477/Projects_Natalia/GROMACS/gromacs_ab_ligand_toolkit/ab_ligand_md_8complexes/Surfaces/surface_cont_lig.py -f /Users/nf477/Projects_Natalia/GROMACS/gromacs_ab_ligand_toolkit/ab_ligand_md_8complexes/computational_DMS_top_occupancy_poses/1G10__ddhU/mutants/clean_1G10_ddhU_P001_SH69W.pdb -c HL -lig MOL -o /Users/nf477/Projects_Natalia/GROMACS/gromacs_ab_ligand_toolkit/ab_ligand_md_8complexes/computational_DMS_top_occupancy_poses/1G10__ddhU/surfaces/SH69W_output.csv -def /Users/nf477/Projects_Natalia/GROMACS/gromacs_ab_ligand_toolkit/ab_ligand_md_8complexes/computational_DMS_top_occupancy_poses/1G10__ddhU/surfaces_definition/custom_MOL_AMINO_FlexAID.def -dat /Users/nf477/Projects_Natalia/GROMACS/gromacs_ab_ligand_toolkit/ab_ligand_md_8complexes/Surfaces/FlexAID.dat

$ /Users/nf477/anaconda3/envs/nrgsuite/bin/python /Users/nf477/Projects_Natalia/GROMACS/gromacs_ab_ligand_toolkit/ab_ligand_md_8complexes/Surfaces/clean_structure.py -f 1G10_ddhU_P001_SH69Y.pdb -def /Users/nf477/Projects_Natalia/GROMACS/gromacs_ab_ligand_toolkit/ab_ligand_md_8complexes/computational_DMS_top_occupancy_poses/1G10__ddhU/surfaces_definition/custom_MOL_AMINO_FlexAID.def

$ /Users/nf477/anaconda3/envs/nrgsuite/bin/python /Users/nf477/Projects_Natalia/GROMACS/gromacs_ab_ligand_toolkit/ab_ligand_md_8complexes/Surfaces/surface_cont_lig.py -f /Users/nf477/Projects_Natalia/GROMACS/gromacs_ab_ligand_toolkit/ab_ligand_md_8complexes/computational_DMS_top_occupancy_poses/1G10__ddhU/mutants/clean_1G10_ddhU_P001_SH69Y.pdb -c HL -lig MOL -o /Users/nf477/Projects_Natalia/GROMACS/gromacs_ab_ligand_toolkit/ab_ligand_md_8complexes/computational_DMS_top_occupancy_poses/1G10__ddhU/surfaces/SH69Y_output.csv -def /Users/nf477/Projects_Natalia/GROMACS/gromacs_ab_ligand_toolkit/ab_ligand_md_8complexes/computational_DMS_top_occupancy_poses/1G10__ddhU/surfaces_definition/custom_MOL_AMINO_FlexAID.def -dat /Users/nf477/Projects_Natalia/GROMACS/gromacs_ab_ligand_toolkit/ab_ligand_md_8complexes/Surfaces/FlexAID.dat

$ /Users/nf477/anaconda3/envs/nrgsuite/bin/python /Users/nf477/Projects_Natalia/GROMACS/gromacs_ab_ligand_toolkit/ab_ligand_md_8complexes/Surfaces/clean_structure.py -f 1G10_ddhU_P001_RH70A.pdb -def /Users/nf477/Projects_Natalia/GROMACS/gromacs_ab_ligand_toolkit/ab_ligand_md_8complexes/computational_DMS_top_occupancy_poses/1G10__ddhU/surfaces_definition/custom_MOL_AMINO_FlexAID.def

$ /Users/nf477/anaconda3/envs/nrgsuite/bin/python /Users/nf477/Projects_Natalia/GROMACS/gromacs_ab_ligand_toolkit/ab_ligand_md_8complexes/Surfaces/surface_cont_lig.py -f /Users/nf477/Projects_Natalia/GROMACS/gromacs_ab_ligand_toolkit/ab_ligand_md_8complexes/computational_DMS_top_occupancy_poses/1G10__ddhU/mutants/clean_1G10_ddhU_P001_RH70A.pdb -c HL -lig MOL -o /Users/nf477/Projects_Natalia/GROMACS/gromacs_ab_ligand_toolkit/ab_ligand_md_8complexes/computational_DMS_top_occupancy_poses/1G10__ddhU/surfaces/RH70A_output.csv -def /Users/nf477/Projects_Natalia/GROMACS/gromacs_ab_ligand_toolkit/ab_ligand_md_8complexes/computational_DMS_top_occupancy_poses/1G10__ddhU/surfaces_definition/custom_MOL_AMINO_FlexAID.def -dat /Users/nf477/Projects_Natalia/GROMACS/gromacs_ab_ligand_toolkit/ab_ligand_md_8complexes/Surfaces/FlexAID.dat

$ /Users/nf477/anaconda3/envs/nrgsuite/bin/python /Users/nf477/Projects_Natalia/GROMACS/gromacs_ab_ligand_toolkit/ab_ligand_md_8complexes/Surfaces/clean_structure.py -f 1G10_ddhU_P001_RH70C.pdb -def /Users/nf477/Projects_Natalia/GROMACS/gromacs_ab_ligand_toolkit/ab_ligand_md_8complexes/computational_DMS_top_occupancy_poses/1G10__ddhU/surfaces_definition/custom_MOL_AMINO_FlexAID.def

$ /Users/nf477/anaconda3/envs/nrgsuite/bin/python /Users/nf477/Projects_Natalia/GROMACS/gromacs_ab_ligand_toolkit/ab_ligand_md_8complexes/Surfaces/surface_cont_lig.py -f /Users/nf477/Projects_Natalia/GROMACS/gromacs_ab_ligand_toolkit/ab_ligand_md_8complexes/computational_DMS_top_occupancy_poses/1G10__ddhU/mutants/clean_1G10_ddhU_P001_RH70C.pdb -c HL -lig MOL -o /Users/nf477/Projects_Natalia/GROMACS/gromacs_ab_ligand_toolkit/ab_ligand_md_8complexes/computational_DMS_top_occupancy_poses/1G10__ddhU/surfaces/RH70C_output.csv -def /Users/nf477/Projects_Natalia/GROMACS/gromacs_ab_ligand_toolkit/ab_ligand_md_8complexes/computational_DMS_top_occupancy_poses/1G10__ddhU/surfaces_definition/custom_MOL_AMINO_FlexAID.def -dat /Users/nf477/Projects_Natalia/GROMACS/gromacs_ab_ligand_toolkit/ab_ligand_md_8complexes/Surfaces/FlexAID.dat

$ /Users/nf477/anaconda3/envs/nrgsuite/bin/python /Users/nf477/Projects_Natalia/GROMACS/gromacs_ab_ligand_toolkit/ab_ligand_md_8complexes/Surfaces/clean_structure.py -f 1G10_ddhU_P001_RH70D.pdb -def /Users/nf477/Projects_Natalia/GROMACS/gromacs_ab_ligand_toolkit/ab_ligand_md_8complexes/computational_DMS_top_occupancy_poses/1G10__ddhU/surfaces_definition/custom_MOL_AMINO_FlexAID.def

$ /Users/nf477/anaconda3/envs/nrgsuite/bin/python /Users/nf477/Projects_Natalia/GROMACS/gromacs_ab_ligand_toolkit/ab_ligand_md_8complexes/Surfaces/surface_cont_lig.py -f /Users/nf477/Projects_Natalia/GROMACS/gromacs_ab_ligand_toolkit/ab_ligand_md_8complexes/computational_DMS_top_occupancy_poses/1G10__ddhU/mutants/clean_1G10_ddhU_P001_RH70D.pdb -c HL -lig MOL -o /Users/nf477/Projects_Natalia/GROMACS/gromacs_ab_ligand_toolkit/ab_ligand_md_8complexes/computational_DMS_top_occupancy_poses/1G10__ddhU/surfaces/RH70D_output.csv -def /Users/nf477/Projects_Natalia/GROMACS/gromacs_ab_ligand_toolkit/ab_ligand_md_8complexes/computational_DMS_top_occupancy_poses/1G10__ddhU/surfaces_definition/custom_MOL_AMINO_FlexAID.def -dat /Users/nf477/Projects_Natalia/GROMACS/gromacs_ab_ligand_toolkit/ab_ligand_md_8complexes/Surfaces/FlexAID.dat

$ /Users/nf477/anaconda3/envs/nrgsuite/bin/python /Users/nf477/Projects_Natalia/GROMACS/gromacs_ab_ligand_toolkit/ab_ligand_md_8complexes/Surfaces/clean_structure.py -f 1G10_ddhU_P001_RH70E.pdb -def /Users/nf477/Projects_Natalia/GROMACS/gromacs_ab_ligand_toolkit/ab_ligand_md_8complexes/computational_DMS_top_occupancy_poses/1G10__ddhU/surfaces_definition/custom_MOL_AMINO_FlexAID.def

$ /Users/nf477/anaconda3/envs/nrgsuite/bin/python /Users/nf477/Projects_Natalia/GROMACS/gromacs_ab_ligand_toolkit/ab_ligand_md_8complexes/Surfaces/surface_cont_lig.py -f /Users/nf477/Projects_Natalia/GROMACS/gromacs_ab_ligand_toolkit/ab_ligand_md_8complexes/computational_DMS_top_occupancy_poses/1G10__ddhU/mutants/clean_1G10_ddhU_P001_RH70E.pdb -c HL -lig MOL -o /Users/nf477/Projects_Natalia/GROMACS/gromacs_ab_ligand_toolkit/ab_ligand_md_8complexes/computational_DMS_top_occupancy_poses/1G10__ddhU/surfaces/RH70E_output.csv -def /Users/nf477/Projects_Natalia/GROMACS/gromacs_ab_ligand_toolkit/ab_ligand_md_8complexes/computational_DMS_top_occupancy_poses/1G10__ddhU/surfaces_definition/custom_MOL_AMINO_FlexAID.def -dat /Users/nf477/Projects_Natalia/GROMACS/gromacs_ab_ligand_toolkit/ab_ligand_md_8complexes/Surfaces/FlexAID.dat

$ /Users/nf477/anaconda3/envs/nrgsuite/bin/python /Users/nf477/Projects_Natalia/GROMACS/gromacs_ab_ligand_toolkit/ab_ligand_md_8complexes/Surfaces/clean_structure.py -f 1G10_ddhU_P001_RH70F.pdb -def /Users/nf477/Projects_Natalia/GROMACS/gromacs_ab_ligand_toolkit/ab_ligand_md_8complexes/computational_DMS_top_occupancy_poses/1G10__ddhU/surfaces_definition/custom_MOL_AMINO_FlexAID.def

$ /Users/nf477/anaconda3/envs/nrgsuite/bin/python /Users/nf477/Projects_Natalia/GROMACS/gromacs_ab_ligand_toolkit/ab_ligand_md_8complexes/Surfaces/surface_cont_lig.py -f /Users/nf477/Projects_Natalia/GROMACS/gromacs_ab_ligand_toolkit/ab_ligand_md_8complexes/computational_DMS_top_occupancy_poses/1G10__ddhU/mutants/clean_1G10_ddhU_P001_RH70F.pdb -c HL -lig MOL -o /Users/nf477/Projects_Natalia/GROMACS/gromacs_ab_ligand_toolkit/ab_ligand_md_8complexes/computational_DMS_top_occupancy_poses/1G10__ddhU/surfaces/RH70F_output.csv -def /Users/nf477/Projects_Natalia/GROMACS/gromacs_ab_ligand_toolkit/ab_ligand_md_8complexes/computational_DMS_top_occupancy_poses/1G10__ddhU/surfaces_definition/custom_MOL_AMINO_FlexAID.def -dat /Users/nf477/Projects_Natalia/GROMACS/gromacs_ab_ligand_toolkit/ab_ligand_md_8complexes/Surfaces/FlexAID.dat

$ /Users/nf477/anaconda3/envs/nrgsuite/bin/python /Users/nf477/Projects_Natalia/GROMACS/gromacs_ab_ligand_toolkit/ab_ligand_md_8complexes/Surfaces/clean_structure.py -f 1G10_ddhU_P001_RH70G.pdb -def /Users/nf477/Projects_Natalia/GROMACS/gromacs_ab_ligand_toolkit/ab_ligand_md_8complexes/computational_DMS_top_occupancy_poses/1G10__ddhU/surfaces_definition/custom_MOL_AMINO_FlexAID.def

$ /Users/nf477/anaconda3/envs/nrgsuite/bin/python /Users/nf477/Projects_Natalia/GROMACS/gromacs_ab_ligand_toolkit/ab_ligand_md_8complexes/Surfaces/surface_cont_lig.py -f /Users/nf477/Projects_Natalia/GROMACS/gromacs_ab_ligand_toolkit/ab_ligand_md_8complexes/computational_DMS_top_occupancy_poses/1G10__ddhU/mutants/clean_1G10_ddhU_P001_RH70G.pdb -c HL -lig MOL -o /Users/nf477/Projects_Natalia/GROMACS/gromacs_ab_ligand_toolkit/ab_ligand_md_8complexes/computational_DMS_top_occupancy_poses/1G10__ddhU/surfaces/RH70G_output.csv -def /Users/nf477/Projects_Natalia/GROMACS/gromacs_ab_ligand_toolkit/ab_ligand_md_8complexes/computational_DMS_top_occupancy_poses/1G10__ddhU/surfaces_definition/custom_MOL_AMINO_FlexAID.def -dat /Users/nf477/Projects_Natalia/GROMACS/gromacs_ab_ligand_toolkit/ab_ligand_md_8complexes/Surfaces/FlexAID.dat

$ /Users/nf477/anaconda3/envs/nrgsuite/bin/python /Users/nf477/Projects_Natalia/GROMACS/gromacs_ab_ligand_toolkit/ab_ligand_md_8complexes/Surfaces/clean_structure.py -f 1G10_ddhU_P001_RH70H.pdb -def /Users/nf477/Projects_Natalia/GROMACS/gromacs_ab_ligand_toolkit/ab_ligand_md_8complexes/computational_DMS_top_occupancy_poses/1G10__ddhU/surfaces_definition/custom_MOL_AMINO_FlexAID.def

$ /Users/nf477/anaconda3/envs/nrgsuite/bin/python /Users/nf477/Projects_Natalia/GROMACS/gromacs_ab_ligand_toolkit/ab_ligand_md_8complexes/Surfaces/surface_cont_lig.py -f /Users/nf477/Projects_Natalia/GROMACS/gromacs_ab_ligand_toolkit/ab_ligand_md_8complexes/computational_DMS_top_occupancy_poses/1G10__ddhU/mutants/clean_1G10_ddhU_P001_RH70H.pdb -c HL -lig MOL -o /Users/nf477/Projects_Natalia/GROMACS/gromacs_ab_ligand_toolkit/ab_ligand_md_8complexes/computational_DMS_top_occupancy_poses/1G10__ddhU/surfaces/RH70H_output.csv -def /Users/nf477/Projects_Natalia/GROMACS/gromacs_ab_ligand_toolkit/ab_ligand_md_8complexes/computational_DMS_top_occupancy_poses/1G10__ddhU/surfaces_definition/custom_MOL_AMINO_FlexAID.def -dat /Users/nf477/Projects_Natalia/GROMACS/gromacs_ab_ligand_toolkit/ab_ligand_md_8complexes/Surfaces/FlexAID.dat

$ /Users/nf477/anaconda3/envs/nrgsuite/bin/python /Users/nf477/Projects_Natalia/GROMACS/gromacs_ab_ligand_toolkit/ab_ligand_md_8complexes/Surfaces/clean_structure.py -f 1G10_ddhU_P001_RH70I.pdb -def /Users/nf477/Projects_Natalia/GROMACS/gromacs_ab_ligand_toolkit/ab_ligand_md_8complexes/computational_DMS_top_occupancy_poses/1G10__ddhU/surfaces_definition/custom_MOL_AMINO_FlexAID.def

$ /Users/nf477/anaconda3/envs/nrgsuite/bin/python /Users/nf477/Projects_Natalia/GROMACS/gromacs_ab_ligand_toolkit/ab_ligand_md_8complexes/Surfaces/surface_cont_lig.py -f /Users/nf477/Projects_Natalia/GROMACS/gromacs_ab_ligand_toolkit/ab_ligand_md_8complexes/computational_DMS_top_occupancy_poses/1G10__ddhU/mutants/clean_1G10_ddhU_P001_RH70I.pdb -c HL -lig MOL -o /Users/nf477/Projects_Natalia/GROMACS/gromacs_ab_ligand_toolkit/ab_ligand_md_8complexes/computational_DMS_top_occupancy_poses/1G10__ddhU/surfaces/RH70I_output.csv -def /Users/nf477/Projects_Natalia/GROMACS/gromacs_ab_ligand_toolkit/ab_ligand_md_8complexes/computational_DMS_top_occupancy_poses/1G10__ddhU/surfaces_definition/custom_MOL_AMINO_FlexAID.def -dat /Users/nf477/Projects_Natalia/GROMACS/gromacs_ab_ligand_toolkit/ab_ligand_md_8complexes/Surfaces/FlexAID.dat

$ /Users/nf477/anaconda3/envs/nrgsuite/bin/python /Users/nf477/Projects_Natalia/GROMACS/gromacs_ab_ligand_toolkit/ab_ligand_md_8complexes/Surfaces/clean_structure.py -f 1G10_ddhU_P001_RH70K.pdb -def /Users/nf477/Projects_Natalia/GROMACS/gromacs_ab_ligand_toolkit/ab_ligand_md_8complexes/computational_DMS_top_occupancy_poses/1G10__ddhU/surfaces_definition/custom_MOL_AMINO_FlexAID.def

$ /Users/nf477/anaconda3/envs/nrgsuite/bin/python /Users/nf477/Projects_Natalia/GROMACS/gromacs_ab_ligand_toolkit/ab_ligand_md_8complexes/Surfaces/surface_cont_lig.py -f /Users/nf477/Projects_Natalia/GROMACS/gromacs_ab_ligand_toolkit/ab_ligand_md_8complexes/computational_DMS_top_occupancy_poses/1G10__ddhU/mutants/clean_1G10_ddhU_P001_RH70K.pdb -c HL -lig MOL -o /Users/nf477/Projects_Natalia/GROMACS/gromacs_ab_ligand_toolkit/ab_ligand_md_8complexes/computational_DMS_top_occupancy_poses/1G10__ddhU/surfaces/RH70K_output.csv -def /Users/nf477/Projects_Natalia/GROMACS/gromacs_ab_ligand_toolkit/ab_ligand_md_8complexes/computational_DMS_top_occupancy_poses/1G10__ddhU/surfaces_definition/custom_MOL_AMINO_FlexAID.def -dat /Users/nf477/Projects_Natalia/GROMACS/gromacs_ab_ligand_toolkit/ab_ligand_md_8complexes/Surfaces/FlexAID.dat

$ /Users/nf477/anaconda3/envs/nrgsuite/bin/python /Users/nf477/Projects_Natalia/GROMACS/gromacs_ab_ligand_toolkit/ab_ligand_md_8complexes/Surfaces/clean_structure.py -f 1G10_ddhU_P001_RH70L.pdb -def /Users/nf477/Projects_Natalia/GROMACS/gromacs_ab_ligand_toolkit/ab_ligand_md_8complexes/computational_DMS_top_occupancy_poses/1G10__ddhU/surfaces_definition/custom_MOL_AMINO_FlexAID.def

$ /Users/nf477/anaconda3/envs/nrgsuite/bin/python /Users/nf477/Projects_Natalia/GROMACS/gromacs_ab_ligand_toolkit/ab_ligand_md_8complexes/Surfaces/surface_cont_lig.py -f /Users/nf477/Projects_Natalia/GROMACS/gromacs_ab_ligand_toolkit/ab_ligand_md_8complexes/computational_DMS_top_occupancy_poses/1G10__ddhU/mutants/clean_1G10_ddhU_P001_RH70L.pdb -c HL -lig MOL -o /Users/nf477/Projects_Natalia/GROMACS/gromacs_ab_ligand_toolkit/ab_ligand_md_8complexes/computational_DMS_top_occupancy_poses/1G10__ddhU/surfaces/RH70L_output.csv -def /Users/nf477/Projects_Natalia/GROMACS/gromacs_ab_ligand_toolkit/ab_ligand_md_8complexes/computational_DMS_top_occupancy_poses/1G10__ddhU/surfaces_definition/custom_MOL_AMINO_FlexAID.def -dat /Users/nf477/Projects_Natalia/GROMACS/gromacs_ab_ligand_toolkit/ab_ligand_md_8complexes/Surfaces/FlexAID.dat

$ /Users/nf477/anaconda3/envs/nrgsuite/bin/python /Users/nf477/Projects_Natalia/GROMACS/gromacs_ab_ligand_toolkit/ab_ligand_md_8complexes/Surfaces/clean_structure.py -f 1G10_ddhU_P001_RH70M.pdb -def /Users/nf477/Projects_Natalia/GROMACS/gromacs_ab_ligand_toolkit/ab_ligand_md_8complexes/computational_DMS_top_occupancy_poses/1G10__ddhU/surfaces_definition/custom_MOL_AMINO_FlexAID.def

$ /Users/nf477/anaconda3/envs/nrgsuite/bin/python /Users/nf477/Projects_Natalia/GROMACS/gromacs_ab_ligand_toolkit/ab_ligand_md_8complexes/Surfaces/surface_cont_lig.py -f /Users/nf477/Projects_Natalia/GROMACS/gromacs_ab_ligand_toolkit/ab_ligand_md_8complexes/computational_DMS_top_occupancy_poses/1G10__ddhU/mutants/clean_1G10_ddhU_P001_RH70M.pdb -c HL -lig MOL -o /Users/nf477/Projects_Natalia/GROMACS/gromacs_ab_ligand_toolkit/ab_ligand_md_8complexes/computational_DMS_top_occupancy_poses/1G10__ddhU/surfaces/RH70M_output.csv -def /Users/nf477/Projects_Natalia/GROMACS/gromacs_ab_ligand_toolkit/ab_ligand_md_8complexes/computational_DMS_top_occupancy_poses/1G10__ddhU/surfaces_definition/custom_MOL_AMINO_FlexAID.def -dat /Users/nf477/Projects_Natalia/GROMACS/gromacs_ab_ligand_toolkit/ab_ligand_md_8complexes/Surfaces/FlexAID.dat

$ /Users/nf477/anaconda3/envs/nrgsuite/bin/python /Users/nf477/Projects_Natalia/GROMACS/gromacs_ab_ligand_toolkit/ab_ligand_md_8complexes/Surfaces/clean_structure.py -f 1G10_ddhU_P001_RH70N.pdb -def /Users/nf477/Projects_Natalia/GROMACS/gromacs_ab_ligand_toolkit/ab_ligand_md_8complexes/computational_DMS_top_occupancy_poses/1G10__ddhU/surfaces_definition/custom_MOL_AMINO_FlexAID.def

$ /Users/nf477/anaconda3/envs/nrgsuite/bin/python /Users/nf477/Projects_Natalia/GROMACS/gromacs_ab_ligand_toolkit/ab_ligand_md_8complexes/Surfaces/surface_cont_lig.py -f /Users/nf477/Projects_Natalia/GROMACS/gromacs_ab_ligand_toolkit/ab_ligand_md_8complexes/computational_DMS_top_occupancy_poses/1G10__ddhU/mutants/clean_1G10_ddhU_P001_RH70N.pdb -c HL -lig MOL -o /Users/nf477/Projects_Natalia/GROMACS/gromacs_ab_ligand_toolkit/ab_ligand_md_8complexes/computational_DMS_top_occupancy_poses/1G10__ddhU/surfaces/RH70N_output.csv -def /Users/nf477/Projects_Natalia/GROMACS/gromacs_ab_ligand_toolkit/ab_ligand_md_8complexes/computational_DMS_top_occupancy_poses/1G10__ddhU/surfaces_definition/custom_MOL_AMINO_FlexAID.def -dat /Users/nf477/Projects_Natalia/GROMACS/gromacs_ab_ligand_toolkit/ab_ligand_md_8complexes/Surfaces/FlexAID.dat

$ /Users/nf477/anaconda3/envs/nrgsuite/bin/python /Users/nf477/Projects_Natalia/GROMACS/gromacs_ab_ligand_toolkit/ab_ligand_md_8complexes/Surfaces/clean_structure.py -f 1G10_ddhU_P001_RH70P.pdb -def /Users/nf477/Projects_Natalia/GROMACS/gromacs_ab_ligand_toolkit/ab_ligand_md_8complexes/computational_DMS_top_occupancy_poses/1G10__ddhU/surfaces_definition/custom_MOL_AMINO_FlexAID.def

$ /Users/nf477/anaconda3/envs/nrgsuite/bin/python /Users/nf477/Projects_Natalia/GROMACS/gromacs_ab_ligand_toolkit/ab_ligand_md_8complexes/Surfaces/surface_cont_lig.py -f /Users/nf477/Projects_Natalia/GROMACS/gromacs_ab_ligand_toolkit/ab_ligand_md_8complexes/computational_DMS_top_occupancy_poses/1G10__ddhU/mutants/clean_1G10_ddhU_P001_RH70P.pdb -c HL -lig MOL -o /Users/nf477/Projects_Natalia/GROMACS/gromacs_ab_ligand_toolkit/ab_ligand_md_8complexes/computational_DMS_top_occupancy_poses/1G10__ddhU/surfaces/RH70P_output.csv -def /Users/nf477/Projects_Natalia/GROMACS/gromacs_ab_ligand_toolkit/ab_ligand_md_8complexes/computational_DMS_top_occupancy_poses/1G10__ddhU/surfaces_definition/custom_MOL_AMINO_FlexAID.def -dat /Users/nf477/Projects_Natalia/GROMACS/gromacs_ab_ligand_toolkit/ab_ligand_md_8complexes/Surfaces/FlexAID.dat

$ /Users/nf477/anaconda3/envs/nrgsuite/bin/python /Users/nf477/Projects_Natalia/GROMACS/gromacs_ab_ligand_toolkit/ab_ligand_md_8complexes/Surfaces/clean_structure.py -f 1G10_ddhU_P001_RH70Q.pdb -def /Users/nf477/Projects_Natalia/GROMACS/gromacs_ab_ligand_toolkit/ab_ligand_md_8complexes/computational_DMS_top_occupancy_poses/1G10__ddhU/surfaces_definition/custom_MOL_AMINO_FlexAID.def

$ /Users/nf477/anaconda3/envs/nrgsuite/bin/python /Users/nf477/Projects_Natalia/GROMACS/gromacs_ab_ligand_toolkit/ab_ligand_md_8complexes/Surfaces/surface_cont_lig.py -f /Users/nf477/Projects_Natalia/GROMACS/gromacs_ab_ligand_toolkit/ab_ligand_md_8complexes/computational_DMS_top_occupancy_poses/1G10__ddhU/mutants/clean_1G10_ddhU_P001_RH70Q.pdb -c HL -lig MOL -o /Users/nf477/Projects_Natalia/GROMACS/gromacs_ab_ligand_toolkit/ab_ligand_md_8complexes/computational_DMS_top_occupancy_poses/1G10__ddhU/surfaces/RH70Q_output.csv -def /Users/nf477/Projects_Natalia/GROMACS/gromacs_ab_ligand_toolkit/ab_ligand_md_8complexes/computational_DMS_top_occupancy_poses/1G10__ddhU/surfaces_definition/custom_MOL_AMINO_FlexAID.def -dat /Users/nf477/Projects_Natalia/GROMACS/gromacs_ab_ligand_toolkit/ab_ligand_md_8complexes/Surfaces/FlexAID.dat

$ /Users/nf477/anaconda3/envs/nrgsuite/bin/python /Users/nf477/Projects_Natalia/GROMACS/gromacs_ab_ligand_toolkit/ab_ligand_md_8complexes/Surfaces/clean_structure.py -f 1G10_ddhU_P001_RH70R.pdb -def /Users/nf477/Projects_Natalia/GROMACS/gromacs_ab_ligand_toolkit/ab_ligand_md_8complexes/computational_DMS_top_occupancy_poses/1G10__ddhU/surfaces_definition/custom_MOL_AMINO_FlexAID.def

$ /Users/nf477/anaconda3/envs/nrgsuite/bin/python /Users/nf477/Projects_Natalia/GROMACS/gromacs_ab_ligand_toolkit/ab_ligand_md_8complexes/Surfaces/surface_cont_lig.py -f /Users/nf477/Projects_Natalia/GROMACS/gromacs_ab_ligand_toolkit/ab_ligand_md_8complexes/computational_DMS_top_occupancy_poses/1G10__ddhU/mutants/clean_1G10_ddhU_P001_RH70R.pdb -c HL -lig MOL -o /Users/nf477/Projects_Natalia/GROMACS/gromacs_ab_ligand_toolkit/ab_ligand_md_8complexes/computational_DMS_top_occupancy_poses/1G10__ddhU/surfaces/RH70R_output.csv -def /Users/nf477/Projects_Natalia/GROMACS/gromacs_ab_ligand_toolkit/ab_ligand_md_8complexes/computational_DMS_top_occupancy_poses/1G10__ddhU/surfaces_definition/custom_MOL_AMINO_FlexAID.def -dat /Users/nf477/Projects_Natalia/GROMACS/gromacs_ab_ligand_toolkit/ab_ligand_md_8complexes/Surfaces/FlexAID.dat

$ /Users/nf477/anaconda3/envs/nrgsuite/bin/python /Users/nf477/Projects_Natalia/GROMACS/gromacs_ab_ligand_toolkit/ab_ligand_md_8complexes/Surfaces/clean_structure.py -f 1G10_ddhU_P001_RH70S.pdb -def /Users/nf477/Projects_Natalia/GROMACS/gromacs_ab_ligand_toolkit/ab_ligand_md_8complexes/computational_DMS_top_occupancy_poses/1G10__ddhU/surfaces_definition/custom_MOL_AMINO_FlexAID.def

$ /Users/nf477/anaconda3/envs/nrgsuite/bin/python /Users/nf477/Projects_Natalia/GROMACS/gromacs_ab_ligand_toolkit/ab_ligand_md_8complexes/Surfaces/surface_cont_lig.py -f /Users/nf477/Projects_Natalia/GROMACS/gromacs_ab_ligand_toolkit/ab_ligand_md_8complexes/computational_DMS_top_occupancy_poses/1G10__ddhU/mutants/clean_1G10_ddhU_P001_RH70S.pdb -c HL -lig MOL -o /Users/nf477/Projects_Natalia/GROMACS/gromacs_ab_ligand_toolkit/ab_ligand_md_8complexes/computational_DMS_top_occupancy_poses/1G10__ddhU/surfaces/RH70S_output.csv -def /Users/nf477/Projects_Natalia/GROMACS/gromacs_ab_ligand_toolkit/ab_ligand_md_8complexes/computational_DMS_top_occupancy_poses/1G10__ddhU/surfaces_definition/custom_MOL_AMINO_FlexAID.def -dat /Users/nf477/Projects_Natalia/GROMACS/gromacs_ab_ligand_toolkit/ab_ligand_md_8complexes/Surfaces/FlexAID.dat

$ /Users/nf477/anaconda3/envs/nrgsuite/bin/python /Users/nf477/Projects_Natalia/GROMACS/gromacs_ab_ligand_toolkit/ab_ligand_md_8complexes/Surfaces/clean_structure.py -f 1G10_ddhU_P001_RH70T.pdb -def /Users/nf477/Projects_Natalia/GROMACS/gromacs_ab_ligand_toolkit/ab_ligand_md_8complexes/computational_DMS_top_occupancy_poses/1G10__ddhU/surfaces_definition/custom_MOL_AMINO_FlexAID.def

$ /Users/nf477/anaconda3/envs/nrgsuite/bin/python /Users/nf477/Projects_Natalia/GROMACS/gromacs_ab_ligand_toolkit/ab_ligand_md_8complexes/Surfaces/surface_cont_lig.py -f /Users/nf477/Projects_Natalia/GROMACS/gromacs_ab_ligand_toolkit/ab_ligand_md_8complexes/computational_DMS_top_occupancy_poses/1G10__ddhU/mutants/clean_1G10_ddhU_P001_RH70T.pdb -c HL -lig MOL -o /Users/nf477/Projects_Natalia/GROMACS/gromacs_ab_ligand_toolkit/ab_ligand_md_8complexes/computational_DMS_top_occupancy_poses/1G10__ddhU/surfaces/RH70T_output.csv -def /Users/nf477/Projects_Natalia/GROMACS/gromacs_ab_ligand_toolkit/ab_ligand_md_8complexes/computational_DMS_top_occupancy_poses/1G10__ddhU/surfaces_definition/custom_MOL_AMINO_FlexAID.def -dat /Users/nf477/Projects_Natalia/GROMACS/gromacs_ab_ligand_toolkit/ab_ligand_md_8complexes/Surfaces/FlexAID.dat

$ /Users/nf477/anaconda3/envs/nrgsuite/bin/python /Users/nf477/Projects_Natalia/GROMACS/gromacs_ab_ligand_toolkit/ab_ligand_md_8complexes/Surfaces/clean_structure.py -f 1G10_ddhU_P001_RH70V.pdb -def /Users/nf477/Projects_Natalia/GROMACS/gromacs_ab_ligand_toolkit/ab_ligand_md_8complexes/computational_DMS_top_occupancy_poses/1G10__ddhU/surfaces_definition/custom_MOL_AMINO_FlexAID.def

$ /Users/nf477/anaconda3/envs/nrgsuite/bin/python /Users/nf477/Projects_Natalia/GROMACS/gromacs_ab_ligand_toolkit/ab_ligand_md_8complexes/Surfaces/surface_cont_lig.py -f /Users/nf477/Projects_Natalia/GROMACS/gromacs_ab_ligand_toolkit/ab_ligand_md_8complexes/computational_DMS_top_occupancy_poses/1G10__ddhU/mutants/clean_1G10_ddhU_P001_RH70V.pdb -c HL -lig MOL -o /Users/nf477/Projects_Natalia/GROMACS/gromacs_ab_ligand_toolkit/ab_ligand_md_8complexes/computational_DMS_top_occupancy_poses/1G10__ddhU/surfaces/RH70V_output.csv -def /Users/nf477/Projects_Natalia/GROMACS/gromacs_ab_ligand_toolkit/ab_ligand_md_8complexes/computational_DMS_top_occupancy_poses/1G10__ddhU/surfaces_definition/custom_MOL_AMINO_FlexAID.def -dat /Users/nf477/Projects_Natalia/GROMACS/gromacs_ab_ligand_toolkit/ab_ligand_md_8complexes/Surfaces/FlexAID.dat

$ /Users/nf477/anaconda3/envs/nrgsuite/bin/python /Users/nf477/Projects_Natalia/GROMACS/gromacs_ab_ligand_toolkit/ab_ligand_md_8complexes/Surfaces/clean_structure.py -f 1G10_ddhU_P001_RH70W.pdb -def /Users/nf477/Projects_Natalia/GROMACS/gromacs_ab_ligand_toolkit/ab_ligand_md_8complexes/computational_DMS_top_occupancy_poses/1G10__ddhU/surfaces_definition/custom_MOL_AMINO_FlexAID.def

$ /Users/nf477/anaconda3/envs/nrgsuite/bin/python /Users/nf477/Projects_Natalia/GROMACS/gromacs_ab_ligand_toolkit/ab_ligand_md_8complexes/Surfaces/surface_cont_lig.py -f /Users/nf477/Projects_Natalia/GROMACS/gromacs_ab_ligand_toolkit/ab_ligand_md_8complexes/computational_DMS_top_occupancy_poses/1G10__ddhU/mutants/clean_1G10_ddhU_P001_RH70W.pdb -c HL -lig MOL -o /Users/nf477/Projects_Natalia/GROMACS/gromacs_ab_ligand_toolkit/ab_ligand_md_8complexes/computational_DMS_top_occupancy_poses/1G10__ddhU/surfaces/RH70W_output.csv -def /Users/nf477/Projects_Natalia/GROMACS/gromacs_ab_ligand_toolkit/ab_ligand_md_8complexes/computational_DMS_top_occupancy_poses/1G10__ddhU/surfaces_definition/custom_MOL_AMINO_FlexAID.def -dat /Users/nf477/Projects_Natalia/GROMACS/gromacs_ab_ligand_toolkit/ab_ligand_md_8complexes/Surfaces/FlexAID.dat

$ /Users/nf477/anaconda3/envs/nrgsuite/bin/python /Users/nf477/Projects_Natalia/GROMACS/gromacs_ab_ligand_toolkit/ab_ligand_md_8complexes/Surfaces/clean_structure.py -f 1G10_ddhU_P001_RH70Y.pdb -def /Users/nf477/Projects_Natalia/GROMACS/gromacs_ab_ligand_toolkit/ab_ligand_md_8complexes/computational_DMS_top_occupancy_poses/1G10__ddhU/surfaces_definition/custom_MOL_AMINO_FlexAID.def

$ /Users/nf477/anaconda3/envs/nrgsuite/bin/python /Users/nf477/Projects_Natalia/GROMACS/gromacs_ab_ligand_toolkit/ab_ligand_md_8complexes/Surfaces/surface_cont_lig.py -f /Users/nf477/Projects_Natalia/GROMACS/gromacs_ab_ligand_toolkit/ab_ligand_md_8complexes/computational_DMS_top_occupancy_poses/1G10__ddhU/mutants/clean_1G10_ddhU_P001_RH70Y.pdb -c HL -lig MOL -o /Users/nf477/Projects_Natalia/GROMACS/gromacs_ab_ligand_toolkit/ab_ligand_md_8complexes/computational_DMS_top_occupancy_poses/1G10__ddhU/surfaces/RH70Y_output.csv -def /Users/nf477/Projects_Natalia/GROMACS/gromacs_ab_ligand_toolkit/ab_ligand_md_8complexes/computational_DMS_top_occupancy_poses/1G10__ddhU/surfaces_definition/custom_MOL_AMINO_FlexAID.def -dat /Users/nf477/Projects_Natalia/GROMACS/gromacs_ab_ligand_toolkit/ab_ligand_md_8complexes/Surfaces/FlexAID.dat

$ /Users/nf477/anaconda3/envs/nrgsuite/bin/python /Users/nf477/Projects_Natalia/GROMACS/gromacs_ab_ligand_toolkit/ab_ligand_md_8complexes/Surfaces/clean_structure.py -f 1G10_ddhU_P001_TH71A.pdb -def /Users/nf477/Projects_Natalia/GROMACS/gromacs_ab_ligand_toolkit/ab_ligand_md_8complexes/computational_DMS_top_occupancy_poses/1G10__ddhU/surfaces_definition/custom_MOL_AMINO_FlexAID.def

$ /Users/nf477/anaconda3/envs/nrgsuite/bin/python /Users/nf477/Projects_Natalia/GROMACS/gromacs_ab_ligand_toolkit/ab_ligand_md_8complexes/Surfaces/surface_cont_lig.py -f /Users/nf477/Projects_Natalia/GROMACS/gromacs_ab_ligand_toolkit/ab_ligand_md_8complexes/computational_DMS_top_occupancy_poses/1G10__ddhU/mutants/clean_1G10_ddhU_P001_TH71A.pdb -c HL -lig MOL -o /Users/nf477/Projects_Natalia/GROMACS/gromacs_ab_ligand_toolkit/ab_ligand_md_8complexes/computational_DMS_top_occupancy_poses/1G10__ddhU/surfaces/TH71A_output.csv -def /Users/nf477/Projects_Natalia/GROMACS/gromacs_ab_ligand_toolkit/ab_ligand_md_8complexes/computational_DMS_top_occupancy_poses/1G10__ddhU/surfaces_definition/custom_MOL_AMINO_FlexAID.def -dat /Users/nf477/Projects_Natalia/GROMACS/gromacs_ab_ligand_toolkit/ab_ligand_md_8complexes/Surfaces/FlexAID.dat

$ /Users/nf477/anaconda3/envs/nrgsuite/bin/python /Users/nf477/Projects_Natalia/GROMACS/gromacs_ab_ligand_toolkit/ab_ligand_md_8complexes/Surfaces/clean_structure.py -f 1G10_ddhU_P001_TH71C.pdb -def /Users/nf477/Projects_Natalia/GROMACS/gromacs_ab_ligand_toolkit/ab_ligand_md_8complexes/computational_DMS_top_occupancy_poses/1G10__ddhU/surfaces_definition/custom_MOL_AMINO_FlexAID.def

$ /Users/nf477/anaconda3/envs/nrgsuite/bin/python /Users/nf477/Projects_Natalia/GROMACS/gromacs_ab_ligand_toolkit/ab_ligand_md_8complexes/Surfaces/surface_cont_lig.py -f /Users/nf477/Projects_Natalia/GROMACS/gromacs_ab_ligand_toolkit/ab_ligand_md_8complexes/computational_DMS_top_occupancy_poses/1G10__ddhU/mutants/clean_1G10_ddhU_P001_TH71C.pdb -c HL -lig MOL -o /Users/nf477/Projects_Natalia/GROMACS/gromacs_ab_ligand_toolkit/ab_ligand_md_8complexes/computational_DMS_top_occupancy_poses/1G10__ddhU/surfaces/TH71C_output.csv -def /Users/nf477/Projects_Natalia/GROMACS/gromacs_ab_ligand_toolkit/ab_ligand_md_8complexes/computational_DMS_top_occupancy_poses/1G10__ddhU/surfaces_definition/custom_MOL_AMINO_FlexAID.def -dat /Users/nf477/Projects_Natalia/GROMACS/gromacs_ab_ligand_toolkit/ab_ligand_md_8complexes/Surfaces/FlexAID.dat

$ /Users/nf477/anaconda3/envs/nrgsuite/bin/python /Users/nf477/Projects_Natalia/GROMACS/gromacs_ab_ligand_toolkit/ab_ligand_md_8complexes/Surfaces/clean_structure.py -f 1G10_ddhU_P001_TH71D.pdb -def /Users/nf477/Projects_Natalia/GROMACS/gromacs_ab_ligand_toolkit/ab_ligand_md_8complexes/computational_DMS_top_occupancy_poses/1G10__ddhU/surfaces_definition/custom_MOL_AMINO_FlexAID.def

$ /Users/nf477/anaconda3/envs/nrgsuite/bin/python /Users/nf477/Projects_Natalia/GROMACS/gromacs_ab_ligand_toolkit/ab_ligand_md_8complexes/Surfaces/surface_cont_lig.py -f /Users/nf477/Projects_Natalia/GROMACS/gromacs_ab_ligand_toolkit/ab_ligand_md_8complexes/computational_DMS_top_occupancy_poses/1G10__ddhU/mutants/clean_1G10_ddhU_P001_TH71D.pdb -c HL -lig MOL -o /Users/nf477/Projects_Natalia/GROMACS/gromacs_ab_ligand_toolkit/ab_ligand_md_8complexes/computational_DMS_top_occupancy_poses/1G10__ddhU/surfaces/TH71D_output.csv -def /Users/nf477/Projects_Natalia/GROMACS/gromacs_ab_ligand_toolkit/ab_ligand_md_8complexes/computational_DMS_top_occupancy_poses/1G10__ddhU/surfaces_definition/custom_MOL_AMINO_FlexAID.def -dat /Users/nf477/Projects_Natalia/GROMACS/gromacs_ab_ligand_toolkit/ab_ligand_md_8complexes/Surfaces/FlexAID.dat

$ /Users/nf477/anaconda3/envs/nrgsuite/bin/python /Users/nf477/Projects_Natalia/GROMACS/gromacs_ab_ligand_toolkit/ab_ligand_md_8complexes/Surfaces/clean_structure.py -f 1G10_ddhU_P001_TH71E.pdb -def /Users/nf477/Projects_Natalia/GROMACS/gromacs_ab_ligand_toolkit/ab_ligand_md_8complexes/computational_DMS_top_occupancy_poses/1G10__ddhU/surfaces_definition/custom_MOL_AMINO_FlexAID.def

$ /Users/nf477/anaconda3/envs/nrgsuite/bin/python /Users/nf477/Projects_Natalia/GROMACS/gromacs_ab_ligand_toolkit/ab_ligand_md_8complexes/Surfaces/surface_cont_lig.py -f /Users/nf477/Projects_Natalia/GROMACS/gromacs_ab_ligand_toolkit/ab_ligand_md_8complexes/computational_DMS_top_occupancy_poses/1G10__ddhU/mutants/clean_1G10_ddhU_P001_TH71E.pdb -c HL -lig MOL -o /Users/nf477/Projects_Natalia/GROMACS/gromacs_ab_ligand_toolkit/ab_ligand_md_8complexes/computational_DMS_top_occupancy_poses/1G10__ddhU/surfaces/TH71E_output.csv -def /Users/nf477/Projects_Natalia/GROMACS/gromacs_ab_ligand_toolkit/ab_ligand_md_8complexes/computational_DMS_top_occupancy_poses/1G10__ddhU/surfaces_definition/custom_MOL_AMINO_FlexAID.def -dat /Users/nf477/Projects_Natalia/GROMACS/gromacs_ab_ligand_toolkit/ab_ligand_md_8complexes/Surfaces/FlexAID.dat

$ /Users/nf477/anaconda3/envs/nrgsuite/bin/python /Users/nf477/Projects_Natalia/GROMACS/gromacs_ab_ligand_toolkit/ab_ligand_md_8complexes/Surfaces/clean_structure.py -f 1G10_ddhU_P001_TH71F.pdb -def /Users/nf477/Projects_Natalia/GROMACS/gromacs_ab_ligand_toolkit/ab_ligand_md_8complexes/computational_DMS_top_occupancy_poses/1G10__ddhU/surfaces_definition/custom_MOL_AMINO_FlexAID.def

$ /Users/nf477/anaconda3/envs/nrgsuite/bin/python /Users/nf477/Projects_Natalia/GROMACS/gromacs_ab_ligand_toolkit/ab_ligand_md_8complexes/Surfaces/surface_cont_lig.py -f /Users/nf477/Projects_Natalia/GROMACS/gromacs_ab_ligand_toolkit/ab_ligand_md_8complexes/computational_DMS_top_occupancy_poses/1G10__ddhU/mutants/clean_1G10_ddhU_P001_TH71F.pdb -c HL -lig MOL -o /Users/nf477/Projects_Natalia/GROMACS/gromacs_ab_ligand_toolkit/ab_ligand_md_8complexes/computational_DMS_top_occupancy_poses/1G10__ddhU/surfaces/TH71F_output.csv -def /Users/nf477/Projects_Natalia/GROMACS/gromacs_ab_ligand_toolkit/ab_ligand_md_8complexes/computational_DMS_top_occupancy_poses/1G10__ddhU/surfaces_definition/custom_MOL_AMINO_FlexAID.def -dat /Users/nf477/Projects_Natalia/GROMACS/gromacs_ab_ligand_toolkit/ab_ligand_md_8complexes/Surfaces/FlexAID.dat

$ /Users/nf477/anaconda3/envs/nrgsuite/bin/python /Users/nf477/Projects_Natalia/GROMACS/gromacs_ab_ligand_toolkit/ab_ligand_md_8complexes/Surfaces/clean_structure.py -f 1G10_ddhU_P001_TH71G.pdb -def /Users/nf477/Projects_Natalia/GROMACS/gromacs_ab_ligand_toolkit/ab_ligand_md_8complexes/computational_DMS_top_occupancy_poses/1G10__ddhU/surfaces_definition/custom_MOL_AMINO_FlexAID.def

$ /Users/nf477/anaconda3/envs/nrgsuite/bin/python /Users/nf477/Projects_Natalia/GROMACS/gromacs_ab_ligand_toolkit/ab_ligand_md_8complexes/Surfaces/surface_cont_lig.py -f /Users/nf477/Projects_Natalia/GROMACS/gromacs_ab_ligand_toolkit/ab_ligand_md_8complexes/computational_DMS_top_occupancy_poses/1G10__ddhU/mutants/clean_1G10_ddhU_P001_TH71G.pdb -c HL -lig MOL -o /Users/nf477/Projects_Natalia/GROMACS/gromacs_ab_ligand_toolkit/ab_ligand_md_8complexes/computational_DMS_top_occupancy_poses/1G10__ddhU/surfaces/TH71G_output.csv -def /Users/nf477/Projects_Natalia/GROMACS/gromacs_ab_ligand_toolkit/ab_ligand_md_8complexes/computational_DMS_top_occupancy_poses/1G10__ddhU/surfaces_definition/custom_MOL_AMINO_FlexAID.def -dat /Users/nf477/Projects_Natalia/GROMACS/gromacs_ab_ligand_toolkit/ab_ligand_md_8complexes/Surfaces/FlexAID.dat

$ /Users/nf477/anaconda3/envs/nrgsuite/bin/python /Users/nf477/Projects_Natalia/GROMACS/gromacs_ab_ligand_toolkit/ab_ligand_md_8complexes/Surfaces/clean_structure.py -f 1G10_ddhU_P001_TH71H.pdb -def /Users/nf477/Projects_Natalia/GROMACS/gromacs_ab_ligand_toolkit/ab_ligand_md_8complexes/computational_DMS_top_occupancy_poses/1G10__ddhU/surfaces_definition/custom_MOL_AMINO_FlexAID.def

$ /Users/nf477/anaconda3/envs/nrgsuite/bin/python /Users/nf477/Projects_Natalia/GROMACS/gromacs_ab_ligand_toolkit/ab_ligand_md_8complexes/Surfaces/surface_cont_lig.py -f /Users/nf477/Projects_Natalia/GROMACS/gromacs_ab_ligand_toolkit/ab_ligand_md_8complexes/computational_DMS_top_occupancy_poses/1G10__ddhU/mutants/clean_1G10_ddhU_P001_TH71H.pdb -c HL -lig MOL -o /Users/nf477/Projects_Natalia/GROMACS/gromacs_ab_ligand_toolkit/ab_ligand_md_8complexes/computational_DMS_top_occupancy_poses/1G10__ddhU/surfaces/TH71H_output.csv -def /Users/nf477/Projects_Natalia/GROMACS/gromacs_ab_ligand_toolkit/ab_ligand_md_8complexes/computational_DMS_top_occupancy_poses/1G10__ddhU/surfaces_definition/custom_MOL_AMINO_FlexAID.def -dat /Users/nf477/Projects_Natalia/GROMACS/gromacs_ab_ligand_toolkit/ab_ligand_md_8complexes/Surfaces/FlexAID.dat

$ /Users/nf477/anaconda3/envs/nrgsuite/bin/python /Users/nf477/Projects_Natalia/GROMACS/gromacs_ab_ligand_toolkit/ab_ligand_md_8complexes/Surfaces/clean_structure.py -f 1G10_ddhU_P001_TH71I.pdb -def /Users/nf477/Projects_Natalia/GROMACS/gromacs_ab_ligand_toolkit/ab_ligand_md_8complexes/computational_DMS_top_occupancy_poses/1G10__ddhU/surfaces_definition/custom_MOL_AMINO_FlexAID.def

$ /Users/nf477/anaconda3/envs/nrgsuite/bin/python /Users/nf477/Projects_Natalia/GROMACS/gromacs_ab_ligand_toolkit/ab_ligand_md_8complexes/Surfaces/surface_cont_lig.py -f /Users/nf477/Projects_Natalia/GROMACS/gromacs_ab_ligand_toolkit/ab_ligand_md_8complexes/computational_DMS_top_occupancy_poses/1G10__ddhU/mutants/clean_1G10_ddhU_P001_TH71I.pdb -c HL -lig MOL -o /Users/nf477/Projects_Natalia/GROMACS/gromacs_ab_ligand_toolkit/ab_ligand_md_8complexes/computational_DMS_top_occupancy_poses/1G10__ddhU/surfaces/TH71I_output.csv -def /Users/nf477/Projects_Natalia/GROMACS/gromacs_ab_ligand_toolkit/ab_ligand_md_8complexes/computational_DMS_top_occupancy_poses/1G10__ddhU/surfaces_definition/custom_MOL_AMINO_FlexAID.def -dat /Users/nf477/Projects_Natalia/GROMACS/gromacs_ab_ligand_toolkit/ab_ligand_md_8complexes/Surfaces/FlexAID.dat

$ /Users/nf477/anaconda3/envs/nrgsuite/bin/python /Users/nf477/Projects_Natalia/GROMACS/gromacs_ab_ligand_toolkit/ab_ligand_md_8complexes/Surfaces/clean_structure.py -f 1G10_ddhU_P001_TH71K.pdb -def /Users/nf477/Projects_Natalia/GROMACS/gromacs_ab_ligand_toolkit/ab_ligand_md_8complexes/computational_DMS_top_occupancy_poses/1G10__ddhU/surfaces_definition/custom_MOL_AMINO_FlexAID.def

$ /Users/nf477/anaconda3/envs/nrgsuite/bin/python /Users/nf477/Projects_Natalia/GROMACS/gromacs_ab_ligand_toolkit/ab_ligand_md_8complexes/Surfaces/surface_cont_lig.py -f /Users/nf477/Projects_Natalia/GROMACS/gromacs_ab_ligand_toolkit/ab_ligand_md_8complexes/computational_DMS_top_occupancy_poses/1G10__ddhU/mutants/clean_1G10_ddhU_P001_TH71K.pdb -c HL -lig MOL -o /Users/nf477/Projects_Natalia/GROMACS/gromacs_ab_ligand_toolkit/ab_ligand_md_8complexes/computational_DMS_top_occupancy_poses/1G10__ddhU/surfaces/TH71K_output.csv -def /Users/nf477/Projects_Natalia/GROMACS/gromacs_ab_ligand_toolkit/ab_ligand_md_8complexes/computational_DMS_top_occupancy_poses/1G10__ddhU/surfaces_definition/custom_MOL_AMINO_FlexAID.def -dat /Users/nf477/Projects_Natalia/GROMACS/gromacs_ab_ligand_toolkit/ab_ligand_md_8complexes/Surfaces/FlexAID.dat

$ /Users/nf477/anaconda3/envs/nrgsuite/bin/python /Users/nf477/Projects_Natalia/GROMACS/gromacs_ab_ligand_toolkit/ab_ligand_md_8complexes/Surfaces/clean_structure.py -f 1G10_ddhU_P001_TH71L.pdb -def /Users/nf477/Projects_Natalia/GROMACS/gromacs_ab_ligand_toolkit/ab_ligand_md_8complexes/computational_DMS_top_occupancy_poses/1G10__ddhU/surfaces_definition/custom_MOL_AMINO_FlexAID.def

$ /Users/nf477/anaconda3/envs/nrgsuite/bin/python /Users/nf477/Projects_Natalia/GROMACS/gromacs_ab_ligand_toolkit/ab_ligand_md_8complexes/Surfaces/surface_cont_lig.py -f /Users/nf477/Projects_Natalia/GROMACS/gromacs_ab_ligand_toolkit/ab_ligand_md_8complexes/computational_DMS_top_occupancy_poses/1G10__ddhU/mutants/clean_1G10_ddhU_P001_TH71L.pdb -c HL -lig MOL -o /Users/nf477/Projects_Natalia/GROMACS/gromacs_ab_ligand_toolkit/ab_ligand_md_8complexes/computational_DMS_top_occupancy_poses/1G10__ddhU/surfaces/TH71L_output.csv -def /Users/nf477/Projects_Natalia/GROMACS/gromacs_ab_ligand_toolkit/ab_ligand_md_8complexes/computational_DMS_top_occupancy_poses/1G10__ddhU/surfaces_definition/custom_MOL_AMINO_FlexAID.def -dat /Users/nf477/Projects_Natalia/GROMACS/gromacs_ab_ligand_toolkit/ab_ligand_md_8complexes/Surfaces/FlexAID.dat

$ /Users/nf477/anaconda3/envs/nrgsuite/bin/python /Users/nf477/Projects_Natalia/GROMACS/gromacs_ab_ligand_toolkit/ab_ligand_md_8complexes/Surfaces/clean_structure.py -f 1G10_ddhU_P001_TH71M.pdb -def /Users/nf477/Projects_Natalia/GROMACS/gromacs_ab_ligand_toolkit/ab_ligand_md_8complexes/computational_DMS_top_occupancy_poses/1G10__ddhU/surfaces_definition/custom_MOL_AMINO_FlexAID.def

$ /Users/nf477/anaconda3/envs/nrgsuite/bin/python /Users/nf477/Projects_Natalia/GROMACS/gromacs_ab_ligand_toolkit/ab_ligand_md_8complexes/Surfaces/surface_cont_lig.py -f /Users/nf477/Projects_Natalia/GROMACS/gromacs_ab_ligand_toolkit/ab_ligand_md_8complexes/computational_DMS_top_occupancy_poses/1G10__ddhU/mutants/clean_1G10_ddhU_P001_TH71M.pdb -c HL -lig MOL -o /Users/nf477/Projects_Natalia/GROMACS/gromacs_ab_ligand_toolkit/ab_ligand_md_8complexes/computational_DMS_top_occupancy_poses/1G10__ddhU/surfaces/TH71M_output.csv -def /Users/nf477/Projects_Natalia/GROMACS/gromacs_ab_ligand_toolkit/ab_ligand_md_8complexes/computational_DMS_top_occupancy_poses/1G10__ddhU/surfaces_definition/custom_MOL_AMINO_FlexAID.def -dat /Users/nf477/Projects_Natalia/GROMACS/gromacs_ab_ligand_toolkit/ab_ligand_md_8complexes/Surfaces/FlexAID.dat

$ /Users/nf477/anaconda3/envs/nrgsuite/bin/python /Users/nf477/Projects_Natalia/GROMACS/gromacs_ab_ligand_toolkit/ab_ligand_md_8complexes/Surfaces/clean_structure.py -f 1G10_ddhU_P001_TH71N.pdb -def /Users/nf477/Projects_Natalia/GROMACS/gromacs_ab_ligand_toolkit/ab_ligand_md_8complexes/computational_DMS_top_occupancy_poses/1G10__ddhU/surfaces_definition/custom_MOL_AMINO_FlexAID.def

$ /Users/nf477/anaconda3/envs/nrgsuite/bin/python /Users/nf477/Projects_Natalia/GROMACS/gromacs_ab_ligand_toolkit/ab_ligand_md_8complexes/Surfaces/surface_cont_lig.py -f /Users/nf477/Projects_Natalia/GROMACS/gromacs_ab_ligand_toolkit/ab_ligand_md_8complexes/computational_DMS_top_occupancy_poses/1G10__ddhU/mutants/clean_1G10_ddhU_P001_TH71N.pdb -c HL -lig MOL -o /Users/nf477/Projects_Natalia/GROMACS/gromacs_ab_ligand_toolkit/ab_ligand_md_8complexes/computational_DMS_top_occupancy_poses/1G10__ddhU/surfaces/TH71N_output.csv -def /Users/nf477/Projects_Natalia/GROMACS/gromacs_ab_ligand_toolkit/ab_ligand_md_8complexes/computational_DMS_top_occupancy_poses/1G10__ddhU/surfaces_definition/custom_MOL_AMINO_FlexAID.def -dat /Users/nf477/Projects_Natalia/GROMACS/gromacs_ab_ligand_toolkit/ab_ligand_md_8complexes/Surfaces/FlexAID.dat

$ /Users/nf477/anaconda3/envs/nrgsuite/bin/python /Users/nf477/Projects_Natalia/GROMACS/gromacs_ab_ligand_toolkit/ab_ligand_md_8complexes/Surfaces/clean_structure.py -f 1G10_ddhU_P001_TH71P.pdb -def /Users/nf477/Projects_Natalia/GROMACS/gromacs_ab_ligand_toolkit/ab_ligand_md_8complexes/computational_DMS_top_occupancy_poses/1G10__ddhU/surfaces_definition/custom_MOL_AMINO_FlexAID.def

$ /Users/nf477/anaconda3/envs/nrgsuite/bin/python /Users/nf477/Projects_Natalia/GROMACS/gromacs_ab_ligand_toolkit/ab_ligand_md_8complexes/Surfaces/surface_cont_lig.py -f /Users/nf477/Projects_Natalia/GROMACS/gromacs_ab_ligand_toolkit/ab_ligand_md_8complexes/computational_DMS_top_occupancy_poses/1G10__ddhU/mutants/clean_1G10_ddhU_P001_TH71P.pdb -c HL -lig MOL -o /Users/nf477/Projects_Natalia/GROMACS/gromacs_ab_ligand_toolkit/ab_ligand_md_8complexes/computational_DMS_top_occupancy_poses/1G10__ddhU/surfaces/TH71P_output.csv -def /Users/nf477/Projects_Natalia/GROMACS/gromacs_ab_ligand_toolkit/ab_ligand_md_8complexes/computational_DMS_top_occupancy_poses/1G10__ddhU/surfaces_definition/custom_MOL_AMINO_FlexAID.def -dat /Users/nf477/Projects_Natalia/GROMACS/gromacs_ab_ligand_toolkit/ab_ligand_md_8complexes/Surfaces/FlexAID.dat

$ /Users/nf477/anaconda3/envs/nrgsuite/bin/python /Users/nf477/Projects_Natalia/GROMACS/gromacs_ab_ligand_toolkit/ab_ligand_md_8complexes/Surfaces/clean_structure.py -f 1G10_ddhU_P001_TH71Q.pdb -def /Users/nf477/Projects_Natalia/GROMACS/gromacs_ab_ligand_toolkit/ab_ligand_md_8complexes/computational_DMS_top_occupancy_poses/1G10__ddhU/surfaces_definition/custom_MOL_AMINO_FlexAID.def

$ /Users/nf477/anaconda3/envs/nrgsuite/bin/python /Users/nf477/Projects_Natalia/GROMACS/gromacs_ab_ligand_toolkit/ab_ligand_md_8complexes/Surfaces/surface_cont_lig.py -f /Users/nf477/Projects_Natalia/GROMACS/gromacs_ab_ligand_toolkit/ab_ligand_md_8complexes/computational_DMS_top_occupancy_poses/1G10__ddhU/mutants/clean_1G10_ddhU_P001_TH71Q.pdb -c HL -lig MOL -o /Users/nf477/Projects_Natalia/GROMACS/gromacs_ab_ligand_toolkit/ab_ligand_md_8complexes/computational_DMS_top_occupancy_poses/1G10__ddhU/surfaces/TH71Q_output.csv -def /Users/nf477/Projects_Natalia/GROMACS/gromacs_ab_ligand_toolkit/ab_ligand_md_8complexes/computational_DMS_top_occupancy_poses/1G10__ddhU/surfaces_definition/custom_MOL_AMINO_FlexAID.def -dat /Users/nf477/Projects_Natalia/GROMACS/gromacs_ab_ligand_toolkit/ab_ligand_md_8complexes/Surfaces/FlexAID.dat

$ /Users/nf477/anaconda3/envs/nrgsuite/bin/python /Users/nf477/Projects_Natalia/GROMACS/gromacs_ab_ligand_toolkit/ab_ligand_md_8complexes/Surfaces/clean_structure.py -f 1G10_ddhU_P001_TH71R.pdb -def /Users/nf477/Projects_Natalia/GROMACS/gromacs_ab_ligand_toolkit/ab_ligand_md_8complexes/computational_DMS_top_occupancy_poses/1G10__ddhU/surfaces_definition/custom_MOL_AMINO_FlexAID.def

$ /Users/nf477/anaconda3/envs/nrgsuite/bin/python /Users/nf477/Projects_Natalia/GROMACS/gromacs_ab_ligand_toolkit/ab_ligand_md_8complexes/Surfaces/surface_cont_lig.py -f /Users/nf477/Projects_Natalia/GROMACS/gromacs_ab_ligand_toolkit/ab_ligand_md_8complexes/computational_DMS_top_occupancy_poses/1G10__ddhU/mutants/clean_1G10_ddhU_P001_TH71R.pdb -c HL -lig MOL -o /Users/nf477/Projects_Natalia/GROMACS/gromacs_ab_ligand_toolkit/ab_ligand_md_8complexes/computational_DMS_top_occupancy_poses/1G10__ddhU/surfaces/TH71R_output.csv -def /Users/nf477/Projects_Natalia/GROMACS/gromacs_ab_ligand_toolkit/ab_ligand_md_8complexes/computational_DMS_top_occupancy_poses/1G10__ddhU/surfaces_definition/custom_MOL_AMINO_FlexAID.def -dat /Users/nf477/Projects_Natalia/GROMACS/gromacs_ab_ligand_toolkit/ab_ligand_md_8complexes/Surfaces/FlexAID.dat

$ /Users/nf477/anaconda3/envs/nrgsuite/bin/python /Users/nf477/Projects_Natalia/GROMACS/gromacs_ab_ligand_toolkit/ab_ligand_md_8complexes/Surfaces/clean_structure.py -f 1G10_ddhU_P001_TH71S.pdb -def /Users/nf477/Projects_Natalia/GROMACS/gromacs_ab_ligand_toolkit/ab_ligand_md_8complexes/computational_DMS_top_occupancy_poses/1G10__ddhU/surfaces_definition/custom_MOL_AMINO_FlexAID.def

$ /Users/nf477/anaconda3/envs/nrgsuite/bin/python /Users/nf477/Projects_Natalia/GROMACS/gromacs_ab_ligand_toolkit/ab_ligand_md_8complexes/Surfaces/surface_cont_lig.py -f /Users/nf477/Projects_Natalia/GROMACS/gromacs_ab_ligand_toolkit/ab_ligand_md_8complexes/computational_DMS_top_occupancy_poses/1G10__ddhU/mutants/clean_1G10_ddhU_P001_TH71S.pdb -c HL -lig MOL -o /Users/nf477/Projects_Natalia/GROMACS/gromacs_ab_ligand_toolkit/ab_ligand_md_8complexes/computational_DMS_top_occupancy_poses/1G10__ddhU/surfaces/TH71S_output.csv -def /Users/nf477/Projects_Natalia/GROMACS/gromacs_ab_ligand_toolkit/ab_ligand_md_8complexes/computational_DMS_top_occupancy_poses/1G10__ddhU/surfaces_definition/custom_MOL_AMINO_FlexAID.def -dat /Users/nf477/Projects_Natalia/GROMACS/gromacs_ab_ligand_toolkit/ab_ligand_md_8complexes/Surfaces/FlexAID.dat

$ /Users/nf477/anaconda3/envs/nrgsuite/bin/python /Users/nf477/Projects_Natalia/GROMACS/gromacs_ab_ligand_toolkit/ab_ligand_md_8complexes/Surfaces/clean_structure.py -f 1G10_ddhU_P001_TH71T.pdb -def /Users/nf477/Projects_Natalia/GROMACS/gromacs_ab_ligand_toolkit/ab_ligand_md_8complexes/computational_DMS_top_occupancy_poses/1G10__ddhU/surfaces_definition/custom_MOL_AMINO_FlexAID.def

$ /Users/nf477/anaconda3/envs/nrgsuite/bin/python /Users/nf477/Projects_Natalia/GROMACS/gromacs_ab_ligand_toolkit/ab_ligand_md_8complexes/Surfaces/surface_cont_lig.py -f /Users/nf477/Projects_Natalia/GROMACS/gromacs_ab_ligand_toolkit/ab_ligand_md_8complexes/computational_DMS_top_occupancy_poses/1G10__ddhU/mutants/clean_1G10_ddhU_P001_TH71T.pdb -c HL -lig MOL -o /Users/nf477/Projects_Natalia/GROMACS/gromacs_ab_ligand_toolkit/ab_ligand_md_8complexes/computational_DMS_top_occupancy_poses/1G10__ddhU/surfaces/TH71T_output.csv -def /Users/nf477/Projects_Natalia/GROMACS/gromacs_ab_ligand_toolkit/ab_ligand_md_8complexes/computational_DMS_top_occupancy_poses/1G10__ddhU/surfaces_definition/custom_MOL_AMINO_FlexAID.def -dat /Users/nf477/Projects_Natalia/GROMACS/gromacs_ab_ligand_toolkit/ab_ligand_md_8complexes/Surfaces/FlexAID.dat

$ /Users/nf477/anaconda3/envs/nrgsuite/bin/python /Users/nf477/Projects_Natalia/GROMACS/gromacs_ab_ligand_toolkit/ab_ligand_md_8complexes/Surfaces/clean_structure.py -f 1G10_ddhU_P001_TH71V.pdb -def /Users/nf477/Projects_Natalia/GROMACS/gromacs_ab_ligand_toolkit/ab_ligand_md_8complexes/computational_DMS_top_occupancy_poses/1G10__ddhU/surfaces_definition/custom_MOL_AMINO_FlexAID.def

$ /Users/nf477/anaconda3/envs/nrgsuite/bin/python /Users/nf477/Projects_Natalia/GROMACS/gromacs_ab_ligand_toolkit/ab_ligand_md_8complexes/Surfaces/surface_cont_lig.py -f /Users/nf477/Projects_Natalia/GROMACS/gromacs_ab_ligand_toolkit/ab_ligand_md_8complexes/computational_DMS_top_occupancy_poses/1G10__ddhU/mutants/clean_1G10_ddhU_P001_TH71V.pdb -c HL -lig MOL -o /Users/nf477/Projects_Natalia/GROMACS/gromacs_ab_ligand_toolkit/ab_ligand_md_8complexes/computational_DMS_top_occupancy_poses/1G10__ddhU/surfaces/TH71V_output.csv -def /Users/nf477/Projects_Natalia/GROMACS/gromacs_ab_ligand_toolkit/ab_ligand_md_8complexes/computational_DMS_top_occupancy_poses/1G10__ddhU/surfaces_definition/custom_MOL_AMINO_FlexAID.def -dat /Users/nf477/Projects_Natalia/GROMACS/gromacs_ab_ligand_toolkit/ab_ligand_md_8complexes/Surfaces/FlexAID.dat

$ /Users/nf477/anaconda3/envs/nrgsuite/bin/python /Users/nf477/Projects_Natalia/GROMACS/gromacs_ab_ligand_toolkit/ab_ligand_md_8complexes/Surfaces/clean_structure.py -f 1G10_ddhU_P001_TH71W.pdb -def /Users/nf477/Projects_Natalia/GROMACS/gromacs_ab_ligand_toolkit/ab_ligand_md_8complexes/computational_DMS_top_occupancy_poses/1G10__ddhU/surfaces_definition/custom_MOL_AMINO_FlexAID.def

$ /Users/nf477/anaconda3/envs/nrgsuite/bin/python /Users/nf477/Projects_Natalia/GROMACS/gromacs_ab_ligand_toolkit/ab_ligand_md_8complexes/Surfaces/surface_cont_lig.py -f /Users/nf477/Projects_Natalia/GROMACS/gromacs_ab_ligand_toolkit/ab_ligand_md_8complexes/computational_DMS_top_occupancy_poses/1G10__ddhU/mutants/clean_1G10_ddhU_P001_TH71W.pdb -c HL -lig MOL -o /Users/nf477/Projects_Natalia/GROMACS/gromacs_ab_ligand_toolkit/ab_ligand_md_8complexes/computational_DMS_top_occupancy_poses/1G10__ddhU/surfaces/TH71W_output.csv -def /Users/nf477/Projects_Natalia/GROMACS/gromacs_ab_ligand_toolkit/ab_ligand_md_8complexes/computational_DMS_top_occupancy_poses/1G10__ddhU/surfaces_definition/custom_MOL_AMINO_FlexAID.def -dat /Users/nf477/Projects_Natalia/GROMACS/gromacs_ab_ligand_toolkit/ab_ligand_md_8complexes/Surfaces/FlexAID.dat

$ /Users/nf477/anaconda3/envs/nrgsuite/bin/python /Users/nf477/Projects_Natalia/GROMACS/gromacs_ab_ligand_toolkit/ab_ligand_md_8complexes/Surfaces/clean_structure.py -f 1G10_ddhU_P001_TH71Y.pdb -def /Users/nf477/Projects_Natalia/GROMACS/gromacs_ab_ligand_toolkit/ab_ligand_md_8complexes/computational_DMS_top_occupancy_poses/1G10__ddhU/surfaces_definition/custom_MOL_AMINO_FlexAID.def

$ /Users/nf477/anaconda3/envs/nrgsuite/bin/python /Users/nf477/Projects_Natalia/GROMACS/gromacs_ab_ligand_toolkit/ab_ligand_md_8complexes/Surfaces/surface_cont_lig.py -f /Users/nf477/Projects_Natalia/GROMACS/gromacs_ab_ligand_toolkit/ab_ligand_md_8complexes/computational_DMS_top_occupancy_poses/1G10__ddhU/mutants/clean_1G10_ddhU_P001_TH71Y.pdb -c HL -lig MOL -o /Users/nf477/Projects_Natalia/GROMACS/gromacs_ab_ligand_toolkit/ab_ligand_md_8complexes/computational_DMS_top_occupancy_poses/1G10__ddhU/surfaces/TH71Y_output.csv -def /Users/nf477/Projects_Natalia/GROMACS/gromacs_ab_ligand_toolkit/ab_ligand_md_8complexes/computational_DMS_top_occupancy_poses/1G10__ddhU/surfaces_definition/custom_MOL_AMINO_FlexAID.def -dat /Users/nf477/Projects_Natalia/GROMACS/gromacs_ab_ligand_toolkit/ab_ligand_md_8complexes/Surfaces/FlexAID.dat

$ /Users/nf477/anaconda3/envs/nrgsuite/bin/python /Users/nf477/Projects_Natalia/GROMACS/gromacs_ab_ligand_toolkit/ab_ligand_md_8complexes/Surfaces/clean_structure.py -f 1G10_ddhU_P001_DH76A.pdb -def /Users/nf477/Projects_Natalia/GROMACS/gromacs_ab_ligand_toolkit/ab_ligand_md_8complexes/computational_DMS_top_occupancy_poses/1G10__ddhU/surfaces_definition/custom_MOL_AMINO_FlexAID.def

$ /Users/nf477/anaconda3/envs/nrgsuite/bin/python /Users/nf477/Projects_Natalia/GROMACS/gromacs_ab_ligand_toolkit/ab_ligand_md_8complexes/Surfaces/surface_cont_lig.py -f /Users/nf477/Projects_Natalia/GROMACS/gromacs_ab_ligand_toolkit/ab_ligand_md_8complexes/computational_DMS_top_occupancy_poses/1G10__ddhU/mutants/clean_1G10_ddhU_P001_DH76A.pdb -c HL -lig MOL -o /Users/nf477/Projects_Natalia/GROMACS/gromacs_ab_ligand_toolkit/ab_ligand_md_8complexes/computational_DMS_top_occupancy_poses/1G10__ddhU/surfaces/DH76A_output.csv -def /Users/nf477/Projects_Natalia/GROMACS/gromacs_ab_ligand_toolkit/ab_ligand_md_8complexes/computational_DMS_top_occupancy_poses/1G10__ddhU/surfaces_definition/custom_MOL_AMINO_FlexAID.def -dat /Users/nf477/Projects_Natalia/GROMACS/gromacs_ab_ligand_toolkit/ab_ligand_md_8complexes/Surfaces/FlexAID.dat

$ /Users/nf477/anaconda3/envs/nrgsuite/bin/python /Users/nf477/Projects_Natalia/GROMACS/gromacs_ab_ligand_toolkit/ab_ligand_md_8complexes/Surfaces/clean_structure.py -f 1G10_ddhU_P001_DH76C.pdb -def /Users/nf477/Projects_Natalia/GROMACS/gromacs_ab_ligand_toolkit/ab_ligand_md_8complexes/computational_DMS_top_occupancy_poses/1G10__ddhU/surfaces_definition/custom_MOL_AMINO_FlexAID.def

$ /Users/nf477/anaconda3/envs/nrgsuite/bin/python /Users/nf477/Projects_Natalia/GROMACS/gromacs_ab_ligand_toolkit/ab_ligand_md_8complexes/Surfaces/surface_cont_lig.py -f /Users/nf477/Projects_Natalia/GROMACS/gromacs_ab_ligand_toolkit/ab_ligand_md_8complexes/computational_DMS_top_occupancy_poses/1G10__ddhU/mutants/clean_1G10_ddhU_P001_DH76C.pdb -c HL -lig MOL -o /Users/nf477/Projects_Natalia/GROMACS/gromacs_ab_ligand_toolkit/ab_ligand_md_8complexes/computational_DMS_top_occupancy_poses/1G10__ddhU/surfaces/DH76C_output.csv -def /Users/nf477/Projects_Natalia/GROMACS/gromacs_ab_ligand_toolkit/ab_ligand_md_8complexes/computational_DMS_top_occupancy_poses/1G10__ddhU/surfaces_definition/custom_MOL_AMINO_FlexAID.def -dat /Users/nf477/Projects_Natalia/GROMACS/gromacs_ab_ligand_toolkit/ab_ligand_md_8complexes/Surfaces/FlexAID.dat

$ /Users/nf477/anaconda3/envs/nrgsuite/bin/python /Users/nf477/Projects_Natalia/GROMACS/gromacs_ab_ligand_toolkit/ab_ligand_md_8complexes/Surfaces/clean_structure.py -f 1G10_ddhU_P001_DH76D.pdb -def /Users/nf477/Projects_Natalia/GROMACS/gromacs_ab_ligand_toolkit/ab_ligand_md_8complexes/computational_DMS_top_occupancy_poses/1G10__ddhU/surfaces_definition/custom_MOL_AMINO_FlexAID.def

$ /Users/nf477/anaconda3/envs/nrgsuite/bin/python /Users/nf477/Projects_Natalia/GROMACS/gromacs_ab_ligand_toolkit/ab_ligand_md_8complexes/Surfaces/surface_cont_lig.py -f /Users/nf477/Projects_Natalia/GROMACS/gromacs_ab_ligand_toolkit/ab_ligand_md_8complexes/computational_DMS_top_occupancy_poses/1G10__ddhU/mutants/clean_1G10_ddhU_P001_DH76D.pdb -c HL -lig MOL -o /Users/nf477/Projects_Natalia/GROMACS/gromacs_ab_ligand_toolkit/ab_ligand_md_8complexes/computational_DMS_top_occupancy_poses/1G10__ddhU/surfaces/DH76D_output.csv -def /Users/nf477/Projects_Natalia/GROMACS/gromacs_ab_ligand_toolkit/ab_ligand_md_8complexes/computational_DMS_top_occupancy_poses/1G10__ddhU/surfaces_definition/custom_MOL_AMINO_FlexAID.def -dat /Users/nf477/Projects_Natalia/GROMACS/gromacs_ab_ligand_toolkit/ab_ligand_md_8complexes/Surfaces/FlexAID.dat

$ /Users/nf477/anaconda3/envs/nrgsuite/bin/python /Users/nf477/Projects_Natalia/GROMACS/gromacs_ab_ligand_toolkit/ab_ligand_md_8complexes/Surfaces/clean_structure.py -f 1G10_ddhU_P001_DH76E.pdb -def /Users/nf477/Projects_Natalia/GROMACS/gromacs_ab_ligand_toolkit/ab_ligand_md_8complexes/computational_DMS_top_occupancy_poses/1G10__ddhU/surfaces_definition/custom_MOL_AMINO_FlexAID.def

$ /Users/nf477/anaconda3/envs/nrgsuite/bin/python /Users/nf477/Projects_Natalia/GROMACS/gromacs_ab_ligand_toolkit/ab_ligand_md_8complexes/Surfaces/surface_cont_lig.py -f /Users/nf477/Projects_Natalia/GROMACS/gromacs_ab_ligand_toolkit/ab_ligand_md_8complexes/computational_DMS_top_occupancy_poses/1G10__ddhU/mutants/clean_1G10_ddhU_P001_DH76E.pdb -c HL -lig MOL -o /Users/nf477/Projects_Natalia/GROMACS/gromacs_ab_ligand_toolkit/ab_ligand_md_8complexes/computational_DMS_top_occupancy_poses/1G10__ddhU/surfaces/DH76E_output.csv -def /Users/nf477/Projects_Natalia/GROMACS/gromacs_ab_ligand_toolkit/ab_ligand_md_8complexes/computational_DMS_top_occupancy_poses/1G10__ddhU/surfaces_definition/custom_MOL_AMINO_FlexAID.def -dat /Users/nf477/Projects_Natalia/GROMACS/gromacs_ab_ligand_toolkit/ab_ligand_md_8complexes/Surfaces/FlexAID.dat

$ /Users/nf477/anaconda3/envs/nrgsuite/bin/python /Users/nf477/Projects_Natalia/GROMACS/gromacs_ab_ligand_toolkit/ab_ligand_md_8complexes/Surfaces/clean_structure.py -f 1G10_ddhU_P001_DH76F.pdb -def /Users/nf477/Projects_Natalia/GROMACS/gromacs_ab_ligand_toolkit/ab_ligand_md_8complexes/computational_DMS_top_occupancy_poses/1G10__ddhU/surfaces_definition/custom_MOL_AMINO_FlexAID.def

$ /Users/nf477/anaconda3/envs/nrgsuite/bin/python /Users/nf477/Projects_Natalia/GROMACS/gromacs_ab_ligand_toolkit/ab_ligand_md_8complexes/Surfaces/surface_cont_lig.py -f /Users/nf477/Projects_Natalia/GROMACS/gromacs_ab_ligand_toolkit/ab_ligand_md_8complexes/computational_DMS_top_occupancy_poses/1G10__ddhU/mutants/clean_1G10_ddhU_P001_DH76F.pdb -c HL -lig MOL -o /Users/nf477/Projects_Natalia/GROMACS/gromacs_ab_ligand_toolkit/ab_ligand_md_8complexes/computational_DMS_top_occupancy_poses/1G10__ddhU/surfaces/DH76F_output.csv -def /Users/nf477/Projects_Natalia/GROMACS/gromacs_ab_ligand_toolkit/ab_ligand_md_8complexes/computational_DMS_top_occupancy_poses/1G10__ddhU/surfaces_definition/custom_MOL_AMINO_FlexAID.def -dat /Users/nf477/Projects_Natalia/GROMACS/gromacs_ab_ligand_toolkit/ab_ligand_md_8complexes/Surfaces/FlexAID.dat

$ /Users/nf477/anaconda3/envs/nrgsuite/bin/python /Users/nf477/Projects_Natalia/GROMACS/gromacs_ab_ligand_toolkit/ab_ligand_md_8complexes/Surfaces/clean_structure.py -f 1G10_ddhU_P001_DH76G.pdb -def /Users/nf477/Projects_Natalia/GROMACS/gromacs_ab_ligand_toolkit/ab_ligand_md_8complexes/computational_DMS_top_occupancy_poses/1G10__ddhU/surfaces_definition/custom_MOL_AMINO_FlexAID.def

$ /Users/nf477/anaconda3/envs/nrgsuite/bin/python /Users/nf477/Projects_Natalia/GROMACS/gromacs_ab_ligand_toolkit/ab_ligand_md_8complexes/Surfaces/surface_cont_lig.py -f /Users/nf477/Projects_Natalia/GROMACS/gromacs_ab_ligand_toolkit/ab_ligand_md_8complexes/computational_DMS_top_occupancy_poses/1G10__ddhU/mutants/clean_1G10_ddhU_P001_DH76G.pdb -c HL -lig MOL -o /Users/nf477/Projects_Natalia/GROMACS/gromacs_ab_ligand_toolkit/ab_ligand_md_8complexes/computational_DMS_top_occupancy_poses/1G10__ddhU/surfaces/DH76G_output.csv -def /Users/nf477/Projects_Natalia/GROMACS/gromacs_ab_ligand_toolkit/ab_ligand_md_8complexes/computational_DMS_top_occupancy_poses/1G10__ddhU/surfaces_definition/custom_MOL_AMINO_FlexAID.def -dat /Users/nf477/Projects_Natalia/GROMACS/gromacs_ab_ligand_toolkit/ab_ligand_md_8complexes/Surfaces/FlexAID.dat

$ /Users/nf477/anaconda3/envs/nrgsuite/bin/python /Users/nf477/Projects_Natalia/GROMACS/gromacs_ab_ligand_toolkit/ab_ligand_md_8complexes/Surfaces/clean_structure.py -f 1G10_ddhU_P001_DH76H.pdb -def /Users/nf477/Projects_Natalia/GROMACS/gromacs_ab_ligand_toolkit/ab_ligand_md_8complexes/computational_DMS_top_occupancy_poses/1G10__ddhU/surfaces_definition/custom_MOL_AMINO_FlexAID.def

$ /Users/nf477/anaconda3/envs/nrgsuite/bin/python /Users/nf477/Projects_Natalia/GROMACS/gromacs_ab_ligand_toolkit/ab_ligand_md_8complexes/Surfaces/surface_cont_lig.py -f /Users/nf477/Projects_Natalia/GROMACS/gromacs_ab_ligand_toolkit/ab_ligand_md_8complexes/computational_DMS_top_occupancy_poses/1G10__ddhU/mutants/clean_1G10_ddhU_P001_DH76H.pdb -c HL -lig MOL -o /Users/nf477/Projects_Natalia/GROMACS/gromacs_ab_ligand_toolkit/ab_ligand_md_8complexes/computational_DMS_top_occupancy_poses/1G10__ddhU/surfaces/DH76H_output.csv -def /Users/nf477/Projects_Natalia/GROMACS/gromacs_ab_ligand_toolkit/ab_ligand_md_8complexes/computational_DMS_top_occupancy_poses/1G10__ddhU/surfaces_definition/custom_MOL_AMINO_FlexAID.def -dat /Users/nf477/Projects_Natalia/GROMACS/gromacs_ab_ligand_toolkit/ab_ligand_md_8complexes/Surfaces/FlexAID.dat

$ /Users/nf477/anaconda3/envs/nrgsuite/bin/python /Users/nf477/Projects_Natalia/GROMACS/gromacs_ab_ligand_toolkit/ab_ligand_md_8complexes/Surfaces/clean_structure.py -f 1G10_ddhU_P001_DH76I.pdb -def /Users/nf477/Projects_Natalia/GROMACS/gromacs_ab_ligand_toolkit/ab_ligand_md_8complexes/computational_DMS_top_occupancy_poses/1G10__ddhU/surfaces_definition/custom_MOL_AMINO_FlexAID.def

$ /Users/nf477/anaconda3/envs/nrgsuite/bin/python /Users/nf477/Projects_Natalia/GROMACS/gromacs_ab_ligand_toolkit/ab_ligand_md_8complexes/Surfaces/surface_cont_lig.py -f /Users/nf477/Projects_Natalia/GROMACS/gromacs_ab_ligand_toolkit/ab_ligand_md_8complexes/computational_DMS_top_occupancy_poses/1G10__ddhU/mutants/clean_1G10_ddhU_P001_DH76I.pdb -c HL -lig MOL -o /Users/nf477/Projects_Natalia/GROMACS/gromacs_ab_ligand_toolkit/ab_ligand_md_8complexes/computational_DMS_top_occupancy_poses/1G10__ddhU/surfaces/DH76I_output.csv -def /Users/nf477/Projects_Natalia/GROMACS/gromacs_ab_ligand_toolkit/ab_ligand_md_8complexes/computational_DMS_top_occupancy_poses/1G10__ddhU/surfaces_definition/custom_MOL_AMINO_FlexAID.def -dat /Users/nf477/Projects_Natalia/GROMACS/gromacs_ab_ligand_toolkit/ab_ligand_md_8complexes/Surfaces/FlexAID.dat

$ /Users/nf477/anaconda3/envs/nrgsuite/bin/python /Users/nf477/Projects_Natalia/GROMACS/gromacs_ab_ligand_toolkit/ab_ligand_md_8complexes/Surfaces/clean_structure.py -f 1G10_ddhU_P001_DH76K.pdb -def /Users/nf477/Projects_Natalia/GROMACS/gromacs_ab_ligand_toolkit/ab_ligand_md_8complexes/computational_DMS_top_occupancy_poses/1G10__ddhU/surfaces_definition/custom_MOL_AMINO_FlexAID.def

$ /Users/nf477/anaconda3/envs/nrgsuite/bin/python /Users/nf477/Projects_Natalia/GROMACS/gromacs_ab_ligand_toolkit/ab_ligand_md_8complexes/Surfaces/surface_cont_lig.py -f /Users/nf477/Projects_Natalia/GROMACS/gromacs_ab_ligand_toolkit/ab_ligand_md_8complexes/computational_DMS_top_occupancy_poses/1G10__ddhU/mutants/clean_1G10_ddhU_P001_DH76K.pdb -c HL -lig MOL -o /Users/nf477/Projects_Natalia/GROMACS/gromacs_ab_ligand_toolkit/ab_ligand_md_8complexes/computational_DMS_top_occupancy_poses/1G10__ddhU/surfaces/DH76K_output.csv -def /Users/nf477/Projects_Natalia/GROMACS/gromacs_ab_ligand_toolkit/ab_ligand_md_8complexes/computational_DMS_top_occupancy_poses/1G10__ddhU/surfaces_definition/custom_MOL_AMINO_FlexAID.def -dat /Users/nf477/Projects_Natalia/GROMACS/gromacs_ab_ligand_toolkit/ab_ligand_md_8complexes/Surfaces/FlexAID.dat

$ /Users/nf477/anaconda3/envs/nrgsuite/bin/python /Users/nf477/Projects_Natalia/GROMACS/gromacs_ab_ligand_toolkit/ab_ligand_md_8complexes/Surfaces/clean_structure.py -f 1G10_ddhU_P001_DH76L.pdb -def /Users/nf477/Projects_Natalia/GROMACS/gromacs_ab_ligand_toolkit/ab_ligand_md_8complexes/computational_DMS_top_occupancy_poses/1G10__ddhU/surfaces_definition/custom_MOL_AMINO_FlexAID.def

$ /Users/nf477/anaconda3/envs/nrgsuite/bin/python /Users/nf477/Projects_Natalia/GROMACS/gromacs_ab_ligand_toolkit/ab_ligand_md_8complexes/Surfaces/surface_cont_lig.py -f /Users/nf477/Projects_Natalia/GROMACS/gromacs_ab_ligand_toolkit/ab_ligand_md_8complexes/computational_DMS_top_occupancy_poses/1G10__ddhU/mutants/clean_1G10_ddhU_P001_DH76L.pdb -c HL -lig MOL -o /Users/nf477/Projects_Natalia/GROMACS/gromacs_ab_ligand_toolkit/ab_ligand_md_8complexes/computational_DMS_top_occupancy_poses/1G10__ddhU/surfaces/DH76L_output.csv -def /Users/nf477/Projects_Natalia/GROMACS/gromacs_ab_ligand_toolkit/ab_ligand_md_8complexes/computational_DMS_top_occupancy_poses/1G10__ddhU/surfaces_definition/custom_MOL_AMINO_FlexAID.def -dat /Users/nf477/Projects_Natalia/GROMACS/gromacs_ab_ligand_toolkit/ab_ligand_md_8complexes/Surfaces/FlexAID.dat

$ /Users/nf477/anaconda3/envs/nrgsuite/bin/python /Users/nf477/Projects_Natalia/GROMACS/gromacs_ab_ligand_toolkit/ab_ligand_md_8complexes/Surfaces/clean_structure.py -f 1G10_ddhU_P001_DH76M.pdb -def /Users/nf477/Projects_Natalia/GROMACS/gromacs_ab_ligand_toolkit/ab_ligand_md_8complexes/computational_DMS_top_occupancy_poses/1G10__ddhU/surfaces_definition/custom_MOL_AMINO_FlexAID.def

$ /Users/nf477/anaconda3/envs/nrgsuite/bin/python /Users/nf477/Projects_Natalia/GROMACS/gromacs_ab_ligand_toolkit/ab_ligand_md_8complexes/Surfaces/surface_cont_lig.py -f /Users/nf477/Projects_Natalia/GROMACS/gromacs_ab_ligand_toolkit/ab_ligand_md_8complexes/computational_DMS_top_occupancy_poses/1G10__ddhU/mutants/clean_1G10_ddhU_P001_DH76M.pdb -c HL -lig MOL -o /Users/nf477/Projects_Natalia/GROMACS/gromacs_ab_ligand_toolkit/ab_ligand_md_8complexes/computational_DMS_top_occupancy_poses/1G10__ddhU/surfaces/DH76M_output.csv -def /Users/nf477/Projects_Natalia/GROMACS/gromacs_ab_ligand_toolkit/ab_ligand_md_8complexes/computational_DMS_top_occupancy_poses/1G10__ddhU/surfaces_definition/custom_MOL_AMINO_FlexAID.def -dat /Users/nf477/Projects_Natalia/GROMACS/gromacs_ab_ligand_toolkit/ab_ligand_md_8complexes/Surfaces/FlexAID.dat

$ /Users/nf477/anaconda3/envs/nrgsuite/bin/python /Users/nf477/Projects_Natalia/GROMACS/gromacs_ab_ligand_toolkit/ab_ligand_md_8complexes/Surfaces/clean_structure.py -f 1G10_ddhU_P001_DH76N.pdb -def /Users/nf477/Projects_Natalia/GROMACS/gromacs_ab_ligand_toolkit/ab_ligand_md_8complexes/computational_DMS_top_occupancy_poses/1G10__ddhU/surfaces_definition/custom_MOL_AMINO_FlexAID.def

$ /Users/nf477/anaconda3/envs/nrgsuite/bin/python /Users/nf477/Projects_Natalia/GROMACS/gromacs_ab_ligand_toolkit/ab_ligand_md_8complexes/Surfaces/surface_cont_lig.py -f /Users/nf477/Projects_Natalia/GROMACS/gromacs_ab_ligand_toolkit/ab_ligand_md_8complexes/computational_DMS_top_occupancy_poses/1G10__ddhU/mutants/clean_1G10_ddhU_P001_DH76N.pdb -c HL -lig MOL -o /Users/nf477/Projects_Natalia/GROMACS/gromacs_ab_ligand_toolkit/ab_ligand_md_8complexes/computational_DMS_top_occupancy_poses/1G10__ddhU/surfaces/DH76N_output.csv -def /Users/nf477/Projects_Natalia/GROMACS/gromacs_ab_ligand_toolkit/ab_ligand_md_8complexes/computational_DMS_top_occupancy_poses/1G10__ddhU/surfaces_definition/custom_MOL_AMINO_FlexAID.def -dat /Users/nf477/Projects_Natalia/GROMACS/gromacs_ab_ligand_toolkit/ab_ligand_md_8complexes/Surfaces/FlexAID.dat

$ /Users/nf477/anaconda3/envs/nrgsuite/bin/python /Users/nf477/Projects_Natalia/GROMACS/gromacs_ab_ligand_toolkit/ab_ligand_md_8complexes/Surfaces/clean_structure.py -f 1G10_ddhU_P001_DH76P.pdb -def /Users/nf477/Projects_Natalia/GROMACS/gromacs_ab_ligand_toolkit/ab_ligand_md_8complexes/computational_DMS_top_occupancy_poses/1G10__ddhU/surfaces_definition/custom_MOL_AMINO_FlexAID.def

$ /Users/nf477/anaconda3/envs/nrgsuite/bin/python /Users/nf477/Projects_Natalia/GROMACS/gromacs_ab_ligand_toolkit/ab_ligand_md_8complexes/Surfaces/surface_cont_lig.py -f /Users/nf477/Projects_Natalia/GROMACS/gromacs_ab_ligand_toolkit/ab_ligand_md_8complexes/computational_DMS_top_occupancy_poses/1G10__ddhU/mutants/clean_1G10_ddhU_P001_DH76P.pdb -c HL -lig MOL -o /Users/nf477/Projects_Natalia/GROMACS/gromacs_ab_ligand_toolkit/ab_ligand_md_8complexes/computational_DMS_top_occupancy_poses/1G10__ddhU/surfaces/DH76P_output.csv -def /Users/nf477/Projects_Natalia/GROMACS/gromacs_ab_ligand_toolkit/ab_ligand_md_8complexes/computational_DMS_top_occupancy_poses/1G10__ddhU/surfaces_definition/custom_MOL_AMINO_FlexAID.def -dat /Users/nf477/Projects_Natalia/GROMACS/gromacs_ab_ligand_toolkit/ab_ligand_md_8complexes/Surfaces/FlexAID.dat

$ /Users/nf477/anaconda3/envs/nrgsuite/bin/python /Users/nf477/Projects_Natalia/GROMACS/gromacs_ab_ligand_toolkit/ab_ligand_md_8complexes/Surfaces/clean_structure.py -f 1G10_ddhU_P001_DH76Q.pdb -def /Users/nf477/Projects_Natalia/GROMACS/gromacs_ab_ligand_toolkit/ab_ligand_md_8complexes/computational_DMS_top_occupancy_poses/1G10__ddhU/surfaces_definition/custom_MOL_AMINO_FlexAID.def

$ /Users/nf477/anaconda3/envs/nrgsuite/bin/python /Users/nf477/Projects_Natalia/GROMACS/gromacs_ab_ligand_toolkit/ab_ligand_md_8complexes/Surfaces/surface_cont_lig.py -f /Users/nf477/Projects_Natalia/GROMACS/gromacs_ab_ligand_toolkit/ab_ligand_md_8complexes/computational_DMS_top_occupancy_poses/1G10__ddhU/mutants/clean_1G10_ddhU_P001_DH76Q.pdb -c HL -lig MOL -o /Users/nf477/Projects_Natalia/GROMACS/gromacs_ab_ligand_toolkit/ab_ligand_md_8complexes/computational_DMS_top_occupancy_poses/1G10__ddhU/surfaces/DH76Q_output.csv -def /Users/nf477/Projects_Natalia/GROMACS/gromacs_ab_ligand_toolkit/ab_ligand_md_8complexes/computational_DMS_top_occupancy_poses/1G10__ddhU/surfaces_definition/custom_MOL_AMINO_FlexAID.def -dat /Users/nf477/Projects_Natalia/GROMACS/gromacs_ab_ligand_toolkit/ab_ligand_md_8complexes/Surfaces/FlexAID.dat

$ /Users/nf477/anaconda3/envs/nrgsuite/bin/python /Users/nf477/Projects_Natalia/GROMACS/gromacs_ab_ligand_toolkit/ab_ligand_md_8complexes/Surfaces/clean_structure.py -f 1G10_ddhU_P001_DH76R.pdb -def /Users/nf477/Projects_Natalia/GROMACS/gromacs_ab_ligand_toolkit/ab_ligand_md_8complexes/computational_DMS_top_occupancy_poses/1G10__ddhU/surfaces_definition/custom_MOL_AMINO_FlexAID.def

$ /Users/nf477/anaconda3/envs/nrgsuite/bin/python /Users/nf477/Projects_Natalia/GROMACS/gromacs_ab_ligand_toolkit/ab_ligand_md_8complexes/Surfaces/surface_cont_lig.py -f /Users/nf477/Projects_Natalia/GROMACS/gromacs_ab_ligand_toolkit/ab_ligand_md_8complexes/computational_DMS_top_occupancy_poses/1G10__ddhU/mutants/clean_1G10_ddhU_P001_DH76R.pdb -c HL -lig MOL -o /Users/nf477/Projects_Natalia/GROMACS/gromacs_ab_ligand_toolkit/ab_ligand_md_8complexes/computational_DMS_top_occupancy_poses/1G10__ddhU/surfaces/DH76R_output.csv -def /Users/nf477/Projects_Natalia/GROMACS/gromacs_ab_ligand_toolkit/ab_ligand_md_8complexes/computational_DMS_top_occupancy_poses/1G10__ddhU/surfaces_definition/custom_MOL_AMINO_FlexAID.def -dat /Users/nf477/Projects_Natalia/GROMACS/gromacs_ab_ligand_toolkit/ab_ligand_md_8complexes/Surfaces/FlexAID.dat

$ /Users/nf477/anaconda3/envs/nrgsuite/bin/python /Users/nf477/Projects_Natalia/GROMACS/gromacs_ab_ligand_toolkit/ab_ligand_md_8complexes/Surfaces/clean_structure.py -f 1G10_ddhU_P001_DH76S.pdb -def /Users/nf477/Projects_Natalia/GROMACS/gromacs_ab_ligand_toolkit/ab_ligand_md_8complexes/computational_DMS_top_occupancy_poses/1G10__ddhU/surfaces_definition/custom_MOL_AMINO_FlexAID.def

$ /Users/nf477/anaconda3/envs/nrgsuite/bin/python /Users/nf477/Projects_Natalia/GROMACS/gromacs_ab_ligand_toolkit/ab_ligand_md_8complexes/Surfaces/surface_cont_lig.py -f /Users/nf477/Projects_Natalia/GROMACS/gromacs_ab_ligand_toolkit/ab_ligand_md_8complexes/computational_DMS_top_occupancy_poses/1G10__ddhU/mutants/clean_1G10_ddhU_P001_DH76S.pdb -c HL -lig MOL -o /Users/nf477/Projects_Natalia/GROMACS/gromacs_ab_ligand_toolkit/ab_ligand_md_8complexes/computational_DMS_top_occupancy_poses/1G10__ddhU/surfaces/DH76S_output.csv -def /Users/nf477/Projects_Natalia/GROMACS/gromacs_ab_ligand_toolkit/ab_ligand_md_8complexes/computational_DMS_top_occupancy_poses/1G10__ddhU/surfaces_definition/custom_MOL_AMINO_FlexAID.def -dat /Users/nf477/Projects_Natalia/GROMACS/gromacs_ab_ligand_toolkit/ab_ligand_md_8complexes/Surfaces/FlexAID.dat

$ /Users/nf477/anaconda3/envs/nrgsuite/bin/python /Users/nf477/Projects_Natalia/GROMACS/gromacs_ab_ligand_toolkit/ab_ligand_md_8complexes/Surfaces/clean_structure.py -f 1G10_ddhU_P001_DH76T.pdb -def /Users/nf477/Projects_Natalia/GROMACS/gromacs_ab_ligand_toolkit/ab_ligand_md_8complexes/computational_DMS_top_occupancy_poses/1G10__ddhU/surfaces_definition/custom_MOL_AMINO_FlexAID.def

$ /Users/nf477/anaconda3/envs/nrgsuite/bin/python /Users/nf477/Projects_Natalia/GROMACS/gromacs_ab_ligand_toolkit/ab_ligand_md_8complexes/Surfaces/surface_cont_lig.py -f /Users/nf477/Projects_Natalia/GROMACS/gromacs_ab_ligand_toolkit/ab_ligand_md_8complexes/computational_DMS_top_occupancy_poses/1G10__ddhU/mutants/clean_1G10_ddhU_P001_DH76T.pdb -c HL -lig MOL -o /Users/nf477/Projects_Natalia/GROMACS/gromacs_ab_ligand_toolkit/ab_ligand_md_8complexes/computational_DMS_top_occupancy_poses/1G10__ddhU/surfaces/DH76T_output.csv -def /Users/nf477/Projects_Natalia/GROMACS/gromacs_ab_ligand_toolkit/ab_ligand_md_8complexes/computational_DMS_top_occupancy_poses/1G10__ddhU/surfaces_definition/custom_MOL_AMINO_FlexAID.def -dat /Users/nf477/Projects_Natalia/GROMACS/gromacs_ab_ligand_toolkit/ab_ligand_md_8complexes/Surfaces/FlexAID.dat

$ /Users/nf477/anaconda3/envs/nrgsuite/bin/python /Users/nf477/Projects_Natalia/GROMACS/gromacs_ab_ligand_toolkit/ab_ligand_md_8complexes/Surfaces/clean_structure.py -f 1G10_ddhU_P001_DH76V.pdb -def /Users/nf477/Projects_Natalia/GROMACS/gromacs_ab_ligand_toolkit/ab_ligand_md_8complexes/computational_DMS_top_occupancy_poses/1G10__ddhU/surfaces_definition/custom_MOL_AMINO_FlexAID.def

$ /Users/nf477/anaconda3/envs/nrgsuite/bin/python /Users/nf477/Projects_Natalia/GROMACS/gromacs_ab_ligand_toolkit/ab_ligand_md_8complexes/Surfaces/surface_cont_lig.py -f /Users/nf477/Projects_Natalia/GROMACS/gromacs_ab_ligand_toolkit/ab_ligand_md_8complexes/computational_DMS_top_occupancy_poses/1G10__ddhU/mutants/clean_1G10_ddhU_P001_DH76V.pdb -c HL -lig MOL -o /Users/nf477/Projects_Natalia/GROMACS/gromacs_ab_ligand_toolkit/ab_ligand_md_8complexes/computational_DMS_top_occupancy_poses/1G10__ddhU/surfaces/DH76V_output.csv -def /Users/nf477/Projects_Natalia/GROMACS/gromacs_ab_ligand_toolkit/ab_ligand_md_8complexes/computational_DMS_top_occupancy_poses/1G10__ddhU/surfaces_definition/custom_MOL_AMINO_FlexAID.def -dat /Users/nf477/Projects_Natalia/GROMACS/gromacs_ab_ligand_toolkit/ab_ligand_md_8complexes/Surfaces/FlexAID.dat

$ /Users/nf477/anaconda3/envs/nrgsuite/bin/python /Users/nf477/Projects_Natalia/GROMACS/gromacs_ab_ligand_toolkit/ab_ligand_md_8complexes/Surfaces/clean_structure.py -f 1G10_ddhU_P001_DH76W.pdb -def /Users/nf477/Projects_Natalia/GROMACS/gromacs_ab_ligand_toolkit/ab_ligand_md_8complexes/computational_DMS_top_occupancy_poses/1G10__ddhU/surfaces_definition/custom_MOL_AMINO_FlexAID.def

$ /Users/nf477/anaconda3/envs/nrgsuite/bin/python /Users/nf477/Projects_Natalia/GROMACS/gromacs_ab_ligand_toolkit/ab_ligand_md_8complexes/Surfaces/surface_cont_lig.py -f /Users/nf477/Projects_Natalia/GROMACS/gromacs_ab_ligand_toolkit/ab_ligand_md_8complexes/computational_DMS_top_occupancy_poses/1G10__ddhU/mutants/clean_1G10_ddhU_P001_DH76W.pdb -c HL -lig MOL -o /Users/nf477/Projects_Natalia/GROMACS/gromacs_ab_ligand_toolkit/ab_ligand_md_8complexes/computational_DMS_top_occupancy_poses/1G10__ddhU/surfaces/DH76W_output.csv -def /Users/nf477/Projects_Natalia/GROMACS/gromacs_ab_ligand_toolkit/ab_ligand_md_8complexes/computational_DMS_top_occupancy_poses/1G10__ddhU/surfaces_definition/custom_MOL_AMINO_FlexAID.def -dat /Users/nf477/Projects_Natalia/GROMACS/gromacs_ab_ligand_toolkit/ab_ligand_md_8complexes/Surfaces/FlexAID.dat

$ /Users/nf477/anaconda3/envs/nrgsuite/bin/python /Users/nf477/Projects_Natalia/GROMACS/gromacs_ab_ligand_toolkit/ab_ligand_md_8complexes/Surfaces/clean_structure.py -f 1G10_ddhU_P001_DH76Y.pdb -def /Users/nf477/Projects_Natalia/GROMACS/gromacs_ab_ligand_toolkit/ab_ligand_md_8complexes/computational_DMS_top_occupancy_poses/1G10__ddhU/surfaces_definition/custom_MOL_AMINO_FlexAID.def

$ /Users/nf477/anaconda3/envs/nrgsuite/bin/python /Users/nf477/Projects_Natalia/GROMACS/gromacs_ab_ligand_toolkit/ab_ligand_md_8complexes/Surfaces/surface_cont_lig.py -f /Users/nf477/Projects_Natalia/GROMACS/gromacs_ab_ligand_toolkit/ab_ligand_md_8complexes/computational_DMS_top_occupancy_poses/1G10__ddhU/mutants/clean_1G10_ddhU_P001_DH76Y.pdb -c HL -lig MOL -o /Users/nf477/Projects_Natalia/GROMACS/gromacs_ab_ligand_toolkit/ab_ligand_md_8complexes/computational_DMS_top_occupancy_poses/1G10__ddhU/surfaces/DH76Y_output.csv -def /Users/nf477/Projects_Natalia/GROMACS/gromacs_ab_ligand_toolkit/ab_ligand_md_8complexes/computational_DMS_top_occupancy_poses/1G10__ddhU/surfaces_definition/custom_MOL_AMINO_FlexAID.def -dat /Users/nf477/Projects_Natalia/GROMACS/gromacs_ab_ligand_toolkit/ab_ligand_md_8complexes/Surfaces/FlexAID.dat

