$ /Users/nf477/anaconda3/envs/nrgsuite/bin/python /Users/nf477/Projects_Natalia/GROMACS/gromacs_ab_ligand_toolkit/ab_ligand_md_8complexes/Surfaces/clean_structure.py -f 4E2_ddhCTP_P001_WT_top_pose.pdb -def /Users/nf477/Projects_Natalia/GROMACS/gromacs_ab_ligand_toolkit/ab_ligand_md_8complexes/computational_DMS_top_occupancy_poses/4E2__ddhCTP/surfaces_definition/custom_MOL_AMINO_FlexAID.def
WARNING: ATOM H1 NOT DEFINED FOR CYS
WARNING: ATOM H2 NOT DEFINED FOR CYS
WARNING: ATOM H3 NOT DEFINED FOR CYS
WARNING: ATOM HA NOT DEFINED FOR CYS
WARNING: ATOM HB1 NOT DEFINED FOR CYS
WARNING: ATOM HB2 NOT DEFINED FOR CYS
WARNING: ATOM HG NOT DEFINED FOR CYS
WARNING: ATOM H NOT DEFINED FOR GLN
WARNING: ATOM HA NOT DEFINED FOR GLN
WARNING: ATOM HB1 NOT DEFINED FOR GLN
WARNING: ATOM HB2 NOT DEFINED FOR GLN
WARNING: ATOM HG1 NOT DEFINED FOR GLN
WARNING: ATOM HG2 NOT DEFINED FOR GLN
WARNING: ATOM HE21 NOT DEFINED FOR GLN
WARNING: ATOM HE22 NOT DEFINED FOR GLN
WARNING: ATOM H NOT DEFINED FOR SER
WARNING: ATOM HA NOT DEFINED FOR SER
WARNING: ATOM HB1 NOT DEFINED FOR SER
WARNING: ATOM HB2 NOT DEFINED FOR SER
WARNING: ATOM HG NOT DEFINED FOR SER
WARNING: ATOM H NOT DEFINED FOR LEU
WARNING: ATOM HA NOT DEFINED FOR LEU
WARNING: ATOM HB1 NOT DEFINED FOR LEU
WARNING: ATOM HB2 NOT DEFINED FOR LEU
WARNING: ATOM HG NOT DEFINED FOR LEU
WARNING: ATOM HD11 NOT DEFINED FOR LEU
WARNING: ATOM HD12 NOT DEFINED FOR LEU
WARNING: ATOM HD13 NOT DEFINED FOR LEU
WARNING: ATOM HD21 NOT DEFINED FOR LEU
WARNING: ATOM HD22 NOT DEFINED FOR LEU
WARNING: ATOM HD23 NOT DEFINED FOR LEU
WARNING: ATOM H NOT DEFINED FOR GLU
WARNING: ATOM HA NOT DEFINED FOR GLU
WARNING: ATOM HB1 NOT DEFINED FOR GLU
WARNING: ATOM HB2 NOT DEFINED FOR GLU
WARNING: ATOM HG1 NOT DEFINED FOR GLU
WARNING: ATOM HG2 NOT DEFINED FOR GLU
WARNING: ATOM H NOT DEFINED FOR GLU
WARNING: ATOM HA NOT DEFINED FOR GLU
WARNING: ATOM HB1 NOT DEFINED FOR GLU
WARNING: ATOM HB2 NOT DEFINED FOR GLU
WARNING: ATOM HG1 NOT DEFINED FOR GLU
WARNING: ATOM HG2 NOT DEFINED FOR GLU
WARNING: ATOM H NOT DEFINED FOR SER
WARNING: ATOM HA NOT DEFINED FOR SER
WARNING: ATOM HB1 NOT DEFINED FOR SER
WARNING: ATOM HB2 NOT DEFINED FOR SER
WARNING: ATOM HG NOT DEFINED FOR SER
WARNING: ATOM H NOT DEFINED FOR GLY
WARNING: ATOM HA1 NOT DEFINED FOR GLY
WARNING: ATOM HA2 NOT DEFINED FOR GLY
WARNING: ATOM H NOT DEFINED FOR GLY
WARNING: ATOM HA1 NOT DEFINED FOR GLY
WARNING: ATOM HA2 NOT DEFINED FOR GLY
WARNING: ATOM H NOT DEFINED FOR ARG
WARNING: ATOM HA NOT DEFINED FOR ARG
WARNING: ATOM HB1 NOT DEFINED FOR ARG
WARNING: ATOM HB2 NOT DEFINED FOR ARG
WARNING: ATOM HG1 NOT DEFINED FOR ARG
WARNING: ATOM HG2 NOT DEFINED FOR ARG
WARNING: ATOM HD1 NOT DEFINED FOR ARG
WARNING: ATOM HD2 NOT DEFINED FOR ARG
WARNING: ATOM HE NOT DEFINED FOR ARG
WARNING: ATOM HH11 NOT DEFINED FOR ARG
WARNING: ATOM HH12 NOT DEFINED FOR ARG
WARNING: ATOM HH21 NOT DEFINED FOR ARG
WARNING: ATOM HH22 NOT DEFINED FOR ARG
WARNING: ATOM H NOT DEFINED FOR LEU
WARNING: ATOM HA NOT DEFINED FOR LEU
WARNING: ATOM HB1 NOT DEFINED FOR LEU
WARNING: ATOM HB2 NOT DEFINED FOR LEU
WARNING: ATOM HG NOT DEFINED FOR LEU
WARNING: ATOM HD11 NOT DEFINED FOR LEU
WARNING: ATOM HD12 NOT DEFINED FOR LEU
WARNING: ATOM HD13 NOT DEFINED FOR LEU
WARNING: ATOM HD21 NOT DEFINED FOR LEU
WARNING: ATOM HD22 NOT DEFINED FOR LEU
WARNING: ATOM HD23 NOT DEFINED FOR LEU
WARNING: ATOM H NOT DEFINED FOR VAL
WARNING: ATOM HA NOT DEFINED FOR VAL
WARNING: ATOM HB NOT DEFINED FOR VAL
WARNING: ATOM HG11 NOT DEFINED FOR VAL
WARNING: ATOM HG12 NOT DEFINED FOR VAL
WARNING: ATOM HG13 NOT DEFINED FOR VAL
WARNING: ATOM HG21 NOT DEFINED FOR VAL
WARNING: ATOM HG22 NOT DEFINED FOR VAL
WARNING: ATOM HG23 NOT DEFINED FOR VAL
WARNING: ATOM H NOT DEFINED FOR THR
WARNING: ATOM HA NOT DEFINED FOR THR
WARNING: ATOM HB NOT DEFINED FOR THR
WARNING: ATOM HG21 NOT DEFINED FOR THR
WARNING: ATOM HG22 NOT DEFINED FOR THR
WARNING: ATOM HG23 NOT DEFINED FOR THR
WARNING: ATOM HG1 NOT DEFINED FOR THR
WARNING: ATOM HD1 NOT DEFINED FOR PRO
WARNING: ATOM HD2 NOT DEFINED FOR PRO
WARNING: ATOM HG1 NOT DEFINED FOR PRO
WARNING: ATOM HG2 NOT DEFINED FOR PRO
WARNING: ATOM HB1 NOT DEFINED FOR PRO
WARNING: ATOM HB2 NOT DEFINED FOR PRO
WARNING: ATOM HA NOT DEFINED FOR PRO
WARNING: ATOM H NOT DEFINED FOR GLY
WARNING: ATOM HA1 NOT DEFINED FOR GLY
WARNING: ATOM HA2 NOT DEFINED FOR GLY
WARNING: ATOM H NOT DEFINED FOR THR
WARNING: ATOM HA NOT DEFINED FOR THR
WARNING: ATOM HB NOT DEFINED FOR THR
WARNING: ATOM HG21 NOT DEFINED FOR THR
WARNING: ATOM HG22 NOT DEFINED FOR THR
WARNING: ATOM HG23 NOT DEFINED FOR THR
WARNING: ATOM HG1 NOT DEFINED FOR THR
WARNING: ATOM HD1 NOT DEFINED FOR PRO
WARNING: ATOM HD2 NOT DEFINED FOR PRO
WARNING: ATOM HG1 NOT DEFINED FOR PRO
WARNING: ATOM HG2 NOT DEFINED FOR PRO
WARNING: ATOM HB1 NOT DEFINED FOR PRO
WARNING: ATOM HB2 NOT DEFINED FOR PRO
WARNING: ATOM HA NOT DEFINED FOR PRO
WARNING: ATOM H NOT DEFINED FOR LEU
WARNING: ATOM HA NOT DEFINED FOR LEU
WARNING: ATOM HB1 NOT DEFINED FOR LEU
WARNING: ATOM HB2 NOT DEFINED FOR LEU
WARNING: ATOM HG NOT DEFINED FOR LEU
WARNING: ATOM HD11 NOT DEFINED FOR LEU
WARNING: ATOM HD12 NOT DEFINED FOR LEU
WARNING: ATOM HD13 NOT DEFINED FOR LEU
WARNING: ATOM HD21 NOT DEFINED FOR LEU
WARNING: ATOM HD22 NOT DEFINED FOR LEU
WARNING: ATOM HD23 NOT DEFINED FOR LEU
WARNING: ATOM H NOT DEFINED FOR THR
WARNING: ATOM HA NOT DEFINED FOR THR
WARNING: ATOM HB NOT DEFINED FOR THR
WARNING: ATOM HG21 NOT DEFINED FOR THR
WARNING: ATOM HG22 NOT DEFINED FOR THR
WARNING: ATOM HG23 NOT DEFINED FOR THR
WARNING: ATOM HG1 NOT DEFINED FOR THR
WARNING: ATOM H NOT DEFINED FOR LEU
WARNING: ATOM HA NOT DEFINED FOR LEU
WARNING: ATOM HB1 NOT DEFINED FOR LEU
WARNING: ATOM HB2 NOT DEFINED FOR LEU
WARNING: ATOM HG NOT DEFINED FOR LEU
WARNING: ATOM HD11 NOT DEFINED FOR LEU
WARNING: ATOM HD12 NOT DEFINED FOR LEU
WARNING: ATOM HD13 NOT DEFINED FOR LEU
WARNING: ATOM HD21 NOT DEFINED FOR LEU
WARNING: ATOM HD22 NOT DEFINED FOR LEU
WARNING: ATOM HD23 NOT DEFINED FOR LEU
WARNING: ATOM H NOT DEFINED FOR THR
WARNING: ATOM HA NOT DEFINED FOR THR
WARNING: ATOM HB NOT DEFINED FOR THR
WARNING: ATOM HG21 NOT DEFINED FOR THR
WARNING: ATOM HG22 NOT DEFINED FOR THR
WARNING: ATOM HG23 NOT DEFINED FOR THR
WARNING: ATOM HG1 NOT DEFINED FOR THR
WARNING: ATOM H NOT DEFINED FOR CYS
WARNING: ATOM HA NOT DEFINED FOR CYS
WARNING: ATOM HB1 NOT DEFINED FOR CYS
WARNING: ATOM HB2 NOT DEFINED FOR CYS
WARNING: ATOM H NOT DEFINED FOR THR
WARNING: ATOM HA NOT DEFINED FOR THR
WARNING: ATOM HB NOT DEFINED FOR THR
WARNING: ATOM HG21 NOT DEFINED FOR THR
WARNING: ATOM HG22 NOT DEFINED FOR THR
WARNING: ATOM HG23 NOT DEFINED FOR THR
WARNING: ATOM HG1 NOT DEFINED FOR THR
WARNING: ATOM H NOT DEFINED FOR ALA
WARNING: ATOM HA NOT DEFINED FOR ALA
WARNING: ATOM HB1 NOT DEFINED FOR ALA
WARNING: ATOM HB2 NOT DEFINED FOR ALA
WARNING: ATOM HB3 NOT DEFINED FOR ALA
WARNING: ATOM H NOT DEFINED FOR SER
WARNING: ATOM HA NOT DEFINED FOR SER
WARNING: ATOM HB1 NOT DEFINED FOR SER
WARNING: ATOM HB2 NOT DEFINED FOR SER
WARNING: ATOM HG NOT DEFINED FOR SER
WARNING: ATOM H NOT DEFINED FOR GLY
WARNING: ATOM HA1 NOT DEFINED FOR GLY
WARNING: ATOM HA2 NOT DEFINED FOR GLY
WARNING: ATOM H NOT DEFINED FOR PHE
WARNING: ATOM HA NOT DEFINED FOR PHE
WARNING: ATOM HB1 NOT DEFINED FOR PHE
WARNING: ATOM HB2 NOT DEFINED FOR PHE
WARNING: ATOM HD1 NOT DEFINED FOR PHE
WARNING: ATOM HE1 NOT DEFINED FOR PHE
WARNING: ATOM HZ NOT DEFINED FOR PHE
WARNING: ATOM HE2 NOT DEFINED FOR PHE
WARNING: ATOM HD2 NOT DEFINED FOR PHE
WARNING: ATOM H NOT DEFINED FOR ASP
WARNING: ATOM HA NOT DEFINED FOR ASP
WARNING: ATOM HB1 NOT DEFINED FOR ASP
WARNING: ATOM HB2 NOT DEFINED FOR ASP
WARNING: ATOM H NOT DEFINED FOR ILE
WARNING: ATOM HA NOT DEFINED FOR ILE
WARNING: ATOM HB NOT DEFINED FOR ILE
WARNING: ATOM HG21 NOT DEFINED FOR ILE
WARNING: ATOM HG22 NOT DEFINED FOR ILE
WARNING: ATOM HG23 NOT DEFINED FOR ILE
WARNING: ATOM HG11 NOT DEFINED FOR ILE
WARNING: ATOM HG12 NOT DEFINED FOR ILE
WARNING: ATOM HD1 NOT DEFINED FOR ILE
WARNING: ATOM HD2 NOT DEFINED FOR ILE
WARNING: ATOM HD3 NOT DEFINED FOR ILE
WARNING: ATOM H NOT DEFINED FOR SER
WARNING: ATOM HA NOT DEFINED FOR SER
WARNING: ATOM HB1 NOT DEFINED FOR SER
WARNING: ATOM HB2 NOT DEFINED FOR SER
WARNING: ATOM HG NOT DEFINED FOR SER
WARNING: ATOM H NOT DEFINED FOR THR
WARNING: ATOM HA NOT DEFINED FOR THR
WARNING: ATOM HB NOT DEFINED FOR THR
WARNING: ATOM HG21 NOT DEFINED FOR THR
WARNING: ATOM HG22 NOT DEFINED FOR THR
WARNING: ATOM HG23 NOT DEFINED FOR THR
WARNING: ATOM HG1 NOT DEFINED FOR THR
WARNING: ATOM H NOT DEFINED FOR TYR
WARNING: ATOM HA NOT DEFINED FOR TYR
WARNING: ATOM HB1 NOT DEFINED FOR TYR
WARNING: ATOM HB2 NOT DEFINED FOR TYR
WARNING: ATOM HD1 NOT DEFINED FOR TYR
WARNING: ATOM HE1 NOT DEFINED FOR TYR
WARNING: ATOM HH NOT DEFINED FOR TYR
WARNING: ATOM HE2 NOT DEFINED FOR TYR
WARNING: ATOM HD2 NOT DEFINED FOR TYR
WARNING: ATOM H NOT DEFINED FOR ASN
WARNING: ATOM HA NOT DEFINED FOR ASN
WARNING: ATOM HB1 NOT DEFINED FOR ASN
WARNING: ATOM HB2 NOT DEFINED FOR ASN
WARNING: ATOM HD21 NOT DEFINED FOR ASN
WARNING: ATOM HD22 NOT DEFINED FOR ASN
WARNING: ATOM H NOT DEFINED FOR ILE
WARNING: ATOM HA NOT DEFINED FOR ILE
WARNING: ATOM HB NOT DEFINED FOR ILE
WARNING: ATOM HG21 NOT DEFINED FOR ILE
WARNING: ATOM HG22 NOT DEFINED FOR ILE
WARNING: ATOM HG23 NOT DEFINED FOR ILE
WARNING: ATOM HG11 NOT DEFINED FOR ILE
WARNING: ATOM HG12 NOT DEFINED FOR ILE
WARNING: ATOM HD1 NOT DEFINED FOR ILE
WARNING: ATOM HD2 NOT DEFINED FOR ILE
WARNING: ATOM HD3 NOT DEFINED FOR ILE
WARNING: ATOM H NOT DEFINED FOR GLN
WARNING: ATOM HA NOT DEFINED FOR GLN
WARNING: ATOM HB1 NOT DEFINED FOR GLN
WARNING: ATOM HB2 NOT DEFINED FOR GLN
WARNING: ATOM HG1 NOT DEFINED FOR GLN
WARNING: ATOM HG2 NOT DEFINED FOR GLN
WARNING: ATOM HE21 NOT DEFINED FOR GLN
WARNING: ATOM HE22 NOT DEFINED FOR GLN
WARNING: ATOM H NOT DEFINED FOR TRP
WARNING: ATOM HA NOT DEFINED FOR TRP
WARNING: ATOM HB1 NOT DEFINED FOR TRP
WARNING: ATOM HB2 NOT DEFINED FOR TRP
WARNING: ATOM HD1 NOT DEFINED FOR TRP
WARNING: ATOM HE1 NOT DEFINED FOR TRP
WARNING: ATOM HZ2 NOT DEFINED FOR TRP
WARNING: ATOM HH2 NOT DEFINED FOR TRP
WARNING: ATOM HZ3 NOT DEFINED FOR TRP
WARNING: ATOM HE3 NOT DEFINED FOR TRP
WARNING: ATOM H NOT DEFINED FOR VAL
WARNING: ATOM HA NOT DEFINED FOR VAL
WARNING: ATOM HB NOT DEFINED FOR VAL
WARNING: ATOM HG11 NOT DEFINED FOR VAL
WARNING: ATOM HG12 NOT DEFINED FOR VAL
WARNING: ATOM HG13 NOT DEFINED FOR VAL
WARNING: ATOM HG21 NOT DEFINED FOR VAL
WARNING: ATOM HG22 NOT DEFINED FOR VAL
WARNING: ATOM HG23 NOT DEFINED FOR VAL
WARNING: ATOM H NOT DEFINED FOR ARG
WARNING: ATOM HA NOT DEFINED FOR ARG
WARNING: ATOM HB1 NOT DEFINED FOR ARG
WARNING: ATOM HB2 NOT DEFINED FOR ARG
WARNING: ATOM HG1 NOT DEFINED FOR ARG
WARNING: ATOM HG2 NOT DEFINED FOR ARG
WARNING: ATOM HD1 NOT DEFINED FOR ARG
WARNING: ATOM HD2 NOT DEFINED FOR ARG
WARNING: ATOM HE NOT DEFINED FOR ARG
WARNING: ATOM HH11 NOT DEFINED FOR ARG
WARNING: ATOM HH12 NOT DEFINED FOR ARG
WARNING: ATOM HH21 NOT DEFINED FOR ARG
WARNING: ATOM HH22 NOT DEFINED FOR ARG
WARNING: ATOM H NOT DEFINED FOR GLN
WARNING: ATOM HA NOT DEFINED FOR GLN
WARNING: ATOM HB1 NOT DEFINED FOR GLN
WARNING: ATOM HB2 NOT DEFINED FOR GLN
WARNING: ATOM HG1 NOT DEFINED FOR GLN
WARNING: ATOM HG2 NOT DEFINED FOR GLN
WARNING: ATOM HE21 NOT DEFINED FOR GLN
WARNING: ATOM HE22 NOT DEFINED FOR GLN
WARNING: ATOM H NOT DEFINED FOR ALA
WARNING: ATOM HA NOT DEFINED FOR ALA
WARNING: ATOM HB1 NOT DEFINED FOR ALA
WARNING: ATOM HB2 NOT DEFINED FOR ALA
WARNING: ATOM HB3 NOT DEFINED FOR ALA
WARNING: ATOM HD1 NOT DEFINED FOR PRO
WARNING: ATOM HD2 NOT DEFINED FOR PRO
WARNING: ATOM HG1 NOT DEFINED FOR PRO
WARNING: ATOM HG2 NOT DEFINED FOR PRO
WARNING: ATOM HB1 NOT DEFINED FOR PRO
WARNING: ATOM HB2 NOT DEFINED FOR PRO
WARNING: ATOM HA NOT DEFINED FOR PRO
WARNING: ATOM H NOT DEFINED FOR GLY
WARNING: ATOM HA1 NOT DEFINED FOR GLY
WARNING: ATOM HA2 NOT DEFINED FOR GLY
WARNING: ATOM H NOT DEFINED FOR LYS
WARNING: ATOM HA NOT DEFINED FOR LYS
WARNING: ATOM HB1 NOT DEFINED FOR LYS
WARNING: ATOM HB2 NOT DEFINED FOR LYS
WARNING: ATOM HG1 NOT DEFINED FOR LYS
WARNING: ATOM HG2 NOT DEFINED FOR LYS
WARNING: ATOM HD1 NOT DEFINED FOR LYS
WARNING: ATOM HD2 NOT DEFINED FOR LYS
WARNING: ATOM HE1 NOT DEFINED FOR LYS
WARNING: ATOM HE2 NOT DEFINED FOR LYS
WARNING: ATOM HZ1 NOT DEFINED FOR LYS
WARNING: ATOM HZ2 NOT DEFINED FOR LYS
WARNING: ATOM HZ3 NOT DEFINED FOR LYS
WARNING: ATOM H NOT DEFINED FOR GLY
WARNING: ATOM HA1 NOT DEFINED FOR GLY
WARNING: ATOM HA2 NOT DEFINED FOR GLY
WARNING: ATOM H NOT DEFINED FOR LEU
WARNING: ATOM HA NOT DEFINED FOR LEU
WARNING: ATOM HB1 NOT DEFINED FOR LEU
WARNING: ATOM HB2 NOT DEFINED FOR LEU
WARNING: ATOM HG NOT DEFINED FOR LEU
WARNING: ATOM HD11 NOT DEFINED FOR LEU
WARNING: ATOM HD12 NOT DEFINED FOR LEU
WARNING: ATOM HD13 NOT DEFINED FOR LEU
WARNING: ATOM HD21 NOT DEFINED FOR LEU
WARNING: ATOM HD22 NOT DEFINED FOR LEU
WARNING: ATOM HD23 NOT DEFINED FOR LEU
WARNING: ATOM H NOT DEFINED FOR GLU
WARNING: ATOM HA NOT DEFINED FOR GLU
WARNING: ATOM HB1 NOT DEFINED FOR GLU
WARNING: ATOM HB2 NOT DEFINED FOR GLU
WARNING: ATOM HG1 NOT DEFINED FOR GLU
WARNING: ATOM HG2 NOT DEFINED FOR GLU
WARNING: ATOM H NOT DEFINED FOR TRP
WARNING: ATOM HA NOT DEFINED FOR TRP
WARNING: ATOM HB1 NOT DEFINED FOR TRP
WARNING: ATOM HB2 NOT DEFINED FOR TRP
WARNING: ATOM HD1 NOT DEFINED FOR TRP
WARNING: ATOM HE1 NOT DEFINED FOR TRP
WARNING: ATOM HZ2 NOT DEFINED FOR TRP
WARNING: ATOM HH2 NOT DEFINED FOR TRP
WARNING: ATOM HZ3 NOT DEFINED FOR TRP
WARNING: ATOM HE3 NOT DEFINED FOR TRP
WARNING: ATOM H NOT DEFINED FOR ILE
WARNING: ATOM HA NOT DEFINED FOR ILE
WARNING: ATOM HB NOT DEFINED FOR ILE
WARNING: ATOM HG21 NOT DEFINED FOR ILE
WARNING: ATOM HG22 NOT DEFINED FOR ILE
WARNING: ATOM HG23 NOT DEFINED FOR ILE
WARNING: ATOM HG11 NOT DEFINED FOR ILE
WARNING: ATOM HG12 NOT DEFINED FOR ILE
WARNING: ATOM HD1 NOT DEFINED FOR ILE
WARNING: ATOM HD2 NOT DEFINED FOR ILE
WARNING: ATOM HD3 NOT DEFINED FOR ILE
WARNING: ATOM H NOT DEFINED FOR GLY
WARNING: ATOM HA1 NOT DEFINED FOR GLY
WARNING: ATOM HA2 NOT DEFINED FOR GLY
WARNING: ATOM H NOT DEFINED FOR ILE
WARNING: ATOM HA NOT DEFINED FOR ILE
WARNING: ATOM HB NOT DEFINED FOR ILE
WARNING: ATOM HG21 NOT DEFINED FOR ILE
WARNING: ATOM HG22 NOT DEFINED FOR ILE
WARNING: ATOM HG23 NOT DEFINED FOR ILE
WARNING: ATOM HG11 NOT DEFINED FOR ILE
WARNING: ATOM HG12 NOT DEFINED FOR ILE
WARNING: ATOM HD1 NOT DEFINED FOR ILE
WARNING: ATOM HD2 NOT DEFINED FOR ILE
WARNING: ATOM HD3 NOT DEFINED FOR ILE
WARNING: ATOM H NOT DEFINED FOR ILE
WARNING: ATOM HA NOT DEFINED FOR ILE
WARNING: ATOM HB NOT DEFINED FOR ILE
WARNING: ATOM HG21 NOT DEFINED FOR ILE
WARNING: ATOM HG22 NOT DEFINED FOR ILE
WARNING: ATOM HG23 NOT DEFINED FOR ILE
WARNING: ATOM HG11 NOT DEFINED FOR ILE
WARNING: ATOM HG12 NOT DEFINED FOR ILE
WARNING: ATOM HD1 NOT DEFINED FOR ILE
WARNING: ATOM HD2 NOT DEFINED FOR ILE
WARNING: ATOM HD3 NOT DEFINED FOR ILE
WARNING: ATOM H NOT DEFINED FOR ASN
WARNING: ATOM HA NOT DEFINED FOR ASN
WARNING: ATOM HB1 NOT DEFINED FOR ASN
WARNING: ATOM HB2 NOT DEFINED FOR ASN
WARNING: ATOM HD21 NOT DEFINED FOR ASN
WARNING: ATOM HD22 NOT DEFINED FOR ASN
WARNING: ATOM H NOT DEFINED FOR SER
WARNING: ATOM HA NOT DEFINED FOR SER
WARNING: ATOM HB1 NOT DEFINED FOR SER
WARNING: ATOM HB2 NOT DEFINED FOR SER
WARNING: ATOM HG NOT DEFINED FOR SER
WARNING: ATOM H NOT DEFINED FOR VAL
WARNING: ATOM HA NOT DEFINED FOR VAL
WARNING: ATOM HB NOT DEFINED FOR VAL
WARNING: ATOM HG11 NOT DEFINED FOR VAL
WARNING: ATOM HG12 NOT DEFINED FOR VAL
WARNING: ATOM HG13 NOT DEFINED FOR VAL
WARNING: ATOM HG21 NOT DEFINED FOR VAL
WARNING: ATOM HG22 NOT DEFINED FOR VAL
WARNING: ATOM HG23 NOT DEFINED FOR VAL
WARNING: ATOM H NOT DEFINED FOR GLY
WARNING: ATOM HA1 NOT DEFINED FOR GLY
WARNING: ATOM HA2 NOT DEFINED FOR GLY
WARNING: ATOM H NOT DEFINED FOR SER
WARNING: ATOM HA NOT DEFINED FOR SER
WARNING: ATOM HB1 NOT DEFINED FOR SER
WARNING: ATOM HB2 NOT DEFINED FOR SER
WARNING: ATOM HG NOT DEFINED FOR SER
WARNING: ATOM H NOT DEFINED FOR ALA
WARNING: ATOM HA NOT DEFINED FOR ALA
WARNING: ATOM HB1 NOT DEFINED FOR ALA
WARNING: ATOM HB2 NOT DEFINED FOR ALA
WARNING: ATOM HB3 NOT DEFINED FOR ALA
WARNING: ATOM H NOT DEFINED FOR TYR
WARNING: ATOM HA NOT DEFINED FOR TYR
WARNING: ATOM HB1 NOT DEFINED FOR TYR
WARNING: ATOM HB2 NOT DEFINED FOR TYR
WARNING: ATOM HD1 NOT DEFINED FOR TYR
WARNING: ATOM HE1 NOT DEFINED FOR TYR
WARNING: ATOM HH NOT DEFINED FOR TYR
WARNING: ATOM HE2 NOT DEFINED FOR TYR
WARNING: ATOM HD2 NOT DEFINED FOR TYR
WARNING: ATOM H NOT DEFINED FOR HIS
WARNING: ATOM HA NOT DEFINED FOR HIS
WARNING: ATOM HB1 NOT DEFINED FOR HIS
WARNING: ATOM HB2 NOT DEFINED FOR HIS
WARNING: ATOM HE1 NOT DEFINED FOR HIS
WARNING: ATOM HE2 NOT DEFINED FOR HIS
WARNING: ATOM HD2 NOT DEFINED FOR HIS
WARNING: ATOM H NOT DEFINED FOR ALA
WARNING: ATOM HA NOT DEFINED FOR ALA
WARNING: ATOM HB1 NOT DEFINED FOR ALA
WARNING: ATOM HB2 NOT DEFINED FOR ALA
WARNING: ATOM HB3 NOT DEFINED FOR ALA
WARNING: ATOM H NOT DEFINED FOR SER
WARNING: ATOM HA NOT DEFINED FOR SER
WARNING: ATOM HB1 NOT DEFINED FOR SER
WARNING: ATOM HB2 NOT DEFINED FOR SER
WARNING: ATOM HG NOT DEFINED FOR SER
WARNING: ATOM H NOT DEFINED FOR TRP
WARNING: ATOM HA NOT DEFINED FOR TRP
WARNING: ATOM HB1 NOT DEFINED FOR TRP
WARNING: ATOM HB2 NOT DEFINED FOR TRP
WARNING: ATOM HD1 NOT DEFINED FOR TRP
WARNING: ATOM HE1 NOT DEFINED FOR TRP
WARNING: ATOM HZ2 NOT DEFINED FOR TRP
WARNING: ATOM HH2 NOT DEFINED FOR TRP
WARNING: ATOM HZ3 NOT DEFINED FOR TRP
WARNING: ATOM HE3 NOT DEFINED FOR TRP
WARNING: ATOM H NOT DEFINED FOR ALA
WARNING: ATOM HA NOT DEFINED FOR ALA
WARNING: ATOM HB1 NOT DEFINED FOR ALA
WARNING: ATOM HB2 NOT DEFINED FOR ALA
WARNING: ATOM HB3 NOT DEFINED FOR ALA
WARNING: ATOM H NOT DEFINED FOR LYS
WARNING: ATOM HA NOT DEFINED FOR LYS
WARNING: ATOM HB1 NOT DEFINED FOR LYS
WARNING: ATOM HB2 NOT DEFINED FOR LYS
WARNING: ATOM HG1 NOT DEFINED FOR LYS
WARNING: ATOM HG2 NOT DEFINED FOR LYS
WARNING: ATOM HD1 NOT DEFINED FOR LYS
WARNING: ATOM HD2 NOT DEFINED FOR LYS
WARNING: ATOM HE1 NOT DEFINED FOR LYS
WARNING: ATOM HE2 NOT DEFINED FOR LYS
WARNING: ATOM HZ1 NOT DEFINED FOR LYS
WARNING: ATOM HZ2 NOT DEFINED FOR LYS
WARNING: ATOM HZ3 NOT DEFINED FOR LYS
WARNING: ATOM H NOT DEFINED FOR GLY
WARNING: ATOM HA1 NOT DEFINED FOR GLY
WARNING: ATOM HA2 NOT DEFINED FOR GLY
WARNING: ATOM H NOT DEFINED FOR ARG
WARNING: ATOM HA NOT DEFINED FOR ARG
WARNING: ATOM HB1 NOT DEFINED FOR ARG
WARNING: ATOM HB2 NOT DEFINED FOR ARG
WARNING: ATOM HG1 NOT DEFINED FOR ARG
WARNING: ATOM HG2 NOT DEFINED FOR ARG
WARNING: ATOM HD1 NOT DEFINED FOR ARG
WARNING: ATOM HD2 NOT DEFINED FOR ARG
WARNING: ATOM HE NOT DEFINED FOR ARG
WARNING: ATOM HH11 NOT DEFINED FOR ARG
WARNING: ATOM HH12 NOT DEFINED FOR ARG
WARNING: ATOM HH21 NOT DEFINED FOR ARG
WARNING: ATOM HH22 NOT DEFINED FOR ARG
WARNING: ATOM H NOT DEFINED FOR PHE
WARNING: ATOM HA NOT DEFINED FOR PHE
WARNING: ATOM HB1 NOT DEFINED FOR PHE
WARNING: ATOM HB2 NOT DEFINED FOR PHE
WARNING: ATOM HD1 NOT DEFINED FOR PHE
WARNING: ATOM HE1 NOT DEFINED FOR PHE
WARNING: ATOM HZ NOT DEFINED FOR PHE
WARNING: ATOM HE2 NOT DEFINED FOR PHE
WARNING: ATOM HD2 NOT DEFINED FOR PHE
WARNING: ATOM H NOT DEFINED FOR THR
WARNING: ATOM HA NOT DEFINED FOR THR
WARNING: ATOM HB NOT DEFINED FOR THR
WARNING: ATOM HG21 NOT DEFINED FOR THR
WARNING: ATOM HG22 NOT DEFINED FOR THR
WARNING: ATOM HG23 NOT DEFINED FOR THR
WARNING: ATOM HG1 NOT DEFINED FOR THR
WARNING: ATOM H NOT DEFINED FOR ILE
WARNING: ATOM HA NOT DEFINED FOR ILE
WARNING: ATOM HB NOT DEFINED FOR ILE
WARNING: ATOM HG21 NOT DEFINED FOR ILE
WARNING: ATOM HG22 NOT DEFINED FOR ILE
WARNING: ATOM HG23 NOT DEFINED FOR ILE
WARNING: ATOM HG11 NOT DEFINED FOR ILE
WARNING: ATOM HG12 NOT DEFINED FOR ILE
WARNING: ATOM HD1 NOT DEFINED FOR ILE
WARNING: ATOM HD2 NOT DEFINED FOR ILE
WARNING: ATOM HD3 NOT DEFINED FOR ILE
WARNING: ATOM H NOT DEFINED FOR SER
WARNING: ATOM HA NOT DEFINED FOR SER
WARNING: ATOM HB1 NOT DEFINED FOR SER
WARNING: ATOM HB2 NOT DEFINED FOR SER
WARNING: ATOM HG NOT DEFINED FOR SER
WARNING: ATOM H NOT DEFINED FOR ARG
WARNING: ATOM HA NOT DEFINED FOR ARG
WARNING: ATOM HB1 NOT DEFINED FOR ARG
WARNING: ATOM HB2 NOT DEFINED FOR ARG
WARNING: ATOM HG1 NOT DEFINED FOR ARG
WARNING: ATOM HG2 NOT DEFINED FOR ARG
WARNING: ATOM HD1 NOT DEFINED FOR ARG
WARNING: ATOM HD2 NOT DEFINED FOR ARG
WARNING: ATOM HE NOT DEFINED FOR ARG
WARNING: ATOM HH11 NOT DEFINED FOR ARG
WARNING: ATOM HH12 NOT DEFINED FOR ARG
WARNING: ATOM HH21 NOT DEFINED FOR ARG
WARNING: ATOM HH22 NOT DEFINED FOR ARG
WARNING: ATOM H NOT DEFINED FOR THR
WARNING: ATOM HA NOT DEFINED FOR THR
WARNING: ATOM HB NOT DEFINED FOR THR
WARNING: ATOM HG21 NOT DEFINED FOR THR
WARNING: ATOM HG22 NOT DEFINED FOR THR
WARNING: ATOM HG23 NOT DEFINED FOR THR
WARNING: ATOM HG1 NOT DEFINED FOR THR
WARNING: ATOM HD1 NOT DEFINED FOR PRO
WARNING: ATOM HD2 NOT DEFINED FOR PRO
WARNING: ATOM HG1 NOT DEFINED FOR PRO
WARNING: ATOM HG2 NOT DEFINED FOR PRO
WARNING: ATOM HB1 NOT DEFINED FOR PRO
WARNING: ATOM HB2 NOT DEFINED FOR PRO
WARNING: ATOM HA NOT DEFINED FOR PRO
WARNING: ATOM H NOT DEFINED FOR THR
WARNING: ATOM HA NOT DEFINED FOR THR
WARNING: ATOM HB NOT DEFINED FOR THR
WARNING: ATOM HG21 NOT DEFINED FOR THR
WARNING: ATOM HG22 NOT DEFINED FOR THR
WARNING: ATOM HG23 NOT DEFINED FOR THR
WARNING: ATOM HG1 NOT DEFINED FOR THR
WARNING: ATOM H NOT DEFINED FOR THR
WARNING: ATOM HA NOT DEFINED FOR THR
WARNING: ATOM HB NOT DEFINED FOR THR
WARNING: ATOM HG21 NOT DEFINED FOR THR
WARNING: ATOM HG22 NOT DEFINED FOR THR
WARNING: ATOM HG23 NOT DEFINED FOR THR
WARNING: ATOM HG1 NOT DEFINED FOR THR
WARNING: ATOM H NOT DEFINED FOR VAL
WARNING: ATOM HA NOT DEFINED FOR VAL
WARNING: ATOM HB NOT DEFINED FOR VAL
WARNING: ATOM HG11 NOT DEFINED FOR VAL
WARNING: ATOM HG12 NOT DEFINED FOR VAL
WARNING: ATOM HG13 NOT DEFINED FOR VAL
WARNING: ATOM HG21 NOT DEFINED FOR VAL
WARNING: ATOM HG22 NOT DEFINED FOR VAL
WARNING: ATOM HG23 NOT DEFINED FOR VAL
WARNING: ATOM H NOT DEFINED FOR ASP
WARNING: ATOM HA NOT DEFINED FOR ASP
WARNING: ATOM HB1 NOT DEFINED FOR ASP
WARNING: ATOM HB2 NOT DEFINED FOR ASP
WARNING: ATOM H NOT DEFINED FOR LEU
WARNING: ATOM HA NOT DEFINED FOR LEU
WARNING: ATOM HB1 NOT DEFINED FOR LEU
WARNING: ATOM HB2 NOT DEFINED FOR LEU
WARNING: ATOM HG NOT DEFINED FOR LEU
WARNING: ATOM HD11 NOT DEFINED FOR LEU
WARNING: ATOM HD12 NOT DEFINED FOR LEU
WARNING: ATOM HD13 NOT DEFINED FOR LEU
WARNING: ATOM HD21 NOT DEFINED FOR LEU
WARNING: ATOM HD22 NOT DEFINED FOR LEU
WARNING: ATOM HD23 NOT DEFINED FOR LEU
WARNING: ATOM H NOT DEFINED FOR LYS
WARNING: ATOM HA NOT DEFINED FOR LYS
WARNING: ATOM HB1 NOT DEFINED FOR LYS
WARNING: ATOM HB2 NOT DEFINED FOR LYS
WARNING: ATOM HG1 NOT DEFINED FOR LYS
WARNING: ATOM HG2 NOT DEFINED FOR LYS
WARNING: ATOM HD1 NOT DEFINED FOR LYS
WARNING: ATOM HD2 NOT DEFINED FOR LYS
WARNING: ATOM HE1 NOT DEFINED FOR LYS
WARNING: ATOM HE2 NOT DEFINED FOR LYS
WARNING: ATOM HZ1 NOT DEFINED FOR LYS
WARNING: ATOM HZ2 NOT DEFINED FOR LYS
WARNING: ATOM HZ3 NOT DEFINED FOR LYS
WARNING: ATOM H NOT DEFINED FOR ILE
WARNING: ATOM HA NOT DEFINED FOR ILE
WARNING: ATOM HB NOT DEFINED FOR ILE
WARNING: ATOM HG21 NOT DEFINED FOR ILE
WARNING: ATOM HG22 NOT DEFINED FOR ILE
WARNING: ATOM HG23 NOT DEFINED FOR ILE
WARNING: ATOM HG11 NOT DEFINED FOR ILE
WARNING: ATOM HG12 NOT DEFINED FOR ILE
WARNING: ATOM HD1 NOT DEFINED FOR ILE
WARNING: ATOM HD2 NOT DEFINED FOR ILE
WARNING: ATOM HD3 NOT DEFINED FOR ILE
WARNING: ATOM H NOT DEFINED FOR THR
WARNING: ATOM HA NOT DEFINED FOR THR
WARNING: ATOM HB NOT DEFINED FOR THR
WARNING: ATOM HG21 NOT DEFINED FOR THR
WARNING: ATOM HG22 NOT DEFINED FOR THR
WARNING: ATOM HG23 NOT DEFINED FOR THR
WARNING: ATOM HG1 NOT DEFINED FOR THR
WARNING: ATOM H NOT DEFINED FOR SER
WARNING: ATOM HA NOT DEFINED FOR SER
WARNING: ATOM HB1 NOT DEFINED FOR SER
WARNING: ATOM HB2 NOT DEFINED FOR SER
WARNING: ATOM HG NOT DEFINED FOR SER
WARNING: ATOM HD1 NOT DEFINED FOR PRO
WARNING: ATOM HD2 NOT DEFINED FOR PRO
WARNING: ATOM HG1 NOT DEFINED FOR PRO
WARNING: ATOM HG2 NOT DEFINED FOR PRO
WARNING: ATOM HB1 NOT DEFINED FOR PRO
WARNING: ATOM HB2 NOT DEFINED FOR PRO
WARNING: ATOM HA NOT DEFINED FOR PRO
WARNING: ATOM H NOT DEFINED FOR ILE
WARNING: ATOM HA NOT DEFINED FOR ILE
WARNING: ATOM HB NOT DEFINED FOR ILE
WARNING: ATOM HG21 NOT DEFINED FOR ILE
WARNING: ATOM HG22 NOT DEFINED FOR ILE
WARNING: ATOM HG23 NOT DEFINED FOR ILE
WARNING: ATOM HG11 NOT DEFINED FOR ILE
WARNING: ATOM HG12 NOT DEFINED FOR ILE
WARNING: ATOM HD1 NOT DEFINED FOR ILE
WARNING: ATOM HD2 NOT DEFINED FOR ILE
WARNING: ATOM HD3 NOT DEFINED FOR ILE
WARNING: ATOM H NOT DEFINED FOR THR
WARNING: ATOM HA NOT DEFINED FOR THR
WARNING: ATOM HB NOT DEFINED FOR THR
WARNING: ATOM HG21 NOT DEFINED FOR THR
WARNING: ATOM HG22 NOT DEFINED FOR THR
WARNING: ATOM HG23 NOT DEFINED FOR THR
WARNING: ATOM HG1 NOT DEFINED FOR THR
WARNING: ATOM H NOT DEFINED FOR GLU
WARNING: ATOM HA NOT DEFINED FOR GLU
WARNING: ATOM HB1 NOT DEFINED FOR GLU
WARNING: ATOM HB2 NOT DEFINED FOR GLU
WARNING: ATOM HG1 NOT DEFINED FOR GLU
WARNING: ATOM HG2 NOT DEFINED FOR GLU
WARNING: ATOM H NOT DEFINED FOR ASP
WARNING: ATOM HA NOT DEFINED FOR ASP
WARNING: ATOM HB1 NOT DEFINED FOR ASP
WARNING: ATOM HB2 NOT DEFINED FOR ASP
WARNING: ATOM H NOT DEFINED FOR THR
WARNING: ATOM HA NOT DEFINED FOR THR
WARNING: ATOM HB NOT DEFINED FOR THR
WARNING: ATOM HG21 NOT DEFINED FOR THR
WARNING: ATOM HG22 NOT DEFINED FOR THR
WARNING: ATOM HG23 NOT DEFINED FOR THR
WARNING: ATOM HG1 NOT DEFINED FOR THR
WARNING: ATOM H NOT DEFINED FOR ALA
WARNING: ATOM HA NOT DEFINED FOR ALA
WARNING: ATOM HB1 NOT DEFINED FOR ALA
WARNING: ATOM HB2 NOT DEFINED FOR ALA
WARNING: ATOM HB3 NOT DEFINED FOR ALA
WARNING: ATOM H NOT DEFINED FOR THR
WARNING: ATOM HA NOT DEFINED FOR THR
WARNING: ATOM HB NOT DEFINED FOR THR
WARNING: ATOM HG21 NOT DEFINED FOR THR
WARNING: ATOM HG22 NOT DEFINED FOR THR
WARNING: ATOM HG23 NOT DEFINED FOR THR
WARNING: ATOM HG1 NOT DEFINED FOR THR
WARNING: ATOM H NOT DEFINED FOR TYR
WARNING: ATOM HA NOT DEFINED FOR TYR
WARNING: ATOM HB1 NOT DEFINED FOR TYR
WARNING: ATOM HB2 NOT DEFINED FOR TYR
WARNING: ATOM HD1 NOT DEFINED FOR TYR
WARNING: ATOM HE1 NOT DEFINED FOR TYR
WARNING: ATOM HH NOT DEFINED FOR TYR
WARNING: ATOM HE2 NOT DEFINED FOR TYR
WARNING: ATOM HD2 NOT DEFINED FOR TYR
WARNING: ATOM H NOT DEFINED FOR PHE
WARNING: ATOM HA NOT DEFINED FOR PHE
WARNING: ATOM HB1 NOT DEFINED FOR PHE
WARNING: ATOM HB2 NOT DEFINED FOR PHE
WARNING: ATOM HD1 NOT DEFINED FOR PHE
WARNING: ATOM HE1 NOT DEFINED FOR PHE
WARNING: ATOM HZ NOT DEFINED FOR PHE
WARNING: ATOM HE2 NOT DEFINED FOR PHE
WARNING: ATOM HD2 NOT DEFINED FOR PHE
WARNING: ATOM H NOT DEFINED FOR CYS
WARNING: ATOM HA NOT DEFINED FOR CYS
WARNING: ATOM HB1 NOT DEFINED FOR CYS
WARNING: ATOM HB2 NOT DEFINED FOR CYS
WARNING: ATOM H NOT DEFINED FOR ALA
WARNING: ATOM HA NOT DEFINED FOR ALA
WARNING: ATOM HB1 NOT DEFINED FOR ALA
WARNING: ATOM HB2 NOT DEFINED FOR ALA
WARNING: ATOM HB3 NOT DEFINED FOR ALA
WARNING: ATOM H NOT DEFINED FOR ARG
WARNING: ATOM HA NOT DEFINED FOR ARG
WARNING: ATOM HB1 NOT DEFINED FOR ARG
WARNING: ATOM HB2 NOT DEFINED FOR ARG
WARNING: ATOM HG1 NOT DEFINED FOR ARG
WARNING: ATOM HG2 NOT DEFINED FOR ARG
WARNING: ATOM HD1 NOT DEFINED FOR ARG
WARNING: ATOM HD2 NOT DEFINED FOR ARG
WARNING: ATOM HE NOT DEFINED FOR ARG
WARNING: ATOM HH11 NOT DEFINED FOR ARG
WARNING: ATOM HH12 NOT DEFINED FOR ARG
WARNING: ATOM HH21 NOT DEFINED FOR ARG
WARNING: ATOM HH22 NOT DEFINED FOR ARG
WARNING: ATOM H NOT DEFINED FOR ALA
WARNING: ATOM HA NOT DEFINED FOR ALA
WARNING: ATOM HB1 NOT DEFINED FOR ALA
WARNING: ATOM HB2 NOT DEFINED FOR ALA
WARNING: ATOM HB3 NOT DEFINED FOR ALA
WARNING: ATOM H NOT DEFINED FOR LEU
WARNING: ATOM HA NOT DEFINED FOR LEU
WARNING: ATOM HB1 NOT DEFINED FOR LEU
WARNING: ATOM HB2 NOT DEFINED FOR LEU
WARNING: ATOM HG NOT DEFINED FOR LEU
WARNING: ATOM HD11 NOT DEFINED FOR LEU
WARNING: ATOM HD12 NOT DEFINED FOR LEU
WARNING: ATOM HD13 NOT DEFINED FOR LEU
WARNING: ATOM HD21 NOT DEFINED FOR LEU
WARNING: ATOM HD22 NOT DEFINED FOR LEU
WARNING: ATOM HD23 NOT DEFINED FOR LEU
WARNING: ATOM H NOT DEFINED FOR GLN
WARNING: ATOM HA NOT DEFINED FOR GLN
WARNING: ATOM HB1 NOT DEFINED FOR GLN
WARNING: ATOM HB2 NOT DEFINED FOR GLN
WARNING: ATOM HG1 NOT DEFINED FOR GLN
WARNING: ATOM HG2 NOT DEFINED FOR GLN
WARNING: ATOM HE21 NOT DEFINED FOR GLN
WARNING: ATOM HE22 NOT DEFINED FOR GLN
WARNING: ATOM HD1 NOT DEFINED FOR PRO
WARNING: ATOM HD2 NOT DEFINED FOR PRO
WARNING: ATOM HG1 NOT DEFINED FOR PRO
WARNING: ATOM HG2 NOT DEFINED FOR PRO
WARNING: ATOM HB1 NOT DEFINED FOR PRO
WARNING: ATOM HB2 NOT DEFINED FOR PRO
WARNING: ATOM HA NOT DEFINED FOR PRO
WARNING: ATOM H NOT DEFINED FOR TYR
WARNING: ATOM HA NOT DEFINED FOR TYR
WARNING: ATOM HB1 NOT DEFINED FOR TYR
WARNING: ATOM HB2 NOT DEFINED FOR TYR
WARNING: ATOM HD1 NOT DEFINED FOR TYR
WARNING: ATOM HE1 NOT DEFINED FOR TYR
WARNING: ATOM HH NOT DEFINED FOR TYR
WARNING: ATOM HE2 NOT DEFINED FOR TYR
WARNING: ATOM HD2 NOT DEFINED FOR TYR
WARNING: ATOM H NOT DEFINED FOR TYR
WARNING: ATOM HA NOT DEFINED FOR TYR
WARNING: ATOM HB1 NOT DEFINED FOR TYR
WARNING: ATOM HB2 NOT DEFINED FOR TYR
WARNING: ATOM HD1 NOT DEFINED FOR TYR
WARNING: ATOM HE1 NOT DEFINED FOR TYR
WARNING: ATOM HH NOT DEFINED FOR TYR
WARNING: ATOM HE2 NOT DEFINED FOR TYR
WARNING: ATOM HD2 NOT DEFINED FOR TYR
WARNING: ATOM H NOT DEFINED FOR VAL
WARNING: ATOM HA NOT DEFINED FOR VAL
WARNING: ATOM HB NOT DEFINED FOR VAL
WARNING: ATOM HG11 NOT DEFINED FOR VAL
WARNING: ATOM HG12 NOT DEFINED FOR VAL
WARNING: ATOM HG13 NOT DEFINED FOR VAL
WARNING: ATOM HG21 NOT DEFINED FOR VAL
WARNING: ATOM HG22 NOT DEFINED FOR VAL
WARNING: ATOM HG23 NOT DEFINED FOR VAL
WARNING: ATOM H NOT DEFINED FOR ASN
WARNING: ATOM HA NOT DEFINED FOR ASN
WARNING: ATOM HB1 NOT DEFINED FOR ASN
WARNING: ATOM HB2 NOT DEFINED FOR ASN
WARNING: ATOM HD21 NOT DEFINED FOR ASN
WARNING: ATOM HD22 NOT DEFINED FOR ASN
WARNING: ATOM H NOT DEFINED FOR ALA
WARNING: ATOM HA NOT DEFINED FOR ALA
WARNING: ATOM HB1 NOT DEFINED FOR ALA
WARNING: ATOM HB2 NOT DEFINED FOR ALA
WARNING: ATOM HB3 NOT DEFINED FOR ALA
WARNING: ATOM H NOT DEFINED FOR PHE
WARNING: ATOM HA NOT DEFINED FOR PHE
WARNING: ATOM HB1 NOT DEFINED FOR PHE
WARNING: ATOM HB2 NOT DEFINED FOR PHE
WARNING: ATOM HD1 NOT DEFINED FOR PHE
WARNING: ATOM HE1 NOT DEFINED FOR PHE
WARNING: ATOM HZ NOT DEFINED FOR PHE
WARNING: ATOM HE2 NOT DEFINED FOR PHE
WARNING: ATOM HD2 NOT DEFINED FOR PHE
WARNING: ATOM H NOT DEFINED FOR ASN
WARNING: ATOM HA NOT DEFINED FOR ASN
WARNING: ATOM HB1 NOT DEFINED FOR ASN
WARNING: ATOM HB2 NOT DEFINED FOR ASN
WARNING: ATOM HD21 NOT DEFINED FOR ASN
WARNING: ATOM HD22 NOT DEFINED FOR ASN
WARNING: ATOM H NOT DEFINED FOR ILE
WARNING: ATOM HA NOT DEFINED FOR ILE
WARNING: ATOM HB NOT DEFINED FOR ILE
WARNING: ATOM HG21 NOT DEFINED FOR ILE
WARNING: ATOM HG22 NOT DEFINED FOR ILE
WARNING: ATOM HG23 NOT DEFINED FOR ILE
WARNING: ATOM HG11 NOT DEFINED FOR ILE
WARNING: ATOM HG12 NOT DEFINED FOR ILE
WARNING: ATOM HD1 NOT DEFINED FOR ILE
WARNING: ATOM HD2 NOT DEFINED FOR ILE
WARNING: ATOM HD3 NOT DEFINED FOR ILE
WARNING: ATOM H NOT DEFINED FOR TRP
WARNING: ATOM HA NOT DEFINED FOR TRP
WARNING: ATOM HB1 NOT DEFINED FOR TRP
WARNING: ATOM HB2 NOT DEFINED FOR TRP
WARNING: ATOM HD1 NOT DEFINED FOR TRP
WARNING: ATOM HE1 NOT DEFINED FOR TRP
WARNING: ATOM HZ2 NOT DEFINED FOR TRP
WARNING: ATOM HH2 NOT DEFINED FOR TRP
WARNING: ATOM HZ3 NOT DEFINED FOR TRP
WARNING: ATOM HE3 NOT DEFINED FOR TRP
WARNING: ATOM H NOT DEFINED FOR GLY
WARNING: ATOM HA1 NOT DEFINED FOR GLY
WARNING: ATOM HA2 NOT DEFINED FOR GLY
WARNING: ATOM HD1 NOT DEFINED FOR PRO
WARNING: ATOM HD2 NOT DEFINED FOR PRO
WARNING: ATOM HG1 NOT DEFINED FOR PRO
WARNING: ATOM HG2 NOT DEFINED FOR PRO
WARNING: ATOM HB1 NOT DEFINED FOR PRO
WARNING: ATOM HB2 NOT DEFINED FOR PRO
WARNING: ATOM HA NOT DEFINED FOR PRO
WARNING: ATOM H NOT DEFINED FOR GLY
WARNING: ATOM HA1 NOT DEFINED FOR GLY
WARNING: ATOM HA2 NOT DEFINED FOR GLY
WARNING: ATOM H NOT DEFINED FOR THR
WARNING: ATOM HA NOT DEFINED FOR THR
WARNING: ATOM HB NOT DEFINED FOR THR
WARNING: ATOM HG21 NOT DEFINED FOR THR
WARNING: ATOM HG22 NOT DEFINED FOR THR
WARNING: ATOM HG23 NOT DEFINED FOR THR
WARNING: ATOM HG1 NOT DEFINED FOR THR
WARNING: ATOM H NOT DEFINED FOR LEU
WARNING: ATOM HA NOT DEFINED FOR LEU
WARNING: ATOM HB1 NOT DEFINED FOR LEU
WARNING: ATOM HB2 NOT DEFINED FOR LEU
WARNING: ATOM HG NOT DEFINED FOR LEU
WARNING: ATOM HD11 NOT DEFINED FOR LEU
WARNING: ATOM HD12 NOT DEFINED FOR LEU
WARNING: ATOM HD13 NOT DEFINED FOR LEU
WARNING: ATOM HD21 NOT DEFINED FOR LEU
WARNING: ATOM HD22 NOT DEFINED FOR LEU
WARNING: ATOM HD23 NOT DEFINED FOR LEU
WARNING: ATOM H NOT DEFINED FOR VAL
WARNING: ATOM HA NOT DEFINED FOR VAL
WARNING: ATOM HB NOT DEFINED FOR VAL
WARNING: ATOM HG11 NOT DEFINED FOR VAL
WARNING: ATOM HG12 NOT DEFINED FOR VAL
WARNING: ATOM HG13 NOT DEFINED FOR VAL
WARNING: ATOM HG21 NOT DEFINED FOR VAL
WARNING: ATOM HG22 NOT DEFINED FOR VAL
WARNING: ATOM HG23 NOT DEFINED FOR VAL
WARNING: ATOM H NOT DEFINED FOR THR
WARNING: ATOM HA NOT DEFINED FOR THR
WARNING: ATOM HB NOT DEFINED FOR THR
WARNING: ATOM HG21 NOT DEFINED FOR THR
WARNING: ATOM HG22 NOT DEFINED FOR THR
WARNING: ATOM HG23 NOT DEFINED FOR THR
WARNING: ATOM HG1 NOT DEFINED FOR THR
WARNING: ATOM H NOT DEFINED FOR VAL
WARNING: ATOM HA NOT DEFINED FOR VAL
WARNING: ATOM HB NOT DEFINED FOR VAL
WARNING: ATOM HG11 NOT DEFINED FOR VAL
WARNING: ATOM HG12 NOT DEFINED FOR VAL
WARNING: ATOM HG13 NOT DEFINED FOR VAL
WARNING: ATOM HG21 NOT DEFINED FOR VAL
WARNING: ATOM HG22 NOT DEFINED FOR VAL
WARNING: ATOM HG23 NOT DEFINED FOR VAL
WARNING: ATOM H NOT DEFINED FOR SER
WARNING: ATOM HA NOT DEFINED FOR SER
WARNING: ATOM HB1 NOT DEFINED FOR SER
WARNING: ATOM HB2 NOT DEFINED FOR SER
WARNING: ATOM HG NOT DEFINED FOR SER
WARNING: ATOM H NOT DEFINED FOR LEU
WARNING: ATOM HA NOT DEFINED FOR LEU
WARNING: ATOM HB1 NOT DEFINED FOR LEU
WARNING: ATOM HB2 NOT DEFINED FOR LEU
WARNING: ATOM HG NOT DEFINED FOR LEU
WARNING: ATOM HD11 NOT DEFINED FOR LEU
WARNING: ATOM HD12 NOT DEFINED FOR LEU
WARNING: ATOM HD13 NOT DEFINED FOR LEU
WARNING: ATOM HD21 NOT DEFINED FOR LEU
WARNING: ATOM HD22 NOT DEFINED FOR LEU
WARNING: ATOM HD23 NOT DEFINED FOR LEU
WARNING: ATOM H1 NOT DEFINED FOR ALA
WARNING: ATOM H2 NOT DEFINED FOR ALA
WARNING: ATOM H3 NOT DEFINED FOR ALA
WARNING: ATOM HA NOT DEFINED FOR ALA
WARNING: ATOM HB1 NOT DEFINED FOR ALA
WARNING: ATOM HB2 NOT DEFINED FOR ALA
WARNING: ATOM HB3 NOT DEFINED FOR ALA
WARNING: ATOM H NOT DEFINED FOR GLN
WARNING: ATOM HA NOT DEFINED FOR GLN
WARNING: ATOM HB1 NOT DEFINED FOR GLN
WARNING: ATOM HB2 NOT DEFINED FOR GLN
WARNING: ATOM HG1 NOT DEFINED FOR GLN
WARNING: ATOM HG2 NOT DEFINED FOR GLN
WARNING: ATOM HE21 NOT DEFINED FOR GLN
WARNING: ATOM HE22 NOT DEFINED FOR GLN
WARNING: ATOM H NOT DEFINED FOR VAL
WARNING: ATOM HA NOT DEFINED FOR VAL
WARNING: ATOM HB NOT DEFINED FOR VAL
WARNING: ATOM HG11 NOT DEFINED FOR VAL
WARNING: ATOM HG12 NOT DEFINED FOR VAL
WARNING: ATOM HG13 NOT DEFINED FOR VAL
WARNING: ATOM HG21 NOT DEFINED FOR VAL
WARNING: ATOM HG22 NOT DEFINED FOR VAL
WARNING: ATOM HG23 NOT DEFINED FOR VAL
WARNING: ATOM H NOT DEFINED FOR LEU
WARNING: ATOM HA NOT DEFINED FOR LEU
WARNING: ATOM HB1 NOT DEFINED FOR LEU
WARNING: ATOM HB2 NOT DEFINED FOR LEU
WARNING: ATOM HG NOT DEFINED FOR LEU
WARNING: ATOM HD11 NOT DEFINED FOR LEU
WARNING: ATOM HD12 NOT DEFINED FOR LEU
WARNING: ATOM HD13 NOT DEFINED FOR LEU
WARNING: ATOM HD21 NOT DEFINED FOR LEU
WARNING: ATOM HD22 NOT DEFINED FOR LEU
WARNING: ATOM HD23 NOT DEFINED FOR LEU
WARNING: ATOM H NOT DEFINED FOR THR
WARNING: ATOM HA NOT DEFINED FOR THR
WARNING: ATOM HB NOT DEFINED FOR THR
WARNING: ATOM HG21 NOT DEFINED FOR THR
WARNING: ATOM HG22 NOT DEFINED FOR THR
WARNING: ATOM HG23 NOT DEFINED FOR THR
WARNING: ATOM HG1 NOT DEFINED FOR THR
WARNING: ATOM H NOT DEFINED FOR GLN
WARNING: ATOM HA NOT DEFINED FOR GLN
WARNING: ATOM HB1 NOT DEFINED FOR GLN
WARNING: ATOM HB2 NOT DEFINED FOR GLN
WARNING: ATOM HG1 NOT DEFINED FOR GLN
WARNING: ATOM HG2 NOT DEFINED FOR GLN
WARNING: ATOM HE21 NOT DEFINED FOR GLN
WARNING: ATOM HE22 NOT DEFINED FOR GLN
WARNING: ATOM H NOT DEFINED FOR THR
WARNING: ATOM HA NOT DEFINED FOR THR
WARNING: ATOM HB NOT DEFINED FOR THR
WARNING: ATOM HG21 NOT DEFINED FOR THR
WARNING: ATOM HG22 NOT DEFINED FOR THR
WARNING: ATOM HG23 NOT DEFINED FOR THR
WARNING: ATOM HG1 NOT DEFINED FOR THR
WARNING: ATOM H NOT DEFINED FOR ALA
WARNING: ATOM HA NOT DEFINED FOR ALA
WARNING: ATOM HB1 NOT DEFINED FOR ALA
WARNING: ATOM HB2 NOT DEFINED FOR ALA
WARNING: ATOM HB3 NOT DEFINED FOR ALA
WARNING: ATOM H NOT DEFINED FOR SER
WARNING: ATOM HA NOT DEFINED FOR SER
WARNING: ATOM HB1 NOT DEFINED FOR SER
WARNING: ATOM HB2 NOT DEFINED FOR SER
WARNING: ATOM HG NOT DEFINED FOR SER
WARNING: ATOM H NOT DEFINED FOR SER
WARNING: ATOM HA NOT DEFINED FOR SER
WARNING: ATOM HB1 NOT DEFINED FOR SER
WARNING: ATOM HB2 NOT DEFINED FOR SER
WARNING: ATOM HG NOT DEFINED FOR SER
WARNING: ATOM H NOT DEFINED FOR VAL
WARNING: ATOM HA NOT DEFINED FOR VAL
WARNING: ATOM HB NOT DEFINED FOR VAL
WARNING: ATOM HG11 NOT DEFINED FOR VAL
WARNING: ATOM HG12 NOT DEFINED FOR VAL
WARNING: ATOM HG13 NOT DEFINED FOR VAL
WARNING: ATOM HG21 NOT DEFINED FOR VAL
WARNING: ATOM HG22 NOT DEFINED FOR VAL
WARNING: ATOM HG23 NOT DEFINED FOR VAL
WARNING: ATOM H NOT DEFINED FOR SER
WARNING: ATOM HA NOT DEFINED FOR SER
WARNING: ATOM HB1 NOT DEFINED FOR SER
WARNING: ATOM HB2 NOT DEFINED FOR SER
WARNING: ATOM HG NOT DEFINED FOR SER
WARNING: ATOM H NOT DEFINED FOR ALA
WARNING: ATOM HA NOT DEFINED FOR ALA
WARNING: ATOM HB1 NOT DEFINED FOR ALA
WARNING: ATOM HB2 NOT DEFINED FOR ALA
WARNING: ATOM HB3 NOT DEFINED FOR ALA
WARNING: ATOM H NOT DEFINED FOR ALA
WARNING: ATOM HA NOT DEFINED FOR ALA
WARNING: ATOM HB1 NOT DEFINED FOR ALA
WARNING: ATOM HB2 NOT DEFINED FOR ALA
WARNING: ATOM HB3 NOT DEFINED FOR ALA
WARNING: ATOM H NOT DEFINED FOR VAL
WARNING: ATOM HA NOT DEFINED FOR VAL
WARNING: ATOM HB NOT DEFINED FOR VAL
WARNING: ATOM HG11 NOT DEFINED FOR VAL
WARNING: ATOM HG12 NOT DEFINED FOR VAL
WARNING: ATOM HG13 NOT DEFINED FOR VAL
WARNING: ATOM HG21 NOT DEFINED FOR VAL
WARNING: ATOM HG22 NOT DEFINED FOR VAL
WARNING: ATOM HG23 NOT DEFINED FOR VAL
WARNING: ATOM H NOT DEFINED FOR GLY
WARNING: ATOM HA1 NOT DEFINED FOR GLY
WARNING: ATOM HA2 NOT DEFINED FOR GLY
WARNING: ATOM H NOT DEFINED FOR GLY
WARNING: ATOM HA1 NOT DEFINED FOR GLY
WARNING: ATOM HA2 NOT DEFINED FOR GLY
WARNING: ATOM H NOT DEFINED FOR THR
WARNING: ATOM HA NOT DEFINED FOR THR
WARNING: ATOM HB NOT DEFINED FOR THR
WARNING: ATOM HG21 NOT DEFINED FOR THR
WARNING: ATOM HG22 NOT DEFINED FOR THR
WARNING: ATOM HG23 NOT DEFINED FOR THR
WARNING: ATOM HG1 NOT DEFINED FOR THR
WARNING: ATOM H NOT DEFINED FOR VAL
WARNING: ATOM HA NOT DEFINED FOR VAL
WARNING: ATOM HB NOT DEFINED FOR VAL
WARNING: ATOM HG11 NOT DEFINED FOR VAL
WARNING: ATOM HG12 NOT DEFINED FOR VAL
WARNING: ATOM HG13 NOT DEFINED FOR VAL
WARNING: ATOM HG21 NOT DEFINED FOR VAL
WARNING: ATOM HG22 NOT DEFINED FOR VAL
WARNING: ATOM HG23 NOT DEFINED FOR VAL
WARNING: ATOM H NOT DEFINED FOR THR
WARNING: ATOM HA NOT DEFINED FOR THR
WARNING: ATOM HB NOT DEFINED FOR THR
WARNING: ATOM HG21 NOT DEFINED FOR THR
WARNING: ATOM HG22 NOT DEFINED FOR THR
WARNING: ATOM HG23 NOT DEFINED FOR THR
WARNING: ATOM HG1 NOT DEFINED FOR THR
WARNING: ATOM H NOT DEFINED FOR ILE
WARNING: ATOM HA NOT DEFINED FOR ILE
WARNING: ATOM HB NOT DEFINED FOR ILE
WARNING: ATOM HG21 NOT DEFINED FOR ILE
WARNING: ATOM HG22 NOT DEFINED FOR ILE
WARNING: ATOM HG23 NOT DEFINED FOR ILE
WARNING: ATOM HG11 NOT DEFINED FOR ILE
WARNING: ATOM HG12 NOT DEFINED FOR ILE
WARNING: ATOM HD1 NOT DEFINED FOR ILE
WARNING: ATOM HD2 NOT DEFINED FOR ILE
WARNING: ATOM HD3 NOT DEFINED FOR ILE
WARNING: ATOM H NOT DEFINED FOR ASN
WARNING: ATOM HA NOT DEFINED FOR ASN
WARNING: ATOM HB1 NOT DEFINED FOR ASN
WARNING: ATOM HB2 NOT DEFINED FOR ASN
WARNING: ATOM HD21 NOT DEFINED FOR ASN
WARNING: ATOM HD22 NOT DEFINED FOR ASN
WARNING: ATOM H NOT DEFINED FOR CYS
WARNING: ATOM HA NOT DEFINED FOR CYS
WARNING: ATOM HB1 NOT DEFINED FOR CYS
WARNING: ATOM HB2 NOT DEFINED FOR CYS
WARNING: ATOM H NOT DEFINED FOR GLN
WARNING: ATOM HA NOT DEFINED FOR GLN
WARNING: ATOM HB1 NOT DEFINED FOR GLN
WARNING: ATOM HB2 NOT DEFINED FOR GLN
WARNING: ATOM HG1 NOT DEFINED FOR GLN
WARNING: ATOM HG2 NOT DEFINED FOR GLN
WARNING: ATOM HE21 NOT DEFINED FOR GLN
WARNING: ATOM HE22 NOT DEFINED FOR GLN
WARNING: ATOM H NOT DEFINED FOR SER
WARNING: ATOM HA NOT DEFINED FOR SER
WARNING: ATOM HB1 NOT DEFINED FOR SER
WARNING: ATOM HB2 NOT DEFINED FOR SER
WARNING: ATOM HG NOT DEFINED FOR SER
WARNING: ATOM H NOT DEFINED FOR SER
WARNING: ATOM HA NOT DEFINED FOR SER
WARNING: ATOM HB1 NOT DEFINED FOR SER
WARNING: ATOM HB2 NOT DEFINED FOR SER
WARNING: ATOM HG NOT DEFINED FOR SER
WARNING: ATOM H NOT DEFINED FOR GLU
WARNING: ATOM HA NOT DEFINED FOR GLU
WARNING: ATOM HB1 NOT DEFINED FOR GLU
WARNING: ATOM HB2 NOT DEFINED FOR GLU
WARNING: ATOM HG1 NOT DEFINED FOR GLU
WARNING: ATOM HG2 NOT DEFINED FOR GLU
WARNING: ATOM H NOT DEFINED FOR SER
WARNING: ATOM HA NOT DEFINED FOR SER
WARNING: ATOM HB1 NOT DEFINED FOR SER
WARNING: ATOM HB2 NOT DEFINED FOR SER
WARNING: ATOM HG NOT DEFINED FOR SER
WARNING: ATOM H NOT DEFINED FOR VAL
WARNING: ATOM HA NOT DEFINED FOR VAL
WARNING: ATOM HB NOT DEFINED FOR VAL
WARNING: ATOM HG11 NOT DEFINED FOR VAL
WARNING: ATOM HG12 NOT DEFINED FOR VAL
WARNING: ATOM HG13 NOT DEFINED FOR VAL
WARNING: ATOM HG21 NOT DEFINED FOR VAL
WARNING: ATOM HG22 NOT DEFINED FOR VAL
WARNING: ATOM HG23 NOT DEFINED FOR VAL
WARNING: ATOM H NOT DEFINED FOR TYR
WARNING: ATOM HA NOT DEFINED FOR TYR
WARNING: ATOM HB1 NOT DEFINED FOR TYR
WARNING: ATOM HB2 NOT DEFINED FOR TYR
WARNING: ATOM HD1 NOT DEFINED FOR TYR
WARNING: ATOM HE1 NOT DEFINED FOR TYR
WARNING: ATOM HH NOT DEFINED FOR TYR
WARNING: ATOM HE2 NOT DEFINED FOR TYR
WARNING: ATOM HD2 NOT DEFINED FOR TYR
WARNING: ATOM H NOT DEFINED FOR ASN
WARNING: ATOM HA NOT DEFINED FOR ASN
WARNING: ATOM HB1 NOT DEFINED FOR ASN
WARNING: ATOM HB2 NOT DEFINED FOR ASN
WARNING: ATOM HD21 NOT DEFINED FOR ASN
WARNING: ATOM HD22 NOT DEFINED FOR ASN
WARNING: ATOM H NOT DEFINED FOR ASN
WARNING: ATOM HA NOT DEFINED FOR ASN
WARNING: ATOM HB1 NOT DEFINED FOR ASN
WARNING: ATOM HB2 NOT DEFINED FOR ASN
WARNING: ATOM HD21 NOT DEFINED FOR ASN
WARNING: ATOM HD22 NOT DEFINED FOR ASN
WARNING: ATOM H NOT DEFINED FOR ASN
WARNING: ATOM HA NOT DEFINED FOR ASN
WARNING: ATOM HB1 NOT DEFINED FOR ASN
WARNING: ATOM HB2 NOT DEFINED FOR ASN
WARNING: ATOM HD21 NOT DEFINED FOR ASN
WARNING: ATOM HD22 NOT DEFINED FOR ASN
WARNING: ATOM H NOT DEFINED FOR TYR
WARNING: ATOM HA NOT DEFINED FOR TYR
WARNING: ATOM HB1 NOT DEFINED FOR TYR
WARNING: ATOM HB2 NOT DEFINED FOR TYR
WARNING: ATOM HD1 NOT DEFINED FOR TYR
WARNING: ATOM HE1 NOT DEFINED FOR TYR
WARNING: ATOM HH NOT DEFINED FOR TYR
WARNING: ATOM HE2 NOT DEFINED FOR TYR
WARNING: ATOM HD2 NOT DEFINED FOR TYR
WARNING: ATOM H NOT DEFINED FOR LEU
WARNING: ATOM HA NOT DEFINED FOR LEU
WARNING: ATOM HB1 NOT DEFINED FOR LEU
WARNING: ATOM HB2 NOT DEFINED FOR LEU
WARNING: ATOM HG NOT DEFINED FOR LEU
WARNING: ATOM HD11 NOT DEFINED FOR LEU
WARNING: ATOM HD12 NOT DEFINED FOR LEU
WARNING: ATOM HD13 NOT DEFINED FOR LEU
WARNING: ATOM HD21 NOT DEFINED FOR LEU
WARNING: ATOM HD22 NOT DEFINED FOR LEU
WARNING: ATOM HD23 NOT DEFINED FOR LEU
WARNING: ATOM H NOT DEFINED FOR VAL
WARNING: ATOM HA NOT DEFINED FOR VAL
WARNING: ATOM HB NOT DEFINED FOR VAL
WARNING: ATOM HG11 NOT DEFINED FOR VAL
WARNING: ATOM HG12 NOT DEFINED FOR VAL
WARNING: ATOM HG13 NOT DEFINED FOR VAL
WARNING: ATOM HG21 NOT DEFINED FOR VAL
WARNING: ATOM HG22 NOT DEFINED FOR VAL
WARNING: ATOM HG23 NOT DEFINED FOR VAL
WARNING: ATOM H NOT DEFINED FOR TRP
WARNING: ATOM HA NOT DEFINED FOR TRP
WARNING: ATOM HB1 NOT DEFINED FOR TRP
WARNING: ATOM HB2 NOT DEFINED FOR TRP
WARNING: ATOM HD1 NOT DEFINED FOR TRP
WARNING: ATOM HE1 NOT DEFINED FOR TRP
WARNING: ATOM HZ2 NOT DEFINED FOR TRP
WARNING: ATOM HH2 NOT DEFINED FOR TRP
WARNING: ATOM HZ3 NOT DEFINED FOR TRP
WARNING: ATOM HE3 NOT DEFINED FOR TRP
WARNING: ATOM H NOT DEFINED FOR TYR
WARNING: ATOM HA NOT DEFINED FOR TYR
WARNING: ATOM HB1 NOT DEFINED FOR TYR
WARNING: ATOM HB2 NOT DEFINED FOR TYR
WARNING: ATOM HD1 NOT DEFINED FOR TYR
WARNING: ATOM HE1 NOT DEFINED FOR TYR
WARNING: ATOM HH NOT DEFINED FOR TYR
WARNING: ATOM HE2 NOT DEFINED FOR TYR
WARNING: ATOM HD2 NOT DEFINED FOR TYR
WARNING: ATOM H NOT DEFINED FOR GLN
WARNING: ATOM HA NOT DEFINED FOR GLN
WARNING: ATOM HB1 NOT DEFINED FOR GLN
WARNING: ATOM HB2 NOT DEFINED FOR GLN
WARNING: ATOM HG1 NOT DEFINED FOR GLN
WARNING: ATOM HG2 NOT DEFINED FOR GLN
WARNING: ATOM HE21 NOT DEFINED FOR GLN
WARNING: ATOM HE22 NOT DEFINED FOR GLN
WARNING: ATOM H NOT DEFINED FOR GLN
WARNING: ATOM HA NOT DEFINED FOR GLN
WARNING: ATOM HB1 NOT DEFINED FOR GLN
WARNING: ATOM HB2 NOT DEFINED FOR GLN
WARNING: ATOM HG1 NOT DEFINED FOR GLN
WARNING: ATOM HG2 NOT DEFINED FOR GLN
WARNING: ATOM HE21 NOT DEFINED FOR GLN
WARNING: ATOM HE22 NOT DEFINED FOR GLN
WARNING: ATOM H NOT DEFINED FOR LYS
WARNING: ATOM HA NOT DEFINED FOR LYS
WARNING: ATOM HB1 NOT DEFINED FOR LYS
WARNING: ATOM HB2 NOT DEFINED FOR LYS
WARNING: ATOM HG1 NOT DEFINED FOR LYS
WARNING: ATOM HG2 NOT DEFINED FOR LYS
WARNING: ATOM HD1 NOT DEFINED FOR LYS
WARNING: ATOM HD2 NOT DEFINED FOR LYS
WARNING: ATOM HE1 NOT DEFINED FOR LYS
WARNING: ATOM HE2 NOT DEFINED FOR LYS
WARNING: ATOM HZ1 NOT DEFINED FOR LYS
WARNING: ATOM HZ2 NOT DEFINED FOR LYS
WARNING: ATOM HZ3 NOT DEFINED FOR LYS
WARNING: ATOM H NOT DEFINED FOR ALA
WARNING: ATOM HA NOT DEFINED FOR ALA
WARNING: ATOM HB1 NOT DEFINED FOR ALA
WARNING: ATOM HB2 NOT DEFINED FOR ALA
WARNING: ATOM HB3 NOT DEFINED FOR ALA
WARNING: ATOM H NOT DEFINED FOR GLY
WARNING: ATOM HA1 NOT DEFINED FOR GLY
WARNING: ATOM HA2 NOT DEFINED FOR GLY
WARNING: ATOM H NOT DEFINED FOR GLN
WARNING: ATOM HA NOT DEFINED FOR GLN
WARNING: ATOM HB1 NOT DEFINED FOR GLN
WARNING: ATOM HB2 NOT DEFINED FOR GLN
WARNING: ATOM HG1 NOT DEFINED FOR GLN
WARNING: ATOM HG2 NOT DEFINED FOR GLN
WARNING: ATOM HE21 NOT DEFINED FOR GLN
WARNING: ATOM HE22 NOT DEFINED FOR GLN
WARNING: ATOM HD1 NOT DEFINED FOR PRO
WARNING: ATOM HD2 NOT DEFINED FOR PRO
WARNING: ATOM HG1 NOT DEFINED FOR PRO
WARNING: ATOM HG2 NOT DEFINED FOR PRO
WARNING: ATOM HB1 NOT DEFINED FOR PRO
WARNING: ATOM HB2 NOT DEFINED FOR PRO
WARNING: ATOM HA NOT DEFINED FOR PRO
WARNING: ATOM HD1 NOT DEFINED FOR PRO
WARNING: ATOM HD2 NOT DEFINED FOR PRO
WARNING: ATOM HG1 NOT DEFINED FOR PRO
WARNING: ATOM HG2 NOT DEFINED FOR PRO
WARNING: ATOM HB1 NOT DEFINED FOR PRO
WARNING: ATOM HB2 NOT DEFINED FOR PRO
WARNING: ATOM HA NOT DEFINED FOR PRO
WARNING: ATOM H NOT DEFINED FOR LYS
WARNING: ATOM HA NOT DEFINED FOR LYS
WARNING: ATOM HB1 NOT DEFINED FOR LYS
WARNING: ATOM HB2 NOT DEFINED FOR LYS
WARNING: ATOM HG1 NOT DEFINED FOR LYS
WARNING: ATOM HG2 NOT DEFINED FOR LYS
WARNING: ATOM HD1 NOT DEFINED FOR LYS
WARNING: ATOM HD2 NOT DEFINED FOR LYS
WARNING: ATOM HE1 NOT DEFINED FOR LYS
WARNING: ATOM HE2 NOT DEFINED FOR LYS
WARNING: ATOM HZ1 NOT DEFINED FOR LYS
WARNING: ATOM HZ2 NOT DEFINED FOR LYS
WARNING: ATOM HZ3 NOT DEFINED FOR LYS
WARNING: ATOM H NOT DEFINED FOR LEU
WARNING: ATOM HA NOT DEFINED FOR LEU
WARNING: ATOM HB1 NOT DEFINED FOR LEU
WARNING: ATOM HB2 NOT DEFINED FOR LEU
WARNING: ATOM HG NOT DEFINED FOR LEU
WARNING: ATOM HD11 NOT DEFINED FOR LEU
WARNING: ATOM HD12 NOT DEFINED FOR LEU
WARNING: ATOM HD13 NOT DEFINED FOR LEU
WARNING: ATOM HD21 NOT DEFINED FOR LEU
WARNING: ATOM HD22 NOT DEFINED FOR LEU
WARNING: ATOM HD23 NOT DEFINED FOR LEU
WARNING: ATOM H NOT DEFINED FOR LEU
WARNING: ATOM HA NOT DEFINED FOR LEU
WARNING: ATOM HB1 NOT DEFINED FOR LEU
WARNING: ATOM HB2 NOT DEFINED FOR LEU
WARNING: ATOM HG NOT DEFINED FOR LEU
WARNING: ATOM HD11 NOT DEFINED FOR LEU
WARNING: ATOM HD12 NOT DEFINED FOR LEU
WARNING: ATOM HD13 NOT DEFINED FOR LEU
WARNING: ATOM HD21 NOT DEFINED FOR LEU
WARNING: ATOM HD22 NOT DEFINED FOR LEU
WARNING: ATOM HD23 NOT DEFINED FOR LEU
WARNING: ATOM H NOT DEFINED FOR ILE
WARNING: ATOM HA NOT DEFINED FOR ILE
WARNING: ATOM HB NOT DEFINED FOR ILE
WARNING: ATOM HG21 NOT DEFINED FOR ILE
WARNING: ATOM HG22 NOT DEFINED FOR ILE
WARNING: ATOM HG23 NOT DEFINED FOR ILE
WARNING: ATOM HG11 NOT DEFINED FOR ILE
WARNING: ATOM HG12 NOT DEFINED FOR ILE
WARNING: ATOM HD1 NOT DEFINED FOR ILE
WARNING: ATOM HD2 NOT DEFINED FOR ILE
WARNING: ATOM HD3 NOT DEFINED FOR ILE
WARNING: ATOM H NOT DEFINED FOR TYR
WARNING: ATOM HA NOT DEFINED FOR TYR
WARNING: ATOM HB1 NOT DEFINED FOR TYR
WARNING: ATOM HB2 NOT DEFINED FOR TYR
WARNING: ATOM HD1 NOT DEFINED FOR TYR
WARNING: ATOM HE1 NOT DEFINED FOR TYR
WARNING: ATOM HH NOT DEFINED FOR TYR
WARNING: ATOM HE2 NOT DEFINED FOR TYR
WARNING: ATOM HD2 NOT DEFINED FOR TYR
WARNING: ATOM H NOT DEFINED FOR GLY
WARNING: ATOM HA1 NOT DEFINED FOR GLY
WARNING: ATOM HA2 NOT DEFINED FOR GLY
WARNING: ATOM H NOT DEFINED FOR ALA
WARNING: ATOM HA NOT DEFINED FOR ALA
WARNING: ATOM HB1 NOT DEFINED FOR ALA
WARNING: ATOM HB2 NOT DEFINED FOR ALA
WARNING: ATOM HB3 NOT DEFINED FOR ALA
WARNING: ATOM H NOT DEFINED FOR SER
WARNING: ATOM HA NOT DEFINED FOR SER
WARNING: ATOM HB1 NOT DEFINED FOR SER
WARNING: ATOM HB2 NOT DEFINED FOR SER
WARNING: ATOM HG NOT DEFINED FOR SER
WARNING: ATOM H NOT DEFINED FOR THR
WARNING: ATOM HA NOT DEFINED FOR THR
WARNING: ATOM HB NOT DEFINED FOR THR
WARNING: ATOM HG21 NOT DEFINED FOR THR
WARNING: ATOM HG22 NOT DEFINED FOR THR
WARNING: ATOM HG23 NOT DEFINED FOR THR
WARNING: ATOM HG1 NOT DEFINED FOR THR
WARNING: ATOM H NOT DEFINED FOR LEU
WARNING: ATOM HA NOT DEFINED FOR LEU
WARNING: ATOM HB1 NOT DEFINED FOR LEU
WARNING: ATOM HB2 NOT DEFINED FOR LEU
WARNING: ATOM HG NOT DEFINED FOR LEU
WARNING: ATOM HD11 NOT DEFINED FOR LEU
WARNING: ATOM HD12 NOT DEFINED FOR LEU
WARNING: ATOM HD13 NOT DEFINED FOR LEU
WARNING: ATOM HD21 NOT DEFINED FOR LEU
WARNING: ATOM HD22 NOT DEFINED FOR LEU
WARNING: ATOM HD23 NOT DEFINED FOR LEU
WARNING: ATOM H NOT DEFINED FOR ALA
WARNING: ATOM HA NOT DEFINED FOR ALA
WARNING: ATOM HB1 NOT DEFINED FOR ALA
WARNING: ATOM HB2 NOT DEFINED FOR ALA
WARNING: ATOM HB3 NOT DEFINED FOR ALA
WARNING: ATOM H NOT DEFINED FOR SER
WARNING: ATOM HA NOT DEFINED FOR SER
WARNING: ATOM HB1 NOT DEFINED FOR SER
WARNING: ATOM HB2 NOT DEFINED FOR SER
WARNING: ATOM HG NOT DEFINED FOR SER
WARNING: ATOM H NOT DEFINED FOR GLY
WARNING: ATOM HA1 NOT DEFINED FOR GLY
WARNING: ATOM HA2 NOT DEFINED FOR GLY
WARNING: ATOM H NOT DEFINED FOR VAL
WARNING: ATOM HA NOT DEFINED FOR VAL
WARNING: ATOM HB NOT DEFINED FOR VAL
WARNING: ATOM HG11 NOT DEFINED FOR VAL
WARNING: ATOM HG12 NOT DEFINED FOR VAL
WARNING: ATOM HG13 NOT DEFINED FOR VAL
WARNING: ATOM HG21 NOT DEFINED FOR VAL
WARNING: ATOM HG22 NOT DEFINED FOR VAL
WARNING: ATOM HG23 NOT DEFINED FOR VAL
WARNING: ATOM H NOT DEFINED FOR SER
WARNING: ATOM HA NOT DEFINED FOR SER
WARNING: ATOM HB1 NOT DEFINED FOR SER
WARNING: ATOM HB2 NOT DEFINED FOR SER
WARNING: ATOM HG NOT DEFINED FOR SER
WARNING: ATOM H NOT DEFINED FOR SER
WARNING: ATOM HA NOT DEFINED FOR SER
WARNING: ATOM HB1 NOT DEFINED FOR SER
WARNING: ATOM HB2 NOT DEFINED FOR SER
WARNING: ATOM HG NOT DEFINED FOR SER
WARNING: ATOM H NOT DEFINED FOR ARG
WARNING: ATOM HA NOT DEFINED FOR ARG
WARNING: ATOM HB1 NOT DEFINED FOR ARG
WARNING: ATOM HB2 NOT DEFINED FOR ARG
WARNING: ATOM HG1 NOT DEFINED FOR ARG
WARNING: ATOM HG2 NOT DEFINED FOR ARG
WARNING: ATOM HD1 NOT DEFINED FOR ARG
WARNING: ATOM HD2 NOT DEFINED FOR ARG
WARNING: ATOM HE NOT DEFINED FOR ARG
WARNING: ATOM HH11 NOT DEFINED FOR ARG
WARNING: ATOM HH12 NOT DEFINED FOR ARG
WARNING: ATOM HH21 NOT DEFINED FOR ARG
WARNING: ATOM HH22 NOT DEFINED FOR ARG
WARNING: ATOM H NOT DEFINED FOR PHE
WARNING: ATOM HA NOT DEFINED FOR PHE
WARNING: ATOM HB1 NOT DEFINED FOR PHE
WARNING: ATOM HB2 NOT DEFINED FOR PHE
WARNING: ATOM HD1 NOT DEFINED FOR PHE
WARNING: ATOM HE1 NOT DEFINED FOR PHE
WARNING: ATOM HZ NOT DEFINED FOR PHE
WARNING: ATOM HE2 NOT DEFINED FOR PHE
WARNING: ATOM HD2 NOT DEFINED FOR PHE
WARNING: ATOM H NOT DEFINED FOR LYS
WARNING: ATOM HA NOT DEFINED FOR LYS
WARNING: ATOM HB1 NOT DEFINED FOR LYS
WARNING: ATOM HB2 NOT DEFINED FOR LYS
WARNING: ATOM HG1 NOT DEFINED FOR LYS
WARNING: ATOM HG2 NOT DEFINED FOR LYS
WARNING: ATOM HD1 NOT DEFINED FOR LYS
WARNING: ATOM HD2 NOT DEFINED FOR LYS
WARNING: ATOM HE1 NOT DEFINED FOR LYS
WARNING: ATOM HE2 NOT DEFINED FOR LYS
WARNING: ATOM HZ1 NOT DEFINED FOR LYS
WARNING: ATOM HZ2 NOT DEFINED FOR LYS
WARNING: ATOM HZ3 NOT DEFINED FOR LYS
WARNING: ATOM H NOT DEFINED FOR GLY
WARNING: ATOM HA1 NOT DEFINED FOR GLY
WARNING: ATOM HA2 NOT DEFINED FOR GLY
WARNING: ATOM H NOT DEFINED FOR SER
WARNING: ATOM HA NOT DEFINED FOR SER
WARNING: ATOM HB1 NOT DEFINED FOR SER
WARNING: ATOM HB2 NOT DEFINED FOR SER
WARNING: ATOM HG NOT DEFINED FOR SER
WARNING: ATOM H NOT DEFINED FOR GLY
WARNING: ATOM HA1 NOT DEFINED FOR GLY
WARNING: ATOM HA2 NOT DEFINED FOR GLY
WARNING: ATOM H NOT DEFINED FOR SER
WARNING: ATOM HA NOT DEFINED FOR SER
WARNING: ATOM HB1 NOT DEFINED FOR SER
WARNING: ATOM HB2 NOT DEFINED FOR SER
WARNING: ATOM HG NOT DEFINED FOR SER
WARNING: ATOM H NOT DEFINED FOR GLY
WARNING: ATOM HA1 NOT DEFINED FOR GLY
WARNING: ATOM HA2 NOT DEFINED FOR GLY
WARNING: ATOM H NOT DEFINED FOR THR
WARNING: ATOM HA NOT DEFINED FOR THR
WARNING: ATOM HB NOT DEFINED FOR THR
WARNING: ATOM HG21 NOT DEFINED FOR THR
WARNING: ATOM HG22 NOT DEFINED FOR THR
WARNING: ATOM HG23 NOT DEFINED FOR THR
WARNING: ATOM HG1 NOT DEFINED FOR THR
WARNING: ATOM H NOT DEFINED FOR HIS
WARNING: ATOM HA NOT DEFINED FOR HIS
WARNING: ATOM HB1 NOT DEFINED FOR HIS
WARNING: ATOM HB2 NOT DEFINED FOR HIS
WARNING: ATOM HE1 NOT DEFINED FOR HIS
WARNING: ATOM HE2 NOT DEFINED FOR HIS
WARNING: ATOM HD2 NOT DEFINED FOR HIS
WARNING: ATOM H NOT DEFINED FOR PHE
WARNING: ATOM HA NOT DEFINED FOR PHE
WARNING: ATOM HB1 NOT DEFINED FOR PHE
WARNING: ATOM HB2 NOT DEFINED FOR PHE
WARNING: ATOM HD1 NOT DEFINED FOR PHE
WARNING: ATOM HE1 NOT DEFINED FOR PHE
WARNING: ATOM HZ NOT DEFINED FOR PHE
WARNING: ATOM HE2 NOT DEFINED FOR PHE
WARNING: ATOM HD2 NOT DEFINED FOR PHE
WARNING: ATOM H NOT DEFINED FOR THR
WARNING: ATOM HA NOT DEFINED FOR THR
WARNING: ATOM HB NOT DEFINED FOR THR
WARNING: ATOM HG21 NOT DEFINED FOR THR
WARNING: ATOM HG22 NOT DEFINED FOR THR
WARNING: ATOM HG23 NOT DEFINED FOR THR
WARNING: ATOM HG1 NOT DEFINED FOR THR
WARNING: ATOM H NOT DEFINED FOR LEU
WARNING: ATOM HA NOT DEFINED FOR LEU
WARNING: ATOM HB1 NOT DEFINED FOR LEU
WARNING: ATOM HB2 NOT DEFINED FOR LEU
WARNING: ATOM HG NOT DEFINED FOR LEU
WARNING: ATOM HD11 NOT DEFINED FOR LEU
WARNING: ATOM HD12 NOT DEFINED FOR LEU
WARNING: ATOM HD13 NOT DEFINED FOR LEU
WARNING: ATOM HD21 NOT DEFINED FOR LEU
WARNING: ATOM HD22 NOT DEFINED FOR LEU
WARNING: ATOM HD23 NOT DEFINED FOR LEU
WARNING: ATOM H NOT DEFINED FOR THR
WARNING: ATOM HA NOT DEFINED FOR THR
WARNING: ATOM HB NOT DEFINED FOR THR
WARNING: ATOM HG21 NOT DEFINED FOR THR
WARNING: ATOM HG22 NOT DEFINED FOR THR
WARNING: ATOM HG23 NOT DEFINED FOR THR
WARNING: ATOM HG1 NOT DEFINED FOR THR
WARNING: ATOM H NOT DEFINED FOR ILE
WARNING: ATOM HA NOT DEFINED FOR ILE
WARNING: ATOM HB NOT DEFINED FOR ILE
WARNING: ATOM HG21 NOT DEFINED FOR ILE
WARNING: ATOM HG22 NOT DEFINED FOR ILE
WARNING: ATOM HG23 NOT DEFINED FOR ILE
WARNING: ATOM HG11 NOT DEFINED FOR ILE
WARNING: ATOM HG12 NOT DEFINED FOR ILE
WARNING: ATOM HD1 NOT DEFINED FOR ILE
WARNING: ATOM HD2 NOT DEFINED FOR ILE
WARNING: ATOM HD3 NOT DEFINED FOR ILE
WARNING: ATOM H NOT DEFINED FOR SER
WARNING: ATOM HA NOT DEFINED FOR SER
WARNING: ATOM HB1 NOT DEFINED FOR SER
WARNING: ATOM HB2 NOT DEFINED FOR SER
WARNING: ATOM HG NOT DEFINED FOR SER
WARNING: ATOM H NOT DEFINED FOR ASP
WARNING: ATOM HA NOT DEFINED FOR ASP
WARNING: ATOM HB1 NOT DEFINED FOR ASP
WARNING: ATOM HB2 NOT DEFINED FOR ASP
WARNING: ATOM H NOT DEFINED FOR LEU
WARNING: ATOM HA NOT DEFINED FOR LEU
WARNING: ATOM HB1 NOT DEFINED FOR LEU
WARNING: ATOM HB2 NOT DEFINED FOR LEU
WARNING: ATOM HG NOT DEFINED FOR LEU
WARNING: ATOM HD11 NOT DEFINED FOR LEU
WARNING: ATOM HD12 NOT DEFINED FOR LEU
WARNING: ATOM HD13 NOT DEFINED FOR LEU
WARNING: ATOM HD21 NOT DEFINED FOR LEU
WARNING: ATOM HD22 NOT DEFINED FOR LEU
WARNING: ATOM HD23 NOT DEFINED FOR LEU
WARNING: ATOM H NOT DEFINED FOR GLU
WARNING: ATOM HA NOT DEFINED FOR GLU
WARNING: ATOM HB1 NOT DEFINED FOR GLU
WARNING: ATOM HB2 NOT DEFINED FOR GLU
WARNING: ATOM HG1 NOT DEFINED FOR GLU
WARNING: ATOM HG2 NOT DEFINED FOR GLU
WARNING: ATOM H NOT DEFINED FOR CYS
WARNING: ATOM HA NOT DEFINED FOR CYS
WARNING: ATOM HB1 NOT DEFINED FOR CYS
WARNING: ATOM HB2 NOT DEFINED FOR CYS
WARNING: ATOM HG NOT DEFINED FOR CYS
WARNING: ATOM H NOT DEFINED FOR ASP
WARNING: ATOM HA NOT DEFINED FOR ASP
WARNING: ATOM HB1 NOT DEFINED FOR ASP
WARNING: ATOM HB2 NOT DEFINED FOR ASP
WARNING: ATOM H NOT DEFINED FOR ASP
WARNING: ATOM HA NOT DEFINED FOR ASP
WARNING: ATOM HB1 NOT DEFINED FOR ASP
WARNING: ATOM HB2 NOT DEFINED FOR ASP
WARNING: ATOM H NOT DEFINED FOR ALA
WARNING: ATOM HA NOT DEFINED FOR ALA
WARNING: ATOM HB1 NOT DEFINED FOR ALA
WARNING: ATOM HB2 NOT DEFINED FOR ALA
WARNING: ATOM HB3 NOT DEFINED FOR ALA
WARNING: ATOM H NOT DEFINED FOR ALA
WARNING: ATOM HA NOT DEFINED FOR ALA
WARNING: ATOM HB1 NOT DEFINED FOR ALA
WARNING: ATOM HB2 NOT DEFINED FOR ALA
WARNING: ATOM HB3 NOT DEFINED FOR ALA
WARNING: ATOM H NOT DEFINED FOR THR
WARNING: ATOM HA NOT DEFINED FOR THR
WARNING: ATOM HB NOT DEFINED FOR THR
WARNING: ATOM HG21 NOT DEFINED FOR THR
WARNING: ATOM HG22 NOT DEFINED FOR THR
WARNING: ATOM HG23 NOT DEFINED FOR THR
WARNING: ATOM HG1 NOT DEFINED FOR THR
WARNING: ATOM H NOT DEFINED FOR TYR
WARNING: ATOM HA NOT DEFINED FOR TYR
WARNING: ATOM HB1 NOT DEFINED FOR TYR
WARNING: ATOM HB2 NOT DEFINED FOR TYR
WARNING: ATOM HD1 NOT DEFINED FOR TYR
WARNING: ATOM HE1 NOT DEFINED FOR TYR
WARNING: ATOM HH NOT DEFINED FOR TYR
WARNING: ATOM HE2 NOT DEFINED FOR TYR
WARNING: ATOM HD2 NOT DEFINED FOR TYR
WARNING: ATOM H NOT DEFINED FOR TYR
WARNING: ATOM HA NOT DEFINED FOR TYR
WARNING: ATOM HB1 NOT DEFINED FOR TYR
WARNING: ATOM HB2 NOT DEFINED FOR TYR
WARNING: ATOM HD1 NOT DEFINED FOR TYR
WARNING: ATOM HE1 NOT DEFINED FOR TYR
WARNING: ATOM HH NOT DEFINED FOR TYR
WARNING: ATOM HE2 NOT DEFINED FOR TYR
WARNING: ATOM HD2 NOT DEFINED FOR TYR
WARNING: ATOM H NOT DEFINED FOR CYS
WARNING: ATOM HA NOT DEFINED FOR CYS
WARNING: ATOM HB1 NOT DEFINED FOR CYS
WARNING: ATOM HB2 NOT DEFINED FOR CYS
WARNING: ATOM H NOT DEFINED FOR ALA
WARNING: ATOM HA NOT DEFINED FOR ALA
WARNING: ATOM HB1 NOT DEFINED FOR ALA
WARNING: ATOM HB2 NOT DEFINED FOR ALA
WARNING: ATOM HB3 NOT DEFINED FOR ALA
WARNING: ATOM H NOT DEFINED FOR GLY
WARNING: ATOM HA1 NOT DEFINED FOR GLY
WARNING: ATOM HA2 NOT DEFINED FOR GLY
WARNING: ATOM H NOT DEFINED FOR ALA
WARNING: ATOM HA NOT DEFINED FOR ALA
WARNING: ATOM HB1 NOT DEFINED FOR ALA
WARNING: ATOM HB2 NOT DEFINED FOR ALA
WARNING: ATOM HB3 NOT DEFINED FOR ALA
WARNING: ATOM H NOT DEFINED FOR PHE
WARNING: ATOM HA NOT DEFINED FOR PHE
WARNING: ATOM HB1 NOT DEFINED FOR PHE
WARNING: ATOM HB2 NOT DEFINED FOR PHE
WARNING: ATOM HD1 NOT DEFINED FOR PHE
WARNING: ATOM HE1 NOT DEFINED FOR PHE
WARNING: ATOM HZ NOT DEFINED FOR PHE
WARNING: ATOM HE2 NOT DEFINED FOR PHE
WARNING: ATOM HD2 NOT DEFINED FOR PHE
WARNING: ATOM H NOT DEFINED FOR SER
WARNING: ATOM HA NOT DEFINED FOR SER
WARNING: ATOM HB1 NOT DEFINED FOR SER
WARNING: ATOM HB2 NOT DEFINED FOR SER
WARNING: ATOM HG NOT DEFINED FOR SER
WARNING: ATOM H NOT DEFINED FOR GLY
WARNING: ATOM HA1 NOT DEFINED FOR GLY
WARNING: ATOM HA2 NOT DEFINED FOR GLY
WARNING: ATOM H NOT DEFINED FOR TRP
WARNING: ATOM HA NOT DEFINED FOR TRP
WARNING: ATOM HB1 NOT DEFINED FOR TRP
WARNING: ATOM HB2 NOT DEFINED FOR TRP
WARNING: ATOM HD1 NOT DEFINED FOR TRP
WARNING: ATOM HE1 NOT DEFINED FOR TRP
WARNING: ATOM HZ2 NOT DEFINED FOR TRP
WARNING: ATOM HH2 NOT DEFINED FOR TRP
WARNING: ATOM HZ3 NOT DEFINED FOR TRP
WARNING: ATOM HE3 NOT DEFINED FOR TRP
WARNING: ATOM H NOT DEFINED FOR ILE
WARNING: ATOM HA NOT DEFINED FOR ILE
WARNING: ATOM HB NOT DEFINED FOR ILE
WARNING: ATOM HG21 NOT DEFINED FOR ILE
WARNING: ATOM HG22 NOT DEFINED FOR ILE
WARNING: ATOM HG23 NOT DEFINED FOR ILE
WARNING: ATOM HG11 NOT DEFINED FOR ILE
WARNING: ATOM HG12 NOT DEFINED FOR ILE
WARNING: ATOM HD1 NOT DEFINED FOR ILE
WARNING: ATOM HD2 NOT DEFINED FOR ILE
WARNING: ATOM HD3 NOT DEFINED FOR ILE
WARNING: ATOM H NOT DEFINED FOR ASN
WARNING: ATOM HA NOT DEFINED FOR ASN
WARNING: ATOM HB1 NOT DEFINED FOR ASN
WARNING: ATOM HB2 NOT DEFINED FOR ASN
WARNING: ATOM HD21 NOT DEFINED FOR ASN
WARNING: ATOM HD22 NOT DEFINED FOR ASN
WARNING: ATOM H NOT DEFINED FOR ILE
WARNING: ATOM HA NOT DEFINED FOR ILE
WARNING: ATOM HB NOT DEFINED FOR ILE
WARNING: ATOM HG21 NOT DEFINED FOR ILE
WARNING: ATOM HG22 NOT DEFINED FOR ILE
WARNING: ATOM HG23 NOT DEFINED FOR ILE
WARNING: ATOM HG11 NOT DEFINED FOR ILE
WARNING: ATOM HG12 NOT DEFINED FOR ILE
WARNING: ATOM HD1 NOT DEFINED FOR ILE
WARNING: ATOM HD2 NOT DEFINED FOR ILE
WARNING: ATOM HD3 NOT DEFINED FOR ILE
WARNING: ATOM H NOT DEFINED FOR PHE
WARNING: ATOM HA NOT DEFINED FOR PHE
WARNING: ATOM HB1 NOT DEFINED FOR PHE
WARNING: ATOM HB2 NOT DEFINED FOR PHE
WARNING: ATOM HD1 NOT DEFINED FOR PHE
WARNING: ATOM HE1 NOT DEFINED FOR PHE
WARNING: ATOM HZ NOT DEFINED FOR PHE
WARNING: ATOM HE2 NOT DEFINED FOR PHE
WARNING: ATOM HD2 NOT DEFINED FOR PHE
WARNING: ATOM H NOT DEFINED FOR GLY
WARNING: ATOM HA1 NOT DEFINED FOR GLY
WARNING: ATOM HA2 NOT DEFINED FOR GLY
WARNING: ATOM H NOT DEFINED FOR GLY
WARNING: ATOM HA1 NOT DEFINED FOR GLY
WARNING: ATOM HA2 NOT DEFINED FOR GLY
WARNING: ATOM H NOT DEFINED FOR GLY
WARNING: ATOM HA1 NOT DEFINED FOR GLY
WARNING: ATOM HA2 NOT DEFINED FOR GLY
WARNING: ATOM H NOT DEFINED FOR THR
WARNING: ATOM HA NOT DEFINED FOR THR
WARNING: ATOM HB NOT DEFINED FOR THR
WARNING: ATOM HG21 NOT DEFINED FOR THR
WARNING: ATOM HG22 NOT DEFINED FOR THR
WARNING: ATOM HG23 NOT DEFINED FOR THR
WARNING: ATOM HG1 NOT DEFINED FOR THR
WARNING: ATOM H NOT DEFINED FOR GLU
WARNING: ATOM HA NOT DEFINED FOR GLU
WARNING: ATOM HB1 NOT DEFINED FOR GLU
WARNING: ATOM HB2 NOT DEFINED FOR GLU
WARNING: ATOM HG1 NOT DEFINED FOR GLU
WARNING: ATOM HG2 NOT DEFINED FOR GLU
WARNING: ATOM H NOT DEFINED FOR VAL
WARNING: ATOM HA NOT DEFINED FOR VAL
WARNING: ATOM HB NOT DEFINED FOR VAL
WARNING: ATOM HG11 NOT DEFINED FOR VAL
WARNING: ATOM HG12 NOT DEFINED FOR VAL
WARNING: ATOM HG13 NOT DEFINED FOR VAL
WARNING: ATOM HG21 NOT DEFINED FOR VAL
WARNING: ATOM HG22 NOT DEFINED FOR VAL
WARNING: ATOM HG23 NOT DEFINED FOR VAL
WARNING: ATOM H NOT DEFINED FOR VAL
WARNING: ATOM HA NOT DEFINED FOR VAL
WARNING: ATOM HB NOT DEFINED FOR VAL
WARNING: ATOM HG11 NOT DEFINED FOR VAL
WARNING: ATOM HG12 NOT DEFINED FOR VAL
WARNING: ATOM HG13 NOT DEFINED FOR VAL
WARNING: ATOM HG21 NOT DEFINED FOR VAL
WARNING: ATOM HG22 NOT DEFINED FOR VAL
WARNING: ATOM HG23 NOT DEFINED FOR VAL
WARNING: ATOM H NOT DEFINED FOR VAL
WARNING: ATOM HA NOT DEFINED FOR VAL
WARNING: ATOM HB NOT DEFINED FOR VAL
WARNING: ATOM HG11 NOT DEFINED FOR VAL
WARNING: ATOM HG12 NOT DEFINED FOR VAL
WARNING: ATOM HG13 NOT DEFINED FOR VAL
WARNING: ATOM HG21 NOT DEFINED FOR VAL
WARNING: ATOM HG22 NOT DEFINED FOR VAL
WARNING: ATOM HG23 NOT DEFINED FOR VAL
WARNING: ATOM H NOT DEFINED FOR LYS
WARNING: ATOM HA NOT DEFINED FOR LYS
WARNING: ATOM HB1 NOT DEFINED FOR LYS
WARNING: ATOM HB2 NOT DEFINED FOR LYS
WARNING: ATOM HG1 NOT DEFINED FOR LYS
WARNING: ATOM HG2 NOT DEFINED FOR LYS
WARNING: ATOM HD1 NOT DEFINED FOR LYS
WARNING: ATOM HD2 NOT DEFINED FOR LYS
WARNING: ATOM HE1 NOT DEFINED FOR LYS
WARNING: ATOM HE2 NOT DEFINED FOR LYS
WARNING: ATOM HZ1 NOT DEFINED FOR LYS
WARNING: ATOM HZ2 NOT DEFINED FOR LYS
WARNING: ATOM HZ3 NOT DEFINED FOR LYS
$ /Users/nf477/anaconda3/envs/nrgsuite/bin/python /Users/nf477/Projects_Natalia/GROMACS/gromacs_ab_ligand_toolkit/ab_ligand_md_8complexes/Surfaces/surface_cont_lig.py -f /Users/nf477/Projects_Natalia/GROMACS/gromacs_ab_ligand_toolkit/ab_ligand_md_8complexes/computational_DMS_top_occupancy_poses/4E2__ddhCTP/top_pose/clean_4E2_ddhCTP_P001_WT_top_pose.pdb -c HL -lig MOL -o /Users/nf477/Projects_Natalia/GROMACS/gromacs_ab_ligand_toolkit/ab_ligand_md_8complexes/computational_DMS_top_occupancy_poses/4E2__ddhCTP/surfaces/WT_unmodified_top_pose_output.csv -def /Users/nf477/Projects_Natalia/GROMACS/gromacs_ab_ligand_toolkit/ab_ligand_md_8complexes/computational_DMS_top_occupancy_poses/4E2__ddhCTP/surfaces_definition/custom_MOL_AMINO_FlexAID.def -dat /Users/nf477/Projects_Natalia/GROMACS/gromacs_ab_ligand_toolkit/ab_ligand_md_8complexes/Surfaces/FlexAID.dat

$ /Users/nf477/anaconda3/envs/nrgsuite/bin/python /Users/nf477/Projects_Natalia/GROMACS/gromacs_ab_ligand_toolkit/ab_ligand_md_8complexes/Surfaces/clean_structure.py -f 4E2_ddhCTP_P001_YL30A.pdb -def /Users/nf477/Projects_Natalia/GROMACS/gromacs_ab_ligand_toolkit/ab_ligand_md_8complexes/computational_DMS_top_occupancy_poses/4E2__ddhCTP/surfaces_definition/custom_MOL_AMINO_FlexAID.def

$ /Users/nf477/anaconda3/envs/nrgsuite/bin/python /Users/nf477/Projects_Natalia/GROMACS/gromacs_ab_ligand_toolkit/ab_ligand_md_8complexes/Surfaces/surface_cont_lig.py -f /Users/nf477/Projects_Natalia/GROMACS/gromacs_ab_ligand_toolkit/ab_ligand_md_8complexes/computational_DMS_top_occupancy_poses/4E2__ddhCTP/mutants/clean_4E2_ddhCTP_P001_YL30A.pdb -c HL -lig MOL -o /Users/nf477/Projects_Natalia/GROMACS/gromacs_ab_ligand_toolkit/ab_ligand_md_8complexes/computational_DMS_top_occupancy_poses/4E2__ddhCTP/surfaces/YL30A_output.csv -def /Users/nf477/Projects_Natalia/GROMACS/gromacs_ab_ligand_toolkit/ab_ligand_md_8complexes/computational_DMS_top_occupancy_poses/4E2__ddhCTP/surfaces_definition/custom_MOL_AMINO_FlexAID.def -dat /Users/nf477/Projects_Natalia/GROMACS/gromacs_ab_ligand_toolkit/ab_ligand_md_8complexes/Surfaces/FlexAID.dat

$ /Users/nf477/anaconda3/envs/nrgsuite/bin/python /Users/nf477/Projects_Natalia/GROMACS/gromacs_ab_ligand_toolkit/ab_ligand_md_8complexes/Surfaces/clean_structure.py -f 4E2_ddhCTP_P001_YL30C.pdb -def /Users/nf477/Projects_Natalia/GROMACS/gromacs_ab_ligand_toolkit/ab_ligand_md_8complexes/computational_DMS_top_occupancy_poses/4E2__ddhCTP/surfaces_definition/custom_MOL_AMINO_FlexAID.def

$ /Users/nf477/anaconda3/envs/nrgsuite/bin/python /Users/nf477/Projects_Natalia/GROMACS/gromacs_ab_ligand_toolkit/ab_ligand_md_8complexes/Surfaces/surface_cont_lig.py -f /Users/nf477/Projects_Natalia/GROMACS/gromacs_ab_ligand_toolkit/ab_ligand_md_8complexes/computational_DMS_top_occupancy_poses/4E2__ddhCTP/mutants/clean_4E2_ddhCTP_P001_YL30C.pdb -c HL -lig MOL -o /Users/nf477/Projects_Natalia/GROMACS/gromacs_ab_ligand_toolkit/ab_ligand_md_8complexes/computational_DMS_top_occupancy_poses/4E2__ddhCTP/surfaces/YL30C_output.csv -def /Users/nf477/Projects_Natalia/GROMACS/gromacs_ab_ligand_toolkit/ab_ligand_md_8complexes/computational_DMS_top_occupancy_poses/4E2__ddhCTP/surfaces_definition/custom_MOL_AMINO_FlexAID.def -dat /Users/nf477/Projects_Natalia/GROMACS/gromacs_ab_ligand_toolkit/ab_ligand_md_8complexes/Surfaces/FlexAID.dat

$ /Users/nf477/anaconda3/envs/nrgsuite/bin/python /Users/nf477/Projects_Natalia/GROMACS/gromacs_ab_ligand_toolkit/ab_ligand_md_8complexes/Surfaces/clean_structure.py -f 4E2_ddhCTP_P001_YL30D.pdb -def /Users/nf477/Projects_Natalia/GROMACS/gromacs_ab_ligand_toolkit/ab_ligand_md_8complexes/computational_DMS_top_occupancy_poses/4E2__ddhCTP/surfaces_definition/custom_MOL_AMINO_FlexAID.def

$ /Users/nf477/anaconda3/envs/nrgsuite/bin/python /Users/nf477/Projects_Natalia/GROMACS/gromacs_ab_ligand_toolkit/ab_ligand_md_8complexes/Surfaces/surface_cont_lig.py -f /Users/nf477/Projects_Natalia/GROMACS/gromacs_ab_ligand_toolkit/ab_ligand_md_8complexes/computational_DMS_top_occupancy_poses/4E2__ddhCTP/mutants/clean_4E2_ddhCTP_P001_YL30D.pdb -c HL -lig MOL -o /Users/nf477/Projects_Natalia/GROMACS/gromacs_ab_ligand_toolkit/ab_ligand_md_8complexes/computational_DMS_top_occupancy_poses/4E2__ddhCTP/surfaces/YL30D_output.csv -def /Users/nf477/Projects_Natalia/GROMACS/gromacs_ab_ligand_toolkit/ab_ligand_md_8complexes/computational_DMS_top_occupancy_poses/4E2__ddhCTP/surfaces_definition/custom_MOL_AMINO_FlexAID.def -dat /Users/nf477/Projects_Natalia/GROMACS/gromacs_ab_ligand_toolkit/ab_ligand_md_8complexes/Surfaces/FlexAID.dat

$ /Users/nf477/anaconda3/envs/nrgsuite/bin/python /Users/nf477/Projects_Natalia/GROMACS/gromacs_ab_ligand_toolkit/ab_ligand_md_8complexes/Surfaces/clean_structure.py -f 4E2_ddhCTP_P001_YL30E.pdb -def /Users/nf477/Projects_Natalia/GROMACS/gromacs_ab_ligand_toolkit/ab_ligand_md_8complexes/computational_DMS_top_occupancy_poses/4E2__ddhCTP/surfaces_definition/custom_MOL_AMINO_FlexAID.def

$ /Users/nf477/anaconda3/envs/nrgsuite/bin/python /Users/nf477/Projects_Natalia/GROMACS/gromacs_ab_ligand_toolkit/ab_ligand_md_8complexes/Surfaces/surface_cont_lig.py -f /Users/nf477/Projects_Natalia/GROMACS/gromacs_ab_ligand_toolkit/ab_ligand_md_8complexes/computational_DMS_top_occupancy_poses/4E2__ddhCTP/mutants/clean_4E2_ddhCTP_P001_YL30E.pdb -c HL -lig MOL -o /Users/nf477/Projects_Natalia/GROMACS/gromacs_ab_ligand_toolkit/ab_ligand_md_8complexes/computational_DMS_top_occupancy_poses/4E2__ddhCTP/surfaces/YL30E_output.csv -def /Users/nf477/Projects_Natalia/GROMACS/gromacs_ab_ligand_toolkit/ab_ligand_md_8complexes/computational_DMS_top_occupancy_poses/4E2__ddhCTP/surfaces_definition/custom_MOL_AMINO_FlexAID.def -dat /Users/nf477/Projects_Natalia/GROMACS/gromacs_ab_ligand_toolkit/ab_ligand_md_8complexes/Surfaces/FlexAID.dat

$ /Users/nf477/anaconda3/envs/nrgsuite/bin/python /Users/nf477/Projects_Natalia/GROMACS/gromacs_ab_ligand_toolkit/ab_ligand_md_8complexes/Surfaces/clean_structure.py -f 4E2_ddhCTP_P001_YL30F.pdb -def /Users/nf477/Projects_Natalia/GROMACS/gromacs_ab_ligand_toolkit/ab_ligand_md_8complexes/computational_DMS_top_occupancy_poses/4E2__ddhCTP/surfaces_definition/custom_MOL_AMINO_FlexAID.def

$ /Users/nf477/anaconda3/envs/nrgsuite/bin/python /Users/nf477/Projects_Natalia/GROMACS/gromacs_ab_ligand_toolkit/ab_ligand_md_8complexes/Surfaces/surface_cont_lig.py -f /Users/nf477/Projects_Natalia/GROMACS/gromacs_ab_ligand_toolkit/ab_ligand_md_8complexes/computational_DMS_top_occupancy_poses/4E2__ddhCTP/mutants/clean_4E2_ddhCTP_P001_YL30F.pdb -c HL -lig MOL -o /Users/nf477/Projects_Natalia/GROMACS/gromacs_ab_ligand_toolkit/ab_ligand_md_8complexes/computational_DMS_top_occupancy_poses/4E2__ddhCTP/surfaces/YL30F_output.csv -def /Users/nf477/Projects_Natalia/GROMACS/gromacs_ab_ligand_toolkit/ab_ligand_md_8complexes/computational_DMS_top_occupancy_poses/4E2__ddhCTP/surfaces_definition/custom_MOL_AMINO_FlexAID.def -dat /Users/nf477/Projects_Natalia/GROMACS/gromacs_ab_ligand_toolkit/ab_ligand_md_8complexes/Surfaces/FlexAID.dat

$ /Users/nf477/anaconda3/envs/nrgsuite/bin/python /Users/nf477/Projects_Natalia/GROMACS/gromacs_ab_ligand_toolkit/ab_ligand_md_8complexes/Surfaces/clean_structure.py -f 4E2_ddhCTP_P001_YL30G.pdb -def /Users/nf477/Projects_Natalia/GROMACS/gromacs_ab_ligand_toolkit/ab_ligand_md_8complexes/computational_DMS_top_occupancy_poses/4E2__ddhCTP/surfaces_definition/custom_MOL_AMINO_FlexAID.def

$ /Users/nf477/anaconda3/envs/nrgsuite/bin/python /Users/nf477/Projects_Natalia/GROMACS/gromacs_ab_ligand_toolkit/ab_ligand_md_8complexes/Surfaces/surface_cont_lig.py -f /Users/nf477/Projects_Natalia/GROMACS/gromacs_ab_ligand_toolkit/ab_ligand_md_8complexes/computational_DMS_top_occupancy_poses/4E2__ddhCTP/mutants/clean_4E2_ddhCTP_P001_YL30G.pdb -c HL -lig MOL -o /Users/nf477/Projects_Natalia/GROMACS/gromacs_ab_ligand_toolkit/ab_ligand_md_8complexes/computational_DMS_top_occupancy_poses/4E2__ddhCTP/surfaces/YL30G_output.csv -def /Users/nf477/Projects_Natalia/GROMACS/gromacs_ab_ligand_toolkit/ab_ligand_md_8complexes/computational_DMS_top_occupancy_poses/4E2__ddhCTP/surfaces_definition/custom_MOL_AMINO_FlexAID.def -dat /Users/nf477/Projects_Natalia/GROMACS/gromacs_ab_ligand_toolkit/ab_ligand_md_8complexes/Surfaces/FlexAID.dat

$ /Users/nf477/anaconda3/envs/nrgsuite/bin/python /Users/nf477/Projects_Natalia/GROMACS/gromacs_ab_ligand_toolkit/ab_ligand_md_8complexes/Surfaces/clean_structure.py -f 4E2_ddhCTP_P001_YL30H.pdb -def /Users/nf477/Projects_Natalia/GROMACS/gromacs_ab_ligand_toolkit/ab_ligand_md_8complexes/computational_DMS_top_occupancy_poses/4E2__ddhCTP/surfaces_definition/custom_MOL_AMINO_FlexAID.def

$ /Users/nf477/anaconda3/envs/nrgsuite/bin/python /Users/nf477/Projects_Natalia/GROMACS/gromacs_ab_ligand_toolkit/ab_ligand_md_8complexes/Surfaces/surface_cont_lig.py -f /Users/nf477/Projects_Natalia/GROMACS/gromacs_ab_ligand_toolkit/ab_ligand_md_8complexes/computational_DMS_top_occupancy_poses/4E2__ddhCTP/mutants/clean_4E2_ddhCTP_P001_YL30H.pdb -c HL -lig MOL -o /Users/nf477/Projects_Natalia/GROMACS/gromacs_ab_ligand_toolkit/ab_ligand_md_8complexes/computational_DMS_top_occupancy_poses/4E2__ddhCTP/surfaces/YL30H_output.csv -def /Users/nf477/Projects_Natalia/GROMACS/gromacs_ab_ligand_toolkit/ab_ligand_md_8complexes/computational_DMS_top_occupancy_poses/4E2__ddhCTP/surfaces_definition/custom_MOL_AMINO_FlexAID.def -dat /Users/nf477/Projects_Natalia/GROMACS/gromacs_ab_ligand_toolkit/ab_ligand_md_8complexes/Surfaces/FlexAID.dat

$ /Users/nf477/anaconda3/envs/nrgsuite/bin/python /Users/nf477/Projects_Natalia/GROMACS/gromacs_ab_ligand_toolkit/ab_ligand_md_8complexes/Surfaces/clean_structure.py -f 4E2_ddhCTP_P001_YL30I.pdb -def /Users/nf477/Projects_Natalia/GROMACS/gromacs_ab_ligand_toolkit/ab_ligand_md_8complexes/computational_DMS_top_occupancy_poses/4E2__ddhCTP/surfaces_definition/custom_MOL_AMINO_FlexAID.def

$ /Users/nf477/anaconda3/envs/nrgsuite/bin/python /Users/nf477/Projects_Natalia/GROMACS/gromacs_ab_ligand_toolkit/ab_ligand_md_8complexes/Surfaces/surface_cont_lig.py -f /Users/nf477/Projects_Natalia/GROMACS/gromacs_ab_ligand_toolkit/ab_ligand_md_8complexes/computational_DMS_top_occupancy_poses/4E2__ddhCTP/mutants/clean_4E2_ddhCTP_P001_YL30I.pdb -c HL -lig MOL -o /Users/nf477/Projects_Natalia/GROMACS/gromacs_ab_ligand_toolkit/ab_ligand_md_8complexes/computational_DMS_top_occupancy_poses/4E2__ddhCTP/surfaces/YL30I_output.csv -def /Users/nf477/Projects_Natalia/GROMACS/gromacs_ab_ligand_toolkit/ab_ligand_md_8complexes/computational_DMS_top_occupancy_poses/4E2__ddhCTP/surfaces_definition/custom_MOL_AMINO_FlexAID.def -dat /Users/nf477/Projects_Natalia/GROMACS/gromacs_ab_ligand_toolkit/ab_ligand_md_8complexes/Surfaces/FlexAID.dat

$ /Users/nf477/anaconda3/envs/nrgsuite/bin/python /Users/nf477/Projects_Natalia/GROMACS/gromacs_ab_ligand_toolkit/ab_ligand_md_8complexes/Surfaces/clean_structure.py -f 4E2_ddhCTP_P001_YL30K.pdb -def /Users/nf477/Projects_Natalia/GROMACS/gromacs_ab_ligand_toolkit/ab_ligand_md_8complexes/computational_DMS_top_occupancy_poses/4E2__ddhCTP/surfaces_definition/custom_MOL_AMINO_FlexAID.def

$ /Users/nf477/anaconda3/envs/nrgsuite/bin/python /Users/nf477/Projects_Natalia/GROMACS/gromacs_ab_ligand_toolkit/ab_ligand_md_8complexes/Surfaces/surface_cont_lig.py -f /Users/nf477/Projects_Natalia/GROMACS/gromacs_ab_ligand_toolkit/ab_ligand_md_8complexes/computational_DMS_top_occupancy_poses/4E2__ddhCTP/mutants/clean_4E2_ddhCTP_P001_YL30K.pdb -c HL -lig MOL -o /Users/nf477/Projects_Natalia/GROMACS/gromacs_ab_ligand_toolkit/ab_ligand_md_8complexes/computational_DMS_top_occupancy_poses/4E2__ddhCTP/surfaces/YL30K_output.csv -def /Users/nf477/Projects_Natalia/GROMACS/gromacs_ab_ligand_toolkit/ab_ligand_md_8complexes/computational_DMS_top_occupancy_poses/4E2__ddhCTP/surfaces_definition/custom_MOL_AMINO_FlexAID.def -dat /Users/nf477/Projects_Natalia/GROMACS/gromacs_ab_ligand_toolkit/ab_ligand_md_8complexes/Surfaces/FlexAID.dat

$ /Users/nf477/anaconda3/envs/nrgsuite/bin/python /Users/nf477/Projects_Natalia/GROMACS/gromacs_ab_ligand_toolkit/ab_ligand_md_8complexes/Surfaces/clean_structure.py -f 4E2_ddhCTP_P001_YL30L.pdb -def /Users/nf477/Projects_Natalia/GROMACS/gromacs_ab_ligand_toolkit/ab_ligand_md_8complexes/computational_DMS_top_occupancy_poses/4E2__ddhCTP/surfaces_definition/custom_MOL_AMINO_FlexAID.def

$ /Users/nf477/anaconda3/envs/nrgsuite/bin/python /Users/nf477/Projects_Natalia/GROMACS/gromacs_ab_ligand_toolkit/ab_ligand_md_8complexes/Surfaces/surface_cont_lig.py -f /Users/nf477/Projects_Natalia/GROMACS/gromacs_ab_ligand_toolkit/ab_ligand_md_8complexes/computational_DMS_top_occupancy_poses/4E2__ddhCTP/mutants/clean_4E2_ddhCTP_P001_YL30L.pdb -c HL -lig MOL -o /Users/nf477/Projects_Natalia/GROMACS/gromacs_ab_ligand_toolkit/ab_ligand_md_8complexes/computational_DMS_top_occupancy_poses/4E2__ddhCTP/surfaces/YL30L_output.csv -def /Users/nf477/Projects_Natalia/GROMACS/gromacs_ab_ligand_toolkit/ab_ligand_md_8complexes/computational_DMS_top_occupancy_poses/4E2__ddhCTP/surfaces_definition/custom_MOL_AMINO_FlexAID.def -dat /Users/nf477/Projects_Natalia/GROMACS/gromacs_ab_ligand_toolkit/ab_ligand_md_8complexes/Surfaces/FlexAID.dat

$ /Users/nf477/anaconda3/envs/nrgsuite/bin/python /Users/nf477/Projects_Natalia/GROMACS/gromacs_ab_ligand_toolkit/ab_ligand_md_8complexes/Surfaces/clean_structure.py -f 4E2_ddhCTP_P001_YL30M.pdb -def /Users/nf477/Projects_Natalia/GROMACS/gromacs_ab_ligand_toolkit/ab_ligand_md_8complexes/computational_DMS_top_occupancy_poses/4E2__ddhCTP/surfaces_definition/custom_MOL_AMINO_FlexAID.def

$ /Users/nf477/anaconda3/envs/nrgsuite/bin/python /Users/nf477/Projects_Natalia/GROMACS/gromacs_ab_ligand_toolkit/ab_ligand_md_8complexes/Surfaces/surface_cont_lig.py -f /Users/nf477/Projects_Natalia/GROMACS/gromacs_ab_ligand_toolkit/ab_ligand_md_8complexes/computational_DMS_top_occupancy_poses/4E2__ddhCTP/mutants/clean_4E2_ddhCTP_P001_YL30M.pdb -c HL -lig MOL -o /Users/nf477/Projects_Natalia/GROMACS/gromacs_ab_ligand_toolkit/ab_ligand_md_8complexes/computational_DMS_top_occupancy_poses/4E2__ddhCTP/surfaces/YL30M_output.csv -def /Users/nf477/Projects_Natalia/GROMACS/gromacs_ab_ligand_toolkit/ab_ligand_md_8complexes/computational_DMS_top_occupancy_poses/4E2__ddhCTP/surfaces_definition/custom_MOL_AMINO_FlexAID.def -dat /Users/nf477/Projects_Natalia/GROMACS/gromacs_ab_ligand_toolkit/ab_ligand_md_8complexes/Surfaces/FlexAID.dat

$ /Users/nf477/anaconda3/envs/nrgsuite/bin/python /Users/nf477/Projects_Natalia/GROMACS/gromacs_ab_ligand_toolkit/ab_ligand_md_8complexes/Surfaces/clean_structure.py -f 4E2_ddhCTP_P001_YL30N.pdb -def /Users/nf477/Projects_Natalia/GROMACS/gromacs_ab_ligand_toolkit/ab_ligand_md_8complexes/computational_DMS_top_occupancy_poses/4E2__ddhCTP/surfaces_definition/custom_MOL_AMINO_FlexAID.def

$ /Users/nf477/anaconda3/envs/nrgsuite/bin/python /Users/nf477/Projects_Natalia/GROMACS/gromacs_ab_ligand_toolkit/ab_ligand_md_8complexes/Surfaces/surface_cont_lig.py -f /Users/nf477/Projects_Natalia/GROMACS/gromacs_ab_ligand_toolkit/ab_ligand_md_8complexes/computational_DMS_top_occupancy_poses/4E2__ddhCTP/mutants/clean_4E2_ddhCTP_P001_YL30N.pdb -c HL -lig MOL -o /Users/nf477/Projects_Natalia/GROMACS/gromacs_ab_ligand_toolkit/ab_ligand_md_8complexes/computational_DMS_top_occupancy_poses/4E2__ddhCTP/surfaces/YL30N_output.csv -def /Users/nf477/Projects_Natalia/GROMACS/gromacs_ab_ligand_toolkit/ab_ligand_md_8complexes/computational_DMS_top_occupancy_poses/4E2__ddhCTP/surfaces_definition/custom_MOL_AMINO_FlexAID.def -dat /Users/nf477/Projects_Natalia/GROMACS/gromacs_ab_ligand_toolkit/ab_ligand_md_8complexes/Surfaces/FlexAID.dat

$ /Users/nf477/anaconda3/envs/nrgsuite/bin/python /Users/nf477/Projects_Natalia/GROMACS/gromacs_ab_ligand_toolkit/ab_ligand_md_8complexes/Surfaces/clean_structure.py -f 4E2_ddhCTP_P001_YL30P.pdb -def /Users/nf477/Projects_Natalia/GROMACS/gromacs_ab_ligand_toolkit/ab_ligand_md_8complexes/computational_DMS_top_occupancy_poses/4E2__ddhCTP/surfaces_definition/custom_MOL_AMINO_FlexAID.def

$ /Users/nf477/anaconda3/envs/nrgsuite/bin/python /Users/nf477/Projects_Natalia/GROMACS/gromacs_ab_ligand_toolkit/ab_ligand_md_8complexes/Surfaces/surface_cont_lig.py -f /Users/nf477/Projects_Natalia/GROMACS/gromacs_ab_ligand_toolkit/ab_ligand_md_8complexes/computational_DMS_top_occupancy_poses/4E2__ddhCTP/mutants/clean_4E2_ddhCTP_P001_YL30P.pdb -c HL -lig MOL -o /Users/nf477/Projects_Natalia/GROMACS/gromacs_ab_ligand_toolkit/ab_ligand_md_8complexes/computational_DMS_top_occupancy_poses/4E2__ddhCTP/surfaces/YL30P_output.csv -def /Users/nf477/Projects_Natalia/GROMACS/gromacs_ab_ligand_toolkit/ab_ligand_md_8complexes/computational_DMS_top_occupancy_poses/4E2__ddhCTP/surfaces_definition/custom_MOL_AMINO_FlexAID.def -dat /Users/nf477/Projects_Natalia/GROMACS/gromacs_ab_ligand_toolkit/ab_ligand_md_8complexes/Surfaces/FlexAID.dat

$ /Users/nf477/anaconda3/envs/nrgsuite/bin/python /Users/nf477/Projects_Natalia/GROMACS/gromacs_ab_ligand_toolkit/ab_ligand_md_8complexes/Surfaces/clean_structure.py -f 4E2_ddhCTP_P001_YL30Q.pdb -def /Users/nf477/Projects_Natalia/GROMACS/gromacs_ab_ligand_toolkit/ab_ligand_md_8complexes/computational_DMS_top_occupancy_poses/4E2__ddhCTP/surfaces_definition/custom_MOL_AMINO_FlexAID.def

$ /Users/nf477/anaconda3/envs/nrgsuite/bin/python /Users/nf477/Projects_Natalia/GROMACS/gromacs_ab_ligand_toolkit/ab_ligand_md_8complexes/Surfaces/surface_cont_lig.py -f /Users/nf477/Projects_Natalia/GROMACS/gromacs_ab_ligand_toolkit/ab_ligand_md_8complexes/computational_DMS_top_occupancy_poses/4E2__ddhCTP/mutants/clean_4E2_ddhCTP_P001_YL30Q.pdb -c HL -lig MOL -o /Users/nf477/Projects_Natalia/GROMACS/gromacs_ab_ligand_toolkit/ab_ligand_md_8complexes/computational_DMS_top_occupancy_poses/4E2__ddhCTP/surfaces/YL30Q_output.csv -def /Users/nf477/Projects_Natalia/GROMACS/gromacs_ab_ligand_toolkit/ab_ligand_md_8complexes/computational_DMS_top_occupancy_poses/4E2__ddhCTP/surfaces_definition/custom_MOL_AMINO_FlexAID.def -dat /Users/nf477/Projects_Natalia/GROMACS/gromacs_ab_ligand_toolkit/ab_ligand_md_8complexes/Surfaces/FlexAID.dat

$ /Users/nf477/anaconda3/envs/nrgsuite/bin/python /Users/nf477/Projects_Natalia/GROMACS/gromacs_ab_ligand_toolkit/ab_ligand_md_8complexes/Surfaces/clean_structure.py -f 4E2_ddhCTP_P001_YL30R.pdb -def /Users/nf477/Projects_Natalia/GROMACS/gromacs_ab_ligand_toolkit/ab_ligand_md_8complexes/computational_DMS_top_occupancy_poses/4E2__ddhCTP/surfaces_definition/custom_MOL_AMINO_FlexAID.def

$ /Users/nf477/anaconda3/envs/nrgsuite/bin/python /Users/nf477/Projects_Natalia/GROMACS/gromacs_ab_ligand_toolkit/ab_ligand_md_8complexes/Surfaces/surface_cont_lig.py -f /Users/nf477/Projects_Natalia/GROMACS/gromacs_ab_ligand_toolkit/ab_ligand_md_8complexes/computational_DMS_top_occupancy_poses/4E2__ddhCTP/mutants/clean_4E2_ddhCTP_P001_YL30R.pdb -c HL -lig MOL -o /Users/nf477/Projects_Natalia/GROMACS/gromacs_ab_ligand_toolkit/ab_ligand_md_8complexes/computational_DMS_top_occupancy_poses/4E2__ddhCTP/surfaces/YL30R_output.csv -def /Users/nf477/Projects_Natalia/GROMACS/gromacs_ab_ligand_toolkit/ab_ligand_md_8complexes/computational_DMS_top_occupancy_poses/4E2__ddhCTP/surfaces_definition/custom_MOL_AMINO_FlexAID.def -dat /Users/nf477/Projects_Natalia/GROMACS/gromacs_ab_ligand_toolkit/ab_ligand_md_8complexes/Surfaces/FlexAID.dat

$ /Users/nf477/anaconda3/envs/nrgsuite/bin/python /Users/nf477/Projects_Natalia/GROMACS/gromacs_ab_ligand_toolkit/ab_ligand_md_8complexes/Surfaces/clean_structure.py -f 4E2_ddhCTP_P001_YL30S.pdb -def /Users/nf477/Projects_Natalia/GROMACS/gromacs_ab_ligand_toolkit/ab_ligand_md_8complexes/computational_DMS_top_occupancy_poses/4E2__ddhCTP/surfaces_definition/custom_MOL_AMINO_FlexAID.def

$ /Users/nf477/anaconda3/envs/nrgsuite/bin/python /Users/nf477/Projects_Natalia/GROMACS/gromacs_ab_ligand_toolkit/ab_ligand_md_8complexes/Surfaces/surface_cont_lig.py -f /Users/nf477/Projects_Natalia/GROMACS/gromacs_ab_ligand_toolkit/ab_ligand_md_8complexes/computational_DMS_top_occupancy_poses/4E2__ddhCTP/mutants/clean_4E2_ddhCTP_P001_YL30S.pdb -c HL -lig MOL -o /Users/nf477/Projects_Natalia/GROMACS/gromacs_ab_ligand_toolkit/ab_ligand_md_8complexes/computational_DMS_top_occupancy_poses/4E2__ddhCTP/surfaces/YL30S_output.csv -def /Users/nf477/Projects_Natalia/GROMACS/gromacs_ab_ligand_toolkit/ab_ligand_md_8complexes/computational_DMS_top_occupancy_poses/4E2__ddhCTP/surfaces_definition/custom_MOL_AMINO_FlexAID.def -dat /Users/nf477/Projects_Natalia/GROMACS/gromacs_ab_ligand_toolkit/ab_ligand_md_8complexes/Surfaces/FlexAID.dat

$ /Users/nf477/anaconda3/envs/nrgsuite/bin/python /Users/nf477/Projects_Natalia/GROMACS/gromacs_ab_ligand_toolkit/ab_ligand_md_8complexes/Surfaces/clean_structure.py -f 4E2_ddhCTP_P001_YL30T.pdb -def /Users/nf477/Projects_Natalia/GROMACS/gromacs_ab_ligand_toolkit/ab_ligand_md_8complexes/computational_DMS_top_occupancy_poses/4E2__ddhCTP/surfaces_definition/custom_MOL_AMINO_FlexAID.def

$ /Users/nf477/anaconda3/envs/nrgsuite/bin/python /Users/nf477/Projects_Natalia/GROMACS/gromacs_ab_ligand_toolkit/ab_ligand_md_8complexes/Surfaces/surface_cont_lig.py -f /Users/nf477/Projects_Natalia/GROMACS/gromacs_ab_ligand_toolkit/ab_ligand_md_8complexes/computational_DMS_top_occupancy_poses/4E2__ddhCTP/mutants/clean_4E2_ddhCTP_P001_YL30T.pdb -c HL -lig MOL -o /Users/nf477/Projects_Natalia/GROMACS/gromacs_ab_ligand_toolkit/ab_ligand_md_8complexes/computational_DMS_top_occupancy_poses/4E2__ddhCTP/surfaces/YL30T_output.csv -def /Users/nf477/Projects_Natalia/GROMACS/gromacs_ab_ligand_toolkit/ab_ligand_md_8complexes/computational_DMS_top_occupancy_poses/4E2__ddhCTP/surfaces_definition/custom_MOL_AMINO_FlexAID.def -dat /Users/nf477/Projects_Natalia/GROMACS/gromacs_ab_ligand_toolkit/ab_ligand_md_8complexes/Surfaces/FlexAID.dat

$ /Users/nf477/anaconda3/envs/nrgsuite/bin/python /Users/nf477/Projects_Natalia/GROMACS/gromacs_ab_ligand_toolkit/ab_ligand_md_8complexes/Surfaces/clean_structure.py -f 4E2_ddhCTP_P001_YL30V.pdb -def /Users/nf477/Projects_Natalia/GROMACS/gromacs_ab_ligand_toolkit/ab_ligand_md_8complexes/computational_DMS_top_occupancy_poses/4E2__ddhCTP/surfaces_definition/custom_MOL_AMINO_FlexAID.def

$ /Users/nf477/anaconda3/envs/nrgsuite/bin/python /Users/nf477/Projects_Natalia/GROMACS/gromacs_ab_ligand_toolkit/ab_ligand_md_8complexes/Surfaces/surface_cont_lig.py -f /Users/nf477/Projects_Natalia/GROMACS/gromacs_ab_ligand_toolkit/ab_ligand_md_8complexes/computational_DMS_top_occupancy_poses/4E2__ddhCTP/mutants/clean_4E2_ddhCTP_P001_YL30V.pdb -c HL -lig MOL -o /Users/nf477/Projects_Natalia/GROMACS/gromacs_ab_ligand_toolkit/ab_ligand_md_8complexes/computational_DMS_top_occupancy_poses/4E2__ddhCTP/surfaces/YL30V_output.csv -def /Users/nf477/Projects_Natalia/GROMACS/gromacs_ab_ligand_toolkit/ab_ligand_md_8complexes/computational_DMS_top_occupancy_poses/4E2__ddhCTP/surfaces_definition/custom_MOL_AMINO_FlexAID.def -dat /Users/nf477/Projects_Natalia/GROMACS/gromacs_ab_ligand_toolkit/ab_ligand_md_8complexes/Surfaces/FlexAID.dat

$ /Users/nf477/anaconda3/envs/nrgsuite/bin/python /Users/nf477/Projects_Natalia/GROMACS/gromacs_ab_ligand_toolkit/ab_ligand_md_8complexes/Surfaces/clean_structure.py -f 4E2_ddhCTP_P001_YL30W.pdb -def /Users/nf477/Projects_Natalia/GROMACS/gromacs_ab_ligand_toolkit/ab_ligand_md_8complexes/computational_DMS_top_occupancy_poses/4E2__ddhCTP/surfaces_definition/custom_MOL_AMINO_FlexAID.def

$ /Users/nf477/anaconda3/envs/nrgsuite/bin/python /Users/nf477/Projects_Natalia/GROMACS/gromacs_ab_ligand_toolkit/ab_ligand_md_8complexes/Surfaces/surface_cont_lig.py -f /Users/nf477/Projects_Natalia/GROMACS/gromacs_ab_ligand_toolkit/ab_ligand_md_8complexes/computational_DMS_top_occupancy_poses/4E2__ddhCTP/mutants/clean_4E2_ddhCTP_P001_YL30W.pdb -c HL -lig MOL -o /Users/nf477/Projects_Natalia/GROMACS/gromacs_ab_ligand_toolkit/ab_ligand_md_8complexes/computational_DMS_top_occupancy_poses/4E2__ddhCTP/surfaces/YL30W_output.csv -def /Users/nf477/Projects_Natalia/GROMACS/gromacs_ab_ligand_toolkit/ab_ligand_md_8complexes/computational_DMS_top_occupancy_poses/4E2__ddhCTP/surfaces_definition/custom_MOL_AMINO_FlexAID.def -dat /Users/nf477/Projects_Natalia/GROMACS/gromacs_ab_ligand_toolkit/ab_ligand_md_8complexes/Surfaces/FlexAID.dat

$ /Users/nf477/anaconda3/envs/nrgsuite/bin/python /Users/nf477/Projects_Natalia/GROMACS/gromacs_ab_ligand_toolkit/ab_ligand_md_8complexes/Surfaces/clean_structure.py -f 4E2_ddhCTP_P001_YL30Y.pdb -def /Users/nf477/Projects_Natalia/GROMACS/gromacs_ab_ligand_toolkit/ab_ligand_md_8complexes/computational_DMS_top_occupancy_poses/4E2__ddhCTP/surfaces_definition/custom_MOL_AMINO_FlexAID.def

$ /Users/nf477/anaconda3/envs/nrgsuite/bin/python /Users/nf477/Projects_Natalia/GROMACS/gromacs_ab_ligand_toolkit/ab_ligand_md_8complexes/Surfaces/surface_cont_lig.py -f /Users/nf477/Projects_Natalia/GROMACS/gromacs_ab_ligand_toolkit/ab_ligand_md_8complexes/computational_DMS_top_occupancy_poses/4E2__ddhCTP/mutants/clean_4E2_ddhCTP_P001_YL30Y.pdb -c HL -lig MOL -o /Users/nf477/Projects_Natalia/GROMACS/gromacs_ab_ligand_toolkit/ab_ligand_md_8complexes/computational_DMS_top_occupancy_poses/4E2__ddhCTP/surfaces/YL30Y_output.csv -def /Users/nf477/Projects_Natalia/GROMACS/gromacs_ab_ligand_toolkit/ab_ligand_md_8complexes/computational_DMS_top_occupancy_poses/4E2__ddhCTP/surfaces_definition/custom_MOL_AMINO_FlexAID.def -dat /Users/nf477/Projects_Natalia/GROMACS/gromacs_ab_ligand_toolkit/ab_ligand_md_8complexes/Surfaces/FlexAID.dat

$ /Users/nf477/anaconda3/envs/nrgsuite/bin/python /Users/nf477/Projects_Natalia/GROMACS/gromacs_ab_ligand_toolkit/ab_ligand_md_8complexes/Surfaces/clean_structure.py -f 4E2_ddhCTP_P001_NL31A.pdb -def /Users/nf477/Projects_Natalia/GROMACS/gromacs_ab_ligand_toolkit/ab_ligand_md_8complexes/computational_DMS_top_occupancy_poses/4E2__ddhCTP/surfaces_definition/custom_MOL_AMINO_FlexAID.def

$ /Users/nf477/anaconda3/envs/nrgsuite/bin/python /Users/nf477/Projects_Natalia/GROMACS/gromacs_ab_ligand_toolkit/ab_ligand_md_8complexes/Surfaces/surface_cont_lig.py -f /Users/nf477/Projects_Natalia/GROMACS/gromacs_ab_ligand_toolkit/ab_ligand_md_8complexes/computational_DMS_top_occupancy_poses/4E2__ddhCTP/mutants/clean_4E2_ddhCTP_P001_NL31A.pdb -c HL -lig MOL -o /Users/nf477/Projects_Natalia/GROMACS/gromacs_ab_ligand_toolkit/ab_ligand_md_8complexes/computational_DMS_top_occupancy_poses/4E2__ddhCTP/surfaces/NL31A_output.csv -def /Users/nf477/Projects_Natalia/GROMACS/gromacs_ab_ligand_toolkit/ab_ligand_md_8complexes/computational_DMS_top_occupancy_poses/4E2__ddhCTP/surfaces_definition/custom_MOL_AMINO_FlexAID.def -dat /Users/nf477/Projects_Natalia/GROMACS/gromacs_ab_ligand_toolkit/ab_ligand_md_8complexes/Surfaces/FlexAID.dat

$ /Users/nf477/anaconda3/envs/nrgsuite/bin/python /Users/nf477/Projects_Natalia/GROMACS/gromacs_ab_ligand_toolkit/ab_ligand_md_8complexes/Surfaces/clean_structure.py -f 4E2_ddhCTP_P001_NL31C.pdb -def /Users/nf477/Projects_Natalia/GROMACS/gromacs_ab_ligand_toolkit/ab_ligand_md_8complexes/computational_DMS_top_occupancy_poses/4E2__ddhCTP/surfaces_definition/custom_MOL_AMINO_FlexAID.def

$ /Users/nf477/anaconda3/envs/nrgsuite/bin/python /Users/nf477/Projects_Natalia/GROMACS/gromacs_ab_ligand_toolkit/ab_ligand_md_8complexes/Surfaces/surface_cont_lig.py -f /Users/nf477/Projects_Natalia/GROMACS/gromacs_ab_ligand_toolkit/ab_ligand_md_8complexes/computational_DMS_top_occupancy_poses/4E2__ddhCTP/mutants/clean_4E2_ddhCTP_P001_NL31C.pdb -c HL -lig MOL -o /Users/nf477/Projects_Natalia/GROMACS/gromacs_ab_ligand_toolkit/ab_ligand_md_8complexes/computational_DMS_top_occupancy_poses/4E2__ddhCTP/surfaces/NL31C_output.csv -def /Users/nf477/Projects_Natalia/GROMACS/gromacs_ab_ligand_toolkit/ab_ligand_md_8complexes/computational_DMS_top_occupancy_poses/4E2__ddhCTP/surfaces_definition/custom_MOL_AMINO_FlexAID.def -dat /Users/nf477/Projects_Natalia/GROMACS/gromacs_ab_ligand_toolkit/ab_ligand_md_8complexes/Surfaces/FlexAID.dat

$ /Users/nf477/anaconda3/envs/nrgsuite/bin/python /Users/nf477/Projects_Natalia/GROMACS/gromacs_ab_ligand_toolkit/ab_ligand_md_8complexes/Surfaces/clean_structure.py -f 4E2_ddhCTP_P001_NL31D.pdb -def /Users/nf477/Projects_Natalia/GROMACS/gromacs_ab_ligand_toolkit/ab_ligand_md_8complexes/computational_DMS_top_occupancy_poses/4E2__ddhCTP/surfaces_definition/custom_MOL_AMINO_FlexAID.def

$ /Users/nf477/anaconda3/envs/nrgsuite/bin/python /Users/nf477/Projects_Natalia/GROMACS/gromacs_ab_ligand_toolkit/ab_ligand_md_8complexes/Surfaces/surface_cont_lig.py -f /Users/nf477/Projects_Natalia/GROMACS/gromacs_ab_ligand_toolkit/ab_ligand_md_8complexes/computational_DMS_top_occupancy_poses/4E2__ddhCTP/mutants/clean_4E2_ddhCTP_P001_NL31D.pdb -c HL -lig MOL -o /Users/nf477/Projects_Natalia/GROMACS/gromacs_ab_ligand_toolkit/ab_ligand_md_8complexes/computational_DMS_top_occupancy_poses/4E2__ddhCTP/surfaces/NL31D_output.csv -def /Users/nf477/Projects_Natalia/GROMACS/gromacs_ab_ligand_toolkit/ab_ligand_md_8complexes/computational_DMS_top_occupancy_poses/4E2__ddhCTP/surfaces_definition/custom_MOL_AMINO_FlexAID.def -dat /Users/nf477/Projects_Natalia/GROMACS/gromacs_ab_ligand_toolkit/ab_ligand_md_8complexes/Surfaces/FlexAID.dat

$ /Users/nf477/anaconda3/envs/nrgsuite/bin/python /Users/nf477/Projects_Natalia/GROMACS/gromacs_ab_ligand_toolkit/ab_ligand_md_8complexes/Surfaces/clean_structure.py -f 4E2_ddhCTP_P001_NL31E.pdb -def /Users/nf477/Projects_Natalia/GROMACS/gromacs_ab_ligand_toolkit/ab_ligand_md_8complexes/computational_DMS_top_occupancy_poses/4E2__ddhCTP/surfaces_definition/custom_MOL_AMINO_FlexAID.def

$ /Users/nf477/anaconda3/envs/nrgsuite/bin/python /Users/nf477/Projects_Natalia/GROMACS/gromacs_ab_ligand_toolkit/ab_ligand_md_8complexes/Surfaces/surface_cont_lig.py -f /Users/nf477/Projects_Natalia/GROMACS/gromacs_ab_ligand_toolkit/ab_ligand_md_8complexes/computational_DMS_top_occupancy_poses/4E2__ddhCTP/mutants/clean_4E2_ddhCTP_P001_NL31E.pdb -c HL -lig MOL -o /Users/nf477/Projects_Natalia/GROMACS/gromacs_ab_ligand_toolkit/ab_ligand_md_8complexes/computational_DMS_top_occupancy_poses/4E2__ddhCTP/surfaces/NL31E_output.csv -def /Users/nf477/Projects_Natalia/GROMACS/gromacs_ab_ligand_toolkit/ab_ligand_md_8complexes/computational_DMS_top_occupancy_poses/4E2__ddhCTP/surfaces_definition/custom_MOL_AMINO_FlexAID.def -dat /Users/nf477/Projects_Natalia/GROMACS/gromacs_ab_ligand_toolkit/ab_ligand_md_8complexes/Surfaces/FlexAID.dat

$ /Users/nf477/anaconda3/envs/nrgsuite/bin/python /Users/nf477/Projects_Natalia/GROMACS/gromacs_ab_ligand_toolkit/ab_ligand_md_8complexes/Surfaces/clean_structure.py -f 4E2_ddhCTP_P001_NL31F.pdb -def /Users/nf477/Projects_Natalia/GROMACS/gromacs_ab_ligand_toolkit/ab_ligand_md_8complexes/computational_DMS_top_occupancy_poses/4E2__ddhCTP/surfaces_definition/custom_MOL_AMINO_FlexAID.def

$ /Users/nf477/anaconda3/envs/nrgsuite/bin/python /Users/nf477/Projects_Natalia/GROMACS/gromacs_ab_ligand_toolkit/ab_ligand_md_8complexes/Surfaces/surface_cont_lig.py -f /Users/nf477/Projects_Natalia/GROMACS/gromacs_ab_ligand_toolkit/ab_ligand_md_8complexes/computational_DMS_top_occupancy_poses/4E2__ddhCTP/mutants/clean_4E2_ddhCTP_P001_NL31F.pdb -c HL -lig MOL -o /Users/nf477/Projects_Natalia/GROMACS/gromacs_ab_ligand_toolkit/ab_ligand_md_8complexes/computational_DMS_top_occupancy_poses/4E2__ddhCTP/surfaces/NL31F_output.csv -def /Users/nf477/Projects_Natalia/GROMACS/gromacs_ab_ligand_toolkit/ab_ligand_md_8complexes/computational_DMS_top_occupancy_poses/4E2__ddhCTP/surfaces_definition/custom_MOL_AMINO_FlexAID.def -dat /Users/nf477/Projects_Natalia/GROMACS/gromacs_ab_ligand_toolkit/ab_ligand_md_8complexes/Surfaces/FlexAID.dat

$ /Users/nf477/anaconda3/envs/nrgsuite/bin/python /Users/nf477/Projects_Natalia/GROMACS/gromacs_ab_ligand_toolkit/ab_ligand_md_8complexes/Surfaces/clean_structure.py -f 4E2_ddhCTP_P001_NL31G.pdb -def /Users/nf477/Projects_Natalia/GROMACS/gromacs_ab_ligand_toolkit/ab_ligand_md_8complexes/computational_DMS_top_occupancy_poses/4E2__ddhCTP/surfaces_definition/custom_MOL_AMINO_FlexAID.def

$ /Users/nf477/anaconda3/envs/nrgsuite/bin/python /Users/nf477/Projects_Natalia/GROMACS/gromacs_ab_ligand_toolkit/ab_ligand_md_8complexes/Surfaces/surface_cont_lig.py -f /Users/nf477/Projects_Natalia/GROMACS/gromacs_ab_ligand_toolkit/ab_ligand_md_8complexes/computational_DMS_top_occupancy_poses/4E2__ddhCTP/mutants/clean_4E2_ddhCTP_P001_NL31G.pdb -c HL -lig MOL -o /Users/nf477/Projects_Natalia/GROMACS/gromacs_ab_ligand_toolkit/ab_ligand_md_8complexes/computational_DMS_top_occupancy_poses/4E2__ddhCTP/surfaces/NL31G_output.csv -def /Users/nf477/Projects_Natalia/GROMACS/gromacs_ab_ligand_toolkit/ab_ligand_md_8complexes/computational_DMS_top_occupancy_poses/4E2__ddhCTP/surfaces_definition/custom_MOL_AMINO_FlexAID.def -dat /Users/nf477/Projects_Natalia/GROMACS/gromacs_ab_ligand_toolkit/ab_ligand_md_8complexes/Surfaces/FlexAID.dat

$ /Users/nf477/anaconda3/envs/nrgsuite/bin/python /Users/nf477/Projects_Natalia/GROMACS/gromacs_ab_ligand_toolkit/ab_ligand_md_8complexes/Surfaces/clean_structure.py -f 4E2_ddhCTP_P001_NL31H.pdb -def /Users/nf477/Projects_Natalia/GROMACS/gromacs_ab_ligand_toolkit/ab_ligand_md_8complexes/computational_DMS_top_occupancy_poses/4E2__ddhCTP/surfaces_definition/custom_MOL_AMINO_FlexAID.def

$ /Users/nf477/anaconda3/envs/nrgsuite/bin/python /Users/nf477/Projects_Natalia/GROMACS/gromacs_ab_ligand_toolkit/ab_ligand_md_8complexes/Surfaces/surface_cont_lig.py -f /Users/nf477/Projects_Natalia/GROMACS/gromacs_ab_ligand_toolkit/ab_ligand_md_8complexes/computational_DMS_top_occupancy_poses/4E2__ddhCTP/mutants/clean_4E2_ddhCTP_P001_NL31H.pdb -c HL -lig MOL -o /Users/nf477/Projects_Natalia/GROMACS/gromacs_ab_ligand_toolkit/ab_ligand_md_8complexes/computational_DMS_top_occupancy_poses/4E2__ddhCTP/surfaces/NL31H_output.csv -def /Users/nf477/Projects_Natalia/GROMACS/gromacs_ab_ligand_toolkit/ab_ligand_md_8complexes/computational_DMS_top_occupancy_poses/4E2__ddhCTP/surfaces_definition/custom_MOL_AMINO_FlexAID.def -dat /Users/nf477/Projects_Natalia/GROMACS/gromacs_ab_ligand_toolkit/ab_ligand_md_8complexes/Surfaces/FlexAID.dat

$ /Users/nf477/anaconda3/envs/nrgsuite/bin/python /Users/nf477/Projects_Natalia/GROMACS/gromacs_ab_ligand_toolkit/ab_ligand_md_8complexes/Surfaces/clean_structure.py -f 4E2_ddhCTP_P001_NL31I.pdb -def /Users/nf477/Projects_Natalia/GROMACS/gromacs_ab_ligand_toolkit/ab_ligand_md_8complexes/computational_DMS_top_occupancy_poses/4E2__ddhCTP/surfaces_definition/custom_MOL_AMINO_FlexAID.def

$ /Users/nf477/anaconda3/envs/nrgsuite/bin/python /Users/nf477/Projects_Natalia/GROMACS/gromacs_ab_ligand_toolkit/ab_ligand_md_8complexes/Surfaces/surface_cont_lig.py -f /Users/nf477/Projects_Natalia/GROMACS/gromacs_ab_ligand_toolkit/ab_ligand_md_8complexes/computational_DMS_top_occupancy_poses/4E2__ddhCTP/mutants/clean_4E2_ddhCTP_P001_NL31I.pdb -c HL -lig MOL -o /Users/nf477/Projects_Natalia/GROMACS/gromacs_ab_ligand_toolkit/ab_ligand_md_8complexes/computational_DMS_top_occupancy_poses/4E2__ddhCTP/surfaces/NL31I_output.csv -def /Users/nf477/Projects_Natalia/GROMACS/gromacs_ab_ligand_toolkit/ab_ligand_md_8complexes/computational_DMS_top_occupancy_poses/4E2__ddhCTP/surfaces_definition/custom_MOL_AMINO_FlexAID.def -dat /Users/nf477/Projects_Natalia/GROMACS/gromacs_ab_ligand_toolkit/ab_ligand_md_8complexes/Surfaces/FlexAID.dat

$ /Users/nf477/anaconda3/envs/nrgsuite/bin/python /Users/nf477/Projects_Natalia/GROMACS/gromacs_ab_ligand_toolkit/ab_ligand_md_8complexes/Surfaces/clean_structure.py -f 4E2_ddhCTP_P001_NL31K.pdb -def /Users/nf477/Projects_Natalia/GROMACS/gromacs_ab_ligand_toolkit/ab_ligand_md_8complexes/computational_DMS_top_occupancy_poses/4E2__ddhCTP/surfaces_definition/custom_MOL_AMINO_FlexAID.def

$ /Users/nf477/anaconda3/envs/nrgsuite/bin/python /Users/nf477/Projects_Natalia/GROMACS/gromacs_ab_ligand_toolkit/ab_ligand_md_8complexes/Surfaces/surface_cont_lig.py -f /Users/nf477/Projects_Natalia/GROMACS/gromacs_ab_ligand_toolkit/ab_ligand_md_8complexes/computational_DMS_top_occupancy_poses/4E2__ddhCTP/mutants/clean_4E2_ddhCTP_P001_NL31K.pdb -c HL -lig MOL -o /Users/nf477/Projects_Natalia/GROMACS/gromacs_ab_ligand_toolkit/ab_ligand_md_8complexes/computational_DMS_top_occupancy_poses/4E2__ddhCTP/surfaces/NL31K_output.csv -def /Users/nf477/Projects_Natalia/GROMACS/gromacs_ab_ligand_toolkit/ab_ligand_md_8complexes/computational_DMS_top_occupancy_poses/4E2__ddhCTP/surfaces_definition/custom_MOL_AMINO_FlexAID.def -dat /Users/nf477/Projects_Natalia/GROMACS/gromacs_ab_ligand_toolkit/ab_ligand_md_8complexes/Surfaces/FlexAID.dat

$ /Users/nf477/anaconda3/envs/nrgsuite/bin/python /Users/nf477/Projects_Natalia/GROMACS/gromacs_ab_ligand_toolkit/ab_ligand_md_8complexes/Surfaces/clean_structure.py -f 4E2_ddhCTP_P001_NL31L.pdb -def /Users/nf477/Projects_Natalia/GROMACS/gromacs_ab_ligand_toolkit/ab_ligand_md_8complexes/computational_DMS_top_occupancy_poses/4E2__ddhCTP/surfaces_definition/custom_MOL_AMINO_FlexAID.def

$ /Users/nf477/anaconda3/envs/nrgsuite/bin/python /Users/nf477/Projects_Natalia/GROMACS/gromacs_ab_ligand_toolkit/ab_ligand_md_8complexes/Surfaces/surface_cont_lig.py -f /Users/nf477/Projects_Natalia/GROMACS/gromacs_ab_ligand_toolkit/ab_ligand_md_8complexes/computational_DMS_top_occupancy_poses/4E2__ddhCTP/mutants/clean_4E2_ddhCTP_P001_NL31L.pdb -c HL -lig MOL -o /Users/nf477/Projects_Natalia/GROMACS/gromacs_ab_ligand_toolkit/ab_ligand_md_8complexes/computational_DMS_top_occupancy_poses/4E2__ddhCTP/surfaces/NL31L_output.csv -def /Users/nf477/Projects_Natalia/GROMACS/gromacs_ab_ligand_toolkit/ab_ligand_md_8complexes/computational_DMS_top_occupancy_poses/4E2__ddhCTP/surfaces_definition/custom_MOL_AMINO_FlexAID.def -dat /Users/nf477/Projects_Natalia/GROMACS/gromacs_ab_ligand_toolkit/ab_ligand_md_8complexes/Surfaces/FlexAID.dat

$ /Users/nf477/anaconda3/envs/nrgsuite/bin/python /Users/nf477/Projects_Natalia/GROMACS/gromacs_ab_ligand_toolkit/ab_ligand_md_8complexes/Surfaces/clean_structure.py -f 4E2_ddhCTP_P001_NL31M.pdb -def /Users/nf477/Projects_Natalia/GROMACS/gromacs_ab_ligand_toolkit/ab_ligand_md_8complexes/computational_DMS_top_occupancy_poses/4E2__ddhCTP/surfaces_definition/custom_MOL_AMINO_FlexAID.def

$ /Users/nf477/anaconda3/envs/nrgsuite/bin/python /Users/nf477/Projects_Natalia/GROMACS/gromacs_ab_ligand_toolkit/ab_ligand_md_8complexes/Surfaces/surface_cont_lig.py -f /Users/nf477/Projects_Natalia/GROMACS/gromacs_ab_ligand_toolkit/ab_ligand_md_8complexes/computational_DMS_top_occupancy_poses/4E2__ddhCTP/mutants/clean_4E2_ddhCTP_P001_NL31M.pdb -c HL -lig MOL -o /Users/nf477/Projects_Natalia/GROMACS/gromacs_ab_ligand_toolkit/ab_ligand_md_8complexes/computational_DMS_top_occupancy_poses/4E2__ddhCTP/surfaces/NL31M_output.csv -def /Users/nf477/Projects_Natalia/GROMACS/gromacs_ab_ligand_toolkit/ab_ligand_md_8complexes/computational_DMS_top_occupancy_poses/4E2__ddhCTP/surfaces_definition/custom_MOL_AMINO_FlexAID.def -dat /Users/nf477/Projects_Natalia/GROMACS/gromacs_ab_ligand_toolkit/ab_ligand_md_8complexes/Surfaces/FlexAID.dat

$ /Users/nf477/anaconda3/envs/nrgsuite/bin/python /Users/nf477/Projects_Natalia/GROMACS/gromacs_ab_ligand_toolkit/ab_ligand_md_8complexes/Surfaces/clean_structure.py -f 4E2_ddhCTP_P001_NL31N.pdb -def /Users/nf477/Projects_Natalia/GROMACS/gromacs_ab_ligand_toolkit/ab_ligand_md_8complexes/computational_DMS_top_occupancy_poses/4E2__ddhCTP/surfaces_definition/custom_MOL_AMINO_FlexAID.def

$ /Users/nf477/anaconda3/envs/nrgsuite/bin/python /Users/nf477/Projects_Natalia/GROMACS/gromacs_ab_ligand_toolkit/ab_ligand_md_8complexes/Surfaces/surface_cont_lig.py -f /Users/nf477/Projects_Natalia/GROMACS/gromacs_ab_ligand_toolkit/ab_ligand_md_8complexes/computational_DMS_top_occupancy_poses/4E2__ddhCTP/mutants/clean_4E2_ddhCTP_P001_NL31N.pdb -c HL -lig MOL -o /Users/nf477/Projects_Natalia/GROMACS/gromacs_ab_ligand_toolkit/ab_ligand_md_8complexes/computational_DMS_top_occupancy_poses/4E2__ddhCTP/surfaces/NL31N_output.csv -def /Users/nf477/Projects_Natalia/GROMACS/gromacs_ab_ligand_toolkit/ab_ligand_md_8complexes/computational_DMS_top_occupancy_poses/4E2__ddhCTP/surfaces_definition/custom_MOL_AMINO_FlexAID.def -dat /Users/nf477/Projects_Natalia/GROMACS/gromacs_ab_ligand_toolkit/ab_ligand_md_8complexes/Surfaces/FlexAID.dat

$ /Users/nf477/anaconda3/envs/nrgsuite/bin/python /Users/nf477/Projects_Natalia/GROMACS/gromacs_ab_ligand_toolkit/ab_ligand_md_8complexes/Surfaces/clean_structure.py -f 4E2_ddhCTP_P001_NL31P.pdb -def /Users/nf477/Projects_Natalia/GROMACS/gromacs_ab_ligand_toolkit/ab_ligand_md_8complexes/computational_DMS_top_occupancy_poses/4E2__ddhCTP/surfaces_definition/custom_MOL_AMINO_FlexAID.def

$ /Users/nf477/anaconda3/envs/nrgsuite/bin/python /Users/nf477/Projects_Natalia/GROMACS/gromacs_ab_ligand_toolkit/ab_ligand_md_8complexes/Surfaces/surface_cont_lig.py -f /Users/nf477/Projects_Natalia/GROMACS/gromacs_ab_ligand_toolkit/ab_ligand_md_8complexes/computational_DMS_top_occupancy_poses/4E2__ddhCTP/mutants/clean_4E2_ddhCTP_P001_NL31P.pdb -c HL -lig MOL -o /Users/nf477/Projects_Natalia/GROMACS/gromacs_ab_ligand_toolkit/ab_ligand_md_8complexes/computational_DMS_top_occupancy_poses/4E2__ddhCTP/surfaces/NL31P_output.csv -def /Users/nf477/Projects_Natalia/GROMACS/gromacs_ab_ligand_toolkit/ab_ligand_md_8complexes/computational_DMS_top_occupancy_poses/4E2__ddhCTP/surfaces_definition/custom_MOL_AMINO_FlexAID.def -dat /Users/nf477/Projects_Natalia/GROMACS/gromacs_ab_ligand_toolkit/ab_ligand_md_8complexes/Surfaces/FlexAID.dat

$ /Users/nf477/anaconda3/envs/nrgsuite/bin/python /Users/nf477/Projects_Natalia/GROMACS/gromacs_ab_ligand_toolkit/ab_ligand_md_8complexes/Surfaces/clean_structure.py -f 4E2_ddhCTP_P001_NL31Q.pdb -def /Users/nf477/Projects_Natalia/GROMACS/gromacs_ab_ligand_toolkit/ab_ligand_md_8complexes/computational_DMS_top_occupancy_poses/4E2__ddhCTP/surfaces_definition/custom_MOL_AMINO_FlexAID.def

$ /Users/nf477/anaconda3/envs/nrgsuite/bin/python /Users/nf477/Projects_Natalia/GROMACS/gromacs_ab_ligand_toolkit/ab_ligand_md_8complexes/Surfaces/surface_cont_lig.py -f /Users/nf477/Projects_Natalia/GROMACS/gromacs_ab_ligand_toolkit/ab_ligand_md_8complexes/computational_DMS_top_occupancy_poses/4E2__ddhCTP/mutants/clean_4E2_ddhCTP_P001_NL31Q.pdb -c HL -lig MOL -o /Users/nf477/Projects_Natalia/GROMACS/gromacs_ab_ligand_toolkit/ab_ligand_md_8complexes/computational_DMS_top_occupancy_poses/4E2__ddhCTP/surfaces/NL31Q_output.csv -def /Users/nf477/Projects_Natalia/GROMACS/gromacs_ab_ligand_toolkit/ab_ligand_md_8complexes/computational_DMS_top_occupancy_poses/4E2__ddhCTP/surfaces_definition/custom_MOL_AMINO_FlexAID.def -dat /Users/nf477/Projects_Natalia/GROMACS/gromacs_ab_ligand_toolkit/ab_ligand_md_8complexes/Surfaces/FlexAID.dat

$ /Users/nf477/anaconda3/envs/nrgsuite/bin/python /Users/nf477/Projects_Natalia/GROMACS/gromacs_ab_ligand_toolkit/ab_ligand_md_8complexes/Surfaces/clean_structure.py -f 4E2_ddhCTP_P001_NL31R.pdb -def /Users/nf477/Projects_Natalia/GROMACS/gromacs_ab_ligand_toolkit/ab_ligand_md_8complexes/computational_DMS_top_occupancy_poses/4E2__ddhCTP/surfaces_definition/custom_MOL_AMINO_FlexAID.def

$ /Users/nf477/anaconda3/envs/nrgsuite/bin/python /Users/nf477/Projects_Natalia/GROMACS/gromacs_ab_ligand_toolkit/ab_ligand_md_8complexes/Surfaces/surface_cont_lig.py -f /Users/nf477/Projects_Natalia/GROMACS/gromacs_ab_ligand_toolkit/ab_ligand_md_8complexes/computational_DMS_top_occupancy_poses/4E2__ddhCTP/mutants/clean_4E2_ddhCTP_P001_NL31R.pdb -c HL -lig MOL -o /Users/nf477/Projects_Natalia/GROMACS/gromacs_ab_ligand_toolkit/ab_ligand_md_8complexes/computational_DMS_top_occupancy_poses/4E2__ddhCTP/surfaces/NL31R_output.csv -def /Users/nf477/Projects_Natalia/GROMACS/gromacs_ab_ligand_toolkit/ab_ligand_md_8complexes/computational_DMS_top_occupancy_poses/4E2__ddhCTP/surfaces_definition/custom_MOL_AMINO_FlexAID.def -dat /Users/nf477/Projects_Natalia/GROMACS/gromacs_ab_ligand_toolkit/ab_ligand_md_8complexes/Surfaces/FlexAID.dat

$ /Users/nf477/anaconda3/envs/nrgsuite/bin/python /Users/nf477/Projects_Natalia/GROMACS/gromacs_ab_ligand_toolkit/ab_ligand_md_8complexes/Surfaces/clean_structure.py -f 4E2_ddhCTP_P001_NL31S.pdb -def /Users/nf477/Projects_Natalia/GROMACS/gromacs_ab_ligand_toolkit/ab_ligand_md_8complexes/computational_DMS_top_occupancy_poses/4E2__ddhCTP/surfaces_definition/custom_MOL_AMINO_FlexAID.def

$ /Users/nf477/anaconda3/envs/nrgsuite/bin/python /Users/nf477/Projects_Natalia/GROMACS/gromacs_ab_ligand_toolkit/ab_ligand_md_8complexes/Surfaces/surface_cont_lig.py -f /Users/nf477/Projects_Natalia/GROMACS/gromacs_ab_ligand_toolkit/ab_ligand_md_8complexes/computational_DMS_top_occupancy_poses/4E2__ddhCTP/mutants/clean_4E2_ddhCTP_P001_NL31S.pdb -c HL -lig MOL -o /Users/nf477/Projects_Natalia/GROMACS/gromacs_ab_ligand_toolkit/ab_ligand_md_8complexes/computational_DMS_top_occupancy_poses/4E2__ddhCTP/surfaces/NL31S_output.csv -def /Users/nf477/Projects_Natalia/GROMACS/gromacs_ab_ligand_toolkit/ab_ligand_md_8complexes/computational_DMS_top_occupancy_poses/4E2__ddhCTP/surfaces_definition/custom_MOL_AMINO_FlexAID.def -dat /Users/nf477/Projects_Natalia/GROMACS/gromacs_ab_ligand_toolkit/ab_ligand_md_8complexes/Surfaces/FlexAID.dat

$ /Users/nf477/anaconda3/envs/nrgsuite/bin/python /Users/nf477/Projects_Natalia/GROMACS/gromacs_ab_ligand_toolkit/ab_ligand_md_8complexes/Surfaces/clean_structure.py -f 4E2_ddhCTP_P001_NL31T.pdb -def /Users/nf477/Projects_Natalia/GROMACS/gromacs_ab_ligand_toolkit/ab_ligand_md_8complexes/computational_DMS_top_occupancy_poses/4E2__ddhCTP/surfaces_definition/custom_MOL_AMINO_FlexAID.def

$ /Users/nf477/anaconda3/envs/nrgsuite/bin/python /Users/nf477/Projects_Natalia/GROMACS/gromacs_ab_ligand_toolkit/ab_ligand_md_8complexes/Surfaces/surface_cont_lig.py -f /Users/nf477/Projects_Natalia/GROMACS/gromacs_ab_ligand_toolkit/ab_ligand_md_8complexes/computational_DMS_top_occupancy_poses/4E2__ddhCTP/mutants/clean_4E2_ddhCTP_P001_NL31T.pdb -c HL -lig MOL -o /Users/nf477/Projects_Natalia/GROMACS/gromacs_ab_ligand_toolkit/ab_ligand_md_8complexes/computational_DMS_top_occupancy_poses/4E2__ddhCTP/surfaces/NL31T_output.csv -def /Users/nf477/Projects_Natalia/GROMACS/gromacs_ab_ligand_toolkit/ab_ligand_md_8complexes/computational_DMS_top_occupancy_poses/4E2__ddhCTP/surfaces_definition/custom_MOL_AMINO_FlexAID.def -dat /Users/nf477/Projects_Natalia/GROMACS/gromacs_ab_ligand_toolkit/ab_ligand_md_8complexes/Surfaces/FlexAID.dat

$ /Users/nf477/anaconda3/envs/nrgsuite/bin/python /Users/nf477/Projects_Natalia/GROMACS/gromacs_ab_ligand_toolkit/ab_ligand_md_8complexes/Surfaces/clean_structure.py -f 4E2_ddhCTP_P001_NL31V.pdb -def /Users/nf477/Projects_Natalia/GROMACS/gromacs_ab_ligand_toolkit/ab_ligand_md_8complexes/computational_DMS_top_occupancy_poses/4E2__ddhCTP/surfaces_definition/custom_MOL_AMINO_FlexAID.def

$ /Users/nf477/anaconda3/envs/nrgsuite/bin/python /Users/nf477/Projects_Natalia/GROMACS/gromacs_ab_ligand_toolkit/ab_ligand_md_8complexes/Surfaces/surface_cont_lig.py -f /Users/nf477/Projects_Natalia/GROMACS/gromacs_ab_ligand_toolkit/ab_ligand_md_8complexes/computational_DMS_top_occupancy_poses/4E2__ddhCTP/mutants/clean_4E2_ddhCTP_P001_NL31V.pdb -c HL -lig MOL -o /Users/nf477/Projects_Natalia/GROMACS/gromacs_ab_ligand_toolkit/ab_ligand_md_8complexes/computational_DMS_top_occupancy_poses/4E2__ddhCTP/surfaces/NL31V_output.csv -def /Users/nf477/Projects_Natalia/GROMACS/gromacs_ab_ligand_toolkit/ab_ligand_md_8complexes/computational_DMS_top_occupancy_poses/4E2__ddhCTP/surfaces_definition/custom_MOL_AMINO_FlexAID.def -dat /Users/nf477/Projects_Natalia/GROMACS/gromacs_ab_ligand_toolkit/ab_ligand_md_8complexes/Surfaces/FlexAID.dat

$ /Users/nf477/anaconda3/envs/nrgsuite/bin/python /Users/nf477/Projects_Natalia/GROMACS/gromacs_ab_ligand_toolkit/ab_ligand_md_8complexes/Surfaces/clean_structure.py -f 4E2_ddhCTP_P001_NL31W.pdb -def /Users/nf477/Projects_Natalia/GROMACS/gromacs_ab_ligand_toolkit/ab_ligand_md_8complexes/computational_DMS_top_occupancy_poses/4E2__ddhCTP/surfaces_definition/custom_MOL_AMINO_FlexAID.def

$ /Users/nf477/anaconda3/envs/nrgsuite/bin/python /Users/nf477/Projects_Natalia/GROMACS/gromacs_ab_ligand_toolkit/ab_ligand_md_8complexes/Surfaces/surface_cont_lig.py -f /Users/nf477/Projects_Natalia/GROMACS/gromacs_ab_ligand_toolkit/ab_ligand_md_8complexes/computational_DMS_top_occupancy_poses/4E2__ddhCTP/mutants/clean_4E2_ddhCTP_P001_NL31W.pdb -c HL -lig MOL -o /Users/nf477/Projects_Natalia/GROMACS/gromacs_ab_ligand_toolkit/ab_ligand_md_8complexes/computational_DMS_top_occupancy_poses/4E2__ddhCTP/surfaces/NL31W_output.csv -def /Users/nf477/Projects_Natalia/GROMACS/gromacs_ab_ligand_toolkit/ab_ligand_md_8complexes/computational_DMS_top_occupancy_poses/4E2__ddhCTP/surfaces_definition/custom_MOL_AMINO_FlexAID.def -dat /Users/nf477/Projects_Natalia/GROMACS/gromacs_ab_ligand_toolkit/ab_ligand_md_8complexes/Surfaces/FlexAID.dat

$ /Users/nf477/anaconda3/envs/nrgsuite/bin/python /Users/nf477/Projects_Natalia/GROMACS/gromacs_ab_ligand_toolkit/ab_ligand_md_8complexes/Surfaces/clean_structure.py -f 4E2_ddhCTP_P001_NL31Y.pdb -def /Users/nf477/Projects_Natalia/GROMACS/gromacs_ab_ligand_toolkit/ab_ligand_md_8complexes/computational_DMS_top_occupancy_poses/4E2__ddhCTP/surfaces_definition/custom_MOL_AMINO_FlexAID.def

$ /Users/nf477/anaconda3/envs/nrgsuite/bin/python /Users/nf477/Projects_Natalia/GROMACS/gromacs_ab_ligand_toolkit/ab_ligand_md_8complexes/Surfaces/surface_cont_lig.py -f /Users/nf477/Projects_Natalia/GROMACS/gromacs_ab_ligand_toolkit/ab_ligand_md_8complexes/computational_DMS_top_occupancy_poses/4E2__ddhCTP/mutants/clean_4E2_ddhCTP_P001_NL31Y.pdb -c HL -lig MOL -o /Users/nf477/Projects_Natalia/GROMACS/gromacs_ab_ligand_toolkit/ab_ligand_md_8complexes/computational_DMS_top_occupancy_poses/4E2__ddhCTP/surfaces/NL31Y_output.csv -def /Users/nf477/Projects_Natalia/GROMACS/gromacs_ab_ligand_toolkit/ab_ligand_md_8complexes/computational_DMS_top_occupancy_poses/4E2__ddhCTP/surfaces_definition/custom_MOL_AMINO_FlexAID.def -dat /Users/nf477/Projects_Natalia/GROMACS/gromacs_ab_ligand_toolkit/ab_ligand_md_8complexes/Surfaces/FlexAID.dat

$ /Users/nf477/anaconda3/envs/nrgsuite/bin/python /Users/nf477/Projects_Natalia/GROMACS/gromacs_ab_ligand_toolkit/ab_ligand_md_8complexes/Surfaces/clean_structure.py -f 4E2_ddhCTP_P001_YL34A.pdb -def /Users/nf477/Projects_Natalia/GROMACS/gromacs_ab_ligand_toolkit/ab_ligand_md_8complexes/computational_DMS_top_occupancy_poses/4E2__ddhCTP/surfaces_definition/custom_MOL_AMINO_FlexAID.def

$ /Users/nf477/anaconda3/envs/nrgsuite/bin/python /Users/nf477/Projects_Natalia/GROMACS/gromacs_ab_ligand_toolkit/ab_ligand_md_8complexes/Surfaces/surface_cont_lig.py -f /Users/nf477/Projects_Natalia/GROMACS/gromacs_ab_ligand_toolkit/ab_ligand_md_8complexes/computational_DMS_top_occupancy_poses/4E2__ddhCTP/mutants/clean_4E2_ddhCTP_P001_YL34A.pdb -c HL -lig MOL -o /Users/nf477/Projects_Natalia/GROMACS/gromacs_ab_ligand_toolkit/ab_ligand_md_8complexes/computational_DMS_top_occupancy_poses/4E2__ddhCTP/surfaces/YL34A_output.csv -def /Users/nf477/Projects_Natalia/GROMACS/gromacs_ab_ligand_toolkit/ab_ligand_md_8complexes/computational_DMS_top_occupancy_poses/4E2__ddhCTP/surfaces_definition/custom_MOL_AMINO_FlexAID.def -dat /Users/nf477/Projects_Natalia/GROMACS/gromacs_ab_ligand_toolkit/ab_ligand_md_8complexes/Surfaces/FlexAID.dat

$ /Users/nf477/anaconda3/envs/nrgsuite/bin/python /Users/nf477/Projects_Natalia/GROMACS/gromacs_ab_ligand_toolkit/ab_ligand_md_8complexes/Surfaces/clean_structure.py -f 4E2_ddhCTP_P001_YL34C.pdb -def /Users/nf477/Projects_Natalia/GROMACS/gromacs_ab_ligand_toolkit/ab_ligand_md_8complexes/computational_DMS_top_occupancy_poses/4E2__ddhCTP/surfaces_definition/custom_MOL_AMINO_FlexAID.def

$ /Users/nf477/anaconda3/envs/nrgsuite/bin/python /Users/nf477/Projects_Natalia/GROMACS/gromacs_ab_ligand_toolkit/ab_ligand_md_8complexes/Surfaces/surface_cont_lig.py -f /Users/nf477/Projects_Natalia/GROMACS/gromacs_ab_ligand_toolkit/ab_ligand_md_8complexes/computational_DMS_top_occupancy_poses/4E2__ddhCTP/mutants/clean_4E2_ddhCTP_P001_YL34C.pdb -c HL -lig MOL -o /Users/nf477/Projects_Natalia/GROMACS/gromacs_ab_ligand_toolkit/ab_ligand_md_8complexes/computational_DMS_top_occupancy_poses/4E2__ddhCTP/surfaces/YL34C_output.csv -def /Users/nf477/Projects_Natalia/GROMACS/gromacs_ab_ligand_toolkit/ab_ligand_md_8complexes/computational_DMS_top_occupancy_poses/4E2__ddhCTP/surfaces_definition/custom_MOL_AMINO_FlexAID.def -dat /Users/nf477/Projects_Natalia/GROMACS/gromacs_ab_ligand_toolkit/ab_ligand_md_8complexes/Surfaces/FlexAID.dat

$ /Users/nf477/anaconda3/envs/nrgsuite/bin/python /Users/nf477/Projects_Natalia/GROMACS/gromacs_ab_ligand_toolkit/ab_ligand_md_8complexes/Surfaces/clean_structure.py -f 4E2_ddhCTP_P001_YL34D.pdb -def /Users/nf477/Projects_Natalia/GROMACS/gromacs_ab_ligand_toolkit/ab_ligand_md_8complexes/computational_DMS_top_occupancy_poses/4E2__ddhCTP/surfaces_definition/custom_MOL_AMINO_FlexAID.def

$ /Users/nf477/anaconda3/envs/nrgsuite/bin/python /Users/nf477/Projects_Natalia/GROMACS/gromacs_ab_ligand_toolkit/ab_ligand_md_8complexes/Surfaces/surface_cont_lig.py -f /Users/nf477/Projects_Natalia/GROMACS/gromacs_ab_ligand_toolkit/ab_ligand_md_8complexes/computational_DMS_top_occupancy_poses/4E2__ddhCTP/mutants/clean_4E2_ddhCTP_P001_YL34D.pdb -c HL -lig MOL -o /Users/nf477/Projects_Natalia/GROMACS/gromacs_ab_ligand_toolkit/ab_ligand_md_8complexes/computational_DMS_top_occupancy_poses/4E2__ddhCTP/surfaces/YL34D_output.csv -def /Users/nf477/Projects_Natalia/GROMACS/gromacs_ab_ligand_toolkit/ab_ligand_md_8complexes/computational_DMS_top_occupancy_poses/4E2__ddhCTP/surfaces_definition/custom_MOL_AMINO_FlexAID.def -dat /Users/nf477/Projects_Natalia/GROMACS/gromacs_ab_ligand_toolkit/ab_ligand_md_8complexes/Surfaces/FlexAID.dat

$ /Users/nf477/anaconda3/envs/nrgsuite/bin/python /Users/nf477/Projects_Natalia/GROMACS/gromacs_ab_ligand_toolkit/ab_ligand_md_8complexes/Surfaces/clean_structure.py -f 4E2_ddhCTP_P001_YL34E.pdb -def /Users/nf477/Projects_Natalia/GROMACS/gromacs_ab_ligand_toolkit/ab_ligand_md_8complexes/computational_DMS_top_occupancy_poses/4E2__ddhCTP/surfaces_definition/custom_MOL_AMINO_FlexAID.def

$ /Users/nf477/anaconda3/envs/nrgsuite/bin/python /Users/nf477/Projects_Natalia/GROMACS/gromacs_ab_ligand_toolkit/ab_ligand_md_8complexes/Surfaces/surface_cont_lig.py -f /Users/nf477/Projects_Natalia/GROMACS/gromacs_ab_ligand_toolkit/ab_ligand_md_8complexes/computational_DMS_top_occupancy_poses/4E2__ddhCTP/mutants/clean_4E2_ddhCTP_P001_YL34E.pdb -c HL -lig MOL -o /Users/nf477/Projects_Natalia/GROMACS/gromacs_ab_ligand_toolkit/ab_ligand_md_8complexes/computational_DMS_top_occupancy_poses/4E2__ddhCTP/surfaces/YL34E_output.csv -def /Users/nf477/Projects_Natalia/GROMACS/gromacs_ab_ligand_toolkit/ab_ligand_md_8complexes/computational_DMS_top_occupancy_poses/4E2__ddhCTP/surfaces_definition/custom_MOL_AMINO_FlexAID.def -dat /Users/nf477/Projects_Natalia/GROMACS/gromacs_ab_ligand_toolkit/ab_ligand_md_8complexes/Surfaces/FlexAID.dat

$ /Users/nf477/anaconda3/envs/nrgsuite/bin/python /Users/nf477/Projects_Natalia/GROMACS/gromacs_ab_ligand_toolkit/ab_ligand_md_8complexes/Surfaces/clean_structure.py -f 4E2_ddhCTP_P001_YL34F.pdb -def /Users/nf477/Projects_Natalia/GROMACS/gromacs_ab_ligand_toolkit/ab_ligand_md_8complexes/computational_DMS_top_occupancy_poses/4E2__ddhCTP/surfaces_definition/custom_MOL_AMINO_FlexAID.def

$ /Users/nf477/anaconda3/envs/nrgsuite/bin/python /Users/nf477/Projects_Natalia/GROMACS/gromacs_ab_ligand_toolkit/ab_ligand_md_8complexes/Surfaces/surface_cont_lig.py -f /Users/nf477/Projects_Natalia/GROMACS/gromacs_ab_ligand_toolkit/ab_ligand_md_8complexes/computational_DMS_top_occupancy_poses/4E2__ddhCTP/mutants/clean_4E2_ddhCTP_P001_YL34F.pdb -c HL -lig MOL -o /Users/nf477/Projects_Natalia/GROMACS/gromacs_ab_ligand_toolkit/ab_ligand_md_8complexes/computational_DMS_top_occupancy_poses/4E2__ddhCTP/surfaces/YL34F_output.csv -def /Users/nf477/Projects_Natalia/GROMACS/gromacs_ab_ligand_toolkit/ab_ligand_md_8complexes/computational_DMS_top_occupancy_poses/4E2__ddhCTP/surfaces_definition/custom_MOL_AMINO_FlexAID.def -dat /Users/nf477/Projects_Natalia/GROMACS/gromacs_ab_ligand_toolkit/ab_ligand_md_8complexes/Surfaces/FlexAID.dat

$ /Users/nf477/anaconda3/envs/nrgsuite/bin/python /Users/nf477/Projects_Natalia/GROMACS/gromacs_ab_ligand_toolkit/ab_ligand_md_8complexes/Surfaces/clean_structure.py -f 4E2_ddhCTP_P001_YL34G.pdb -def /Users/nf477/Projects_Natalia/GROMACS/gromacs_ab_ligand_toolkit/ab_ligand_md_8complexes/computational_DMS_top_occupancy_poses/4E2__ddhCTP/surfaces_definition/custom_MOL_AMINO_FlexAID.def

$ /Users/nf477/anaconda3/envs/nrgsuite/bin/python /Users/nf477/Projects_Natalia/GROMACS/gromacs_ab_ligand_toolkit/ab_ligand_md_8complexes/Surfaces/surface_cont_lig.py -f /Users/nf477/Projects_Natalia/GROMACS/gromacs_ab_ligand_toolkit/ab_ligand_md_8complexes/computational_DMS_top_occupancy_poses/4E2__ddhCTP/mutants/clean_4E2_ddhCTP_P001_YL34G.pdb -c HL -lig MOL -o /Users/nf477/Projects_Natalia/GROMACS/gromacs_ab_ligand_toolkit/ab_ligand_md_8complexes/computational_DMS_top_occupancy_poses/4E2__ddhCTP/surfaces/YL34G_output.csv -def /Users/nf477/Projects_Natalia/GROMACS/gromacs_ab_ligand_toolkit/ab_ligand_md_8complexes/computational_DMS_top_occupancy_poses/4E2__ddhCTP/surfaces_definition/custom_MOL_AMINO_FlexAID.def -dat /Users/nf477/Projects_Natalia/GROMACS/gromacs_ab_ligand_toolkit/ab_ligand_md_8complexes/Surfaces/FlexAID.dat

$ /Users/nf477/anaconda3/envs/nrgsuite/bin/python /Users/nf477/Projects_Natalia/GROMACS/gromacs_ab_ligand_toolkit/ab_ligand_md_8complexes/Surfaces/clean_structure.py -f 4E2_ddhCTP_P001_YL34H.pdb -def /Users/nf477/Projects_Natalia/GROMACS/gromacs_ab_ligand_toolkit/ab_ligand_md_8complexes/computational_DMS_top_occupancy_poses/4E2__ddhCTP/surfaces_definition/custom_MOL_AMINO_FlexAID.def

$ /Users/nf477/anaconda3/envs/nrgsuite/bin/python /Users/nf477/Projects_Natalia/GROMACS/gromacs_ab_ligand_toolkit/ab_ligand_md_8complexes/Surfaces/surface_cont_lig.py -f /Users/nf477/Projects_Natalia/GROMACS/gromacs_ab_ligand_toolkit/ab_ligand_md_8complexes/computational_DMS_top_occupancy_poses/4E2__ddhCTP/mutants/clean_4E2_ddhCTP_P001_YL34H.pdb -c HL -lig MOL -o /Users/nf477/Projects_Natalia/GROMACS/gromacs_ab_ligand_toolkit/ab_ligand_md_8complexes/computational_DMS_top_occupancy_poses/4E2__ddhCTP/surfaces/YL34H_output.csv -def /Users/nf477/Projects_Natalia/GROMACS/gromacs_ab_ligand_toolkit/ab_ligand_md_8complexes/computational_DMS_top_occupancy_poses/4E2__ddhCTP/surfaces_definition/custom_MOL_AMINO_FlexAID.def -dat /Users/nf477/Projects_Natalia/GROMACS/gromacs_ab_ligand_toolkit/ab_ligand_md_8complexes/Surfaces/FlexAID.dat

$ /Users/nf477/anaconda3/envs/nrgsuite/bin/python /Users/nf477/Projects_Natalia/GROMACS/gromacs_ab_ligand_toolkit/ab_ligand_md_8complexes/Surfaces/clean_structure.py -f 4E2_ddhCTP_P001_YL34I.pdb -def /Users/nf477/Projects_Natalia/GROMACS/gromacs_ab_ligand_toolkit/ab_ligand_md_8complexes/computational_DMS_top_occupancy_poses/4E2__ddhCTP/surfaces_definition/custom_MOL_AMINO_FlexAID.def

$ /Users/nf477/anaconda3/envs/nrgsuite/bin/python /Users/nf477/Projects_Natalia/GROMACS/gromacs_ab_ligand_toolkit/ab_ligand_md_8complexes/Surfaces/surface_cont_lig.py -f /Users/nf477/Projects_Natalia/GROMACS/gromacs_ab_ligand_toolkit/ab_ligand_md_8complexes/computational_DMS_top_occupancy_poses/4E2__ddhCTP/mutants/clean_4E2_ddhCTP_P001_YL34I.pdb -c HL -lig MOL -o /Users/nf477/Projects_Natalia/GROMACS/gromacs_ab_ligand_toolkit/ab_ligand_md_8complexes/computational_DMS_top_occupancy_poses/4E2__ddhCTP/surfaces/YL34I_output.csv -def /Users/nf477/Projects_Natalia/GROMACS/gromacs_ab_ligand_toolkit/ab_ligand_md_8complexes/computational_DMS_top_occupancy_poses/4E2__ddhCTP/surfaces_definition/custom_MOL_AMINO_FlexAID.def -dat /Users/nf477/Projects_Natalia/GROMACS/gromacs_ab_ligand_toolkit/ab_ligand_md_8complexes/Surfaces/FlexAID.dat

$ /Users/nf477/anaconda3/envs/nrgsuite/bin/python /Users/nf477/Projects_Natalia/GROMACS/gromacs_ab_ligand_toolkit/ab_ligand_md_8complexes/Surfaces/clean_structure.py -f 4E2_ddhCTP_P001_YL34K.pdb -def /Users/nf477/Projects_Natalia/GROMACS/gromacs_ab_ligand_toolkit/ab_ligand_md_8complexes/computational_DMS_top_occupancy_poses/4E2__ddhCTP/surfaces_definition/custom_MOL_AMINO_FlexAID.def

$ /Users/nf477/anaconda3/envs/nrgsuite/bin/python /Users/nf477/Projects_Natalia/GROMACS/gromacs_ab_ligand_toolkit/ab_ligand_md_8complexes/Surfaces/surface_cont_lig.py -f /Users/nf477/Projects_Natalia/GROMACS/gromacs_ab_ligand_toolkit/ab_ligand_md_8complexes/computational_DMS_top_occupancy_poses/4E2__ddhCTP/mutants/clean_4E2_ddhCTP_P001_YL34K.pdb -c HL -lig MOL -o /Users/nf477/Projects_Natalia/GROMACS/gromacs_ab_ligand_toolkit/ab_ligand_md_8complexes/computational_DMS_top_occupancy_poses/4E2__ddhCTP/surfaces/YL34K_output.csv -def /Users/nf477/Projects_Natalia/GROMACS/gromacs_ab_ligand_toolkit/ab_ligand_md_8complexes/computational_DMS_top_occupancy_poses/4E2__ddhCTP/surfaces_definition/custom_MOL_AMINO_FlexAID.def -dat /Users/nf477/Projects_Natalia/GROMACS/gromacs_ab_ligand_toolkit/ab_ligand_md_8complexes/Surfaces/FlexAID.dat

$ /Users/nf477/anaconda3/envs/nrgsuite/bin/python /Users/nf477/Projects_Natalia/GROMACS/gromacs_ab_ligand_toolkit/ab_ligand_md_8complexes/Surfaces/clean_structure.py -f 4E2_ddhCTP_P001_YL34L.pdb -def /Users/nf477/Projects_Natalia/GROMACS/gromacs_ab_ligand_toolkit/ab_ligand_md_8complexes/computational_DMS_top_occupancy_poses/4E2__ddhCTP/surfaces_definition/custom_MOL_AMINO_FlexAID.def

$ /Users/nf477/anaconda3/envs/nrgsuite/bin/python /Users/nf477/Projects_Natalia/GROMACS/gromacs_ab_ligand_toolkit/ab_ligand_md_8complexes/Surfaces/surface_cont_lig.py -f /Users/nf477/Projects_Natalia/GROMACS/gromacs_ab_ligand_toolkit/ab_ligand_md_8complexes/computational_DMS_top_occupancy_poses/4E2__ddhCTP/mutants/clean_4E2_ddhCTP_P001_YL34L.pdb -c HL -lig MOL -o /Users/nf477/Projects_Natalia/GROMACS/gromacs_ab_ligand_toolkit/ab_ligand_md_8complexes/computational_DMS_top_occupancy_poses/4E2__ddhCTP/surfaces/YL34L_output.csv -def /Users/nf477/Projects_Natalia/GROMACS/gromacs_ab_ligand_toolkit/ab_ligand_md_8complexes/computational_DMS_top_occupancy_poses/4E2__ddhCTP/surfaces_definition/custom_MOL_AMINO_FlexAID.def -dat /Users/nf477/Projects_Natalia/GROMACS/gromacs_ab_ligand_toolkit/ab_ligand_md_8complexes/Surfaces/FlexAID.dat

$ /Users/nf477/anaconda3/envs/nrgsuite/bin/python /Users/nf477/Projects_Natalia/GROMACS/gromacs_ab_ligand_toolkit/ab_ligand_md_8complexes/Surfaces/clean_structure.py -f 4E2_ddhCTP_P001_YL34M.pdb -def /Users/nf477/Projects_Natalia/GROMACS/gromacs_ab_ligand_toolkit/ab_ligand_md_8complexes/computational_DMS_top_occupancy_poses/4E2__ddhCTP/surfaces_definition/custom_MOL_AMINO_FlexAID.def

$ /Users/nf477/anaconda3/envs/nrgsuite/bin/python /Users/nf477/Projects_Natalia/GROMACS/gromacs_ab_ligand_toolkit/ab_ligand_md_8complexes/Surfaces/surface_cont_lig.py -f /Users/nf477/Projects_Natalia/GROMACS/gromacs_ab_ligand_toolkit/ab_ligand_md_8complexes/computational_DMS_top_occupancy_poses/4E2__ddhCTP/mutants/clean_4E2_ddhCTP_P001_YL34M.pdb -c HL -lig MOL -o /Users/nf477/Projects_Natalia/GROMACS/gromacs_ab_ligand_toolkit/ab_ligand_md_8complexes/computational_DMS_top_occupancy_poses/4E2__ddhCTP/surfaces/YL34M_output.csv -def /Users/nf477/Projects_Natalia/GROMACS/gromacs_ab_ligand_toolkit/ab_ligand_md_8complexes/computational_DMS_top_occupancy_poses/4E2__ddhCTP/surfaces_definition/custom_MOL_AMINO_FlexAID.def -dat /Users/nf477/Projects_Natalia/GROMACS/gromacs_ab_ligand_toolkit/ab_ligand_md_8complexes/Surfaces/FlexAID.dat

$ /Users/nf477/anaconda3/envs/nrgsuite/bin/python /Users/nf477/Projects_Natalia/GROMACS/gromacs_ab_ligand_toolkit/ab_ligand_md_8complexes/Surfaces/clean_structure.py -f 4E2_ddhCTP_P001_YL34N.pdb -def /Users/nf477/Projects_Natalia/GROMACS/gromacs_ab_ligand_toolkit/ab_ligand_md_8complexes/computational_DMS_top_occupancy_poses/4E2__ddhCTP/surfaces_definition/custom_MOL_AMINO_FlexAID.def

$ /Users/nf477/anaconda3/envs/nrgsuite/bin/python /Users/nf477/Projects_Natalia/GROMACS/gromacs_ab_ligand_toolkit/ab_ligand_md_8complexes/Surfaces/surface_cont_lig.py -f /Users/nf477/Projects_Natalia/GROMACS/gromacs_ab_ligand_toolkit/ab_ligand_md_8complexes/computational_DMS_top_occupancy_poses/4E2__ddhCTP/mutants/clean_4E2_ddhCTP_P001_YL34N.pdb -c HL -lig MOL -o /Users/nf477/Projects_Natalia/GROMACS/gromacs_ab_ligand_toolkit/ab_ligand_md_8complexes/computational_DMS_top_occupancy_poses/4E2__ddhCTP/surfaces/YL34N_output.csv -def /Users/nf477/Projects_Natalia/GROMACS/gromacs_ab_ligand_toolkit/ab_ligand_md_8complexes/computational_DMS_top_occupancy_poses/4E2__ddhCTP/surfaces_definition/custom_MOL_AMINO_FlexAID.def -dat /Users/nf477/Projects_Natalia/GROMACS/gromacs_ab_ligand_toolkit/ab_ligand_md_8complexes/Surfaces/FlexAID.dat

$ /Users/nf477/anaconda3/envs/nrgsuite/bin/python /Users/nf477/Projects_Natalia/GROMACS/gromacs_ab_ligand_toolkit/ab_ligand_md_8complexes/Surfaces/clean_structure.py -f 4E2_ddhCTP_P001_YL34P.pdb -def /Users/nf477/Projects_Natalia/GROMACS/gromacs_ab_ligand_toolkit/ab_ligand_md_8complexes/computational_DMS_top_occupancy_poses/4E2__ddhCTP/surfaces_definition/custom_MOL_AMINO_FlexAID.def

$ /Users/nf477/anaconda3/envs/nrgsuite/bin/python /Users/nf477/Projects_Natalia/GROMACS/gromacs_ab_ligand_toolkit/ab_ligand_md_8complexes/Surfaces/surface_cont_lig.py -f /Users/nf477/Projects_Natalia/GROMACS/gromacs_ab_ligand_toolkit/ab_ligand_md_8complexes/computational_DMS_top_occupancy_poses/4E2__ddhCTP/mutants/clean_4E2_ddhCTP_P001_YL34P.pdb -c HL -lig MOL -o /Users/nf477/Projects_Natalia/GROMACS/gromacs_ab_ligand_toolkit/ab_ligand_md_8complexes/computational_DMS_top_occupancy_poses/4E2__ddhCTP/surfaces/YL34P_output.csv -def /Users/nf477/Projects_Natalia/GROMACS/gromacs_ab_ligand_toolkit/ab_ligand_md_8complexes/computational_DMS_top_occupancy_poses/4E2__ddhCTP/surfaces_definition/custom_MOL_AMINO_FlexAID.def -dat /Users/nf477/Projects_Natalia/GROMACS/gromacs_ab_ligand_toolkit/ab_ligand_md_8complexes/Surfaces/FlexAID.dat

$ /Users/nf477/anaconda3/envs/nrgsuite/bin/python /Users/nf477/Projects_Natalia/GROMACS/gromacs_ab_ligand_toolkit/ab_ligand_md_8complexes/Surfaces/clean_structure.py -f 4E2_ddhCTP_P001_YL34Q.pdb -def /Users/nf477/Projects_Natalia/GROMACS/gromacs_ab_ligand_toolkit/ab_ligand_md_8complexes/computational_DMS_top_occupancy_poses/4E2__ddhCTP/surfaces_definition/custom_MOL_AMINO_FlexAID.def

$ /Users/nf477/anaconda3/envs/nrgsuite/bin/python /Users/nf477/Projects_Natalia/GROMACS/gromacs_ab_ligand_toolkit/ab_ligand_md_8complexes/Surfaces/surface_cont_lig.py -f /Users/nf477/Projects_Natalia/GROMACS/gromacs_ab_ligand_toolkit/ab_ligand_md_8complexes/computational_DMS_top_occupancy_poses/4E2__ddhCTP/mutants/clean_4E2_ddhCTP_P001_YL34Q.pdb -c HL -lig MOL -o /Users/nf477/Projects_Natalia/GROMACS/gromacs_ab_ligand_toolkit/ab_ligand_md_8complexes/computational_DMS_top_occupancy_poses/4E2__ddhCTP/surfaces/YL34Q_output.csv -def /Users/nf477/Projects_Natalia/GROMACS/gromacs_ab_ligand_toolkit/ab_ligand_md_8complexes/computational_DMS_top_occupancy_poses/4E2__ddhCTP/surfaces_definition/custom_MOL_AMINO_FlexAID.def -dat /Users/nf477/Projects_Natalia/GROMACS/gromacs_ab_ligand_toolkit/ab_ligand_md_8complexes/Surfaces/FlexAID.dat

$ /Users/nf477/anaconda3/envs/nrgsuite/bin/python /Users/nf477/Projects_Natalia/GROMACS/gromacs_ab_ligand_toolkit/ab_ligand_md_8complexes/Surfaces/clean_structure.py -f 4E2_ddhCTP_P001_YL34R.pdb -def /Users/nf477/Projects_Natalia/GROMACS/gromacs_ab_ligand_toolkit/ab_ligand_md_8complexes/computational_DMS_top_occupancy_poses/4E2__ddhCTP/surfaces_definition/custom_MOL_AMINO_FlexAID.def

$ /Users/nf477/anaconda3/envs/nrgsuite/bin/python /Users/nf477/Projects_Natalia/GROMACS/gromacs_ab_ligand_toolkit/ab_ligand_md_8complexes/Surfaces/surface_cont_lig.py -f /Users/nf477/Projects_Natalia/GROMACS/gromacs_ab_ligand_toolkit/ab_ligand_md_8complexes/computational_DMS_top_occupancy_poses/4E2__ddhCTP/mutants/clean_4E2_ddhCTP_P001_YL34R.pdb -c HL -lig MOL -o /Users/nf477/Projects_Natalia/GROMACS/gromacs_ab_ligand_toolkit/ab_ligand_md_8complexes/computational_DMS_top_occupancy_poses/4E2__ddhCTP/surfaces/YL34R_output.csv -def /Users/nf477/Projects_Natalia/GROMACS/gromacs_ab_ligand_toolkit/ab_ligand_md_8complexes/computational_DMS_top_occupancy_poses/4E2__ddhCTP/surfaces_definition/custom_MOL_AMINO_FlexAID.def -dat /Users/nf477/Projects_Natalia/GROMACS/gromacs_ab_ligand_toolkit/ab_ligand_md_8complexes/Surfaces/FlexAID.dat

$ /Users/nf477/anaconda3/envs/nrgsuite/bin/python /Users/nf477/Projects_Natalia/GROMACS/gromacs_ab_ligand_toolkit/ab_ligand_md_8complexes/Surfaces/clean_structure.py -f 4E2_ddhCTP_P001_YL34S.pdb -def /Users/nf477/Projects_Natalia/GROMACS/gromacs_ab_ligand_toolkit/ab_ligand_md_8complexes/computational_DMS_top_occupancy_poses/4E2__ddhCTP/surfaces_definition/custom_MOL_AMINO_FlexAID.def

$ /Users/nf477/anaconda3/envs/nrgsuite/bin/python /Users/nf477/Projects_Natalia/GROMACS/gromacs_ab_ligand_toolkit/ab_ligand_md_8complexes/Surfaces/surface_cont_lig.py -f /Users/nf477/Projects_Natalia/GROMACS/gromacs_ab_ligand_toolkit/ab_ligand_md_8complexes/computational_DMS_top_occupancy_poses/4E2__ddhCTP/mutants/clean_4E2_ddhCTP_P001_YL34S.pdb -c HL -lig MOL -o /Users/nf477/Projects_Natalia/GROMACS/gromacs_ab_ligand_toolkit/ab_ligand_md_8complexes/computational_DMS_top_occupancy_poses/4E2__ddhCTP/surfaces/YL34S_output.csv -def /Users/nf477/Projects_Natalia/GROMACS/gromacs_ab_ligand_toolkit/ab_ligand_md_8complexes/computational_DMS_top_occupancy_poses/4E2__ddhCTP/surfaces_definition/custom_MOL_AMINO_FlexAID.def -dat /Users/nf477/Projects_Natalia/GROMACS/gromacs_ab_ligand_toolkit/ab_ligand_md_8complexes/Surfaces/FlexAID.dat

$ /Users/nf477/anaconda3/envs/nrgsuite/bin/python /Users/nf477/Projects_Natalia/GROMACS/gromacs_ab_ligand_toolkit/ab_ligand_md_8complexes/Surfaces/clean_structure.py -f 4E2_ddhCTP_P001_YL34T.pdb -def /Users/nf477/Projects_Natalia/GROMACS/gromacs_ab_ligand_toolkit/ab_ligand_md_8complexes/computational_DMS_top_occupancy_poses/4E2__ddhCTP/surfaces_definition/custom_MOL_AMINO_FlexAID.def

$ /Users/nf477/anaconda3/envs/nrgsuite/bin/python /Users/nf477/Projects_Natalia/GROMACS/gromacs_ab_ligand_toolkit/ab_ligand_md_8complexes/Surfaces/surface_cont_lig.py -f /Users/nf477/Projects_Natalia/GROMACS/gromacs_ab_ligand_toolkit/ab_ligand_md_8complexes/computational_DMS_top_occupancy_poses/4E2__ddhCTP/mutants/clean_4E2_ddhCTP_P001_YL34T.pdb -c HL -lig MOL -o /Users/nf477/Projects_Natalia/GROMACS/gromacs_ab_ligand_toolkit/ab_ligand_md_8complexes/computational_DMS_top_occupancy_poses/4E2__ddhCTP/surfaces/YL34T_output.csv -def /Users/nf477/Projects_Natalia/GROMACS/gromacs_ab_ligand_toolkit/ab_ligand_md_8complexes/computational_DMS_top_occupancy_poses/4E2__ddhCTP/surfaces_definition/custom_MOL_AMINO_FlexAID.def -dat /Users/nf477/Projects_Natalia/GROMACS/gromacs_ab_ligand_toolkit/ab_ligand_md_8complexes/Surfaces/FlexAID.dat

$ /Users/nf477/anaconda3/envs/nrgsuite/bin/python /Users/nf477/Projects_Natalia/GROMACS/gromacs_ab_ligand_toolkit/ab_ligand_md_8complexes/Surfaces/clean_structure.py -f 4E2_ddhCTP_P001_YL34V.pdb -def /Users/nf477/Projects_Natalia/GROMACS/gromacs_ab_ligand_toolkit/ab_ligand_md_8complexes/computational_DMS_top_occupancy_poses/4E2__ddhCTP/surfaces_definition/custom_MOL_AMINO_FlexAID.def

$ /Users/nf477/anaconda3/envs/nrgsuite/bin/python /Users/nf477/Projects_Natalia/GROMACS/gromacs_ab_ligand_toolkit/ab_ligand_md_8complexes/Surfaces/surface_cont_lig.py -f /Users/nf477/Projects_Natalia/GROMACS/gromacs_ab_ligand_toolkit/ab_ligand_md_8complexes/computational_DMS_top_occupancy_poses/4E2__ddhCTP/mutants/clean_4E2_ddhCTP_P001_YL34V.pdb -c HL -lig MOL -o /Users/nf477/Projects_Natalia/GROMACS/gromacs_ab_ligand_toolkit/ab_ligand_md_8complexes/computational_DMS_top_occupancy_poses/4E2__ddhCTP/surfaces/YL34V_output.csv -def /Users/nf477/Projects_Natalia/GROMACS/gromacs_ab_ligand_toolkit/ab_ligand_md_8complexes/computational_DMS_top_occupancy_poses/4E2__ddhCTP/surfaces_definition/custom_MOL_AMINO_FlexAID.def -dat /Users/nf477/Projects_Natalia/GROMACS/gromacs_ab_ligand_toolkit/ab_ligand_md_8complexes/Surfaces/FlexAID.dat

$ /Users/nf477/anaconda3/envs/nrgsuite/bin/python /Users/nf477/Projects_Natalia/GROMACS/gromacs_ab_ligand_toolkit/ab_ligand_md_8complexes/Surfaces/clean_structure.py -f 4E2_ddhCTP_P001_YL34W.pdb -def /Users/nf477/Projects_Natalia/GROMACS/gromacs_ab_ligand_toolkit/ab_ligand_md_8complexes/computational_DMS_top_occupancy_poses/4E2__ddhCTP/surfaces_definition/custom_MOL_AMINO_FlexAID.def

$ /Users/nf477/anaconda3/envs/nrgsuite/bin/python /Users/nf477/Projects_Natalia/GROMACS/gromacs_ab_ligand_toolkit/ab_ligand_md_8complexes/Surfaces/surface_cont_lig.py -f /Users/nf477/Projects_Natalia/GROMACS/gromacs_ab_ligand_toolkit/ab_ligand_md_8complexes/computational_DMS_top_occupancy_poses/4E2__ddhCTP/mutants/clean_4E2_ddhCTP_P001_YL34W.pdb -c HL -lig MOL -o /Users/nf477/Projects_Natalia/GROMACS/gromacs_ab_ligand_toolkit/ab_ligand_md_8complexes/computational_DMS_top_occupancy_poses/4E2__ddhCTP/surfaces/YL34W_output.csv -def /Users/nf477/Projects_Natalia/GROMACS/gromacs_ab_ligand_toolkit/ab_ligand_md_8complexes/computational_DMS_top_occupancy_poses/4E2__ddhCTP/surfaces_definition/custom_MOL_AMINO_FlexAID.def -dat /Users/nf477/Projects_Natalia/GROMACS/gromacs_ab_ligand_toolkit/ab_ligand_md_8complexes/Surfaces/FlexAID.dat

$ /Users/nf477/anaconda3/envs/nrgsuite/bin/python /Users/nf477/Projects_Natalia/GROMACS/gromacs_ab_ligand_toolkit/ab_ligand_md_8complexes/Surfaces/clean_structure.py -f 4E2_ddhCTP_P001_YL34Y.pdb -def /Users/nf477/Projects_Natalia/GROMACS/gromacs_ab_ligand_toolkit/ab_ligand_md_8complexes/computational_DMS_top_occupancy_poses/4E2__ddhCTP/surfaces_definition/custom_MOL_AMINO_FlexAID.def

$ /Users/nf477/anaconda3/envs/nrgsuite/bin/python /Users/nf477/Projects_Natalia/GROMACS/gromacs_ab_ligand_toolkit/ab_ligand_md_8complexes/Surfaces/surface_cont_lig.py -f /Users/nf477/Projects_Natalia/GROMACS/gromacs_ab_ligand_toolkit/ab_ligand_md_8complexes/computational_DMS_top_occupancy_poses/4E2__ddhCTP/mutants/clean_4E2_ddhCTP_P001_YL34Y.pdb -c HL -lig MOL -o /Users/nf477/Projects_Natalia/GROMACS/gromacs_ab_ligand_toolkit/ab_ligand_md_8complexes/computational_DMS_top_occupancy_poses/4E2__ddhCTP/surfaces/YL34Y_output.csv -def /Users/nf477/Projects_Natalia/GROMACS/gromacs_ab_ligand_toolkit/ab_ligand_md_8complexes/computational_DMS_top_occupancy_poses/4E2__ddhCTP/surfaces_definition/custom_MOL_AMINO_FlexAID.def -dat /Users/nf477/Projects_Natalia/GROMACS/gromacs_ab_ligand_toolkit/ab_ligand_md_8complexes/Surfaces/FlexAID.dat

$ /Users/nf477/anaconda3/envs/nrgsuite/bin/python /Users/nf477/Projects_Natalia/GROMACS/gromacs_ab_ligand_toolkit/ab_ligand_md_8complexes/Surfaces/clean_structure.py -f 4E2_ddhCTP_P001_FL94A.pdb -def /Users/nf477/Projects_Natalia/GROMACS/gromacs_ab_ligand_toolkit/ab_ligand_md_8complexes/computational_DMS_top_occupancy_poses/4E2__ddhCTP/surfaces_definition/custom_MOL_AMINO_FlexAID.def

$ /Users/nf477/anaconda3/envs/nrgsuite/bin/python /Users/nf477/Projects_Natalia/GROMACS/gromacs_ab_ligand_toolkit/ab_ligand_md_8complexes/Surfaces/surface_cont_lig.py -f /Users/nf477/Projects_Natalia/GROMACS/gromacs_ab_ligand_toolkit/ab_ligand_md_8complexes/computational_DMS_top_occupancy_poses/4E2__ddhCTP/mutants/clean_4E2_ddhCTP_P001_FL94A.pdb -c HL -lig MOL -o /Users/nf477/Projects_Natalia/GROMACS/gromacs_ab_ligand_toolkit/ab_ligand_md_8complexes/computational_DMS_top_occupancy_poses/4E2__ddhCTP/surfaces/FL94A_output.csv -def /Users/nf477/Projects_Natalia/GROMACS/gromacs_ab_ligand_toolkit/ab_ligand_md_8complexes/computational_DMS_top_occupancy_poses/4E2__ddhCTP/surfaces_definition/custom_MOL_AMINO_FlexAID.def -dat /Users/nf477/Projects_Natalia/GROMACS/gromacs_ab_ligand_toolkit/ab_ligand_md_8complexes/Surfaces/FlexAID.dat

$ /Users/nf477/anaconda3/envs/nrgsuite/bin/python /Users/nf477/Projects_Natalia/GROMACS/gromacs_ab_ligand_toolkit/ab_ligand_md_8complexes/Surfaces/clean_structure.py -f 4E2_ddhCTP_P001_FL94C.pdb -def /Users/nf477/Projects_Natalia/GROMACS/gromacs_ab_ligand_toolkit/ab_ligand_md_8complexes/computational_DMS_top_occupancy_poses/4E2__ddhCTP/surfaces_definition/custom_MOL_AMINO_FlexAID.def

$ /Users/nf477/anaconda3/envs/nrgsuite/bin/python /Users/nf477/Projects_Natalia/GROMACS/gromacs_ab_ligand_toolkit/ab_ligand_md_8complexes/Surfaces/surface_cont_lig.py -f /Users/nf477/Projects_Natalia/GROMACS/gromacs_ab_ligand_toolkit/ab_ligand_md_8complexes/computational_DMS_top_occupancy_poses/4E2__ddhCTP/mutants/clean_4E2_ddhCTP_P001_FL94C.pdb -c HL -lig MOL -o /Users/nf477/Projects_Natalia/GROMACS/gromacs_ab_ligand_toolkit/ab_ligand_md_8complexes/computational_DMS_top_occupancy_poses/4E2__ddhCTP/surfaces/FL94C_output.csv -def /Users/nf477/Projects_Natalia/GROMACS/gromacs_ab_ligand_toolkit/ab_ligand_md_8complexes/computational_DMS_top_occupancy_poses/4E2__ddhCTP/surfaces_definition/custom_MOL_AMINO_FlexAID.def -dat /Users/nf477/Projects_Natalia/GROMACS/gromacs_ab_ligand_toolkit/ab_ligand_md_8complexes/Surfaces/FlexAID.dat

$ /Users/nf477/anaconda3/envs/nrgsuite/bin/python /Users/nf477/Projects_Natalia/GROMACS/gromacs_ab_ligand_toolkit/ab_ligand_md_8complexes/Surfaces/clean_structure.py -f 4E2_ddhCTP_P001_FL94D.pdb -def /Users/nf477/Projects_Natalia/GROMACS/gromacs_ab_ligand_toolkit/ab_ligand_md_8complexes/computational_DMS_top_occupancy_poses/4E2__ddhCTP/surfaces_definition/custom_MOL_AMINO_FlexAID.def

$ /Users/nf477/anaconda3/envs/nrgsuite/bin/python /Users/nf477/Projects_Natalia/GROMACS/gromacs_ab_ligand_toolkit/ab_ligand_md_8complexes/Surfaces/surface_cont_lig.py -f /Users/nf477/Projects_Natalia/GROMACS/gromacs_ab_ligand_toolkit/ab_ligand_md_8complexes/computational_DMS_top_occupancy_poses/4E2__ddhCTP/mutants/clean_4E2_ddhCTP_P001_FL94D.pdb -c HL -lig MOL -o /Users/nf477/Projects_Natalia/GROMACS/gromacs_ab_ligand_toolkit/ab_ligand_md_8complexes/computational_DMS_top_occupancy_poses/4E2__ddhCTP/surfaces/FL94D_output.csv -def /Users/nf477/Projects_Natalia/GROMACS/gromacs_ab_ligand_toolkit/ab_ligand_md_8complexes/computational_DMS_top_occupancy_poses/4E2__ddhCTP/surfaces_definition/custom_MOL_AMINO_FlexAID.def -dat /Users/nf477/Projects_Natalia/GROMACS/gromacs_ab_ligand_toolkit/ab_ligand_md_8complexes/Surfaces/FlexAID.dat

$ /Users/nf477/anaconda3/envs/nrgsuite/bin/python /Users/nf477/Projects_Natalia/GROMACS/gromacs_ab_ligand_toolkit/ab_ligand_md_8complexes/Surfaces/clean_structure.py -f 4E2_ddhCTP_P001_FL94E.pdb -def /Users/nf477/Projects_Natalia/GROMACS/gromacs_ab_ligand_toolkit/ab_ligand_md_8complexes/computational_DMS_top_occupancy_poses/4E2__ddhCTP/surfaces_definition/custom_MOL_AMINO_FlexAID.def

$ /Users/nf477/anaconda3/envs/nrgsuite/bin/python /Users/nf477/Projects_Natalia/GROMACS/gromacs_ab_ligand_toolkit/ab_ligand_md_8complexes/Surfaces/surface_cont_lig.py -f /Users/nf477/Projects_Natalia/GROMACS/gromacs_ab_ligand_toolkit/ab_ligand_md_8complexes/computational_DMS_top_occupancy_poses/4E2__ddhCTP/mutants/clean_4E2_ddhCTP_P001_FL94E.pdb -c HL -lig MOL -o /Users/nf477/Projects_Natalia/GROMACS/gromacs_ab_ligand_toolkit/ab_ligand_md_8complexes/computational_DMS_top_occupancy_poses/4E2__ddhCTP/surfaces/FL94E_output.csv -def /Users/nf477/Projects_Natalia/GROMACS/gromacs_ab_ligand_toolkit/ab_ligand_md_8complexes/computational_DMS_top_occupancy_poses/4E2__ddhCTP/surfaces_definition/custom_MOL_AMINO_FlexAID.def -dat /Users/nf477/Projects_Natalia/GROMACS/gromacs_ab_ligand_toolkit/ab_ligand_md_8complexes/Surfaces/FlexAID.dat

$ /Users/nf477/anaconda3/envs/nrgsuite/bin/python /Users/nf477/Projects_Natalia/GROMACS/gromacs_ab_ligand_toolkit/ab_ligand_md_8complexes/Surfaces/clean_structure.py -f 4E2_ddhCTP_P001_FL94F.pdb -def /Users/nf477/Projects_Natalia/GROMACS/gromacs_ab_ligand_toolkit/ab_ligand_md_8complexes/computational_DMS_top_occupancy_poses/4E2__ddhCTP/surfaces_definition/custom_MOL_AMINO_FlexAID.def

$ /Users/nf477/anaconda3/envs/nrgsuite/bin/python /Users/nf477/Projects_Natalia/GROMACS/gromacs_ab_ligand_toolkit/ab_ligand_md_8complexes/Surfaces/surface_cont_lig.py -f /Users/nf477/Projects_Natalia/GROMACS/gromacs_ab_ligand_toolkit/ab_ligand_md_8complexes/computational_DMS_top_occupancy_poses/4E2__ddhCTP/mutants/clean_4E2_ddhCTP_P001_FL94F.pdb -c HL -lig MOL -o /Users/nf477/Projects_Natalia/GROMACS/gromacs_ab_ligand_toolkit/ab_ligand_md_8complexes/computational_DMS_top_occupancy_poses/4E2__ddhCTP/surfaces/FL94F_output.csv -def /Users/nf477/Projects_Natalia/GROMACS/gromacs_ab_ligand_toolkit/ab_ligand_md_8complexes/computational_DMS_top_occupancy_poses/4E2__ddhCTP/surfaces_definition/custom_MOL_AMINO_FlexAID.def -dat /Users/nf477/Projects_Natalia/GROMACS/gromacs_ab_ligand_toolkit/ab_ligand_md_8complexes/Surfaces/FlexAID.dat

$ /Users/nf477/anaconda3/envs/nrgsuite/bin/python /Users/nf477/Projects_Natalia/GROMACS/gromacs_ab_ligand_toolkit/ab_ligand_md_8complexes/Surfaces/clean_structure.py -f 4E2_ddhCTP_P001_FL94G.pdb -def /Users/nf477/Projects_Natalia/GROMACS/gromacs_ab_ligand_toolkit/ab_ligand_md_8complexes/computational_DMS_top_occupancy_poses/4E2__ddhCTP/surfaces_definition/custom_MOL_AMINO_FlexAID.def

$ /Users/nf477/anaconda3/envs/nrgsuite/bin/python /Users/nf477/Projects_Natalia/GROMACS/gromacs_ab_ligand_toolkit/ab_ligand_md_8complexes/Surfaces/surface_cont_lig.py -f /Users/nf477/Projects_Natalia/GROMACS/gromacs_ab_ligand_toolkit/ab_ligand_md_8complexes/computational_DMS_top_occupancy_poses/4E2__ddhCTP/mutants/clean_4E2_ddhCTP_P001_FL94G.pdb -c HL -lig MOL -o /Users/nf477/Projects_Natalia/GROMACS/gromacs_ab_ligand_toolkit/ab_ligand_md_8complexes/computational_DMS_top_occupancy_poses/4E2__ddhCTP/surfaces/FL94G_output.csv -def /Users/nf477/Projects_Natalia/GROMACS/gromacs_ab_ligand_toolkit/ab_ligand_md_8complexes/computational_DMS_top_occupancy_poses/4E2__ddhCTP/surfaces_definition/custom_MOL_AMINO_FlexAID.def -dat /Users/nf477/Projects_Natalia/GROMACS/gromacs_ab_ligand_toolkit/ab_ligand_md_8complexes/Surfaces/FlexAID.dat

$ /Users/nf477/anaconda3/envs/nrgsuite/bin/python /Users/nf477/Projects_Natalia/GROMACS/gromacs_ab_ligand_toolkit/ab_ligand_md_8complexes/Surfaces/clean_structure.py -f 4E2_ddhCTP_P001_FL94H.pdb -def /Users/nf477/Projects_Natalia/GROMACS/gromacs_ab_ligand_toolkit/ab_ligand_md_8complexes/computational_DMS_top_occupancy_poses/4E2__ddhCTP/surfaces_definition/custom_MOL_AMINO_FlexAID.def

$ /Users/nf477/anaconda3/envs/nrgsuite/bin/python /Users/nf477/Projects_Natalia/GROMACS/gromacs_ab_ligand_toolkit/ab_ligand_md_8complexes/Surfaces/surface_cont_lig.py -f /Users/nf477/Projects_Natalia/GROMACS/gromacs_ab_ligand_toolkit/ab_ligand_md_8complexes/computational_DMS_top_occupancy_poses/4E2__ddhCTP/mutants/clean_4E2_ddhCTP_P001_FL94H.pdb -c HL -lig MOL -o /Users/nf477/Projects_Natalia/GROMACS/gromacs_ab_ligand_toolkit/ab_ligand_md_8complexes/computational_DMS_top_occupancy_poses/4E2__ddhCTP/surfaces/FL94H_output.csv -def /Users/nf477/Projects_Natalia/GROMACS/gromacs_ab_ligand_toolkit/ab_ligand_md_8complexes/computational_DMS_top_occupancy_poses/4E2__ddhCTP/surfaces_definition/custom_MOL_AMINO_FlexAID.def -dat /Users/nf477/Projects_Natalia/GROMACS/gromacs_ab_ligand_toolkit/ab_ligand_md_8complexes/Surfaces/FlexAID.dat

$ /Users/nf477/anaconda3/envs/nrgsuite/bin/python /Users/nf477/Projects_Natalia/GROMACS/gromacs_ab_ligand_toolkit/ab_ligand_md_8complexes/Surfaces/clean_structure.py -f 4E2_ddhCTP_P001_FL94I.pdb -def /Users/nf477/Projects_Natalia/GROMACS/gromacs_ab_ligand_toolkit/ab_ligand_md_8complexes/computational_DMS_top_occupancy_poses/4E2__ddhCTP/surfaces_definition/custom_MOL_AMINO_FlexAID.def

$ /Users/nf477/anaconda3/envs/nrgsuite/bin/python /Users/nf477/Projects_Natalia/GROMACS/gromacs_ab_ligand_toolkit/ab_ligand_md_8complexes/Surfaces/surface_cont_lig.py -f /Users/nf477/Projects_Natalia/GROMACS/gromacs_ab_ligand_toolkit/ab_ligand_md_8complexes/computational_DMS_top_occupancy_poses/4E2__ddhCTP/mutants/clean_4E2_ddhCTP_P001_FL94I.pdb -c HL -lig MOL -o /Users/nf477/Projects_Natalia/GROMACS/gromacs_ab_ligand_toolkit/ab_ligand_md_8complexes/computational_DMS_top_occupancy_poses/4E2__ddhCTP/surfaces/FL94I_output.csv -def /Users/nf477/Projects_Natalia/GROMACS/gromacs_ab_ligand_toolkit/ab_ligand_md_8complexes/computational_DMS_top_occupancy_poses/4E2__ddhCTP/surfaces_definition/custom_MOL_AMINO_FlexAID.def -dat /Users/nf477/Projects_Natalia/GROMACS/gromacs_ab_ligand_toolkit/ab_ligand_md_8complexes/Surfaces/FlexAID.dat

$ /Users/nf477/anaconda3/envs/nrgsuite/bin/python /Users/nf477/Projects_Natalia/GROMACS/gromacs_ab_ligand_toolkit/ab_ligand_md_8complexes/Surfaces/clean_structure.py -f 4E2_ddhCTP_P001_FL94K.pdb -def /Users/nf477/Projects_Natalia/GROMACS/gromacs_ab_ligand_toolkit/ab_ligand_md_8complexes/computational_DMS_top_occupancy_poses/4E2__ddhCTP/surfaces_definition/custom_MOL_AMINO_FlexAID.def

$ /Users/nf477/anaconda3/envs/nrgsuite/bin/python /Users/nf477/Projects_Natalia/GROMACS/gromacs_ab_ligand_toolkit/ab_ligand_md_8complexes/Surfaces/surface_cont_lig.py -f /Users/nf477/Projects_Natalia/GROMACS/gromacs_ab_ligand_toolkit/ab_ligand_md_8complexes/computational_DMS_top_occupancy_poses/4E2__ddhCTP/mutants/clean_4E2_ddhCTP_P001_FL94K.pdb -c HL -lig MOL -o /Users/nf477/Projects_Natalia/GROMACS/gromacs_ab_ligand_toolkit/ab_ligand_md_8complexes/computational_DMS_top_occupancy_poses/4E2__ddhCTP/surfaces/FL94K_output.csv -def /Users/nf477/Projects_Natalia/GROMACS/gromacs_ab_ligand_toolkit/ab_ligand_md_8complexes/computational_DMS_top_occupancy_poses/4E2__ddhCTP/surfaces_definition/custom_MOL_AMINO_FlexAID.def -dat /Users/nf477/Projects_Natalia/GROMACS/gromacs_ab_ligand_toolkit/ab_ligand_md_8complexes/Surfaces/FlexAID.dat

$ /Users/nf477/anaconda3/envs/nrgsuite/bin/python /Users/nf477/Projects_Natalia/GROMACS/gromacs_ab_ligand_toolkit/ab_ligand_md_8complexes/Surfaces/clean_structure.py -f 4E2_ddhCTP_P001_FL94L.pdb -def /Users/nf477/Projects_Natalia/GROMACS/gromacs_ab_ligand_toolkit/ab_ligand_md_8complexes/computational_DMS_top_occupancy_poses/4E2__ddhCTP/surfaces_definition/custom_MOL_AMINO_FlexAID.def

$ /Users/nf477/anaconda3/envs/nrgsuite/bin/python /Users/nf477/Projects_Natalia/GROMACS/gromacs_ab_ligand_toolkit/ab_ligand_md_8complexes/Surfaces/surface_cont_lig.py -f /Users/nf477/Projects_Natalia/GROMACS/gromacs_ab_ligand_toolkit/ab_ligand_md_8complexes/computational_DMS_top_occupancy_poses/4E2__ddhCTP/mutants/clean_4E2_ddhCTP_P001_FL94L.pdb -c HL -lig MOL -o /Users/nf477/Projects_Natalia/GROMACS/gromacs_ab_ligand_toolkit/ab_ligand_md_8complexes/computational_DMS_top_occupancy_poses/4E2__ddhCTP/surfaces/FL94L_output.csv -def /Users/nf477/Projects_Natalia/GROMACS/gromacs_ab_ligand_toolkit/ab_ligand_md_8complexes/computational_DMS_top_occupancy_poses/4E2__ddhCTP/surfaces_definition/custom_MOL_AMINO_FlexAID.def -dat /Users/nf477/Projects_Natalia/GROMACS/gromacs_ab_ligand_toolkit/ab_ligand_md_8complexes/Surfaces/FlexAID.dat

$ /Users/nf477/anaconda3/envs/nrgsuite/bin/python /Users/nf477/Projects_Natalia/GROMACS/gromacs_ab_ligand_toolkit/ab_ligand_md_8complexes/Surfaces/clean_structure.py -f 4E2_ddhCTP_P001_FL94M.pdb -def /Users/nf477/Projects_Natalia/GROMACS/gromacs_ab_ligand_toolkit/ab_ligand_md_8complexes/computational_DMS_top_occupancy_poses/4E2__ddhCTP/surfaces_definition/custom_MOL_AMINO_FlexAID.def

$ /Users/nf477/anaconda3/envs/nrgsuite/bin/python /Users/nf477/Projects_Natalia/GROMACS/gromacs_ab_ligand_toolkit/ab_ligand_md_8complexes/Surfaces/surface_cont_lig.py -f /Users/nf477/Projects_Natalia/GROMACS/gromacs_ab_ligand_toolkit/ab_ligand_md_8complexes/computational_DMS_top_occupancy_poses/4E2__ddhCTP/mutants/clean_4E2_ddhCTP_P001_FL94M.pdb -c HL -lig MOL -o /Users/nf477/Projects_Natalia/GROMACS/gromacs_ab_ligand_toolkit/ab_ligand_md_8complexes/computational_DMS_top_occupancy_poses/4E2__ddhCTP/surfaces/FL94M_output.csv -def /Users/nf477/Projects_Natalia/GROMACS/gromacs_ab_ligand_toolkit/ab_ligand_md_8complexes/computational_DMS_top_occupancy_poses/4E2__ddhCTP/surfaces_definition/custom_MOL_AMINO_FlexAID.def -dat /Users/nf477/Projects_Natalia/GROMACS/gromacs_ab_ligand_toolkit/ab_ligand_md_8complexes/Surfaces/FlexAID.dat

$ /Users/nf477/anaconda3/envs/nrgsuite/bin/python /Users/nf477/Projects_Natalia/GROMACS/gromacs_ab_ligand_toolkit/ab_ligand_md_8complexes/Surfaces/clean_structure.py -f 4E2_ddhCTP_P001_FL94N.pdb -def /Users/nf477/Projects_Natalia/GROMACS/gromacs_ab_ligand_toolkit/ab_ligand_md_8complexes/computational_DMS_top_occupancy_poses/4E2__ddhCTP/surfaces_definition/custom_MOL_AMINO_FlexAID.def

$ /Users/nf477/anaconda3/envs/nrgsuite/bin/python /Users/nf477/Projects_Natalia/GROMACS/gromacs_ab_ligand_toolkit/ab_ligand_md_8complexes/Surfaces/surface_cont_lig.py -f /Users/nf477/Projects_Natalia/GROMACS/gromacs_ab_ligand_toolkit/ab_ligand_md_8complexes/computational_DMS_top_occupancy_poses/4E2__ddhCTP/mutants/clean_4E2_ddhCTP_P001_FL94N.pdb -c HL -lig MOL -o /Users/nf477/Projects_Natalia/GROMACS/gromacs_ab_ligand_toolkit/ab_ligand_md_8complexes/computational_DMS_top_occupancy_poses/4E2__ddhCTP/surfaces/FL94N_output.csv -def /Users/nf477/Projects_Natalia/GROMACS/gromacs_ab_ligand_toolkit/ab_ligand_md_8complexes/computational_DMS_top_occupancy_poses/4E2__ddhCTP/surfaces_definition/custom_MOL_AMINO_FlexAID.def -dat /Users/nf477/Projects_Natalia/GROMACS/gromacs_ab_ligand_toolkit/ab_ligand_md_8complexes/Surfaces/FlexAID.dat

$ /Users/nf477/anaconda3/envs/nrgsuite/bin/python /Users/nf477/Projects_Natalia/GROMACS/gromacs_ab_ligand_toolkit/ab_ligand_md_8complexes/Surfaces/clean_structure.py -f 4E2_ddhCTP_P001_FL94P.pdb -def /Users/nf477/Projects_Natalia/GROMACS/gromacs_ab_ligand_toolkit/ab_ligand_md_8complexes/computational_DMS_top_occupancy_poses/4E2__ddhCTP/surfaces_definition/custom_MOL_AMINO_FlexAID.def

$ /Users/nf477/anaconda3/envs/nrgsuite/bin/python /Users/nf477/Projects_Natalia/GROMACS/gromacs_ab_ligand_toolkit/ab_ligand_md_8complexes/Surfaces/surface_cont_lig.py -f /Users/nf477/Projects_Natalia/GROMACS/gromacs_ab_ligand_toolkit/ab_ligand_md_8complexes/computational_DMS_top_occupancy_poses/4E2__ddhCTP/mutants/clean_4E2_ddhCTP_P001_FL94P.pdb -c HL -lig MOL -o /Users/nf477/Projects_Natalia/GROMACS/gromacs_ab_ligand_toolkit/ab_ligand_md_8complexes/computational_DMS_top_occupancy_poses/4E2__ddhCTP/surfaces/FL94P_output.csv -def /Users/nf477/Projects_Natalia/GROMACS/gromacs_ab_ligand_toolkit/ab_ligand_md_8complexes/computational_DMS_top_occupancy_poses/4E2__ddhCTP/surfaces_definition/custom_MOL_AMINO_FlexAID.def -dat /Users/nf477/Projects_Natalia/GROMACS/gromacs_ab_ligand_toolkit/ab_ligand_md_8complexes/Surfaces/FlexAID.dat

$ /Users/nf477/anaconda3/envs/nrgsuite/bin/python /Users/nf477/Projects_Natalia/GROMACS/gromacs_ab_ligand_toolkit/ab_ligand_md_8complexes/Surfaces/clean_structure.py -f 4E2_ddhCTP_P001_FL94Q.pdb -def /Users/nf477/Projects_Natalia/GROMACS/gromacs_ab_ligand_toolkit/ab_ligand_md_8complexes/computational_DMS_top_occupancy_poses/4E2__ddhCTP/surfaces_definition/custom_MOL_AMINO_FlexAID.def

$ /Users/nf477/anaconda3/envs/nrgsuite/bin/python /Users/nf477/Projects_Natalia/GROMACS/gromacs_ab_ligand_toolkit/ab_ligand_md_8complexes/Surfaces/surface_cont_lig.py -f /Users/nf477/Projects_Natalia/GROMACS/gromacs_ab_ligand_toolkit/ab_ligand_md_8complexes/computational_DMS_top_occupancy_poses/4E2__ddhCTP/mutants/clean_4E2_ddhCTP_P001_FL94Q.pdb -c HL -lig MOL -o /Users/nf477/Projects_Natalia/GROMACS/gromacs_ab_ligand_toolkit/ab_ligand_md_8complexes/computational_DMS_top_occupancy_poses/4E2__ddhCTP/surfaces/FL94Q_output.csv -def /Users/nf477/Projects_Natalia/GROMACS/gromacs_ab_ligand_toolkit/ab_ligand_md_8complexes/computational_DMS_top_occupancy_poses/4E2__ddhCTP/surfaces_definition/custom_MOL_AMINO_FlexAID.def -dat /Users/nf477/Projects_Natalia/GROMACS/gromacs_ab_ligand_toolkit/ab_ligand_md_8complexes/Surfaces/FlexAID.dat

$ /Users/nf477/anaconda3/envs/nrgsuite/bin/python /Users/nf477/Projects_Natalia/GROMACS/gromacs_ab_ligand_toolkit/ab_ligand_md_8complexes/Surfaces/clean_structure.py -f 4E2_ddhCTP_P001_FL94R.pdb -def /Users/nf477/Projects_Natalia/GROMACS/gromacs_ab_ligand_toolkit/ab_ligand_md_8complexes/computational_DMS_top_occupancy_poses/4E2__ddhCTP/surfaces_definition/custom_MOL_AMINO_FlexAID.def

$ /Users/nf477/anaconda3/envs/nrgsuite/bin/python /Users/nf477/Projects_Natalia/GROMACS/gromacs_ab_ligand_toolkit/ab_ligand_md_8complexes/Surfaces/surface_cont_lig.py -f /Users/nf477/Projects_Natalia/GROMACS/gromacs_ab_ligand_toolkit/ab_ligand_md_8complexes/computational_DMS_top_occupancy_poses/4E2__ddhCTP/mutants/clean_4E2_ddhCTP_P001_FL94R.pdb -c HL -lig MOL -o /Users/nf477/Projects_Natalia/GROMACS/gromacs_ab_ligand_toolkit/ab_ligand_md_8complexes/computational_DMS_top_occupancy_poses/4E2__ddhCTP/surfaces/FL94R_output.csv -def /Users/nf477/Projects_Natalia/GROMACS/gromacs_ab_ligand_toolkit/ab_ligand_md_8complexes/computational_DMS_top_occupancy_poses/4E2__ddhCTP/surfaces_definition/custom_MOL_AMINO_FlexAID.def -dat /Users/nf477/Projects_Natalia/GROMACS/gromacs_ab_ligand_toolkit/ab_ligand_md_8complexes/Surfaces/FlexAID.dat

$ /Users/nf477/anaconda3/envs/nrgsuite/bin/python /Users/nf477/Projects_Natalia/GROMACS/gromacs_ab_ligand_toolkit/ab_ligand_md_8complexes/Surfaces/clean_structure.py -f 4E2_ddhCTP_P001_FL94S.pdb -def /Users/nf477/Projects_Natalia/GROMACS/gromacs_ab_ligand_toolkit/ab_ligand_md_8complexes/computational_DMS_top_occupancy_poses/4E2__ddhCTP/surfaces_definition/custom_MOL_AMINO_FlexAID.def

$ /Users/nf477/anaconda3/envs/nrgsuite/bin/python /Users/nf477/Projects_Natalia/GROMACS/gromacs_ab_ligand_toolkit/ab_ligand_md_8complexes/Surfaces/surface_cont_lig.py -f /Users/nf477/Projects_Natalia/GROMACS/gromacs_ab_ligand_toolkit/ab_ligand_md_8complexes/computational_DMS_top_occupancy_poses/4E2__ddhCTP/mutants/clean_4E2_ddhCTP_P001_FL94S.pdb -c HL -lig MOL -o /Users/nf477/Projects_Natalia/GROMACS/gromacs_ab_ligand_toolkit/ab_ligand_md_8complexes/computational_DMS_top_occupancy_poses/4E2__ddhCTP/surfaces/FL94S_output.csv -def /Users/nf477/Projects_Natalia/GROMACS/gromacs_ab_ligand_toolkit/ab_ligand_md_8complexes/computational_DMS_top_occupancy_poses/4E2__ddhCTP/surfaces_definition/custom_MOL_AMINO_FlexAID.def -dat /Users/nf477/Projects_Natalia/GROMACS/gromacs_ab_ligand_toolkit/ab_ligand_md_8complexes/Surfaces/FlexAID.dat

$ /Users/nf477/anaconda3/envs/nrgsuite/bin/python /Users/nf477/Projects_Natalia/GROMACS/gromacs_ab_ligand_toolkit/ab_ligand_md_8complexes/Surfaces/clean_structure.py -f 4E2_ddhCTP_P001_FL94T.pdb -def /Users/nf477/Projects_Natalia/GROMACS/gromacs_ab_ligand_toolkit/ab_ligand_md_8complexes/computational_DMS_top_occupancy_poses/4E2__ddhCTP/surfaces_definition/custom_MOL_AMINO_FlexAID.def

$ /Users/nf477/anaconda3/envs/nrgsuite/bin/python /Users/nf477/Projects_Natalia/GROMACS/gromacs_ab_ligand_toolkit/ab_ligand_md_8complexes/Surfaces/surface_cont_lig.py -f /Users/nf477/Projects_Natalia/GROMACS/gromacs_ab_ligand_toolkit/ab_ligand_md_8complexes/computational_DMS_top_occupancy_poses/4E2__ddhCTP/mutants/clean_4E2_ddhCTP_P001_FL94T.pdb -c HL -lig MOL -o /Users/nf477/Projects_Natalia/GROMACS/gromacs_ab_ligand_toolkit/ab_ligand_md_8complexes/computational_DMS_top_occupancy_poses/4E2__ddhCTP/surfaces/FL94T_output.csv -def /Users/nf477/Projects_Natalia/GROMACS/gromacs_ab_ligand_toolkit/ab_ligand_md_8complexes/computational_DMS_top_occupancy_poses/4E2__ddhCTP/surfaces_definition/custom_MOL_AMINO_FlexAID.def -dat /Users/nf477/Projects_Natalia/GROMACS/gromacs_ab_ligand_toolkit/ab_ligand_md_8complexes/Surfaces/FlexAID.dat

$ /Users/nf477/anaconda3/envs/nrgsuite/bin/python /Users/nf477/Projects_Natalia/GROMACS/gromacs_ab_ligand_toolkit/ab_ligand_md_8complexes/Surfaces/clean_structure.py -f 4E2_ddhCTP_P001_FL94V.pdb -def /Users/nf477/Projects_Natalia/GROMACS/gromacs_ab_ligand_toolkit/ab_ligand_md_8complexes/computational_DMS_top_occupancy_poses/4E2__ddhCTP/surfaces_definition/custom_MOL_AMINO_FlexAID.def

$ /Users/nf477/anaconda3/envs/nrgsuite/bin/python /Users/nf477/Projects_Natalia/GROMACS/gromacs_ab_ligand_toolkit/ab_ligand_md_8complexes/Surfaces/surface_cont_lig.py -f /Users/nf477/Projects_Natalia/GROMACS/gromacs_ab_ligand_toolkit/ab_ligand_md_8complexes/computational_DMS_top_occupancy_poses/4E2__ddhCTP/mutants/clean_4E2_ddhCTP_P001_FL94V.pdb -c HL -lig MOL -o /Users/nf477/Projects_Natalia/GROMACS/gromacs_ab_ligand_toolkit/ab_ligand_md_8complexes/computational_DMS_top_occupancy_poses/4E2__ddhCTP/surfaces/FL94V_output.csv -def /Users/nf477/Projects_Natalia/GROMACS/gromacs_ab_ligand_toolkit/ab_ligand_md_8complexes/computational_DMS_top_occupancy_poses/4E2__ddhCTP/surfaces_definition/custom_MOL_AMINO_FlexAID.def -dat /Users/nf477/Projects_Natalia/GROMACS/gromacs_ab_ligand_toolkit/ab_ligand_md_8complexes/Surfaces/FlexAID.dat

$ /Users/nf477/anaconda3/envs/nrgsuite/bin/python /Users/nf477/Projects_Natalia/GROMACS/gromacs_ab_ligand_toolkit/ab_ligand_md_8complexes/Surfaces/clean_structure.py -f 4E2_ddhCTP_P001_FL94W.pdb -def /Users/nf477/Projects_Natalia/GROMACS/gromacs_ab_ligand_toolkit/ab_ligand_md_8complexes/computational_DMS_top_occupancy_poses/4E2__ddhCTP/surfaces_definition/custom_MOL_AMINO_FlexAID.def

$ /Users/nf477/anaconda3/envs/nrgsuite/bin/python /Users/nf477/Projects_Natalia/GROMACS/gromacs_ab_ligand_toolkit/ab_ligand_md_8complexes/Surfaces/surface_cont_lig.py -f /Users/nf477/Projects_Natalia/GROMACS/gromacs_ab_ligand_toolkit/ab_ligand_md_8complexes/computational_DMS_top_occupancy_poses/4E2__ddhCTP/mutants/clean_4E2_ddhCTP_P001_FL94W.pdb -c HL -lig MOL -o /Users/nf477/Projects_Natalia/GROMACS/gromacs_ab_ligand_toolkit/ab_ligand_md_8complexes/computational_DMS_top_occupancy_poses/4E2__ddhCTP/surfaces/FL94W_output.csv -def /Users/nf477/Projects_Natalia/GROMACS/gromacs_ab_ligand_toolkit/ab_ligand_md_8complexes/computational_DMS_top_occupancy_poses/4E2__ddhCTP/surfaces_definition/custom_MOL_AMINO_FlexAID.def -dat /Users/nf477/Projects_Natalia/GROMACS/gromacs_ab_ligand_toolkit/ab_ligand_md_8complexes/Surfaces/FlexAID.dat

$ /Users/nf477/anaconda3/envs/nrgsuite/bin/python /Users/nf477/Projects_Natalia/GROMACS/gromacs_ab_ligand_toolkit/ab_ligand_md_8complexes/Surfaces/clean_structure.py -f 4E2_ddhCTP_P001_FL94Y.pdb -def /Users/nf477/Projects_Natalia/GROMACS/gromacs_ab_ligand_toolkit/ab_ligand_md_8complexes/computational_DMS_top_occupancy_poses/4E2__ddhCTP/surfaces_definition/custom_MOL_AMINO_FlexAID.def

$ /Users/nf477/anaconda3/envs/nrgsuite/bin/python /Users/nf477/Projects_Natalia/GROMACS/gromacs_ab_ligand_toolkit/ab_ligand_md_8complexes/Surfaces/surface_cont_lig.py -f /Users/nf477/Projects_Natalia/GROMACS/gromacs_ab_ligand_toolkit/ab_ligand_md_8complexes/computational_DMS_top_occupancy_poses/4E2__ddhCTP/mutants/clean_4E2_ddhCTP_P001_FL94Y.pdb -c HL -lig MOL -o /Users/nf477/Projects_Natalia/GROMACS/gromacs_ab_ligand_toolkit/ab_ligand_md_8complexes/computational_DMS_top_occupancy_poses/4E2__ddhCTP/surfaces/FL94Y_output.csv -def /Users/nf477/Projects_Natalia/GROMACS/gromacs_ab_ligand_toolkit/ab_ligand_md_8complexes/computational_DMS_top_occupancy_poses/4E2__ddhCTP/surfaces_definition/custom_MOL_AMINO_FlexAID.def -dat /Users/nf477/Projects_Natalia/GROMACS/gromacs_ab_ligand_toolkit/ab_ligand_md_8complexes/Surfaces/FlexAID.dat

$ /Users/nf477/anaconda3/envs/nrgsuite/bin/python /Users/nf477/Projects_Natalia/GROMACS/gromacs_ab_ligand_toolkit/ab_ligand_md_8complexes/Surfaces/clean_structure.py -f 4E2_ddhCTP_P001_SL95A.pdb -def /Users/nf477/Projects_Natalia/GROMACS/gromacs_ab_ligand_toolkit/ab_ligand_md_8complexes/computational_DMS_top_occupancy_poses/4E2__ddhCTP/surfaces_definition/custom_MOL_AMINO_FlexAID.def

$ /Users/nf477/anaconda3/envs/nrgsuite/bin/python /Users/nf477/Projects_Natalia/GROMACS/gromacs_ab_ligand_toolkit/ab_ligand_md_8complexes/Surfaces/surface_cont_lig.py -f /Users/nf477/Projects_Natalia/GROMACS/gromacs_ab_ligand_toolkit/ab_ligand_md_8complexes/computational_DMS_top_occupancy_poses/4E2__ddhCTP/mutants/clean_4E2_ddhCTP_P001_SL95A.pdb -c HL -lig MOL -o /Users/nf477/Projects_Natalia/GROMACS/gromacs_ab_ligand_toolkit/ab_ligand_md_8complexes/computational_DMS_top_occupancy_poses/4E2__ddhCTP/surfaces/SL95A_output.csv -def /Users/nf477/Projects_Natalia/GROMACS/gromacs_ab_ligand_toolkit/ab_ligand_md_8complexes/computational_DMS_top_occupancy_poses/4E2__ddhCTP/surfaces_definition/custom_MOL_AMINO_FlexAID.def -dat /Users/nf477/Projects_Natalia/GROMACS/gromacs_ab_ligand_toolkit/ab_ligand_md_8complexes/Surfaces/FlexAID.dat

$ /Users/nf477/anaconda3/envs/nrgsuite/bin/python /Users/nf477/Projects_Natalia/GROMACS/gromacs_ab_ligand_toolkit/ab_ligand_md_8complexes/Surfaces/clean_structure.py -f 4E2_ddhCTP_P001_SL95C.pdb -def /Users/nf477/Projects_Natalia/GROMACS/gromacs_ab_ligand_toolkit/ab_ligand_md_8complexes/computational_DMS_top_occupancy_poses/4E2__ddhCTP/surfaces_definition/custom_MOL_AMINO_FlexAID.def

$ /Users/nf477/anaconda3/envs/nrgsuite/bin/python /Users/nf477/Projects_Natalia/GROMACS/gromacs_ab_ligand_toolkit/ab_ligand_md_8complexes/Surfaces/surface_cont_lig.py -f /Users/nf477/Projects_Natalia/GROMACS/gromacs_ab_ligand_toolkit/ab_ligand_md_8complexes/computational_DMS_top_occupancy_poses/4E2__ddhCTP/mutants/clean_4E2_ddhCTP_P001_SL95C.pdb -c HL -lig MOL -o /Users/nf477/Projects_Natalia/GROMACS/gromacs_ab_ligand_toolkit/ab_ligand_md_8complexes/computational_DMS_top_occupancy_poses/4E2__ddhCTP/surfaces/SL95C_output.csv -def /Users/nf477/Projects_Natalia/GROMACS/gromacs_ab_ligand_toolkit/ab_ligand_md_8complexes/computational_DMS_top_occupancy_poses/4E2__ddhCTP/surfaces_definition/custom_MOL_AMINO_FlexAID.def -dat /Users/nf477/Projects_Natalia/GROMACS/gromacs_ab_ligand_toolkit/ab_ligand_md_8complexes/Surfaces/FlexAID.dat

$ /Users/nf477/anaconda3/envs/nrgsuite/bin/python /Users/nf477/Projects_Natalia/GROMACS/gromacs_ab_ligand_toolkit/ab_ligand_md_8complexes/Surfaces/clean_structure.py -f 4E2_ddhCTP_P001_SL95D.pdb -def /Users/nf477/Projects_Natalia/GROMACS/gromacs_ab_ligand_toolkit/ab_ligand_md_8complexes/computational_DMS_top_occupancy_poses/4E2__ddhCTP/surfaces_definition/custom_MOL_AMINO_FlexAID.def

$ /Users/nf477/anaconda3/envs/nrgsuite/bin/python /Users/nf477/Projects_Natalia/GROMACS/gromacs_ab_ligand_toolkit/ab_ligand_md_8complexes/Surfaces/surface_cont_lig.py -f /Users/nf477/Projects_Natalia/GROMACS/gromacs_ab_ligand_toolkit/ab_ligand_md_8complexes/computational_DMS_top_occupancy_poses/4E2__ddhCTP/mutants/clean_4E2_ddhCTP_P001_SL95D.pdb -c HL -lig MOL -o /Users/nf477/Projects_Natalia/GROMACS/gromacs_ab_ligand_toolkit/ab_ligand_md_8complexes/computational_DMS_top_occupancy_poses/4E2__ddhCTP/surfaces/SL95D_output.csv -def /Users/nf477/Projects_Natalia/GROMACS/gromacs_ab_ligand_toolkit/ab_ligand_md_8complexes/computational_DMS_top_occupancy_poses/4E2__ddhCTP/surfaces_definition/custom_MOL_AMINO_FlexAID.def -dat /Users/nf477/Projects_Natalia/GROMACS/gromacs_ab_ligand_toolkit/ab_ligand_md_8complexes/Surfaces/FlexAID.dat

$ /Users/nf477/anaconda3/envs/nrgsuite/bin/python /Users/nf477/Projects_Natalia/GROMACS/gromacs_ab_ligand_toolkit/ab_ligand_md_8complexes/Surfaces/clean_structure.py -f 4E2_ddhCTP_P001_SL95E.pdb -def /Users/nf477/Projects_Natalia/GROMACS/gromacs_ab_ligand_toolkit/ab_ligand_md_8complexes/computational_DMS_top_occupancy_poses/4E2__ddhCTP/surfaces_definition/custom_MOL_AMINO_FlexAID.def

$ /Users/nf477/anaconda3/envs/nrgsuite/bin/python /Users/nf477/Projects_Natalia/GROMACS/gromacs_ab_ligand_toolkit/ab_ligand_md_8complexes/Surfaces/surface_cont_lig.py -f /Users/nf477/Projects_Natalia/GROMACS/gromacs_ab_ligand_toolkit/ab_ligand_md_8complexes/computational_DMS_top_occupancy_poses/4E2__ddhCTP/mutants/clean_4E2_ddhCTP_P001_SL95E.pdb -c HL -lig MOL -o /Users/nf477/Projects_Natalia/GROMACS/gromacs_ab_ligand_toolkit/ab_ligand_md_8complexes/computational_DMS_top_occupancy_poses/4E2__ddhCTP/surfaces/SL95E_output.csv -def /Users/nf477/Projects_Natalia/GROMACS/gromacs_ab_ligand_toolkit/ab_ligand_md_8complexes/computational_DMS_top_occupancy_poses/4E2__ddhCTP/surfaces_definition/custom_MOL_AMINO_FlexAID.def -dat /Users/nf477/Projects_Natalia/GROMACS/gromacs_ab_ligand_toolkit/ab_ligand_md_8complexes/Surfaces/FlexAID.dat

$ /Users/nf477/anaconda3/envs/nrgsuite/bin/python /Users/nf477/Projects_Natalia/GROMACS/gromacs_ab_ligand_toolkit/ab_ligand_md_8complexes/Surfaces/clean_structure.py -f 4E2_ddhCTP_P001_SL95F.pdb -def /Users/nf477/Projects_Natalia/GROMACS/gromacs_ab_ligand_toolkit/ab_ligand_md_8complexes/computational_DMS_top_occupancy_poses/4E2__ddhCTP/surfaces_definition/custom_MOL_AMINO_FlexAID.def

$ /Users/nf477/anaconda3/envs/nrgsuite/bin/python /Users/nf477/Projects_Natalia/GROMACS/gromacs_ab_ligand_toolkit/ab_ligand_md_8complexes/Surfaces/surface_cont_lig.py -f /Users/nf477/Projects_Natalia/GROMACS/gromacs_ab_ligand_toolkit/ab_ligand_md_8complexes/computational_DMS_top_occupancy_poses/4E2__ddhCTP/mutants/clean_4E2_ddhCTP_P001_SL95F.pdb -c HL -lig MOL -o /Users/nf477/Projects_Natalia/GROMACS/gromacs_ab_ligand_toolkit/ab_ligand_md_8complexes/computational_DMS_top_occupancy_poses/4E2__ddhCTP/surfaces/SL95F_output.csv -def /Users/nf477/Projects_Natalia/GROMACS/gromacs_ab_ligand_toolkit/ab_ligand_md_8complexes/computational_DMS_top_occupancy_poses/4E2__ddhCTP/surfaces_definition/custom_MOL_AMINO_FlexAID.def -dat /Users/nf477/Projects_Natalia/GROMACS/gromacs_ab_ligand_toolkit/ab_ligand_md_8complexes/Surfaces/FlexAID.dat

$ /Users/nf477/anaconda3/envs/nrgsuite/bin/python /Users/nf477/Projects_Natalia/GROMACS/gromacs_ab_ligand_toolkit/ab_ligand_md_8complexes/Surfaces/clean_structure.py -f 4E2_ddhCTP_P001_SL95G.pdb -def /Users/nf477/Projects_Natalia/GROMACS/gromacs_ab_ligand_toolkit/ab_ligand_md_8complexes/computational_DMS_top_occupancy_poses/4E2__ddhCTP/surfaces_definition/custom_MOL_AMINO_FlexAID.def

$ /Users/nf477/anaconda3/envs/nrgsuite/bin/python /Users/nf477/Projects_Natalia/GROMACS/gromacs_ab_ligand_toolkit/ab_ligand_md_8complexes/Surfaces/surface_cont_lig.py -f /Users/nf477/Projects_Natalia/GROMACS/gromacs_ab_ligand_toolkit/ab_ligand_md_8complexes/computational_DMS_top_occupancy_poses/4E2__ddhCTP/mutants/clean_4E2_ddhCTP_P001_SL95G.pdb -c HL -lig MOL -o /Users/nf477/Projects_Natalia/GROMACS/gromacs_ab_ligand_toolkit/ab_ligand_md_8complexes/computational_DMS_top_occupancy_poses/4E2__ddhCTP/surfaces/SL95G_output.csv -def /Users/nf477/Projects_Natalia/GROMACS/gromacs_ab_ligand_toolkit/ab_ligand_md_8complexes/computational_DMS_top_occupancy_poses/4E2__ddhCTP/surfaces_definition/custom_MOL_AMINO_FlexAID.def -dat /Users/nf477/Projects_Natalia/GROMACS/gromacs_ab_ligand_toolkit/ab_ligand_md_8complexes/Surfaces/FlexAID.dat

$ /Users/nf477/anaconda3/envs/nrgsuite/bin/python /Users/nf477/Projects_Natalia/GROMACS/gromacs_ab_ligand_toolkit/ab_ligand_md_8complexes/Surfaces/clean_structure.py -f 4E2_ddhCTP_P001_SL95H.pdb -def /Users/nf477/Projects_Natalia/GROMACS/gromacs_ab_ligand_toolkit/ab_ligand_md_8complexes/computational_DMS_top_occupancy_poses/4E2__ddhCTP/surfaces_definition/custom_MOL_AMINO_FlexAID.def

$ /Users/nf477/anaconda3/envs/nrgsuite/bin/python /Users/nf477/Projects_Natalia/GROMACS/gromacs_ab_ligand_toolkit/ab_ligand_md_8complexes/Surfaces/surface_cont_lig.py -f /Users/nf477/Projects_Natalia/GROMACS/gromacs_ab_ligand_toolkit/ab_ligand_md_8complexes/computational_DMS_top_occupancy_poses/4E2__ddhCTP/mutants/clean_4E2_ddhCTP_P001_SL95H.pdb -c HL -lig MOL -o /Users/nf477/Projects_Natalia/GROMACS/gromacs_ab_ligand_toolkit/ab_ligand_md_8complexes/computational_DMS_top_occupancy_poses/4E2__ddhCTP/surfaces/SL95H_output.csv -def /Users/nf477/Projects_Natalia/GROMACS/gromacs_ab_ligand_toolkit/ab_ligand_md_8complexes/computational_DMS_top_occupancy_poses/4E2__ddhCTP/surfaces_definition/custom_MOL_AMINO_FlexAID.def -dat /Users/nf477/Projects_Natalia/GROMACS/gromacs_ab_ligand_toolkit/ab_ligand_md_8complexes/Surfaces/FlexAID.dat

$ /Users/nf477/anaconda3/envs/nrgsuite/bin/python /Users/nf477/Projects_Natalia/GROMACS/gromacs_ab_ligand_toolkit/ab_ligand_md_8complexes/Surfaces/clean_structure.py -f 4E2_ddhCTP_P001_SL95I.pdb -def /Users/nf477/Projects_Natalia/GROMACS/gromacs_ab_ligand_toolkit/ab_ligand_md_8complexes/computational_DMS_top_occupancy_poses/4E2__ddhCTP/surfaces_definition/custom_MOL_AMINO_FlexAID.def

$ /Users/nf477/anaconda3/envs/nrgsuite/bin/python /Users/nf477/Projects_Natalia/GROMACS/gromacs_ab_ligand_toolkit/ab_ligand_md_8complexes/Surfaces/surface_cont_lig.py -f /Users/nf477/Projects_Natalia/GROMACS/gromacs_ab_ligand_toolkit/ab_ligand_md_8complexes/computational_DMS_top_occupancy_poses/4E2__ddhCTP/mutants/clean_4E2_ddhCTP_P001_SL95I.pdb -c HL -lig MOL -o /Users/nf477/Projects_Natalia/GROMACS/gromacs_ab_ligand_toolkit/ab_ligand_md_8complexes/computational_DMS_top_occupancy_poses/4E2__ddhCTP/surfaces/SL95I_output.csv -def /Users/nf477/Projects_Natalia/GROMACS/gromacs_ab_ligand_toolkit/ab_ligand_md_8complexes/computational_DMS_top_occupancy_poses/4E2__ddhCTP/surfaces_definition/custom_MOL_AMINO_FlexAID.def -dat /Users/nf477/Projects_Natalia/GROMACS/gromacs_ab_ligand_toolkit/ab_ligand_md_8complexes/Surfaces/FlexAID.dat

$ /Users/nf477/anaconda3/envs/nrgsuite/bin/python /Users/nf477/Projects_Natalia/GROMACS/gromacs_ab_ligand_toolkit/ab_ligand_md_8complexes/Surfaces/clean_structure.py -f 4E2_ddhCTP_P001_SL95K.pdb -def /Users/nf477/Projects_Natalia/GROMACS/gromacs_ab_ligand_toolkit/ab_ligand_md_8complexes/computational_DMS_top_occupancy_poses/4E2__ddhCTP/surfaces_definition/custom_MOL_AMINO_FlexAID.def

$ /Users/nf477/anaconda3/envs/nrgsuite/bin/python /Users/nf477/Projects_Natalia/GROMACS/gromacs_ab_ligand_toolkit/ab_ligand_md_8complexes/Surfaces/surface_cont_lig.py -f /Users/nf477/Projects_Natalia/GROMACS/gromacs_ab_ligand_toolkit/ab_ligand_md_8complexes/computational_DMS_top_occupancy_poses/4E2__ddhCTP/mutants/clean_4E2_ddhCTP_P001_SL95K.pdb -c HL -lig MOL -o /Users/nf477/Projects_Natalia/GROMACS/gromacs_ab_ligand_toolkit/ab_ligand_md_8complexes/computational_DMS_top_occupancy_poses/4E2__ddhCTP/surfaces/SL95K_output.csv -def /Users/nf477/Projects_Natalia/GROMACS/gromacs_ab_ligand_toolkit/ab_ligand_md_8complexes/computational_DMS_top_occupancy_poses/4E2__ddhCTP/surfaces_definition/custom_MOL_AMINO_FlexAID.def -dat /Users/nf477/Projects_Natalia/GROMACS/gromacs_ab_ligand_toolkit/ab_ligand_md_8complexes/Surfaces/FlexAID.dat

$ /Users/nf477/anaconda3/envs/nrgsuite/bin/python /Users/nf477/Projects_Natalia/GROMACS/gromacs_ab_ligand_toolkit/ab_ligand_md_8complexes/Surfaces/clean_structure.py -f 4E2_ddhCTP_P001_SL95L.pdb -def /Users/nf477/Projects_Natalia/GROMACS/gromacs_ab_ligand_toolkit/ab_ligand_md_8complexes/computational_DMS_top_occupancy_poses/4E2__ddhCTP/surfaces_definition/custom_MOL_AMINO_FlexAID.def

$ /Users/nf477/anaconda3/envs/nrgsuite/bin/python /Users/nf477/Projects_Natalia/GROMACS/gromacs_ab_ligand_toolkit/ab_ligand_md_8complexes/Surfaces/surface_cont_lig.py -f /Users/nf477/Projects_Natalia/GROMACS/gromacs_ab_ligand_toolkit/ab_ligand_md_8complexes/computational_DMS_top_occupancy_poses/4E2__ddhCTP/mutants/clean_4E2_ddhCTP_P001_SL95L.pdb -c HL -lig MOL -o /Users/nf477/Projects_Natalia/GROMACS/gromacs_ab_ligand_toolkit/ab_ligand_md_8complexes/computational_DMS_top_occupancy_poses/4E2__ddhCTP/surfaces/SL95L_output.csv -def /Users/nf477/Projects_Natalia/GROMACS/gromacs_ab_ligand_toolkit/ab_ligand_md_8complexes/computational_DMS_top_occupancy_poses/4E2__ddhCTP/surfaces_definition/custom_MOL_AMINO_FlexAID.def -dat /Users/nf477/Projects_Natalia/GROMACS/gromacs_ab_ligand_toolkit/ab_ligand_md_8complexes/Surfaces/FlexAID.dat

$ /Users/nf477/anaconda3/envs/nrgsuite/bin/python /Users/nf477/Projects_Natalia/GROMACS/gromacs_ab_ligand_toolkit/ab_ligand_md_8complexes/Surfaces/clean_structure.py -f 4E2_ddhCTP_P001_SL95M.pdb -def /Users/nf477/Projects_Natalia/GROMACS/gromacs_ab_ligand_toolkit/ab_ligand_md_8complexes/computational_DMS_top_occupancy_poses/4E2__ddhCTP/surfaces_definition/custom_MOL_AMINO_FlexAID.def

$ /Users/nf477/anaconda3/envs/nrgsuite/bin/python /Users/nf477/Projects_Natalia/GROMACS/gromacs_ab_ligand_toolkit/ab_ligand_md_8complexes/Surfaces/surface_cont_lig.py -f /Users/nf477/Projects_Natalia/GROMACS/gromacs_ab_ligand_toolkit/ab_ligand_md_8complexes/computational_DMS_top_occupancy_poses/4E2__ddhCTP/mutants/clean_4E2_ddhCTP_P001_SL95M.pdb -c HL -lig MOL -o /Users/nf477/Projects_Natalia/GROMACS/gromacs_ab_ligand_toolkit/ab_ligand_md_8complexes/computational_DMS_top_occupancy_poses/4E2__ddhCTP/surfaces/SL95M_output.csv -def /Users/nf477/Projects_Natalia/GROMACS/gromacs_ab_ligand_toolkit/ab_ligand_md_8complexes/computational_DMS_top_occupancy_poses/4E2__ddhCTP/surfaces_definition/custom_MOL_AMINO_FlexAID.def -dat /Users/nf477/Projects_Natalia/GROMACS/gromacs_ab_ligand_toolkit/ab_ligand_md_8complexes/Surfaces/FlexAID.dat

$ /Users/nf477/anaconda3/envs/nrgsuite/bin/python /Users/nf477/Projects_Natalia/GROMACS/gromacs_ab_ligand_toolkit/ab_ligand_md_8complexes/Surfaces/clean_structure.py -f 4E2_ddhCTP_P001_SL95N.pdb -def /Users/nf477/Projects_Natalia/GROMACS/gromacs_ab_ligand_toolkit/ab_ligand_md_8complexes/computational_DMS_top_occupancy_poses/4E2__ddhCTP/surfaces_definition/custom_MOL_AMINO_FlexAID.def

$ /Users/nf477/anaconda3/envs/nrgsuite/bin/python /Users/nf477/Projects_Natalia/GROMACS/gromacs_ab_ligand_toolkit/ab_ligand_md_8complexes/Surfaces/surface_cont_lig.py -f /Users/nf477/Projects_Natalia/GROMACS/gromacs_ab_ligand_toolkit/ab_ligand_md_8complexes/computational_DMS_top_occupancy_poses/4E2__ddhCTP/mutants/clean_4E2_ddhCTP_P001_SL95N.pdb -c HL -lig MOL -o /Users/nf477/Projects_Natalia/GROMACS/gromacs_ab_ligand_toolkit/ab_ligand_md_8complexes/computational_DMS_top_occupancy_poses/4E2__ddhCTP/surfaces/SL95N_output.csv -def /Users/nf477/Projects_Natalia/GROMACS/gromacs_ab_ligand_toolkit/ab_ligand_md_8complexes/computational_DMS_top_occupancy_poses/4E2__ddhCTP/surfaces_definition/custom_MOL_AMINO_FlexAID.def -dat /Users/nf477/Projects_Natalia/GROMACS/gromacs_ab_ligand_toolkit/ab_ligand_md_8complexes/Surfaces/FlexAID.dat

$ /Users/nf477/anaconda3/envs/nrgsuite/bin/python /Users/nf477/Projects_Natalia/GROMACS/gromacs_ab_ligand_toolkit/ab_ligand_md_8complexes/Surfaces/clean_structure.py -f 4E2_ddhCTP_P001_SL95P.pdb -def /Users/nf477/Projects_Natalia/GROMACS/gromacs_ab_ligand_toolkit/ab_ligand_md_8complexes/computational_DMS_top_occupancy_poses/4E2__ddhCTP/surfaces_definition/custom_MOL_AMINO_FlexAID.def

$ /Users/nf477/anaconda3/envs/nrgsuite/bin/python /Users/nf477/Projects_Natalia/GROMACS/gromacs_ab_ligand_toolkit/ab_ligand_md_8complexes/Surfaces/surface_cont_lig.py -f /Users/nf477/Projects_Natalia/GROMACS/gromacs_ab_ligand_toolkit/ab_ligand_md_8complexes/computational_DMS_top_occupancy_poses/4E2__ddhCTP/mutants/clean_4E2_ddhCTP_P001_SL95P.pdb -c HL -lig MOL -o /Users/nf477/Projects_Natalia/GROMACS/gromacs_ab_ligand_toolkit/ab_ligand_md_8complexes/computational_DMS_top_occupancy_poses/4E2__ddhCTP/surfaces/SL95P_output.csv -def /Users/nf477/Projects_Natalia/GROMACS/gromacs_ab_ligand_toolkit/ab_ligand_md_8complexes/computational_DMS_top_occupancy_poses/4E2__ddhCTP/surfaces_definition/custom_MOL_AMINO_FlexAID.def -dat /Users/nf477/Projects_Natalia/GROMACS/gromacs_ab_ligand_toolkit/ab_ligand_md_8complexes/Surfaces/FlexAID.dat

$ /Users/nf477/anaconda3/envs/nrgsuite/bin/python /Users/nf477/Projects_Natalia/GROMACS/gromacs_ab_ligand_toolkit/ab_ligand_md_8complexes/Surfaces/clean_structure.py -f 4E2_ddhCTP_P001_SL95Q.pdb -def /Users/nf477/Projects_Natalia/GROMACS/gromacs_ab_ligand_toolkit/ab_ligand_md_8complexes/computational_DMS_top_occupancy_poses/4E2__ddhCTP/surfaces_definition/custom_MOL_AMINO_FlexAID.def

$ /Users/nf477/anaconda3/envs/nrgsuite/bin/python /Users/nf477/Projects_Natalia/GROMACS/gromacs_ab_ligand_toolkit/ab_ligand_md_8complexes/Surfaces/surface_cont_lig.py -f /Users/nf477/Projects_Natalia/GROMACS/gromacs_ab_ligand_toolkit/ab_ligand_md_8complexes/computational_DMS_top_occupancy_poses/4E2__ddhCTP/mutants/clean_4E2_ddhCTP_P001_SL95Q.pdb -c HL -lig MOL -o /Users/nf477/Projects_Natalia/GROMACS/gromacs_ab_ligand_toolkit/ab_ligand_md_8complexes/computational_DMS_top_occupancy_poses/4E2__ddhCTP/surfaces/SL95Q_output.csv -def /Users/nf477/Projects_Natalia/GROMACS/gromacs_ab_ligand_toolkit/ab_ligand_md_8complexes/computational_DMS_top_occupancy_poses/4E2__ddhCTP/surfaces_definition/custom_MOL_AMINO_FlexAID.def -dat /Users/nf477/Projects_Natalia/GROMACS/gromacs_ab_ligand_toolkit/ab_ligand_md_8complexes/Surfaces/FlexAID.dat

$ /Users/nf477/anaconda3/envs/nrgsuite/bin/python /Users/nf477/Projects_Natalia/GROMACS/gromacs_ab_ligand_toolkit/ab_ligand_md_8complexes/Surfaces/clean_structure.py -f 4E2_ddhCTP_P001_SL95R.pdb -def /Users/nf477/Projects_Natalia/GROMACS/gromacs_ab_ligand_toolkit/ab_ligand_md_8complexes/computational_DMS_top_occupancy_poses/4E2__ddhCTP/surfaces_definition/custom_MOL_AMINO_FlexAID.def

$ /Users/nf477/anaconda3/envs/nrgsuite/bin/python /Users/nf477/Projects_Natalia/GROMACS/gromacs_ab_ligand_toolkit/ab_ligand_md_8complexes/Surfaces/surface_cont_lig.py -f /Users/nf477/Projects_Natalia/GROMACS/gromacs_ab_ligand_toolkit/ab_ligand_md_8complexes/computational_DMS_top_occupancy_poses/4E2__ddhCTP/mutants/clean_4E2_ddhCTP_P001_SL95R.pdb -c HL -lig MOL -o /Users/nf477/Projects_Natalia/GROMACS/gromacs_ab_ligand_toolkit/ab_ligand_md_8complexes/computational_DMS_top_occupancy_poses/4E2__ddhCTP/surfaces/SL95R_output.csv -def /Users/nf477/Projects_Natalia/GROMACS/gromacs_ab_ligand_toolkit/ab_ligand_md_8complexes/computational_DMS_top_occupancy_poses/4E2__ddhCTP/surfaces_definition/custom_MOL_AMINO_FlexAID.def -dat /Users/nf477/Projects_Natalia/GROMACS/gromacs_ab_ligand_toolkit/ab_ligand_md_8complexes/Surfaces/FlexAID.dat

$ /Users/nf477/anaconda3/envs/nrgsuite/bin/python /Users/nf477/Projects_Natalia/GROMACS/gromacs_ab_ligand_toolkit/ab_ligand_md_8complexes/Surfaces/clean_structure.py -f 4E2_ddhCTP_P001_SL95S.pdb -def /Users/nf477/Projects_Natalia/GROMACS/gromacs_ab_ligand_toolkit/ab_ligand_md_8complexes/computational_DMS_top_occupancy_poses/4E2__ddhCTP/surfaces_definition/custom_MOL_AMINO_FlexAID.def

$ /Users/nf477/anaconda3/envs/nrgsuite/bin/python /Users/nf477/Projects_Natalia/GROMACS/gromacs_ab_ligand_toolkit/ab_ligand_md_8complexes/Surfaces/surface_cont_lig.py -f /Users/nf477/Projects_Natalia/GROMACS/gromacs_ab_ligand_toolkit/ab_ligand_md_8complexes/computational_DMS_top_occupancy_poses/4E2__ddhCTP/mutants/clean_4E2_ddhCTP_P001_SL95S.pdb -c HL -lig MOL -o /Users/nf477/Projects_Natalia/GROMACS/gromacs_ab_ligand_toolkit/ab_ligand_md_8complexes/computational_DMS_top_occupancy_poses/4E2__ddhCTP/surfaces/SL95S_output.csv -def /Users/nf477/Projects_Natalia/GROMACS/gromacs_ab_ligand_toolkit/ab_ligand_md_8complexes/computational_DMS_top_occupancy_poses/4E2__ddhCTP/surfaces_definition/custom_MOL_AMINO_FlexAID.def -dat /Users/nf477/Projects_Natalia/GROMACS/gromacs_ab_ligand_toolkit/ab_ligand_md_8complexes/Surfaces/FlexAID.dat

$ /Users/nf477/anaconda3/envs/nrgsuite/bin/python /Users/nf477/Projects_Natalia/GROMACS/gromacs_ab_ligand_toolkit/ab_ligand_md_8complexes/Surfaces/clean_structure.py -f 4E2_ddhCTP_P001_SL95T.pdb -def /Users/nf477/Projects_Natalia/GROMACS/gromacs_ab_ligand_toolkit/ab_ligand_md_8complexes/computational_DMS_top_occupancy_poses/4E2__ddhCTP/surfaces_definition/custom_MOL_AMINO_FlexAID.def

$ /Users/nf477/anaconda3/envs/nrgsuite/bin/python /Users/nf477/Projects_Natalia/GROMACS/gromacs_ab_ligand_toolkit/ab_ligand_md_8complexes/Surfaces/surface_cont_lig.py -f /Users/nf477/Projects_Natalia/GROMACS/gromacs_ab_ligand_toolkit/ab_ligand_md_8complexes/computational_DMS_top_occupancy_poses/4E2__ddhCTP/mutants/clean_4E2_ddhCTP_P001_SL95T.pdb -c HL -lig MOL -o /Users/nf477/Projects_Natalia/GROMACS/gromacs_ab_ligand_toolkit/ab_ligand_md_8complexes/computational_DMS_top_occupancy_poses/4E2__ddhCTP/surfaces/SL95T_output.csv -def /Users/nf477/Projects_Natalia/GROMACS/gromacs_ab_ligand_toolkit/ab_ligand_md_8complexes/computational_DMS_top_occupancy_poses/4E2__ddhCTP/surfaces_definition/custom_MOL_AMINO_FlexAID.def -dat /Users/nf477/Projects_Natalia/GROMACS/gromacs_ab_ligand_toolkit/ab_ligand_md_8complexes/Surfaces/FlexAID.dat

$ /Users/nf477/anaconda3/envs/nrgsuite/bin/python /Users/nf477/Projects_Natalia/GROMACS/gromacs_ab_ligand_toolkit/ab_ligand_md_8complexes/Surfaces/clean_structure.py -f 4E2_ddhCTP_P001_SL95V.pdb -def /Users/nf477/Projects_Natalia/GROMACS/gromacs_ab_ligand_toolkit/ab_ligand_md_8complexes/computational_DMS_top_occupancy_poses/4E2__ddhCTP/surfaces_definition/custom_MOL_AMINO_FlexAID.def

$ /Users/nf477/anaconda3/envs/nrgsuite/bin/python /Users/nf477/Projects_Natalia/GROMACS/gromacs_ab_ligand_toolkit/ab_ligand_md_8complexes/Surfaces/surface_cont_lig.py -f /Users/nf477/Projects_Natalia/GROMACS/gromacs_ab_ligand_toolkit/ab_ligand_md_8complexes/computational_DMS_top_occupancy_poses/4E2__ddhCTP/mutants/clean_4E2_ddhCTP_P001_SL95V.pdb -c HL -lig MOL -o /Users/nf477/Projects_Natalia/GROMACS/gromacs_ab_ligand_toolkit/ab_ligand_md_8complexes/computational_DMS_top_occupancy_poses/4E2__ddhCTP/surfaces/SL95V_output.csv -def /Users/nf477/Projects_Natalia/GROMACS/gromacs_ab_ligand_toolkit/ab_ligand_md_8complexes/computational_DMS_top_occupancy_poses/4E2__ddhCTP/surfaces_definition/custom_MOL_AMINO_FlexAID.def -dat /Users/nf477/Projects_Natalia/GROMACS/gromacs_ab_ligand_toolkit/ab_ligand_md_8complexes/Surfaces/FlexAID.dat

$ /Users/nf477/anaconda3/envs/nrgsuite/bin/python /Users/nf477/Projects_Natalia/GROMACS/gromacs_ab_ligand_toolkit/ab_ligand_md_8complexes/Surfaces/clean_structure.py -f 4E2_ddhCTP_P001_SL95W.pdb -def /Users/nf477/Projects_Natalia/GROMACS/gromacs_ab_ligand_toolkit/ab_ligand_md_8complexes/computational_DMS_top_occupancy_poses/4E2__ddhCTP/surfaces_definition/custom_MOL_AMINO_FlexAID.def

$ /Users/nf477/anaconda3/envs/nrgsuite/bin/python /Users/nf477/Projects_Natalia/GROMACS/gromacs_ab_ligand_toolkit/ab_ligand_md_8complexes/Surfaces/surface_cont_lig.py -f /Users/nf477/Projects_Natalia/GROMACS/gromacs_ab_ligand_toolkit/ab_ligand_md_8complexes/computational_DMS_top_occupancy_poses/4E2__ddhCTP/mutants/clean_4E2_ddhCTP_P001_SL95W.pdb -c HL -lig MOL -o /Users/nf477/Projects_Natalia/GROMACS/gromacs_ab_ligand_toolkit/ab_ligand_md_8complexes/computational_DMS_top_occupancy_poses/4E2__ddhCTP/surfaces/SL95W_output.csv -def /Users/nf477/Projects_Natalia/GROMACS/gromacs_ab_ligand_toolkit/ab_ligand_md_8complexes/computational_DMS_top_occupancy_poses/4E2__ddhCTP/surfaces_definition/custom_MOL_AMINO_FlexAID.def -dat /Users/nf477/Projects_Natalia/GROMACS/gromacs_ab_ligand_toolkit/ab_ligand_md_8complexes/Surfaces/FlexAID.dat

$ /Users/nf477/anaconda3/envs/nrgsuite/bin/python /Users/nf477/Projects_Natalia/GROMACS/gromacs_ab_ligand_toolkit/ab_ligand_md_8complexes/Surfaces/clean_structure.py -f 4E2_ddhCTP_P001_SL95Y.pdb -def /Users/nf477/Projects_Natalia/GROMACS/gromacs_ab_ligand_toolkit/ab_ligand_md_8complexes/computational_DMS_top_occupancy_poses/4E2__ddhCTP/surfaces_definition/custom_MOL_AMINO_FlexAID.def

$ /Users/nf477/anaconda3/envs/nrgsuite/bin/python /Users/nf477/Projects_Natalia/GROMACS/gromacs_ab_ligand_toolkit/ab_ligand_md_8complexes/Surfaces/surface_cont_lig.py -f /Users/nf477/Projects_Natalia/GROMACS/gromacs_ab_ligand_toolkit/ab_ligand_md_8complexes/computational_DMS_top_occupancy_poses/4E2__ddhCTP/mutants/clean_4E2_ddhCTP_P001_SL95Y.pdb -c HL -lig MOL -o /Users/nf477/Projects_Natalia/GROMACS/gromacs_ab_ligand_toolkit/ab_ligand_md_8complexes/computational_DMS_top_occupancy_poses/4E2__ddhCTP/surfaces/SL95Y_output.csv -def /Users/nf477/Projects_Natalia/GROMACS/gromacs_ab_ligand_toolkit/ab_ligand_md_8complexes/computational_DMS_top_occupancy_poses/4E2__ddhCTP/surfaces_definition/custom_MOL_AMINO_FlexAID.def -dat /Users/nf477/Projects_Natalia/GROMACS/gromacs_ab_ligand_toolkit/ab_ligand_md_8complexes/Surfaces/FlexAID.dat

$ /Users/nf477/anaconda3/envs/nrgsuite/bin/python /Users/nf477/Projects_Natalia/GROMACS/gromacs_ab_ligand_toolkit/ab_ligand_md_8complexes/Surfaces/clean_structure.py -f 4E2_ddhCTP_P001_GL96A.pdb -def /Users/nf477/Projects_Natalia/GROMACS/gromacs_ab_ligand_toolkit/ab_ligand_md_8complexes/computational_DMS_top_occupancy_poses/4E2__ddhCTP/surfaces_definition/custom_MOL_AMINO_FlexAID.def

$ /Users/nf477/anaconda3/envs/nrgsuite/bin/python /Users/nf477/Projects_Natalia/GROMACS/gromacs_ab_ligand_toolkit/ab_ligand_md_8complexes/Surfaces/surface_cont_lig.py -f /Users/nf477/Projects_Natalia/GROMACS/gromacs_ab_ligand_toolkit/ab_ligand_md_8complexes/computational_DMS_top_occupancy_poses/4E2__ddhCTP/mutants/clean_4E2_ddhCTP_P001_GL96A.pdb -c HL -lig MOL -o /Users/nf477/Projects_Natalia/GROMACS/gromacs_ab_ligand_toolkit/ab_ligand_md_8complexes/computational_DMS_top_occupancy_poses/4E2__ddhCTP/surfaces/GL96A_output.csv -def /Users/nf477/Projects_Natalia/GROMACS/gromacs_ab_ligand_toolkit/ab_ligand_md_8complexes/computational_DMS_top_occupancy_poses/4E2__ddhCTP/surfaces_definition/custom_MOL_AMINO_FlexAID.def -dat /Users/nf477/Projects_Natalia/GROMACS/gromacs_ab_ligand_toolkit/ab_ligand_md_8complexes/Surfaces/FlexAID.dat

$ /Users/nf477/anaconda3/envs/nrgsuite/bin/python /Users/nf477/Projects_Natalia/GROMACS/gromacs_ab_ligand_toolkit/ab_ligand_md_8complexes/Surfaces/clean_structure.py -f 4E2_ddhCTP_P001_GL96C.pdb -def /Users/nf477/Projects_Natalia/GROMACS/gromacs_ab_ligand_toolkit/ab_ligand_md_8complexes/computational_DMS_top_occupancy_poses/4E2__ddhCTP/surfaces_definition/custom_MOL_AMINO_FlexAID.def

$ /Users/nf477/anaconda3/envs/nrgsuite/bin/python /Users/nf477/Projects_Natalia/GROMACS/gromacs_ab_ligand_toolkit/ab_ligand_md_8complexes/Surfaces/surface_cont_lig.py -f /Users/nf477/Projects_Natalia/GROMACS/gromacs_ab_ligand_toolkit/ab_ligand_md_8complexes/computational_DMS_top_occupancy_poses/4E2__ddhCTP/mutants/clean_4E2_ddhCTP_P001_GL96C.pdb -c HL -lig MOL -o /Users/nf477/Projects_Natalia/GROMACS/gromacs_ab_ligand_toolkit/ab_ligand_md_8complexes/computational_DMS_top_occupancy_poses/4E2__ddhCTP/surfaces/GL96C_output.csv -def /Users/nf477/Projects_Natalia/GROMACS/gromacs_ab_ligand_toolkit/ab_ligand_md_8complexes/computational_DMS_top_occupancy_poses/4E2__ddhCTP/surfaces_definition/custom_MOL_AMINO_FlexAID.def -dat /Users/nf477/Projects_Natalia/GROMACS/gromacs_ab_ligand_toolkit/ab_ligand_md_8complexes/Surfaces/FlexAID.dat

$ /Users/nf477/anaconda3/envs/nrgsuite/bin/python /Users/nf477/Projects_Natalia/GROMACS/gromacs_ab_ligand_toolkit/ab_ligand_md_8complexes/Surfaces/clean_structure.py -f 4E2_ddhCTP_P001_GL96D.pdb -def /Users/nf477/Projects_Natalia/GROMACS/gromacs_ab_ligand_toolkit/ab_ligand_md_8complexes/computational_DMS_top_occupancy_poses/4E2__ddhCTP/surfaces_definition/custom_MOL_AMINO_FlexAID.def

$ /Users/nf477/anaconda3/envs/nrgsuite/bin/python /Users/nf477/Projects_Natalia/GROMACS/gromacs_ab_ligand_toolkit/ab_ligand_md_8complexes/Surfaces/surface_cont_lig.py -f /Users/nf477/Projects_Natalia/GROMACS/gromacs_ab_ligand_toolkit/ab_ligand_md_8complexes/computational_DMS_top_occupancy_poses/4E2__ddhCTP/mutants/clean_4E2_ddhCTP_P001_GL96D.pdb -c HL -lig MOL -o /Users/nf477/Projects_Natalia/GROMACS/gromacs_ab_ligand_toolkit/ab_ligand_md_8complexes/computational_DMS_top_occupancy_poses/4E2__ddhCTP/surfaces/GL96D_output.csv -def /Users/nf477/Projects_Natalia/GROMACS/gromacs_ab_ligand_toolkit/ab_ligand_md_8complexes/computational_DMS_top_occupancy_poses/4E2__ddhCTP/surfaces_definition/custom_MOL_AMINO_FlexAID.def -dat /Users/nf477/Projects_Natalia/GROMACS/gromacs_ab_ligand_toolkit/ab_ligand_md_8complexes/Surfaces/FlexAID.dat

$ /Users/nf477/anaconda3/envs/nrgsuite/bin/python /Users/nf477/Projects_Natalia/GROMACS/gromacs_ab_ligand_toolkit/ab_ligand_md_8complexes/Surfaces/clean_structure.py -f 4E2_ddhCTP_P001_GL96E.pdb -def /Users/nf477/Projects_Natalia/GROMACS/gromacs_ab_ligand_toolkit/ab_ligand_md_8complexes/computational_DMS_top_occupancy_poses/4E2__ddhCTP/surfaces_definition/custom_MOL_AMINO_FlexAID.def

$ /Users/nf477/anaconda3/envs/nrgsuite/bin/python /Users/nf477/Projects_Natalia/GROMACS/gromacs_ab_ligand_toolkit/ab_ligand_md_8complexes/Surfaces/surface_cont_lig.py -f /Users/nf477/Projects_Natalia/GROMACS/gromacs_ab_ligand_toolkit/ab_ligand_md_8complexes/computational_DMS_top_occupancy_poses/4E2__ddhCTP/mutants/clean_4E2_ddhCTP_P001_GL96E.pdb -c HL -lig MOL -o /Users/nf477/Projects_Natalia/GROMACS/gromacs_ab_ligand_toolkit/ab_ligand_md_8complexes/computational_DMS_top_occupancy_poses/4E2__ddhCTP/surfaces/GL96E_output.csv -def /Users/nf477/Projects_Natalia/GROMACS/gromacs_ab_ligand_toolkit/ab_ligand_md_8complexes/computational_DMS_top_occupancy_poses/4E2__ddhCTP/surfaces_definition/custom_MOL_AMINO_FlexAID.def -dat /Users/nf477/Projects_Natalia/GROMACS/gromacs_ab_ligand_toolkit/ab_ligand_md_8complexes/Surfaces/FlexAID.dat

$ /Users/nf477/anaconda3/envs/nrgsuite/bin/python /Users/nf477/Projects_Natalia/GROMACS/gromacs_ab_ligand_toolkit/ab_ligand_md_8complexes/Surfaces/clean_structure.py -f 4E2_ddhCTP_P001_GL96F.pdb -def /Users/nf477/Projects_Natalia/GROMACS/gromacs_ab_ligand_toolkit/ab_ligand_md_8complexes/computational_DMS_top_occupancy_poses/4E2__ddhCTP/surfaces_definition/custom_MOL_AMINO_FlexAID.def

$ /Users/nf477/anaconda3/envs/nrgsuite/bin/python /Users/nf477/Projects_Natalia/GROMACS/gromacs_ab_ligand_toolkit/ab_ligand_md_8complexes/Surfaces/surface_cont_lig.py -f /Users/nf477/Projects_Natalia/GROMACS/gromacs_ab_ligand_toolkit/ab_ligand_md_8complexes/computational_DMS_top_occupancy_poses/4E2__ddhCTP/mutants/clean_4E2_ddhCTP_P001_GL96F.pdb -c HL -lig MOL -o /Users/nf477/Projects_Natalia/GROMACS/gromacs_ab_ligand_toolkit/ab_ligand_md_8complexes/computational_DMS_top_occupancy_poses/4E2__ddhCTP/surfaces/GL96F_output.csv -def /Users/nf477/Projects_Natalia/GROMACS/gromacs_ab_ligand_toolkit/ab_ligand_md_8complexes/computational_DMS_top_occupancy_poses/4E2__ddhCTP/surfaces_definition/custom_MOL_AMINO_FlexAID.def -dat /Users/nf477/Projects_Natalia/GROMACS/gromacs_ab_ligand_toolkit/ab_ligand_md_8complexes/Surfaces/FlexAID.dat

$ /Users/nf477/anaconda3/envs/nrgsuite/bin/python /Users/nf477/Projects_Natalia/GROMACS/gromacs_ab_ligand_toolkit/ab_ligand_md_8complexes/Surfaces/clean_structure.py -f 4E2_ddhCTP_P001_GL96G.pdb -def /Users/nf477/Projects_Natalia/GROMACS/gromacs_ab_ligand_toolkit/ab_ligand_md_8complexes/computational_DMS_top_occupancy_poses/4E2__ddhCTP/surfaces_definition/custom_MOL_AMINO_FlexAID.def

$ /Users/nf477/anaconda3/envs/nrgsuite/bin/python /Users/nf477/Projects_Natalia/GROMACS/gromacs_ab_ligand_toolkit/ab_ligand_md_8complexes/Surfaces/surface_cont_lig.py -f /Users/nf477/Projects_Natalia/GROMACS/gromacs_ab_ligand_toolkit/ab_ligand_md_8complexes/computational_DMS_top_occupancy_poses/4E2__ddhCTP/mutants/clean_4E2_ddhCTP_P001_GL96G.pdb -c HL -lig MOL -o /Users/nf477/Projects_Natalia/GROMACS/gromacs_ab_ligand_toolkit/ab_ligand_md_8complexes/computational_DMS_top_occupancy_poses/4E2__ddhCTP/surfaces/GL96G_output.csv -def /Users/nf477/Projects_Natalia/GROMACS/gromacs_ab_ligand_toolkit/ab_ligand_md_8complexes/computational_DMS_top_occupancy_poses/4E2__ddhCTP/surfaces_definition/custom_MOL_AMINO_FlexAID.def -dat /Users/nf477/Projects_Natalia/GROMACS/gromacs_ab_ligand_toolkit/ab_ligand_md_8complexes/Surfaces/FlexAID.dat

$ /Users/nf477/anaconda3/envs/nrgsuite/bin/python /Users/nf477/Projects_Natalia/GROMACS/gromacs_ab_ligand_toolkit/ab_ligand_md_8complexes/Surfaces/clean_structure.py -f 4E2_ddhCTP_P001_GL96H.pdb -def /Users/nf477/Projects_Natalia/GROMACS/gromacs_ab_ligand_toolkit/ab_ligand_md_8complexes/computational_DMS_top_occupancy_poses/4E2__ddhCTP/surfaces_definition/custom_MOL_AMINO_FlexAID.def

$ /Users/nf477/anaconda3/envs/nrgsuite/bin/python /Users/nf477/Projects_Natalia/GROMACS/gromacs_ab_ligand_toolkit/ab_ligand_md_8complexes/Surfaces/surface_cont_lig.py -f /Users/nf477/Projects_Natalia/GROMACS/gromacs_ab_ligand_toolkit/ab_ligand_md_8complexes/computational_DMS_top_occupancy_poses/4E2__ddhCTP/mutants/clean_4E2_ddhCTP_P001_GL96H.pdb -c HL -lig MOL -o /Users/nf477/Projects_Natalia/GROMACS/gromacs_ab_ligand_toolkit/ab_ligand_md_8complexes/computational_DMS_top_occupancy_poses/4E2__ddhCTP/surfaces/GL96H_output.csv -def /Users/nf477/Projects_Natalia/GROMACS/gromacs_ab_ligand_toolkit/ab_ligand_md_8complexes/computational_DMS_top_occupancy_poses/4E2__ddhCTP/surfaces_definition/custom_MOL_AMINO_FlexAID.def -dat /Users/nf477/Projects_Natalia/GROMACS/gromacs_ab_ligand_toolkit/ab_ligand_md_8complexes/Surfaces/FlexAID.dat

$ /Users/nf477/anaconda3/envs/nrgsuite/bin/python /Users/nf477/Projects_Natalia/GROMACS/gromacs_ab_ligand_toolkit/ab_ligand_md_8complexes/Surfaces/clean_structure.py -f 4E2_ddhCTP_P001_GL96I.pdb -def /Users/nf477/Projects_Natalia/GROMACS/gromacs_ab_ligand_toolkit/ab_ligand_md_8complexes/computational_DMS_top_occupancy_poses/4E2__ddhCTP/surfaces_definition/custom_MOL_AMINO_FlexAID.def

$ /Users/nf477/anaconda3/envs/nrgsuite/bin/python /Users/nf477/Projects_Natalia/GROMACS/gromacs_ab_ligand_toolkit/ab_ligand_md_8complexes/Surfaces/surface_cont_lig.py -f /Users/nf477/Projects_Natalia/GROMACS/gromacs_ab_ligand_toolkit/ab_ligand_md_8complexes/computational_DMS_top_occupancy_poses/4E2__ddhCTP/mutants/clean_4E2_ddhCTP_P001_GL96I.pdb -c HL -lig MOL -o /Users/nf477/Projects_Natalia/GROMACS/gromacs_ab_ligand_toolkit/ab_ligand_md_8complexes/computational_DMS_top_occupancy_poses/4E2__ddhCTP/surfaces/GL96I_output.csv -def /Users/nf477/Projects_Natalia/GROMACS/gromacs_ab_ligand_toolkit/ab_ligand_md_8complexes/computational_DMS_top_occupancy_poses/4E2__ddhCTP/surfaces_definition/custom_MOL_AMINO_FlexAID.def -dat /Users/nf477/Projects_Natalia/GROMACS/gromacs_ab_ligand_toolkit/ab_ligand_md_8complexes/Surfaces/FlexAID.dat

$ /Users/nf477/anaconda3/envs/nrgsuite/bin/python /Users/nf477/Projects_Natalia/GROMACS/gromacs_ab_ligand_toolkit/ab_ligand_md_8complexes/Surfaces/clean_structure.py -f 4E2_ddhCTP_P001_GL96K.pdb -def /Users/nf477/Projects_Natalia/GROMACS/gromacs_ab_ligand_toolkit/ab_ligand_md_8complexes/computational_DMS_top_occupancy_poses/4E2__ddhCTP/surfaces_definition/custom_MOL_AMINO_FlexAID.def

$ /Users/nf477/anaconda3/envs/nrgsuite/bin/python /Users/nf477/Projects_Natalia/GROMACS/gromacs_ab_ligand_toolkit/ab_ligand_md_8complexes/Surfaces/surface_cont_lig.py -f /Users/nf477/Projects_Natalia/GROMACS/gromacs_ab_ligand_toolkit/ab_ligand_md_8complexes/computational_DMS_top_occupancy_poses/4E2__ddhCTP/mutants/clean_4E2_ddhCTP_P001_GL96K.pdb -c HL -lig MOL -o /Users/nf477/Projects_Natalia/GROMACS/gromacs_ab_ligand_toolkit/ab_ligand_md_8complexes/computational_DMS_top_occupancy_poses/4E2__ddhCTP/surfaces/GL96K_output.csv -def /Users/nf477/Projects_Natalia/GROMACS/gromacs_ab_ligand_toolkit/ab_ligand_md_8complexes/computational_DMS_top_occupancy_poses/4E2__ddhCTP/surfaces_definition/custom_MOL_AMINO_FlexAID.def -dat /Users/nf477/Projects_Natalia/GROMACS/gromacs_ab_ligand_toolkit/ab_ligand_md_8complexes/Surfaces/FlexAID.dat

$ /Users/nf477/anaconda3/envs/nrgsuite/bin/python /Users/nf477/Projects_Natalia/GROMACS/gromacs_ab_ligand_toolkit/ab_ligand_md_8complexes/Surfaces/clean_structure.py -f 4E2_ddhCTP_P001_GL96L.pdb -def /Users/nf477/Projects_Natalia/GROMACS/gromacs_ab_ligand_toolkit/ab_ligand_md_8complexes/computational_DMS_top_occupancy_poses/4E2__ddhCTP/surfaces_definition/custom_MOL_AMINO_FlexAID.def

$ /Users/nf477/anaconda3/envs/nrgsuite/bin/python /Users/nf477/Projects_Natalia/GROMACS/gromacs_ab_ligand_toolkit/ab_ligand_md_8complexes/Surfaces/surface_cont_lig.py -f /Users/nf477/Projects_Natalia/GROMACS/gromacs_ab_ligand_toolkit/ab_ligand_md_8complexes/computational_DMS_top_occupancy_poses/4E2__ddhCTP/mutants/clean_4E2_ddhCTP_P001_GL96L.pdb -c HL -lig MOL -o /Users/nf477/Projects_Natalia/GROMACS/gromacs_ab_ligand_toolkit/ab_ligand_md_8complexes/computational_DMS_top_occupancy_poses/4E2__ddhCTP/surfaces/GL96L_output.csv -def /Users/nf477/Projects_Natalia/GROMACS/gromacs_ab_ligand_toolkit/ab_ligand_md_8complexes/computational_DMS_top_occupancy_poses/4E2__ddhCTP/surfaces_definition/custom_MOL_AMINO_FlexAID.def -dat /Users/nf477/Projects_Natalia/GROMACS/gromacs_ab_ligand_toolkit/ab_ligand_md_8complexes/Surfaces/FlexAID.dat

$ /Users/nf477/anaconda3/envs/nrgsuite/bin/python /Users/nf477/Projects_Natalia/GROMACS/gromacs_ab_ligand_toolkit/ab_ligand_md_8complexes/Surfaces/clean_structure.py -f 4E2_ddhCTP_P001_GL96M.pdb -def /Users/nf477/Projects_Natalia/GROMACS/gromacs_ab_ligand_toolkit/ab_ligand_md_8complexes/computational_DMS_top_occupancy_poses/4E2__ddhCTP/surfaces_definition/custom_MOL_AMINO_FlexAID.def

$ /Users/nf477/anaconda3/envs/nrgsuite/bin/python /Users/nf477/Projects_Natalia/GROMACS/gromacs_ab_ligand_toolkit/ab_ligand_md_8complexes/Surfaces/surface_cont_lig.py -f /Users/nf477/Projects_Natalia/GROMACS/gromacs_ab_ligand_toolkit/ab_ligand_md_8complexes/computational_DMS_top_occupancy_poses/4E2__ddhCTP/mutants/clean_4E2_ddhCTP_P001_GL96M.pdb -c HL -lig MOL -o /Users/nf477/Projects_Natalia/GROMACS/gromacs_ab_ligand_toolkit/ab_ligand_md_8complexes/computational_DMS_top_occupancy_poses/4E2__ddhCTP/surfaces/GL96M_output.csv -def /Users/nf477/Projects_Natalia/GROMACS/gromacs_ab_ligand_toolkit/ab_ligand_md_8complexes/computational_DMS_top_occupancy_poses/4E2__ddhCTP/surfaces_definition/custom_MOL_AMINO_FlexAID.def -dat /Users/nf477/Projects_Natalia/GROMACS/gromacs_ab_ligand_toolkit/ab_ligand_md_8complexes/Surfaces/FlexAID.dat

$ /Users/nf477/anaconda3/envs/nrgsuite/bin/python /Users/nf477/Projects_Natalia/GROMACS/gromacs_ab_ligand_toolkit/ab_ligand_md_8complexes/Surfaces/clean_structure.py -f 4E2_ddhCTP_P001_GL96N.pdb -def /Users/nf477/Projects_Natalia/GROMACS/gromacs_ab_ligand_toolkit/ab_ligand_md_8complexes/computational_DMS_top_occupancy_poses/4E2__ddhCTP/surfaces_definition/custom_MOL_AMINO_FlexAID.def

$ /Users/nf477/anaconda3/envs/nrgsuite/bin/python /Users/nf477/Projects_Natalia/GROMACS/gromacs_ab_ligand_toolkit/ab_ligand_md_8complexes/Surfaces/surface_cont_lig.py -f /Users/nf477/Projects_Natalia/GROMACS/gromacs_ab_ligand_toolkit/ab_ligand_md_8complexes/computational_DMS_top_occupancy_poses/4E2__ddhCTP/mutants/clean_4E2_ddhCTP_P001_GL96N.pdb -c HL -lig MOL -o /Users/nf477/Projects_Natalia/GROMACS/gromacs_ab_ligand_toolkit/ab_ligand_md_8complexes/computational_DMS_top_occupancy_poses/4E2__ddhCTP/surfaces/GL96N_output.csv -def /Users/nf477/Projects_Natalia/GROMACS/gromacs_ab_ligand_toolkit/ab_ligand_md_8complexes/computational_DMS_top_occupancy_poses/4E2__ddhCTP/surfaces_definition/custom_MOL_AMINO_FlexAID.def -dat /Users/nf477/Projects_Natalia/GROMACS/gromacs_ab_ligand_toolkit/ab_ligand_md_8complexes/Surfaces/FlexAID.dat

$ /Users/nf477/anaconda3/envs/nrgsuite/bin/python /Users/nf477/Projects_Natalia/GROMACS/gromacs_ab_ligand_toolkit/ab_ligand_md_8complexes/Surfaces/clean_structure.py -f 4E2_ddhCTP_P001_GL96P.pdb -def /Users/nf477/Projects_Natalia/GROMACS/gromacs_ab_ligand_toolkit/ab_ligand_md_8complexes/computational_DMS_top_occupancy_poses/4E2__ddhCTP/surfaces_definition/custom_MOL_AMINO_FlexAID.def

$ /Users/nf477/anaconda3/envs/nrgsuite/bin/python /Users/nf477/Projects_Natalia/GROMACS/gromacs_ab_ligand_toolkit/ab_ligand_md_8complexes/Surfaces/surface_cont_lig.py -f /Users/nf477/Projects_Natalia/GROMACS/gromacs_ab_ligand_toolkit/ab_ligand_md_8complexes/computational_DMS_top_occupancy_poses/4E2__ddhCTP/mutants/clean_4E2_ddhCTP_P001_GL96P.pdb -c HL -lig MOL -o /Users/nf477/Projects_Natalia/GROMACS/gromacs_ab_ligand_toolkit/ab_ligand_md_8complexes/computational_DMS_top_occupancy_poses/4E2__ddhCTP/surfaces/GL96P_output.csv -def /Users/nf477/Projects_Natalia/GROMACS/gromacs_ab_ligand_toolkit/ab_ligand_md_8complexes/computational_DMS_top_occupancy_poses/4E2__ddhCTP/surfaces_definition/custom_MOL_AMINO_FlexAID.def -dat /Users/nf477/Projects_Natalia/GROMACS/gromacs_ab_ligand_toolkit/ab_ligand_md_8complexes/Surfaces/FlexAID.dat

$ /Users/nf477/anaconda3/envs/nrgsuite/bin/python /Users/nf477/Projects_Natalia/GROMACS/gromacs_ab_ligand_toolkit/ab_ligand_md_8complexes/Surfaces/clean_structure.py -f 4E2_ddhCTP_P001_GL96Q.pdb -def /Users/nf477/Projects_Natalia/GROMACS/gromacs_ab_ligand_toolkit/ab_ligand_md_8complexes/computational_DMS_top_occupancy_poses/4E2__ddhCTP/surfaces_definition/custom_MOL_AMINO_FlexAID.def

$ /Users/nf477/anaconda3/envs/nrgsuite/bin/python /Users/nf477/Projects_Natalia/GROMACS/gromacs_ab_ligand_toolkit/ab_ligand_md_8complexes/Surfaces/surface_cont_lig.py -f /Users/nf477/Projects_Natalia/GROMACS/gromacs_ab_ligand_toolkit/ab_ligand_md_8complexes/computational_DMS_top_occupancy_poses/4E2__ddhCTP/mutants/clean_4E2_ddhCTP_P001_GL96Q.pdb -c HL -lig MOL -o /Users/nf477/Projects_Natalia/GROMACS/gromacs_ab_ligand_toolkit/ab_ligand_md_8complexes/computational_DMS_top_occupancy_poses/4E2__ddhCTP/surfaces/GL96Q_output.csv -def /Users/nf477/Projects_Natalia/GROMACS/gromacs_ab_ligand_toolkit/ab_ligand_md_8complexes/computational_DMS_top_occupancy_poses/4E2__ddhCTP/surfaces_definition/custom_MOL_AMINO_FlexAID.def -dat /Users/nf477/Projects_Natalia/GROMACS/gromacs_ab_ligand_toolkit/ab_ligand_md_8complexes/Surfaces/FlexAID.dat

$ /Users/nf477/anaconda3/envs/nrgsuite/bin/python /Users/nf477/Projects_Natalia/GROMACS/gromacs_ab_ligand_toolkit/ab_ligand_md_8complexes/Surfaces/clean_structure.py -f 4E2_ddhCTP_P001_GL96R.pdb -def /Users/nf477/Projects_Natalia/GROMACS/gromacs_ab_ligand_toolkit/ab_ligand_md_8complexes/computational_DMS_top_occupancy_poses/4E2__ddhCTP/surfaces_definition/custom_MOL_AMINO_FlexAID.def

$ /Users/nf477/anaconda3/envs/nrgsuite/bin/python /Users/nf477/Projects_Natalia/GROMACS/gromacs_ab_ligand_toolkit/ab_ligand_md_8complexes/Surfaces/surface_cont_lig.py -f /Users/nf477/Projects_Natalia/GROMACS/gromacs_ab_ligand_toolkit/ab_ligand_md_8complexes/computational_DMS_top_occupancy_poses/4E2__ddhCTP/mutants/clean_4E2_ddhCTP_P001_GL96R.pdb -c HL -lig MOL -o /Users/nf477/Projects_Natalia/GROMACS/gromacs_ab_ligand_toolkit/ab_ligand_md_8complexes/computational_DMS_top_occupancy_poses/4E2__ddhCTP/surfaces/GL96R_output.csv -def /Users/nf477/Projects_Natalia/GROMACS/gromacs_ab_ligand_toolkit/ab_ligand_md_8complexes/computational_DMS_top_occupancy_poses/4E2__ddhCTP/surfaces_definition/custom_MOL_AMINO_FlexAID.def -dat /Users/nf477/Projects_Natalia/GROMACS/gromacs_ab_ligand_toolkit/ab_ligand_md_8complexes/Surfaces/FlexAID.dat

$ /Users/nf477/anaconda3/envs/nrgsuite/bin/python /Users/nf477/Projects_Natalia/GROMACS/gromacs_ab_ligand_toolkit/ab_ligand_md_8complexes/Surfaces/clean_structure.py -f 4E2_ddhCTP_P001_GL96S.pdb -def /Users/nf477/Projects_Natalia/GROMACS/gromacs_ab_ligand_toolkit/ab_ligand_md_8complexes/computational_DMS_top_occupancy_poses/4E2__ddhCTP/surfaces_definition/custom_MOL_AMINO_FlexAID.def

$ /Users/nf477/anaconda3/envs/nrgsuite/bin/python /Users/nf477/Projects_Natalia/GROMACS/gromacs_ab_ligand_toolkit/ab_ligand_md_8complexes/Surfaces/surface_cont_lig.py -f /Users/nf477/Projects_Natalia/GROMACS/gromacs_ab_ligand_toolkit/ab_ligand_md_8complexes/computational_DMS_top_occupancy_poses/4E2__ddhCTP/mutants/clean_4E2_ddhCTP_P001_GL96S.pdb -c HL -lig MOL -o /Users/nf477/Projects_Natalia/GROMACS/gromacs_ab_ligand_toolkit/ab_ligand_md_8complexes/computational_DMS_top_occupancy_poses/4E2__ddhCTP/surfaces/GL96S_output.csv -def /Users/nf477/Projects_Natalia/GROMACS/gromacs_ab_ligand_toolkit/ab_ligand_md_8complexes/computational_DMS_top_occupancy_poses/4E2__ddhCTP/surfaces_definition/custom_MOL_AMINO_FlexAID.def -dat /Users/nf477/Projects_Natalia/GROMACS/gromacs_ab_ligand_toolkit/ab_ligand_md_8complexes/Surfaces/FlexAID.dat

$ /Users/nf477/anaconda3/envs/nrgsuite/bin/python /Users/nf477/Projects_Natalia/GROMACS/gromacs_ab_ligand_toolkit/ab_ligand_md_8complexes/Surfaces/clean_structure.py -f 4E2_ddhCTP_P001_GL96T.pdb -def /Users/nf477/Projects_Natalia/GROMACS/gromacs_ab_ligand_toolkit/ab_ligand_md_8complexes/computational_DMS_top_occupancy_poses/4E2__ddhCTP/surfaces_definition/custom_MOL_AMINO_FlexAID.def

$ /Users/nf477/anaconda3/envs/nrgsuite/bin/python /Users/nf477/Projects_Natalia/GROMACS/gromacs_ab_ligand_toolkit/ab_ligand_md_8complexes/Surfaces/surface_cont_lig.py -f /Users/nf477/Projects_Natalia/GROMACS/gromacs_ab_ligand_toolkit/ab_ligand_md_8complexes/computational_DMS_top_occupancy_poses/4E2__ddhCTP/mutants/clean_4E2_ddhCTP_P001_GL96T.pdb -c HL -lig MOL -o /Users/nf477/Projects_Natalia/GROMACS/gromacs_ab_ligand_toolkit/ab_ligand_md_8complexes/computational_DMS_top_occupancy_poses/4E2__ddhCTP/surfaces/GL96T_output.csv -def /Users/nf477/Projects_Natalia/GROMACS/gromacs_ab_ligand_toolkit/ab_ligand_md_8complexes/computational_DMS_top_occupancy_poses/4E2__ddhCTP/surfaces_definition/custom_MOL_AMINO_FlexAID.def -dat /Users/nf477/Projects_Natalia/GROMACS/gromacs_ab_ligand_toolkit/ab_ligand_md_8complexes/Surfaces/FlexAID.dat

$ /Users/nf477/anaconda3/envs/nrgsuite/bin/python /Users/nf477/Projects_Natalia/GROMACS/gromacs_ab_ligand_toolkit/ab_ligand_md_8complexes/Surfaces/clean_structure.py -f 4E2_ddhCTP_P001_GL96V.pdb -def /Users/nf477/Projects_Natalia/GROMACS/gromacs_ab_ligand_toolkit/ab_ligand_md_8complexes/computational_DMS_top_occupancy_poses/4E2__ddhCTP/surfaces_definition/custom_MOL_AMINO_FlexAID.def

$ /Users/nf477/anaconda3/envs/nrgsuite/bin/python /Users/nf477/Projects_Natalia/GROMACS/gromacs_ab_ligand_toolkit/ab_ligand_md_8complexes/Surfaces/surface_cont_lig.py -f /Users/nf477/Projects_Natalia/GROMACS/gromacs_ab_ligand_toolkit/ab_ligand_md_8complexes/computational_DMS_top_occupancy_poses/4E2__ddhCTP/mutants/clean_4E2_ddhCTP_P001_GL96V.pdb -c HL -lig MOL -o /Users/nf477/Projects_Natalia/GROMACS/gromacs_ab_ligand_toolkit/ab_ligand_md_8complexes/computational_DMS_top_occupancy_poses/4E2__ddhCTP/surfaces/GL96V_output.csv -def /Users/nf477/Projects_Natalia/GROMACS/gromacs_ab_ligand_toolkit/ab_ligand_md_8complexes/computational_DMS_top_occupancy_poses/4E2__ddhCTP/surfaces_definition/custom_MOL_AMINO_FlexAID.def -dat /Users/nf477/Projects_Natalia/GROMACS/gromacs_ab_ligand_toolkit/ab_ligand_md_8complexes/Surfaces/FlexAID.dat

$ /Users/nf477/anaconda3/envs/nrgsuite/bin/python /Users/nf477/Projects_Natalia/GROMACS/gromacs_ab_ligand_toolkit/ab_ligand_md_8complexes/Surfaces/clean_structure.py -f 4E2_ddhCTP_P001_GL96W.pdb -def /Users/nf477/Projects_Natalia/GROMACS/gromacs_ab_ligand_toolkit/ab_ligand_md_8complexes/computational_DMS_top_occupancy_poses/4E2__ddhCTP/surfaces_definition/custom_MOL_AMINO_FlexAID.def

$ /Users/nf477/anaconda3/envs/nrgsuite/bin/python /Users/nf477/Projects_Natalia/GROMACS/gromacs_ab_ligand_toolkit/ab_ligand_md_8complexes/Surfaces/surface_cont_lig.py -f /Users/nf477/Projects_Natalia/GROMACS/gromacs_ab_ligand_toolkit/ab_ligand_md_8complexes/computational_DMS_top_occupancy_poses/4E2__ddhCTP/mutants/clean_4E2_ddhCTP_P001_GL96W.pdb -c HL -lig MOL -o /Users/nf477/Projects_Natalia/GROMACS/gromacs_ab_ligand_toolkit/ab_ligand_md_8complexes/computational_DMS_top_occupancy_poses/4E2__ddhCTP/surfaces/GL96W_output.csv -def /Users/nf477/Projects_Natalia/GROMACS/gromacs_ab_ligand_toolkit/ab_ligand_md_8complexes/computational_DMS_top_occupancy_poses/4E2__ddhCTP/surfaces_definition/custom_MOL_AMINO_FlexAID.def -dat /Users/nf477/Projects_Natalia/GROMACS/gromacs_ab_ligand_toolkit/ab_ligand_md_8complexes/Surfaces/FlexAID.dat

$ /Users/nf477/anaconda3/envs/nrgsuite/bin/python /Users/nf477/Projects_Natalia/GROMACS/gromacs_ab_ligand_toolkit/ab_ligand_md_8complexes/Surfaces/clean_structure.py -f 4E2_ddhCTP_P001_GL96Y.pdb -def /Users/nf477/Projects_Natalia/GROMACS/gromacs_ab_ligand_toolkit/ab_ligand_md_8complexes/computational_DMS_top_occupancy_poses/4E2__ddhCTP/surfaces_definition/custom_MOL_AMINO_FlexAID.def

$ /Users/nf477/anaconda3/envs/nrgsuite/bin/python /Users/nf477/Projects_Natalia/GROMACS/gromacs_ab_ligand_toolkit/ab_ligand_md_8complexes/Surfaces/surface_cont_lig.py -f /Users/nf477/Projects_Natalia/GROMACS/gromacs_ab_ligand_toolkit/ab_ligand_md_8complexes/computational_DMS_top_occupancy_poses/4E2__ddhCTP/mutants/clean_4E2_ddhCTP_P001_GL96Y.pdb -c HL -lig MOL -o /Users/nf477/Projects_Natalia/GROMACS/gromacs_ab_ligand_toolkit/ab_ligand_md_8complexes/computational_DMS_top_occupancy_poses/4E2__ddhCTP/surfaces/GL96Y_output.csv -def /Users/nf477/Projects_Natalia/GROMACS/gromacs_ab_ligand_toolkit/ab_ligand_md_8complexes/computational_DMS_top_occupancy_poses/4E2__ddhCTP/surfaces_definition/custom_MOL_AMINO_FlexAID.def -dat /Users/nf477/Projects_Natalia/GROMACS/gromacs_ab_ligand_toolkit/ab_ligand_md_8complexes/Surfaces/FlexAID.dat

$ /Users/nf477/anaconda3/envs/nrgsuite/bin/python /Users/nf477/Projects_Natalia/GROMACS/gromacs_ab_ligand_toolkit/ab_ligand_md_8complexes/Surfaces/clean_structure.py -f 4E2_ddhCTP_P001_WL97A.pdb -def /Users/nf477/Projects_Natalia/GROMACS/gromacs_ab_ligand_toolkit/ab_ligand_md_8complexes/computational_DMS_top_occupancy_poses/4E2__ddhCTP/surfaces_definition/custom_MOL_AMINO_FlexAID.def

$ /Users/nf477/anaconda3/envs/nrgsuite/bin/python /Users/nf477/Projects_Natalia/GROMACS/gromacs_ab_ligand_toolkit/ab_ligand_md_8complexes/Surfaces/surface_cont_lig.py -f /Users/nf477/Projects_Natalia/GROMACS/gromacs_ab_ligand_toolkit/ab_ligand_md_8complexes/computational_DMS_top_occupancy_poses/4E2__ddhCTP/mutants/clean_4E2_ddhCTP_P001_WL97A.pdb -c HL -lig MOL -o /Users/nf477/Projects_Natalia/GROMACS/gromacs_ab_ligand_toolkit/ab_ligand_md_8complexes/computational_DMS_top_occupancy_poses/4E2__ddhCTP/surfaces/WL97A_output.csv -def /Users/nf477/Projects_Natalia/GROMACS/gromacs_ab_ligand_toolkit/ab_ligand_md_8complexes/computational_DMS_top_occupancy_poses/4E2__ddhCTP/surfaces_definition/custom_MOL_AMINO_FlexAID.def -dat /Users/nf477/Projects_Natalia/GROMACS/gromacs_ab_ligand_toolkit/ab_ligand_md_8complexes/Surfaces/FlexAID.dat

$ /Users/nf477/anaconda3/envs/nrgsuite/bin/python /Users/nf477/Projects_Natalia/GROMACS/gromacs_ab_ligand_toolkit/ab_ligand_md_8complexes/Surfaces/clean_structure.py -f 4E2_ddhCTP_P001_WL97C.pdb -def /Users/nf477/Projects_Natalia/GROMACS/gromacs_ab_ligand_toolkit/ab_ligand_md_8complexes/computational_DMS_top_occupancy_poses/4E2__ddhCTP/surfaces_definition/custom_MOL_AMINO_FlexAID.def

$ /Users/nf477/anaconda3/envs/nrgsuite/bin/python /Users/nf477/Projects_Natalia/GROMACS/gromacs_ab_ligand_toolkit/ab_ligand_md_8complexes/Surfaces/surface_cont_lig.py -f /Users/nf477/Projects_Natalia/GROMACS/gromacs_ab_ligand_toolkit/ab_ligand_md_8complexes/computational_DMS_top_occupancy_poses/4E2__ddhCTP/mutants/clean_4E2_ddhCTP_P001_WL97C.pdb -c HL -lig MOL -o /Users/nf477/Projects_Natalia/GROMACS/gromacs_ab_ligand_toolkit/ab_ligand_md_8complexes/computational_DMS_top_occupancy_poses/4E2__ddhCTP/surfaces/WL97C_output.csv -def /Users/nf477/Projects_Natalia/GROMACS/gromacs_ab_ligand_toolkit/ab_ligand_md_8complexes/computational_DMS_top_occupancy_poses/4E2__ddhCTP/surfaces_definition/custom_MOL_AMINO_FlexAID.def -dat /Users/nf477/Projects_Natalia/GROMACS/gromacs_ab_ligand_toolkit/ab_ligand_md_8complexes/Surfaces/FlexAID.dat

$ /Users/nf477/anaconda3/envs/nrgsuite/bin/python /Users/nf477/Projects_Natalia/GROMACS/gromacs_ab_ligand_toolkit/ab_ligand_md_8complexes/Surfaces/clean_structure.py -f 4E2_ddhCTP_P001_WL97D.pdb -def /Users/nf477/Projects_Natalia/GROMACS/gromacs_ab_ligand_toolkit/ab_ligand_md_8complexes/computational_DMS_top_occupancy_poses/4E2__ddhCTP/surfaces_definition/custom_MOL_AMINO_FlexAID.def

$ /Users/nf477/anaconda3/envs/nrgsuite/bin/python /Users/nf477/Projects_Natalia/GROMACS/gromacs_ab_ligand_toolkit/ab_ligand_md_8complexes/Surfaces/surface_cont_lig.py -f /Users/nf477/Projects_Natalia/GROMACS/gromacs_ab_ligand_toolkit/ab_ligand_md_8complexes/computational_DMS_top_occupancy_poses/4E2__ddhCTP/mutants/clean_4E2_ddhCTP_P001_WL97D.pdb -c HL -lig MOL -o /Users/nf477/Projects_Natalia/GROMACS/gromacs_ab_ligand_toolkit/ab_ligand_md_8complexes/computational_DMS_top_occupancy_poses/4E2__ddhCTP/surfaces/WL97D_output.csv -def /Users/nf477/Projects_Natalia/GROMACS/gromacs_ab_ligand_toolkit/ab_ligand_md_8complexes/computational_DMS_top_occupancy_poses/4E2__ddhCTP/surfaces_definition/custom_MOL_AMINO_FlexAID.def -dat /Users/nf477/Projects_Natalia/GROMACS/gromacs_ab_ligand_toolkit/ab_ligand_md_8complexes/Surfaces/FlexAID.dat

$ /Users/nf477/anaconda3/envs/nrgsuite/bin/python /Users/nf477/Projects_Natalia/GROMACS/gromacs_ab_ligand_toolkit/ab_ligand_md_8complexes/Surfaces/clean_structure.py -f 4E2_ddhCTP_P001_WL97E.pdb -def /Users/nf477/Projects_Natalia/GROMACS/gromacs_ab_ligand_toolkit/ab_ligand_md_8complexes/computational_DMS_top_occupancy_poses/4E2__ddhCTP/surfaces_definition/custom_MOL_AMINO_FlexAID.def

$ /Users/nf477/anaconda3/envs/nrgsuite/bin/python /Users/nf477/Projects_Natalia/GROMACS/gromacs_ab_ligand_toolkit/ab_ligand_md_8complexes/Surfaces/surface_cont_lig.py -f /Users/nf477/Projects_Natalia/GROMACS/gromacs_ab_ligand_toolkit/ab_ligand_md_8complexes/computational_DMS_top_occupancy_poses/4E2__ddhCTP/mutants/clean_4E2_ddhCTP_P001_WL97E.pdb -c HL -lig MOL -o /Users/nf477/Projects_Natalia/GROMACS/gromacs_ab_ligand_toolkit/ab_ligand_md_8complexes/computational_DMS_top_occupancy_poses/4E2__ddhCTP/surfaces/WL97E_output.csv -def /Users/nf477/Projects_Natalia/GROMACS/gromacs_ab_ligand_toolkit/ab_ligand_md_8complexes/computational_DMS_top_occupancy_poses/4E2__ddhCTP/surfaces_definition/custom_MOL_AMINO_FlexAID.def -dat /Users/nf477/Projects_Natalia/GROMACS/gromacs_ab_ligand_toolkit/ab_ligand_md_8complexes/Surfaces/FlexAID.dat

$ /Users/nf477/anaconda3/envs/nrgsuite/bin/python /Users/nf477/Projects_Natalia/GROMACS/gromacs_ab_ligand_toolkit/ab_ligand_md_8complexes/Surfaces/clean_structure.py -f 4E2_ddhCTP_P001_WL97F.pdb -def /Users/nf477/Projects_Natalia/GROMACS/gromacs_ab_ligand_toolkit/ab_ligand_md_8complexes/computational_DMS_top_occupancy_poses/4E2__ddhCTP/surfaces_definition/custom_MOL_AMINO_FlexAID.def

$ /Users/nf477/anaconda3/envs/nrgsuite/bin/python /Users/nf477/Projects_Natalia/GROMACS/gromacs_ab_ligand_toolkit/ab_ligand_md_8complexes/Surfaces/surface_cont_lig.py -f /Users/nf477/Projects_Natalia/GROMACS/gromacs_ab_ligand_toolkit/ab_ligand_md_8complexes/computational_DMS_top_occupancy_poses/4E2__ddhCTP/mutants/clean_4E2_ddhCTP_P001_WL97F.pdb -c HL -lig MOL -o /Users/nf477/Projects_Natalia/GROMACS/gromacs_ab_ligand_toolkit/ab_ligand_md_8complexes/computational_DMS_top_occupancy_poses/4E2__ddhCTP/surfaces/WL97F_output.csv -def /Users/nf477/Projects_Natalia/GROMACS/gromacs_ab_ligand_toolkit/ab_ligand_md_8complexes/computational_DMS_top_occupancy_poses/4E2__ddhCTP/surfaces_definition/custom_MOL_AMINO_FlexAID.def -dat /Users/nf477/Projects_Natalia/GROMACS/gromacs_ab_ligand_toolkit/ab_ligand_md_8complexes/Surfaces/FlexAID.dat

$ /Users/nf477/anaconda3/envs/nrgsuite/bin/python /Users/nf477/Projects_Natalia/GROMACS/gromacs_ab_ligand_toolkit/ab_ligand_md_8complexes/Surfaces/clean_structure.py -f 4E2_ddhCTP_P001_WL97G.pdb -def /Users/nf477/Projects_Natalia/GROMACS/gromacs_ab_ligand_toolkit/ab_ligand_md_8complexes/computational_DMS_top_occupancy_poses/4E2__ddhCTP/surfaces_definition/custom_MOL_AMINO_FlexAID.def

$ /Users/nf477/anaconda3/envs/nrgsuite/bin/python /Users/nf477/Projects_Natalia/GROMACS/gromacs_ab_ligand_toolkit/ab_ligand_md_8complexes/Surfaces/surface_cont_lig.py -f /Users/nf477/Projects_Natalia/GROMACS/gromacs_ab_ligand_toolkit/ab_ligand_md_8complexes/computational_DMS_top_occupancy_poses/4E2__ddhCTP/mutants/clean_4E2_ddhCTP_P001_WL97G.pdb -c HL -lig MOL -o /Users/nf477/Projects_Natalia/GROMACS/gromacs_ab_ligand_toolkit/ab_ligand_md_8complexes/computational_DMS_top_occupancy_poses/4E2__ddhCTP/surfaces/WL97G_output.csv -def /Users/nf477/Projects_Natalia/GROMACS/gromacs_ab_ligand_toolkit/ab_ligand_md_8complexes/computational_DMS_top_occupancy_poses/4E2__ddhCTP/surfaces_definition/custom_MOL_AMINO_FlexAID.def -dat /Users/nf477/Projects_Natalia/GROMACS/gromacs_ab_ligand_toolkit/ab_ligand_md_8complexes/Surfaces/FlexAID.dat

$ /Users/nf477/anaconda3/envs/nrgsuite/bin/python /Users/nf477/Projects_Natalia/GROMACS/gromacs_ab_ligand_toolkit/ab_ligand_md_8complexes/Surfaces/clean_structure.py -f 4E2_ddhCTP_P001_WL97H.pdb -def /Users/nf477/Projects_Natalia/GROMACS/gromacs_ab_ligand_toolkit/ab_ligand_md_8complexes/computational_DMS_top_occupancy_poses/4E2__ddhCTP/surfaces_definition/custom_MOL_AMINO_FlexAID.def

$ /Users/nf477/anaconda3/envs/nrgsuite/bin/python /Users/nf477/Projects_Natalia/GROMACS/gromacs_ab_ligand_toolkit/ab_ligand_md_8complexes/Surfaces/surface_cont_lig.py -f /Users/nf477/Projects_Natalia/GROMACS/gromacs_ab_ligand_toolkit/ab_ligand_md_8complexes/computational_DMS_top_occupancy_poses/4E2__ddhCTP/mutants/clean_4E2_ddhCTP_P001_WL97H.pdb -c HL -lig MOL -o /Users/nf477/Projects_Natalia/GROMACS/gromacs_ab_ligand_toolkit/ab_ligand_md_8complexes/computational_DMS_top_occupancy_poses/4E2__ddhCTP/surfaces/WL97H_output.csv -def /Users/nf477/Projects_Natalia/GROMACS/gromacs_ab_ligand_toolkit/ab_ligand_md_8complexes/computational_DMS_top_occupancy_poses/4E2__ddhCTP/surfaces_definition/custom_MOL_AMINO_FlexAID.def -dat /Users/nf477/Projects_Natalia/GROMACS/gromacs_ab_ligand_toolkit/ab_ligand_md_8complexes/Surfaces/FlexAID.dat

$ /Users/nf477/anaconda3/envs/nrgsuite/bin/python /Users/nf477/Projects_Natalia/GROMACS/gromacs_ab_ligand_toolkit/ab_ligand_md_8complexes/Surfaces/clean_structure.py -f 4E2_ddhCTP_P001_WL97I.pdb -def /Users/nf477/Projects_Natalia/GROMACS/gromacs_ab_ligand_toolkit/ab_ligand_md_8complexes/computational_DMS_top_occupancy_poses/4E2__ddhCTP/surfaces_definition/custom_MOL_AMINO_FlexAID.def

$ /Users/nf477/anaconda3/envs/nrgsuite/bin/python /Users/nf477/Projects_Natalia/GROMACS/gromacs_ab_ligand_toolkit/ab_ligand_md_8complexes/Surfaces/surface_cont_lig.py -f /Users/nf477/Projects_Natalia/GROMACS/gromacs_ab_ligand_toolkit/ab_ligand_md_8complexes/computational_DMS_top_occupancy_poses/4E2__ddhCTP/mutants/clean_4E2_ddhCTP_P001_WL97I.pdb -c HL -lig MOL -o /Users/nf477/Projects_Natalia/GROMACS/gromacs_ab_ligand_toolkit/ab_ligand_md_8complexes/computational_DMS_top_occupancy_poses/4E2__ddhCTP/surfaces/WL97I_output.csv -def /Users/nf477/Projects_Natalia/GROMACS/gromacs_ab_ligand_toolkit/ab_ligand_md_8complexes/computational_DMS_top_occupancy_poses/4E2__ddhCTP/surfaces_definition/custom_MOL_AMINO_FlexAID.def -dat /Users/nf477/Projects_Natalia/GROMACS/gromacs_ab_ligand_toolkit/ab_ligand_md_8complexes/Surfaces/FlexAID.dat

$ /Users/nf477/anaconda3/envs/nrgsuite/bin/python /Users/nf477/Projects_Natalia/GROMACS/gromacs_ab_ligand_toolkit/ab_ligand_md_8complexes/Surfaces/clean_structure.py -f 4E2_ddhCTP_P001_WL97K.pdb -def /Users/nf477/Projects_Natalia/GROMACS/gromacs_ab_ligand_toolkit/ab_ligand_md_8complexes/computational_DMS_top_occupancy_poses/4E2__ddhCTP/surfaces_definition/custom_MOL_AMINO_FlexAID.def

$ /Users/nf477/anaconda3/envs/nrgsuite/bin/python /Users/nf477/Projects_Natalia/GROMACS/gromacs_ab_ligand_toolkit/ab_ligand_md_8complexes/Surfaces/surface_cont_lig.py -f /Users/nf477/Projects_Natalia/GROMACS/gromacs_ab_ligand_toolkit/ab_ligand_md_8complexes/computational_DMS_top_occupancy_poses/4E2__ddhCTP/mutants/clean_4E2_ddhCTP_P001_WL97K.pdb -c HL -lig MOL -o /Users/nf477/Projects_Natalia/GROMACS/gromacs_ab_ligand_toolkit/ab_ligand_md_8complexes/computational_DMS_top_occupancy_poses/4E2__ddhCTP/surfaces/WL97K_output.csv -def /Users/nf477/Projects_Natalia/GROMACS/gromacs_ab_ligand_toolkit/ab_ligand_md_8complexes/computational_DMS_top_occupancy_poses/4E2__ddhCTP/surfaces_definition/custom_MOL_AMINO_FlexAID.def -dat /Users/nf477/Projects_Natalia/GROMACS/gromacs_ab_ligand_toolkit/ab_ligand_md_8complexes/Surfaces/FlexAID.dat

$ /Users/nf477/anaconda3/envs/nrgsuite/bin/python /Users/nf477/Projects_Natalia/GROMACS/gromacs_ab_ligand_toolkit/ab_ligand_md_8complexes/Surfaces/clean_structure.py -f 4E2_ddhCTP_P001_WL97L.pdb -def /Users/nf477/Projects_Natalia/GROMACS/gromacs_ab_ligand_toolkit/ab_ligand_md_8complexes/computational_DMS_top_occupancy_poses/4E2__ddhCTP/surfaces_definition/custom_MOL_AMINO_FlexAID.def

$ /Users/nf477/anaconda3/envs/nrgsuite/bin/python /Users/nf477/Projects_Natalia/GROMACS/gromacs_ab_ligand_toolkit/ab_ligand_md_8complexes/Surfaces/surface_cont_lig.py -f /Users/nf477/Projects_Natalia/GROMACS/gromacs_ab_ligand_toolkit/ab_ligand_md_8complexes/computational_DMS_top_occupancy_poses/4E2__ddhCTP/mutants/clean_4E2_ddhCTP_P001_WL97L.pdb -c HL -lig MOL -o /Users/nf477/Projects_Natalia/GROMACS/gromacs_ab_ligand_toolkit/ab_ligand_md_8complexes/computational_DMS_top_occupancy_poses/4E2__ddhCTP/surfaces/WL97L_output.csv -def /Users/nf477/Projects_Natalia/GROMACS/gromacs_ab_ligand_toolkit/ab_ligand_md_8complexes/computational_DMS_top_occupancy_poses/4E2__ddhCTP/surfaces_definition/custom_MOL_AMINO_FlexAID.def -dat /Users/nf477/Projects_Natalia/GROMACS/gromacs_ab_ligand_toolkit/ab_ligand_md_8complexes/Surfaces/FlexAID.dat

$ /Users/nf477/anaconda3/envs/nrgsuite/bin/python /Users/nf477/Projects_Natalia/GROMACS/gromacs_ab_ligand_toolkit/ab_ligand_md_8complexes/Surfaces/clean_structure.py -f 4E2_ddhCTP_P001_WL97M.pdb -def /Users/nf477/Projects_Natalia/GROMACS/gromacs_ab_ligand_toolkit/ab_ligand_md_8complexes/computational_DMS_top_occupancy_poses/4E2__ddhCTP/surfaces_definition/custom_MOL_AMINO_FlexAID.def

$ /Users/nf477/anaconda3/envs/nrgsuite/bin/python /Users/nf477/Projects_Natalia/GROMACS/gromacs_ab_ligand_toolkit/ab_ligand_md_8complexes/Surfaces/surface_cont_lig.py -f /Users/nf477/Projects_Natalia/GROMACS/gromacs_ab_ligand_toolkit/ab_ligand_md_8complexes/computational_DMS_top_occupancy_poses/4E2__ddhCTP/mutants/clean_4E2_ddhCTP_P001_WL97M.pdb -c HL -lig MOL -o /Users/nf477/Projects_Natalia/GROMACS/gromacs_ab_ligand_toolkit/ab_ligand_md_8complexes/computational_DMS_top_occupancy_poses/4E2__ddhCTP/surfaces/WL97M_output.csv -def /Users/nf477/Projects_Natalia/GROMACS/gromacs_ab_ligand_toolkit/ab_ligand_md_8complexes/computational_DMS_top_occupancy_poses/4E2__ddhCTP/surfaces_definition/custom_MOL_AMINO_FlexAID.def -dat /Users/nf477/Projects_Natalia/GROMACS/gromacs_ab_ligand_toolkit/ab_ligand_md_8complexes/Surfaces/FlexAID.dat

$ /Users/nf477/anaconda3/envs/nrgsuite/bin/python /Users/nf477/Projects_Natalia/GROMACS/gromacs_ab_ligand_toolkit/ab_ligand_md_8complexes/Surfaces/clean_structure.py -f 4E2_ddhCTP_P001_WL97N.pdb -def /Users/nf477/Projects_Natalia/GROMACS/gromacs_ab_ligand_toolkit/ab_ligand_md_8complexes/computational_DMS_top_occupancy_poses/4E2__ddhCTP/surfaces_definition/custom_MOL_AMINO_FlexAID.def

$ /Users/nf477/anaconda3/envs/nrgsuite/bin/python /Users/nf477/Projects_Natalia/GROMACS/gromacs_ab_ligand_toolkit/ab_ligand_md_8complexes/Surfaces/surface_cont_lig.py -f /Users/nf477/Projects_Natalia/GROMACS/gromacs_ab_ligand_toolkit/ab_ligand_md_8complexes/computational_DMS_top_occupancy_poses/4E2__ddhCTP/mutants/clean_4E2_ddhCTP_P001_WL97N.pdb -c HL -lig MOL -o /Users/nf477/Projects_Natalia/GROMACS/gromacs_ab_ligand_toolkit/ab_ligand_md_8complexes/computational_DMS_top_occupancy_poses/4E2__ddhCTP/surfaces/WL97N_output.csv -def /Users/nf477/Projects_Natalia/GROMACS/gromacs_ab_ligand_toolkit/ab_ligand_md_8complexes/computational_DMS_top_occupancy_poses/4E2__ddhCTP/surfaces_definition/custom_MOL_AMINO_FlexAID.def -dat /Users/nf477/Projects_Natalia/GROMACS/gromacs_ab_ligand_toolkit/ab_ligand_md_8complexes/Surfaces/FlexAID.dat

$ /Users/nf477/anaconda3/envs/nrgsuite/bin/python /Users/nf477/Projects_Natalia/GROMACS/gromacs_ab_ligand_toolkit/ab_ligand_md_8complexes/Surfaces/clean_structure.py -f 4E2_ddhCTP_P001_WL97P.pdb -def /Users/nf477/Projects_Natalia/GROMACS/gromacs_ab_ligand_toolkit/ab_ligand_md_8complexes/computational_DMS_top_occupancy_poses/4E2__ddhCTP/surfaces_definition/custom_MOL_AMINO_FlexAID.def

$ /Users/nf477/anaconda3/envs/nrgsuite/bin/python /Users/nf477/Projects_Natalia/GROMACS/gromacs_ab_ligand_toolkit/ab_ligand_md_8complexes/Surfaces/surface_cont_lig.py -f /Users/nf477/Projects_Natalia/GROMACS/gromacs_ab_ligand_toolkit/ab_ligand_md_8complexes/computational_DMS_top_occupancy_poses/4E2__ddhCTP/mutants/clean_4E2_ddhCTP_P001_WL97P.pdb -c HL -lig MOL -o /Users/nf477/Projects_Natalia/GROMACS/gromacs_ab_ligand_toolkit/ab_ligand_md_8complexes/computational_DMS_top_occupancy_poses/4E2__ddhCTP/surfaces/WL97P_output.csv -def /Users/nf477/Projects_Natalia/GROMACS/gromacs_ab_ligand_toolkit/ab_ligand_md_8complexes/computational_DMS_top_occupancy_poses/4E2__ddhCTP/surfaces_definition/custom_MOL_AMINO_FlexAID.def -dat /Users/nf477/Projects_Natalia/GROMACS/gromacs_ab_ligand_toolkit/ab_ligand_md_8complexes/Surfaces/FlexAID.dat

$ /Users/nf477/anaconda3/envs/nrgsuite/bin/python /Users/nf477/Projects_Natalia/GROMACS/gromacs_ab_ligand_toolkit/ab_ligand_md_8complexes/Surfaces/clean_structure.py -f 4E2_ddhCTP_P001_WL97Q.pdb -def /Users/nf477/Projects_Natalia/GROMACS/gromacs_ab_ligand_toolkit/ab_ligand_md_8complexes/computational_DMS_top_occupancy_poses/4E2__ddhCTP/surfaces_definition/custom_MOL_AMINO_FlexAID.def

$ /Users/nf477/anaconda3/envs/nrgsuite/bin/python /Users/nf477/Projects_Natalia/GROMACS/gromacs_ab_ligand_toolkit/ab_ligand_md_8complexes/Surfaces/surface_cont_lig.py -f /Users/nf477/Projects_Natalia/GROMACS/gromacs_ab_ligand_toolkit/ab_ligand_md_8complexes/computational_DMS_top_occupancy_poses/4E2__ddhCTP/mutants/clean_4E2_ddhCTP_P001_WL97Q.pdb -c HL -lig MOL -o /Users/nf477/Projects_Natalia/GROMACS/gromacs_ab_ligand_toolkit/ab_ligand_md_8complexes/computational_DMS_top_occupancy_poses/4E2__ddhCTP/surfaces/WL97Q_output.csv -def /Users/nf477/Projects_Natalia/GROMACS/gromacs_ab_ligand_toolkit/ab_ligand_md_8complexes/computational_DMS_top_occupancy_poses/4E2__ddhCTP/surfaces_definition/custom_MOL_AMINO_FlexAID.def -dat /Users/nf477/Projects_Natalia/GROMACS/gromacs_ab_ligand_toolkit/ab_ligand_md_8complexes/Surfaces/FlexAID.dat

$ /Users/nf477/anaconda3/envs/nrgsuite/bin/python /Users/nf477/Projects_Natalia/GROMACS/gromacs_ab_ligand_toolkit/ab_ligand_md_8complexes/Surfaces/clean_structure.py -f 4E2_ddhCTP_P001_WL97R.pdb -def /Users/nf477/Projects_Natalia/GROMACS/gromacs_ab_ligand_toolkit/ab_ligand_md_8complexes/computational_DMS_top_occupancy_poses/4E2__ddhCTP/surfaces_definition/custom_MOL_AMINO_FlexAID.def

$ /Users/nf477/anaconda3/envs/nrgsuite/bin/python /Users/nf477/Projects_Natalia/GROMACS/gromacs_ab_ligand_toolkit/ab_ligand_md_8complexes/Surfaces/surface_cont_lig.py -f /Users/nf477/Projects_Natalia/GROMACS/gromacs_ab_ligand_toolkit/ab_ligand_md_8complexes/computational_DMS_top_occupancy_poses/4E2__ddhCTP/mutants/clean_4E2_ddhCTP_P001_WL97R.pdb -c HL -lig MOL -o /Users/nf477/Projects_Natalia/GROMACS/gromacs_ab_ligand_toolkit/ab_ligand_md_8complexes/computational_DMS_top_occupancy_poses/4E2__ddhCTP/surfaces/WL97R_output.csv -def /Users/nf477/Projects_Natalia/GROMACS/gromacs_ab_ligand_toolkit/ab_ligand_md_8complexes/computational_DMS_top_occupancy_poses/4E2__ddhCTP/surfaces_definition/custom_MOL_AMINO_FlexAID.def -dat /Users/nf477/Projects_Natalia/GROMACS/gromacs_ab_ligand_toolkit/ab_ligand_md_8complexes/Surfaces/FlexAID.dat

$ /Users/nf477/anaconda3/envs/nrgsuite/bin/python /Users/nf477/Projects_Natalia/GROMACS/gromacs_ab_ligand_toolkit/ab_ligand_md_8complexes/Surfaces/clean_structure.py -f 4E2_ddhCTP_P001_WL97S.pdb -def /Users/nf477/Projects_Natalia/GROMACS/gromacs_ab_ligand_toolkit/ab_ligand_md_8complexes/computational_DMS_top_occupancy_poses/4E2__ddhCTP/surfaces_definition/custom_MOL_AMINO_FlexAID.def

$ /Users/nf477/anaconda3/envs/nrgsuite/bin/python /Users/nf477/Projects_Natalia/GROMACS/gromacs_ab_ligand_toolkit/ab_ligand_md_8complexes/Surfaces/surface_cont_lig.py -f /Users/nf477/Projects_Natalia/GROMACS/gromacs_ab_ligand_toolkit/ab_ligand_md_8complexes/computational_DMS_top_occupancy_poses/4E2__ddhCTP/mutants/clean_4E2_ddhCTP_P001_WL97S.pdb -c HL -lig MOL -o /Users/nf477/Projects_Natalia/GROMACS/gromacs_ab_ligand_toolkit/ab_ligand_md_8complexes/computational_DMS_top_occupancy_poses/4E2__ddhCTP/surfaces/WL97S_output.csv -def /Users/nf477/Projects_Natalia/GROMACS/gromacs_ab_ligand_toolkit/ab_ligand_md_8complexes/computational_DMS_top_occupancy_poses/4E2__ddhCTP/surfaces_definition/custom_MOL_AMINO_FlexAID.def -dat /Users/nf477/Projects_Natalia/GROMACS/gromacs_ab_ligand_toolkit/ab_ligand_md_8complexes/Surfaces/FlexAID.dat

$ /Users/nf477/anaconda3/envs/nrgsuite/bin/python /Users/nf477/Projects_Natalia/GROMACS/gromacs_ab_ligand_toolkit/ab_ligand_md_8complexes/Surfaces/clean_structure.py -f 4E2_ddhCTP_P001_WL97T.pdb -def /Users/nf477/Projects_Natalia/GROMACS/gromacs_ab_ligand_toolkit/ab_ligand_md_8complexes/computational_DMS_top_occupancy_poses/4E2__ddhCTP/surfaces_definition/custom_MOL_AMINO_FlexAID.def

$ /Users/nf477/anaconda3/envs/nrgsuite/bin/python /Users/nf477/Projects_Natalia/GROMACS/gromacs_ab_ligand_toolkit/ab_ligand_md_8complexes/Surfaces/surface_cont_lig.py -f /Users/nf477/Projects_Natalia/GROMACS/gromacs_ab_ligand_toolkit/ab_ligand_md_8complexes/computational_DMS_top_occupancy_poses/4E2__ddhCTP/mutants/clean_4E2_ddhCTP_P001_WL97T.pdb -c HL -lig MOL -o /Users/nf477/Projects_Natalia/GROMACS/gromacs_ab_ligand_toolkit/ab_ligand_md_8complexes/computational_DMS_top_occupancy_poses/4E2__ddhCTP/surfaces/WL97T_output.csv -def /Users/nf477/Projects_Natalia/GROMACS/gromacs_ab_ligand_toolkit/ab_ligand_md_8complexes/computational_DMS_top_occupancy_poses/4E2__ddhCTP/surfaces_definition/custom_MOL_AMINO_FlexAID.def -dat /Users/nf477/Projects_Natalia/GROMACS/gromacs_ab_ligand_toolkit/ab_ligand_md_8complexes/Surfaces/FlexAID.dat

$ /Users/nf477/anaconda3/envs/nrgsuite/bin/python /Users/nf477/Projects_Natalia/GROMACS/gromacs_ab_ligand_toolkit/ab_ligand_md_8complexes/Surfaces/clean_structure.py -f 4E2_ddhCTP_P001_WL97V.pdb -def /Users/nf477/Projects_Natalia/GROMACS/gromacs_ab_ligand_toolkit/ab_ligand_md_8complexes/computational_DMS_top_occupancy_poses/4E2__ddhCTP/surfaces_definition/custom_MOL_AMINO_FlexAID.def

$ /Users/nf477/anaconda3/envs/nrgsuite/bin/python /Users/nf477/Projects_Natalia/GROMACS/gromacs_ab_ligand_toolkit/ab_ligand_md_8complexes/Surfaces/surface_cont_lig.py -f /Users/nf477/Projects_Natalia/GROMACS/gromacs_ab_ligand_toolkit/ab_ligand_md_8complexes/computational_DMS_top_occupancy_poses/4E2__ddhCTP/mutants/clean_4E2_ddhCTP_P001_WL97V.pdb -c HL -lig MOL -o /Users/nf477/Projects_Natalia/GROMACS/gromacs_ab_ligand_toolkit/ab_ligand_md_8complexes/computational_DMS_top_occupancy_poses/4E2__ddhCTP/surfaces/WL97V_output.csv -def /Users/nf477/Projects_Natalia/GROMACS/gromacs_ab_ligand_toolkit/ab_ligand_md_8complexes/computational_DMS_top_occupancy_poses/4E2__ddhCTP/surfaces_definition/custom_MOL_AMINO_FlexAID.def -dat /Users/nf477/Projects_Natalia/GROMACS/gromacs_ab_ligand_toolkit/ab_ligand_md_8complexes/Surfaces/FlexAID.dat

$ /Users/nf477/anaconda3/envs/nrgsuite/bin/python /Users/nf477/Projects_Natalia/GROMACS/gromacs_ab_ligand_toolkit/ab_ligand_md_8complexes/Surfaces/clean_structure.py -f 4E2_ddhCTP_P001_WL97W.pdb -def /Users/nf477/Projects_Natalia/GROMACS/gromacs_ab_ligand_toolkit/ab_ligand_md_8complexes/computational_DMS_top_occupancy_poses/4E2__ddhCTP/surfaces_definition/custom_MOL_AMINO_FlexAID.def

$ /Users/nf477/anaconda3/envs/nrgsuite/bin/python /Users/nf477/Projects_Natalia/GROMACS/gromacs_ab_ligand_toolkit/ab_ligand_md_8complexes/Surfaces/surface_cont_lig.py -f /Users/nf477/Projects_Natalia/GROMACS/gromacs_ab_ligand_toolkit/ab_ligand_md_8complexes/computational_DMS_top_occupancy_poses/4E2__ddhCTP/mutants/clean_4E2_ddhCTP_P001_WL97W.pdb -c HL -lig MOL -o /Users/nf477/Projects_Natalia/GROMACS/gromacs_ab_ligand_toolkit/ab_ligand_md_8complexes/computational_DMS_top_occupancy_poses/4E2__ddhCTP/surfaces/WL97W_output.csv -def /Users/nf477/Projects_Natalia/GROMACS/gromacs_ab_ligand_toolkit/ab_ligand_md_8complexes/computational_DMS_top_occupancy_poses/4E2__ddhCTP/surfaces_definition/custom_MOL_AMINO_FlexAID.def -dat /Users/nf477/Projects_Natalia/GROMACS/gromacs_ab_ligand_toolkit/ab_ligand_md_8complexes/Surfaces/FlexAID.dat

$ /Users/nf477/anaconda3/envs/nrgsuite/bin/python /Users/nf477/Projects_Natalia/GROMACS/gromacs_ab_ligand_toolkit/ab_ligand_md_8complexes/Surfaces/clean_structure.py -f 4E2_ddhCTP_P001_WL97Y.pdb -def /Users/nf477/Projects_Natalia/GROMACS/gromacs_ab_ligand_toolkit/ab_ligand_md_8complexes/computational_DMS_top_occupancy_poses/4E2__ddhCTP/surfaces_definition/custom_MOL_AMINO_FlexAID.def

$ /Users/nf477/anaconda3/envs/nrgsuite/bin/python /Users/nf477/Projects_Natalia/GROMACS/gromacs_ab_ligand_toolkit/ab_ligand_md_8complexes/Surfaces/surface_cont_lig.py -f /Users/nf477/Projects_Natalia/GROMACS/gromacs_ab_ligand_toolkit/ab_ligand_md_8complexes/computational_DMS_top_occupancy_poses/4E2__ddhCTP/mutants/clean_4E2_ddhCTP_P001_WL97Y.pdb -c HL -lig MOL -o /Users/nf477/Projects_Natalia/GROMACS/gromacs_ab_ligand_toolkit/ab_ligand_md_8complexes/computational_DMS_top_occupancy_poses/4E2__ddhCTP/surfaces/WL97Y_output.csv -def /Users/nf477/Projects_Natalia/GROMACS/gromacs_ab_ligand_toolkit/ab_ligand_md_8complexes/computational_DMS_top_occupancy_poses/4E2__ddhCTP/surfaces_definition/custom_MOL_AMINO_FlexAID.def -dat /Users/nf477/Projects_Natalia/GROMACS/gromacs_ab_ligand_toolkit/ab_ligand_md_8complexes/Surfaces/FlexAID.dat

