$ /Users/nf477/anaconda3/envs/nrgsuite/bin/python /Users/nf477/Projects_Natalia/GROMACS/gromacs_ab_ligand_toolkit/ab_ligand_md_8complexes/Surfaces/clean_structure.py -f 1G10_ddhCTP_P001_WT_top_pose.pdb -def /Users/nf477/Projects_Natalia/GROMACS/gromacs_ab_ligand_toolkit/ab_ligand_md_8complexes/computational_DMS_top_occupancy_poses/1G10__ddhCTP/surfaces_definition/custom_MOL_AMINO_FlexAID.def
WARNING: ATOM H1 NOT DEFINED FOR CYS
WARNING: ATOM H2 NOT DEFINED FOR CYS
WARNING: ATOM H3 NOT DEFINED FOR CYS
WARNING: ATOM HA NOT DEFINED FOR CYS
WARNING: ATOM HB1 NOT DEFINED FOR CYS
WARNING: ATOM HB2 NOT DEFINED FOR CYS
WARNING: ATOM HG NOT DEFINED FOR CYS
WARNING: ATOM H NOT DEFINED FOR GLN
WARNING: ATOM HA NOT DEFINED FOR GLN
WARNING: ATOM HB1 NOT DEFINED FOR GLN
WARNING: ATOM HB2 NOT DEFINED FOR GLN
WARNING: ATOM HG1 NOT DEFINED FOR GLN
WARNING: ATOM HG2 NOT DEFINED FOR GLN
WARNING: ATOM HE21 NOT DEFINED FOR GLN
WARNING: ATOM HE22 NOT DEFINED FOR GLN
WARNING: ATOM H NOT DEFINED FOR SER
WARNING: ATOM HA NOT DEFINED FOR SER
WARNING: ATOM HB1 NOT DEFINED FOR SER
WARNING: ATOM HB2 NOT DEFINED FOR SER
WARNING: ATOM HG NOT DEFINED FOR SER
WARNING: ATOM H NOT DEFINED FOR LEU
WARNING: ATOM HA NOT DEFINED FOR LEU
WARNING: ATOM HB1 NOT DEFINED FOR LEU
WARNING: ATOM HB2 NOT DEFINED FOR LEU
WARNING: ATOM HG NOT DEFINED FOR LEU
WARNING: ATOM HD11 NOT DEFINED FOR LEU
WARNING: ATOM HD12 NOT DEFINED FOR LEU
WARNING: ATOM HD13 NOT DEFINED FOR LEU
WARNING: ATOM HD21 NOT DEFINED FOR LEU
WARNING: ATOM HD22 NOT DEFINED FOR LEU
WARNING: ATOM HD23 NOT DEFINED FOR LEU
WARNING: ATOM H NOT DEFINED FOR GLU
WARNING: ATOM HA NOT DEFINED FOR GLU
WARNING: ATOM HB1 NOT DEFINED FOR GLU
WARNING: ATOM HB2 NOT DEFINED FOR GLU
WARNING: ATOM HG1 NOT DEFINED FOR GLU
WARNING: ATOM HG2 NOT DEFINED FOR GLU
WARNING: ATOM H NOT DEFINED FOR GLU
WARNING: ATOM HA NOT DEFINED FOR GLU
WARNING: ATOM HB1 NOT DEFINED FOR GLU
WARNING: ATOM HB2 NOT DEFINED FOR GLU
WARNING: ATOM HG1 NOT DEFINED FOR GLU
WARNING: ATOM HG2 NOT DEFINED FOR GLU
WARNING: ATOM H NOT DEFINED FOR SER
WARNING: ATOM HA NOT DEFINED FOR SER
WARNING: ATOM HB1 NOT DEFINED FOR SER
WARNING: ATOM HB2 NOT DEFINED FOR SER
WARNING: ATOM HG NOT DEFINED FOR SER
WARNING: ATOM H NOT DEFINED FOR GLY
WARNING: ATOM HA1 NOT DEFINED FOR GLY
WARNING: ATOM HA2 NOT DEFINED FOR GLY
WARNING: ATOM H NOT DEFINED FOR GLY
WARNING: ATOM HA1 NOT DEFINED FOR GLY
WARNING: ATOM HA2 NOT DEFINED FOR GLY
WARNING: ATOM H NOT DEFINED FOR ARG
WARNING: ATOM HA NOT DEFINED FOR ARG
WARNING: ATOM HB1 NOT DEFINED FOR ARG
WARNING: ATOM HB2 NOT DEFINED FOR ARG
WARNING: ATOM HG1 NOT DEFINED FOR ARG
WARNING: ATOM HG2 NOT DEFINED FOR ARG
WARNING: ATOM HD1 NOT DEFINED FOR ARG
WARNING: ATOM HD2 NOT DEFINED FOR ARG
WARNING: ATOM HE NOT DEFINED FOR ARG
WARNING: ATOM HH11 NOT DEFINED FOR ARG
WARNING: ATOM HH12 NOT DEFINED FOR ARG
WARNING: ATOM HH21 NOT DEFINED FOR ARG
WARNING: ATOM HH22 NOT DEFINED FOR ARG
WARNING: ATOM H NOT DEFINED FOR LEU
WARNING: ATOM HA NOT DEFINED FOR LEU
WARNING: ATOM HB1 NOT DEFINED FOR LEU
WARNING: ATOM HB2 NOT DEFINED FOR LEU
WARNING: ATOM HG NOT DEFINED FOR LEU
WARNING: ATOM HD11 NOT DEFINED FOR LEU
WARNING: ATOM HD12 NOT DEFINED FOR LEU
WARNING: ATOM HD13 NOT DEFINED FOR LEU
WARNING: ATOM HD21 NOT DEFINED FOR LEU
WARNING: ATOM HD22 NOT DEFINED FOR LEU
WARNING: ATOM HD23 NOT DEFINED FOR LEU
WARNING: ATOM H NOT DEFINED FOR VAL
WARNING: ATOM HA NOT DEFINED FOR VAL
WARNING: ATOM HB NOT DEFINED FOR VAL
WARNING: ATOM HG11 NOT DEFINED FOR VAL
WARNING: ATOM HG12 NOT DEFINED FOR VAL
WARNING: ATOM HG13 NOT DEFINED FOR VAL
WARNING: ATOM HG21 NOT DEFINED FOR VAL
WARNING: ATOM HG22 NOT DEFINED FOR VAL
WARNING: ATOM HG23 NOT DEFINED FOR VAL
WARNING: ATOM H NOT DEFINED FOR THR
WARNING: ATOM HA NOT DEFINED FOR THR
WARNING: ATOM HB NOT DEFINED FOR THR
WARNING: ATOM HG21 NOT DEFINED FOR THR
WARNING: ATOM HG22 NOT DEFINED FOR THR
WARNING: ATOM HG23 NOT DEFINED FOR THR
WARNING: ATOM HG1 NOT DEFINED FOR THR
WARNING: ATOM HD1 NOT DEFINED FOR PRO
WARNING: ATOM HD2 NOT DEFINED FOR PRO
WARNING: ATOM HG1 NOT DEFINED FOR PRO
WARNING: ATOM HG2 NOT DEFINED FOR PRO
WARNING: ATOM HB1 NOT DEFINED FOR PRO
WARNING: ATOM HB2 NOT DEFINED FOR PRO
WARNING: ATOM HA NOT DEFINED FOR PRO
WARNING: ATOM H NOT DEFINED FOR GLY
WARNING: ATOM HA1 NOT DEFINED FOR GLY
WARNING: ATOM HA2 NOT DEFINED FOR GLY
WARNING: ATOM H NOT DEFINED FOR THR
WARNING: ATOM HA NOT DEFINED FOR THR
WARNING: ATOM HB NOT DEFINED FOR THR
WARNING: ATOM HG21 NOT DEFINED FOR THR
WARNING: ATOM HG22 NOT DEFINED FOR THR
WARNING: ATOM HG23 NOT DEFINED FOR THR
WARNING: ATOM HG1 NOT DEFINED FOR THR
WARNING: ATOM HD1 NOT DEFINED FOR PRO
WARNING: ATOM HD2 NOT DEFINED FOR PRO
WARNING: ATOM HG1 NOT DEFINED FOR PRO
WARNING: ATOM HG2 NOT DEFINED FOR PRO
WARNING: ATOM HB1 NOT DEFINED FOR PRO
WARNING: ATOM HB2 NOT DEFINED FOR PRO
WARNING: ATOM HA NOT DEFINED FOR PRO
WARNING: ATOM H NOT DEFINED FOR LEU
WARNING: ATOM HA NOT DEFINED FOR LEU
WARNING: ATOM HB1 NOT DEFINED FOR LEU
WARNING: ATOM HB2 NOT DEFINED FOR LEU
WARNING: ATOM HG NOT DEFINED FOR LEU
WARNING: ATOM HD11 NOT DEFINED FOR LEU
WARNING: ATOM HD12 NOT DEFINED FOR LEU
WARNING: ATOM HD13 NOT DEFINED FOR LEU
WARNING: ATOM HD21 NOT DEFINED FOR LEU
WARNING: ATOM HD22 NOT DEFINED FOR LEU
WARNING: ATOM HD23 NOT DEFINED FOR LEU
WARNING: ATOM H NOT DEFINED FOR THR
WARNING: ATOM HA NOT DEFINED FOR THR
WARNING: ATOM HB NOT DEFINED FOR THR
WARNING: ATOM HG21 NOT DEFINED FOR THR
WARNING: ATOM HG22 NOT DEFINED FOR THR
WARNING: ATOM HG23 NOT DEFINED FOR THR
WARNING: ATOM HG1 NOT DEFINED FOR THR
WARNING: ATOM H NOT DEFINED FOR LEU
WARNING: ATOM HA NOT DEFINED FOR LEU
WARNING: ATOM HB1 NOT DEFINED FOR LEU
WARNING: ATOM HB2 NOT DEFINED FOR LEU
WARNING: ATOM HG NOT DEFINED FOR LEU
WARNING: ATOM HD11 NOT DEFINED FOR LEU
WARNING: ATOM HD12 NOT DEFINED FOR LEU
WARNING: ATOM HD13 NOT DEFINED FOR LEU
WARNING: ATOM HD21 NOT DEFINED FOR LEU
WARNING: ATOM HD22 NOT DEFINED FOR LEU
WARNING: ATOM HD23 NOT DEFINED FOR LEU
WARNING: ATOM H NOT DEFINED FOR THR
WARNING: ATOM HA NOT DEFINED FOR THR
WARNING: ATOM HB NOT DEFINED FOR THR
WARNING: ATOM HG21 NOT DEFINED FOR THR
WARNING: ATOM HG22 NOT DEFINED FOR THR
WARNING: ATOM HG23 NOT DEFINED FOR THR
WARNING: ATOM HG1 NOT DEFINED FOR THR
WARNING: ATOM H NOT DEFINED FOR CYS
WARNING: ATOM HA NOT DEFINED FOR CYS
WARNING: ATOM HB1 NOT DEFINED FOR CYS
WARNING: ATOM HB2 NOT DEFINED FOR CYS
WARNING: ATOM H NOT DEFINED FOR THR
WARNING: ATOM HA NOT DEFINED FOR THR
WARNING: ATOM HB NOT DEFINED FOR THR
WARNING: ATOM HG21 NOT DEFINED FOR THR
WARNING: ATOM HG22 NOT DEFINED FOR THR
WARNING: ATOM HG23 NOT DEFINED FOR THR
WARNING: ATOM HG1 NOT DEFINED FOR THR
WARNING: ATOM H NOT DEFINED FOR ALA
WARNING: ATOM HA NOT DEFINED FOR ALA
WARNING: ATOM HB1 NOT DEFINED FOR ALA
WARNING: ATOM HB2 NOT DEFINED FOR ALA
WARNING: ATOM HB3 NOT DEFINED FOR ALA
WARNING: ATOM H NOT DEFINED FOR SER
WARNING: ATOM HA NOT DEFINED FOR SER
WARNING: ATOM HB1 NOT DEFINED FOR SER
WARNING: ATOM HB2 NOT DEFINED FOR SER
WARNING: ATOM HG NOT DEFINED FOR SER
WARNING: ATOM H NOT DEFINED FOR GLY
WARNING: ATOM HA1 NOT DEFINED FOR GLY
WARNING: ATOM HA2 NOT DEFINED FOR GLY
WARNING: ATOM H NOT DEFINED FOR PHE
WARNING: ATOM HA NOT DEFINED FOR PHE
WARNING: ATOM HB1 NOT DEFINED FOR PHE
WARNING: ATOM HB2 NOT DEFINED FOR PHE
WARNING: ATOM HD1 NOT DEFINED FOR PHE
WARNING: ATOM HE1 NOT DEFINED FOR PHE
WARNING: ATOM HZ NOT DEFINED FOR PHE
WARNING: ATOM HE2 NOT DEFINED FOR PHE
WARNING: ATOM HD2 NOT DEFINED FOR PHE
WARNING: ATOM H NOT DEFINED FOR ASP
WARNING: ATOM HA NOT DEFINED FOR ASP
WARNING: ATOM HB1 NOT DEFINED FOR ASP
WARNING: ATOM HB2 NOT DEFINED FOR ASP
WARNING: ATOM H NOT DEFINED FOR ILE
WARNING: ATOM HA NOT DEFINED FOR ILE
WARNING: ATOM HB NOT DEFINED FOR ILE
WARNING: ATOM HG21 NOT DEFINED FOR ILE
WARNING: ATOM HG22 NOT DEFINED FOR ILE
WARNING: ATOM HG23 NOT DEFINED FOR ILE
WARNING: ATOM HG11 NOT DEFINED FOR ILE
WARNING: ATOM HG12 NOT DEFINED FOR ILE
WARNING: ATOM HD1 NOT DEFINED FOR ILE
WARNING: ATOM HD2 NOT DEFINED FOR ILE
WARNING: ATOM HD3 NOT DEFINED FOR ILE
WARNING: ATOM H NOT DEFINED FOR SER
WARNING: ATOM HA NOT DEFINED FOR SER
WARNING: ATOM HB1 NOT DEFINED FOR SER
WARNING: ATOM HB2 NOT DEFINED FOR SER
WARNING: ATOM HG NOT DEFINED FOR SER
WARNING: ATOM H NOT DEFINED FOR THR
WARNING: ATOM HA NOT DEFINED FOR THR
WARNING: ATOM HB NOT DEFINED FOR THR
WARNING: ATOM HG21 NOT DEFINED FOR THR
WARNING: ATOM HG22 NOT DEFINED FOR THR
WARNING: ATOM HG23 NOT DEFINED FOR THR
WARNING: ATOM HG1 NOT DEFINED FOR THR
WARNING: ATOM H NOT DEFINED FOR TYR
WARNING: ATOM HA NOT DEFINED FOR TYR
WARNING: ATOM HB1 NOT DEFINED FOR TYR
WARNING: ATOM HB2 NOT DEFINED FOR TYR
WARNING: ATOM HD1 NOT DEFINED FOR TYR
WARNING: ATOM HE1 NOT DEFINED FOR TYR
WARNING: ATOM HH NOT DEFINED FOR TYR
WARNING: ATOM HE2 NOT DEFINED FOR TYR
WARNING: ATOM HD2 NOT DEFINED FOR TYR
WARNING: ATOM H NOT DEFINED FOR ASN
WARNING: ATOM HA NOT DEFINED FOR ASN
WARNING: ATOM HB1 NOT DEFINED FOR ASN
WARNING: ATOM HB2 NOT DEFINED FOR ASN
WARNING: ATOM HD21 NOT DEFINED FOR ASN
WARNING: ATOM HD22 NOT DEFINED FOR ASN
WARNING: ATOM H NOT DEFINED FOR ILE
WARNING: ATOM HA NOT DEFINED FOR ILE
WARNING: ATOM HB NOT DEFINED FOR ILE
WARNING: ATOM HG21 NOT DEFINED FOR ILE
WARNING: ATOM HG22 NOT DEFINED FOR ILE
WARNING: ATOM HG23 NOT DEFINED FOR ILE
WARNING: ATOM HG11 NOT DEFINED FOR ILE
WARNING: ATOM HG12 NOT DEFINED FOR ILE
WARNING: ATOM HD1 NOT DEFINED FOR ILE
WARNING: ATOM HD2 NOT DEFINED FOR ILE
WARNING: ATOM HD3 NOT DEFINED FOR ILE
WARNING: ATOM H NOT DEFINED FOR GLN
WARNING: ATOM HA NOT DEFINED FOR GLN
WARNING: ATOM HB1 NOT DEFINED FOR GLN
WARNING: ATOM HB2 NOT DEFINED FOR GLN
WARNING: ATOM HG1 NOT DEFINED FOR GLN
WARNING: ATOM HG2 NOT DEFINED FOR GLN
WARNING: ATOM HE21 NOT DEFINED FOR GLN
WARNING: ATOM HE22 NOT DEFINED FOR GLN
WARNING: ATOM H NOT DEFINED FOR TRP
WARNING: ATOM HA NOT DEFINED FOR TRP
WARNING: ATOM HB1 NOT DEFINED FOR TRP
WARNING: ATOM HB2 NOT DEFINED FOR TRP
WARNING: ATOM HD1 NOT DEFINED FOR TRP
WARNING: ATOM HE1 NOT DEFINED FOR TRP
WARNING: ATOM HZ2 NOT DEFINED FOR TRP
WARNING: ATOM HH2 NOT DEFINED FOR TRP
WARNING: ATOM HZ3 NOT DEFINED FOR TRP
WARNING: ATOM HE3 NOT DEFINED FOR TRP
WARNING: ATOM H NOT DEFINED FOR VAL
WARNING: ATOM HA NOT DEFINED FOR VAL
WARNING: ATOM HB NOT DEFINED FOR VAL
WARNING: ATOM HG11 NOT DEFINED FOR VAL
WARNING: ATOM HG12 NOT DEFINED FOR VAL
WARNING: ATOM HG13 NOT DEFINED FOR VAL
WARNING: ATOM HG21 NOT DEFINED FOR VAL
WARNING: ATOM HG22 NOT DEFINED FOR VAL
WARNING: ATOM HG23 NOT DEFINED FOR VAL
WARNING: ATOM H NOT DEFINED FOR ARG
WARNING: ATOM HA NOT DEFINED FOR ARG
WARNING: ATOM HB1 NOT DEFINED FOR ARG
WARNING: ATOM HB2 NOT DEFINED FOR ARG
WARNING: ATOM HG1 NOT DEFINED FOR ARG
WARNING: ATOM HG2 NOT DEFINED FOR ARG
WARNING: ATOM HD1 NOT DEFINED FOR ARG
WARNING: ATOM HD2 NOT DEFINED FOR ARG
WARNING: ATOM HE NOT DEFINED FOR ARG
WARNING: ATOM HH11 NOT DEFINED FOR ARG
WARNING: ATOM HH12 NOT DEFINED FOR ARG
WARNING: ATOM HH21 NOT DEFINED FOR ARG
WARNING: ATOM HH22 NOT DEFINED FOR ARG
WARNING: ATOM H NOT DEFINED FOR GLN
WARNING: ATOM HA NOT DEFINED FOR GLN
WARNING: ATOM HB1 NOT DEFINED FOR GLN
WARNING: ATOM HB2 NOT DEFINED FOR GLN
WARNING: ATOM HG1 NOT DEFINED FOR GLN
WARNING: ATOM HG2 NOT DEFINED FOR GLN
WARNING: ATOM HE21 NOT DEFINED FOR GLN
WARNING: ATOM HE22 NOT DEFINED FOR GLN
WARNING: ATOM H NOT DEFINED FOR ALA
WARNING: ATOM HA NOT DEFINED FOR ALA
WARNING: ATOM HB1 NOT DEFINED FOR ALA
WARNING: ATOM HB2 NOT DEFINED FOR ALA
WARNING: ATOM HB3 NOT DEFINED FOR ALA
WARNING: ATOM HD1 NOT DEFINED FOR PRO
WARNING: ATOM HD2 NOT DEFINED FOR PRO
WARNING: ATOM HG1 NOT DEFINED FOR PRO
WARNING: ATOM HG2 NOT DEFINED FOR PRO
WARNING: ATOM HB1 NOT DEFINED FOR PRO
WARNING: ATOM HB2 NOT DEFINED FOR PRO
WARNING: ATOM HA NOT DEFINED FOR PRO
WARNING: ATOM H NOT DEFINED FOR GLU
WARNING: ATOM HA NOT DEFINED FOR GLU
WARNING: ATOM HB1 NOT DEFINED FOR GLU
WARNING: ATOM HB2 NOT DEFINED FOR GLU
WARNING: ATOM HG1 NOT DEFINED FOR GLU
WARNING: ATOM HG2 NOT DEFINED FOR GLU
WARNING: ATOM H NOT DEFINED FOR LYS
WARNING: ATOM HA NOT DEFINED FOR LYS
WARNING: ATOM HB1 NOT DEFINED FOR LYS
WARNING: ATOM HB2 NOT DEFINED FOR LYS
WARNING: ATOM HG1 NOT DEFINED FOR LYS
WARNING: ATOM HG2 NOT DEFINED FOR LYS
WARNING: ATOM HD1 NOT DEFINED FOR LYS
WARNING: ATOM HD2 NOT DEFINED FOR LYS
WARNING: ATOM HE1 NOT DEFINED FOR LYS
WARNING: ATOM HE2 NOT DEFINED FOR LYS
WARNING: ATOM HZ1 NOT DEFINED FOR LYS
WARNING: ATOM HZ2 NOT DEFINED FOR LYS
WARNING: ATOM HZ3 NOT DEFINED FOR LYS
WARNING: ATOM H NOT DEFINED FOR GLY
WARNING: ATOM HA1 NOT DEFINED FOR GLY
WARNING: ATOM HA2 NOT DEFINED FOR GLY
WARNING: ATOM H NOT DEFINED FOR LEU
WARNING: ATOM HA NOT DEFINED FOR LEU
WARNING: ATOM HB1 NOT DEFINED FOR LEU
WARNING: ATOM HB2 NOT DEFINED FOR LEU
WARNING: ATOM HG NOT DEFINED FOR LEU
WARNING: ATOM HD11 NOT DEFINED FOR LEU
WARNING: ATOM HD12 NOT DEFINED FOR LEU
WARNING: ATOM HD13 NOT DEFINED FOR LEU
WARNING: ATOM HD21 NOT DEFINED FOR LEU
WARNING: ATOM HD22 NOT DEFINED FOR LEU
WARNING: ATOM HD23 NOT DEFINED FOR LEU
WARNING: ATOM H NOT DEFINED FOR GLU
WARNING: ATOM HA NOT DEFINED FOR GLU
WARNING: ATOM HB1 NOT DEFINED FOR GLU
WARNING: ATOM HB2 NOT DEFINED FOR GLU
WARNING: ATOM HG1 NOT DEFINED FOR GLU
WARNING: ATOM HG2 NOT DEFINED FOR GLU
WARNING: ATOM H NOT DEFINED FOR TYR
WARNING: ATOM HA NOT DEFINED FOR TYR
WARNING: ATOM HB1 NOT DEFINED FOR TYR
WARNING: ATOM HB2 NOT DEFINED FOR TYR
WARNING: ATOM HD1 NOT DEFINED FOR TYR
WARNING: ATOM HE1 NOT DEFINED FOR TYR
WARNING: ATOM HH NOT DEFINED FOR TYR
WARNING: ATOM HE2 NOT DEFINED FOR TYR
WARNING: ATOM HD2 NOT DEFINED FOR TYR
WARNING: ATOM H NOT DEFINED FOR ILE
WARNING: ATOM HA NOT DEFINED FOR ILE
WARNING: ATOM HB NOT DEFINED FOR ILE
WARNING: ATOM HG21 NOT DEFINED FOR ILE
WARNING: ATOM HG22 NOT DEFINED FOR ILE
WARNING: ATOM HG23 NOT DEFINED FOR ILE
WARNING: ATOM HG11 NOT DEFINED FOR ILE
WARNING: ATOM HG12 NOT DEFINED FOR ILE
WARNING: ATOM HD1 NOT DEFINED FOR ILE
WARNING: ATOM HD2 NOT DEFINED FOR ILE
WARNING: ATOM HD3 NOT DEFINED FOR ILE
WARNING: ATOM H NOT DEFINED FOR GLY
WARNING: ATOM HA1 NOT DEFINED FOR GLY
WARNING: ATOM HA2 NOT DEFINED FOR GLY
WARNING: ATOM H NOT DEFINED FOR ILE
WARNING: ATOM HA NOT DEFINED FOR ILE
WARNING: ATOM HB NOT DEFINED FOR ILE
WARNING: ATOM HG21 NOT DEFINED FOR ILE
WARNING: ATOM HG22 NOT DEFINED FOR ILE
WARNING: ATOM HG23 NOT DEFINED FOR ILE
WARNING: ATOM HG11 NOT DEFINED FOR ILE
WARNING: ATOM HG12 NOT DEFINED FOR ILE
WARNING: ATOM HD1 NOT DEFINED FOR ILE
WARNING: ATOM HD2 NOT DEFINED FOR ILE
WARNING: ATOM HD3 NOT DEFINED FOR ILE
WARNING: ATOM H NOT DEFINED FOR ILE
WARNING: ATOM HA NOT DEFINED FOR ILE
WARNING: ATOM HB NOT DEFINED FOR ILE
WARNING: ATOM HG21 NOT DEFINED FOR ILE
WARNING: ATOM HG22 NOT DEFINED FOR ILE
WARNING: ATOM HG23 NOT DEFINED FOR ILE
WARNING: ATOM HG11 NOT DEFINED FOR ILE
WARNING: ATOM HG12 NOT DEFINED FOR ILE
WARNING: ATOM HD1 NOT DEFINED FOR ILE
WARNING: ATOM HD2 NOT DEFINED FOR ILE
WARNING: ATOM HD3 NOT DEFINED FOR ILE
WARNING: ATOM H NOT DEFINED FOR THR
WARNING: ATOM HA NOT DEFINED FOR THR
WARNING: ATOM HB NOT DEFINED FOR THR
WARNING: ATOM HG21 NOT DEFINED FOR THR
WARNING: ATOM HG22 NOT DEFINED FOR THR
WARNING: ATOM HG23 NOT DEFINED FOR THR
WARNING: ATOM HG1 NOT DEFINED FOR THR
WARNING: ATOM H NOT DEFINED FOR TYR
WARNING: ATOM HA NOT DEFINED FOR TYR
WARNING: ATOM HB1 NOT DEFINED FOR TYR
WARNING: ATOM HB2 NOT DEFINED FOR TYR
WARNING: ATOM HD1 NOT DEFINED FOR TYR
WARNING: ATOM HE1 NOT DEFINED FOR TYR
WARNING: ATOM HH NOT DEFINED FOR TYR
WARNING: ATOM HE2 NOT DEFINED FOR TYR
WARNING: ATOM HD2 NOT DEFINED FOR TYR
WARNING: ATOM H NOT DEFINED FOR GLY
WARNING: ATOM HA1 NOT DEFINED FOR GLY
WARNING: ATOM HA2 NOT DEFINED FOR GLY
WARNING: ATOM H NOT DEFINED FOR GLY
WARNING: ATOM HA1 NOT DEFINED FOR GLY
WARNING: ATOM HA2 NOT DEFINED FOR GLY
WARNING: ATOM H NOT DEFINED FOR SER
WARNING: ATOM HA NOT DEFINED FOR SER
WARNING: ATOM HB1 NOT DEFINED FOR SER
WARNING: ATOM HB2 NOT DEFINED FOR SER
WARNING: ATOM HG NOT DEFINED FOR SER
WARNING: ATOM H NOT DEFINED FOR ALA
WARNING: ATOM HA NOT DEFINED FOR ALA
WARNING: ATOM HB1 NOT DEFINED FOR ALA
WARNING: ATOM HB2 NOT DEFINED FOR ALA
WARNING: ATOM HB3 NOT DEFINED FOR ALA
WARNING: ATOM H NOT DEFINED FOR TYR
WARNING: ATOM HA NOT DEFINED FOR TYR
WARNING: ATOM HB1 NOT DEFINED FOR TYR
WARNING: ATOM HB2 NOT DEFINED FOR TYR
WARNING: ATOM HD1 NOT DEFINED FOR TYR
WARNING: ATOM HE1 NOT DEFINED FOR TYR
WARNING: ATOM HH NOT DEFINED FOR TYR
WARNING: ATOM HE2 NOT DEFINED FOR TYR
WARNING: ATOM HD2 NOT DEFINED FOR TYR
WARNING: ATOM H NOT DEFINED FOR TYR
WARNING: ATOM HA NOT DEFINED FOR TYR
WARNING: ATOM HB1 NOT DEFINED FOR TYR
WARNING: ATOM HB2 NOT DEFINED FOR TYR
WARNING: ATOM HD1 NOT DEFINED FOR TYR
WARNING: ATOM HE1 NOT DEFINED FOR TYR
WARNING: ATOM HH NOT DEFINED FOR TYR
WARNING: ATOM HE2 NOT DEFINED FOR TYR
WARNING: ATOM HD2 NOT DEFINED FOR TYR
WARNING: ATOM HD1 NOT DEFINED FOR PRO
WARNING: ATOM HD2 NOT DEFINED FOR PRO
WARNING: ATOM HG1 NOT DEFINED FOR PRO
WARNING: ATOM HG2 NOT DEFINED FOR PRO
WARNING: ATOM HB1 NOT DEFINED FOR PRO
WARNING: ATOM HB2 NOT DEFINED FOR PRO
WARNING: ATOM HA NOT DEFINED FOR PRO
WARNING: ATOM H NOT DEFINED FOR SER
WARNING: ATOM HA NOT DEFINED FOR SER
WARNING: ATOM HB1 NOT DEFINED FOR SER
WARNING: ATOM HB2 NOT DEFINED FOR SER
WARNING: ATOM HG NOT DEFINED FOR SER
WARNING: ATOM H NOT DEFINED FOR TRP
WARNING: ATOM HA NOT DEFINED FOR TRP
WARNING: ATOM HB1 NOT DEFINED FOR TRP
WARNING: ATOM HB2 NOT DEFINED FOR TRP
WARNING: ATOM HD1 NOT DEFINED FOR TRP
WARNING: ATOM HE1 NOT DEFINED FOR TRP
WARNING: ATOM HZ2 NOT DEFINED FOR TRP
WARNING: ATOM HH2 NOT DEFINED FOR TRP
WARNING: ATOM HZ3 NOT DEFINED FOR TRP
WARNING: ATOM HE3 NOT DEFINED FOR TRP
WARNING: ATOM H NOT DEFINED FOR ALA
WARNING: ATOM HA NOT DEFINED FOR ALA
WARNING: ATOM HB1 NOT DEFINED FOR ALA
WARNING: ATOM HB2 NOT DEFINED FOR ALA
WARNING: ATOM HB3 NOT DEFINED FOR ALA
WARNING: ATOM H NOT DEFINED FOR LYS
WARNING: ATOM HA NOT DEFINED FOR LYS
WARNING: ATOM HB1 NOT DEFINED FOR LYS
WARNING: ATOM HB2 NOT DEFINED FOR LYS
WARNING: ATOM HG1 NOT DEFINED FOR LYS
WARNING: ATOM HG2 NOT DEFINED FOR LYS
WARNING: ATOM HD1 NOT DEFINED FOR LYS
WARNING: ATOM HD2 NOT DEFINED FOR LYS
WARNING: ATOM HE1 NOT DEFINED FOR LYS
WARNING: ATOM HE2 NOT DEFINED FOR LYS
WARNING: ATOM HZ1 NOT DEFINED FOR LYS
WARNING: ATOM HZ2 NOT DEFINED FOR LYS
WARNING: ATOM HZ3 NOT DEFINED FOR LYS
WARNING: ATOM H NOT DEFINED FOR GLY
WARNING: ATOM HA1 NOT DEFINED FOR GLY
WARNING: ATOM HA2 NOT DEFINED FOR GLY
WARNING: ATOM H NOT DEFINED FOR ARG
WARNING: ATOM HA NOT DEFINED FOR ARG
WARNING: ATOM HB1 NOT DEFINED FOR ARG
WARNING: ATOM HB2 NOT DEFINED FOR ARG
WARNING: ATOM HG1 NOT DEFINED FOR ARG
WARNING: ATOM HG2 NOT DEFINED FOR ARG
WARNING: ATOM HD1 NOT DEFINED FOR ARG
WARNING: ATOM HD2 NOT DEFINED FOR ARG
WARNING: ATOM HE NOT DEFINED FOR ARG
WARNING: ATOM HH11 NOT DEFINED FOR ARG
WARNING: ATOM HH12 NOT DEFINED FOR ARG
WARNING: ATOM HH21 NOT DEFINED FOR ARG
WARNING: ATOM HH22 NOT DEFINED FOR ARG
WARNING: ATOM H NOT DEFINED FOR PHE
WARNING: ATOM HA NOT DEFINED FOR PHE
WARNING: ATOM HB1 NOT DEFINED FOR PHE
WARNING: ATOM HB2 NOT DEFINED FOR PHE
WARNING: ATOM HD1 NOT DEFINED FOR PHE
WARNING: ATOM HE1 NOT DEFINED FOR PHE
WARNING: ATOM HZ NOT DEFINED FOR PHE
WARNING: ATOM HE2 NOT DEFINED FOR PHE
WARNING: ATOM HD2 NOT DEFINED FOR PHE
WARNING: ATOM H NOT DEFINED FOR THR
WARNING: ATOM HA NOT DEFINED FOR THR
WARNING: ATOM HB NOT DEFINED FOR THR
WARNING: ATOM HG21 NOT DEFINED FOR THR
WARNING: ATOM HG22 NOT DEFINED FOR THR
WARNING: ATOM HG23 NOT DEFINED FOR THR
WARNING: ATOM HG1 NOT DEFINED FOR THR
WARNING: ATOM H NOT DEFINED FOR PHE
WARNING: ATOM HA NOT DEFINED FOR PHE
WARNING: ATOM HB1 NOT DEFINED FOR PHE
WARNING: ATOM HB2 NOT DEFINED FOR PHE
WARNING: ATOM HD1 NOT DEFINED FOR PHE
WARNING: ATOM HE1 NOT DEFINED FOR PHE
WARNING: ATOM HZ NOT DEFINED FOR PHE
WARNING: ATOM HE2 NOT DEFINED FOR PHE
WARNING: ATOM HD2 NOT DEFINED FOR PHE
WARNING: ATOM H NOT DEFINED FOR SER
WARNING: ATOM HA NOT DEFINED FOR SER
WARNING: ATOM HB1 NOT DEFINED FOR SER
WARNING: ATOM HB2 NOT DEFINED FOR SER
WARNING: ATOM HG NOT DEFINED FOR SER
WARNING: ATOM H NOT DEFINED FOR ARG
WARNING: ATOM HA NOT DEFINED FOR ARG
WARNING: ATOM HB1 NOT DEFINED FOR ARG
WARNING: ATOM HB2 NOT DEFINED FOR ARG
WARNING: ATOM HG1 NOT DEFINED FOR ARG
WARNING: ATOM HG2 NOT DEFINED FOR ARG
WARNING: ATOM HD1 NOT DEFINED FOR ARG
WARNING: ATOM HD2 NOT DEFINED FOR ARG
WARNING: ATOM HE NOT DEFINED FOR ARG
WARNING: ATOM HH11 NOT DEFINED FOR ARG
WARNING: ATOM HH12 NOT DEFINED FOR ARG
WARNING: ATOM HH21 NOT DEFINED FOR ARG
WARNING: ATOM HH22 NOT DEFINED FOR ARG
WARNING: ATOM H NOT DEFINED FOR THR
WARNING: ATOM HA NOT DEFINED FOR THR
WARNING: ATOM HB NOT DEFINED FOR THR
WARNING: ATOM HG21 NOT DEFINED FOR THR
WARNING: ATOM HG22 NOT DEFINED FOR THR
WARNING: ATOM HG23 NOT DEFINED FOR THR
WARNING: ATOM HG1 NOT DEFINED FOR THR
WARNING: ATOM H NOT DEFINED FOR SER
WARNING: ATOM HA NOT DEFINED FOR SER
WARNING: ATOM HB1 NOT DEFINED FOR SER
WARNING: ATOM HB2 NOT DEFINED FOR SER
WARNING: ATOM HG NOT DEFINED FOR SER
WARNING: ATOM H NOT DEFINED FOR THR
WARNING: ATOM HA NOT DEFINED FOR THR
WARNING: ATOM HB NOT DEFINED FOR THR
WARNING: ATOM HG21 NOT DEFINED FOR THR
WARNING: ATOM HG22 NOT DEFINED FOR THR
WARNING: ATOM HG23 NOT DEFINED FOR THR
WARNING: ATOM HG1 NOT DEFINED FOR THR
WARNING: ATOM H NOT DEFINED FOR THR
WARNING: ATOM HA NOT DEFINED FOR THR
WARNING: ATOM HB NOT DEFINED FOR THR
WARNING: ATOM HG21 NOT DEFINED FOR THR
WARNING: ATOM HG22 NOT DEFINED FOR THR
WARNING: ATOM HG23 NOT DEFINED FOR THR
WARNING: ATOM HG1 NOT DEFINED FOR THR
WARNING: ATOM H NOT DEFINED FOR VAL
WARNING: ATOM HA NOT DEFINED FOR VAL
WARNING: ATOM HB NOT DEFINED FOR VAL
WARNING: ATOM HG11 NOT DEFINED FOR VAL
WARNING: ATOM HG12 NOT DEFINED FOR VAL
WARNING: ATOM HG13 NOT DEFINED FOR VAL
WARNING: ATOM HG21 NOT DEFINED FOR VAL
WARNING: ATOM HG22 NOT DEFINED FOR VAL
WARNING: ATOM HG23 NOT DEFINED FOR VAL
WARNING: ATOM H NOT DEFINED FOR ASP
WARNING: ATOM HA NOT DEFINED FOR ASP
WARNING: ATOM HB1 NOT DEFINED FOR ASP
WARNING: ATOM HB2 NOT DEFINED FOR ASP
WARNING: ATOM H NOT DEFINED FOR LEU
WARNING: ATOM HA NOT DEFINED FOR LEU
WARNING: ATOM HB1 NOT DEFINED FOR LEU
WARNING: ATOM HB2 NOT DEFINED FOR LEU
WARNING: ATOM HG NOT DEFINED FOR LEU
WARNING: ATOM HD11 NOT DEFINED FOR LEU
WARNING: ATOM HD12 NOT DEFINED FOR LEU
WARNING: ATOM HD13 NOT DEFINED FOR LEU
WARNING: ATOM HD21 NOT DEFINED FOR LEU
WARNING: ATOM HD22 NOT DEFINED FOR LEU
WARNING: ATOM HD23 NOT DEFINED FOR LEU
WARNING: ATOM H NOT DEFINED FOR LYS
WARNING: ATOM HA NOT DEFINED FOR LYS
WARNING: ATOM HB1 NOT DEFINED FOR LYS
WARNING: ATOM HB2 NOT DEFINED FOR LYS
WARNING: ATOM HG1 NOT DEFINED FOR LYS
WARNING: ATOM HG2 NOT DEFINED FOR LYS
WARNING: ATOM HD1 NOT DEFINED FOR LYS
WARNING: ATOM HD2 NOT DEFINED FOR LYS
WARNING: ATOM HE1 NOT DEFINED FOR LYS
WARNING: ATOM HE2 NOT DEFINED FOR LYS
WARNING: ATOM HZ1 NOT DEFINED FOR LYS
WARNING: ATOM HZ2 NOT DEFINED FOR LYS
WARNING: ATOM HZ3 NOT DEFINED FOR LYS
WARNING: ATOM H NOT DEFINED FOR ILE
WARNING: ATOM HA NOT DEFINED FOR ILE
WARNING: ATOM HB NOT DEFINED FOR ILE
WARNING: ATOM HG21 NOT DEFINED FOR ILE
WARNING: ATOM HG22 NOT DEFINED FOR ILE
WARNING: ATOM HG23 NOT DEFINED FOR ILE
WARNING: ATOM HG11 NOT DEFINED FOR ILE
WARNING: ATOM HG12 NOT DEFINED FOR ILE
WARNING: ATOM HD1 NOT DEFINED FOR ILE
WARNING: ATOM HD2 NOT DEFINED FOR ILE
WARNING: ATOM HD3 NOT DEFINED FOR ILE
WARNING: ATOM H NOT DEFINED FOR THR
WARNING: ATOM HA NOT DEFINED FOR THR
WARNING: ATOM HB NOT DEFINED FOR THR
WARNING: ATOM HG21 NOT DEFINED FOR THR
WARNING: ATOM HG22 NOT DEFINED FOR THR
WARNING: ATOM HG23 NOT DEFINED FOR THR
WARNING: ATOM HG1 NOT DEFINED FOR THR
WARNING: ATOM H NOT DEFINED FOR SER
WARNING: ATOM HA NOT DEFINED FOR SER
WARNING: ATOM HB1 NOT DEFINED FOR SER
WARNING: ATOM HB2 NOT DEFINED FOR SER
WARNING: ATOM HG NOT DEFINED FOR SER
WARNING: ATOM HD1 NOT DEFINED FOR PRO
WARNING: ATOM HD2 NOT DEFINED FOR PRO
WARNING: ATOM HG1 NOT DEFINED FOR PRO
WARNING: ATOM HG2 NOT DEFINED FOR PRO
WARNING: ATOM HB1 NOT DEFINED FOR PRO
WARNING: ATOM HB2 NOT DEFINED FOR PRO
WARNING: ATOM HA NOT DEFINED FOR PRO
WARNING: ATOM H NOT DEFINED FOR THR
WARNING: ATOM HA NOT DEFINED FOR THR
WARNING: ATOM HB NOT DEFINED FOR THR
WARNING: ATOM HG21 NOT DEFINED FOR THR
WARNING: ATOM HG22 NOT DEFINED FOR THR
WARNING: ATOM HG23 NOT DEFINED FOR THR
WARNING: ATOM HG1 NOT DEFINED FOR THR
WARNING: ATOM H NOT DEFINED FOR THR
WARNING: ATOM HA NOT DEFINED FOR THR
WARNING: ATOM HB NOT DEFINED FOR THR
WARNING: ATOM HG21 NOT DEFINED FOR THR
WARNING: ATOM HG22 NOT DEFINED FOR THR
WARNING: ATOM HG23 NOT DEFINED FOR THR
WARNING: ATOM HG1 NOT DEFINED FOR THR
WARNING: ATOM H NOT DEFINED FOR GLU
WARNING: ATOM HA NOT DEFINED FOR GLU
WARNING: ATOM HB1 NOT DEFINED FOR GLU
WARNING: ATOM HB2 NOT DEFINED FOR GLU
WARNING: ATOM HG1 NOT DEFINED FOR GLU
WARNING: ATOM HG2 NOT DEFINED FOR GLU
WARNING: ATOM H NOT DEFINED FOR ASP
WARNING: ATOM HA NOT DEFINED FOR ASP
WARNING: ATOM HB1 NOT DEFINED FOR ASP
WARNING: ATOM HB2 NOT DEFINED FOR ASP
WARNING: ATOM H NOT DEFINED FOR THR
WARNING: ATOM HA NOT DEFINED FOR THR
WARNING: ATOM HB NOT DEFINED FOR THR
WARNING: ATOM HG21 NOT DEFINED FOR THR
WARNING: ATOM HG22 NOT DEFINED FOR THR
WARNING: ATOM HG23 NOT DEFINED FOR THR
WARNING: ATOM HG1 NOT DEFINED FOR THR
WARNING: ATOM H NOT DEFINED FOR ALA
WARNING: ATOM HA NOT DEFINED FOR ALA
WARNING: ATOM HB1 NOT DEFINED FOR ALA
WARNING: ATOM HB2 NOT DEFINED FOR ALA
WARNING: ATOM HB3 NOT DEFINED FOR ALA
WARNING: ATOM H NOT DEFINED FOR THR
WARNING: ATOM HA NOT DEFINED FOR THR
WARNING: ATOM HB NOT DEFINED FOR THR
WARNING: ATOM HG21 NOT DEFINED FOR THR
WARNING: ATOM HG22 NOT DEFINED FOR THR
WARNING: ATOM HG23 NOT DEFINED FOR THR
WARNING: ATOM HG1 NOT DEFINED FOR THR
WARNING: ATOM H NOT DEFINED FOR TYR
WARNING: ATOM HA NOT DEFINED FOR TYR
WARNING: ATOM HB1 NOT DEFINED FOR TYR
WARNING: ATOM HB2 NOT DEFINED FOR TYR
WARNING: ATOM HD1 NOT DEFINED FOR TYR
WARNING: ATOM HE1 NOT DEFINED FOR TYR
WARNING: ATOM HH NOT DEFINED FOR TYR
WARNING: ATOM HE2 NOT DEFINED FOR TYR
WARNING: ATOM HD2 NOT DEFINED FOR TYR
WARNING: ATOM H NOT DEFINED FOR PHE
WARNING: ATOM HA NOT DEFINED FOR PHE
WARNING: ATOM HB1 NOT DEFINED FOR PHE
WARNING: ATOM HB2 NOT DEFINED FOR PHE
WARNING: ATOM HD1 NOT DEFINED FOR PHE
WARNING: ATOM HE1 NOT DEFINED FOR PHE
WARNING: ATOM HZ NOT DEFINED FOR PHE
WARNING: ATOM HE2 NOT DEFINED FOR PHE
WARNING: ATOM HD2 NOT DEFINED FOR PHE
WARNING: ATOM H NOT DEFINED FOR CYS
WARNING: ATOM HA NOT DEFINED FOR CYS
WARNING: ATOM HB1 NOT DEFINED FOR CYS
WARNING: ATOM HB2 NOT DEFINED FOR CYS
WARNING: ATOM H NOT DEFINED FOR ALA
WARNING: ATOM HA NOT DEFINED FOR ALA
WARNING: ATOM HB1 NOT DEFINED FOR ALA
WARNING: ATOM HB2 NOT DEFINED FOR ALA
WARNING: ATOM HB3 NOT DEFINED FOR ALA
WARNING: ATOM H NOT DEFINED FOR ARG
WARNING: ATOM HA NOT DEFINED FOR ARG
WARNING: ATOM HB1 NOT DEFINED FOR ARG
WARNING: ATOM HB2 NOT DEFINED FOR ARG
WARNING: ATOM HG1 NOT DEFINED FOR ARG
WARNING: ATOM HG2 NOT DEFINED FOR ARG
WARNING: ATOM HD1 NOT DEFINED FOR ARG
WARNING: ATOM HD2 NOT DEFINED FOR ARG
WARNING: ATOM HE NOT DEFINED FOR ARG
WARNING: ATOM HH11 NOT DEFINED FOR ARG
WARNING: ATOM HH12 NOT DEFINED FOR ARG
WARNING: ATOM HH21 NOT DEFINED FOR ARG
WARNING: ATOM HH22 NOT DEFINED FOR ARG
WARNING: ATOM H NOT DEFINED FOR ALA
WARNING: ATOM HA NOT DEFINED FOR ALA
WARNING: ATOM HB1 NOT DEFINED FOR ALA
WARNING: ATOM HB2 NOT DEFINED FOR ALA
WARNING: ATOM HB3 NOT DEFINED FOR ALA
WARNING: ATOM H NOT DEFINED FOR LEU
WARNING: ATOM HA NOT DEFINED FOR LEU
WARNING: ATOM HB1 NOT DEFINED FOR LEU
WARNING: ATOM HB2 NOT DEFINED FOR LEU
WARNING: ATOM HG NOT DEFINED FOR LEU
WARNING: ATOM HD11 NOT DEFINED FOR LEU
WARNING: ATOM HD12 NOT DEFINED FOR LEU
WARNING: ATOM HD13 NOT DEFINED FOR LEU
WARNING: ATOM HD21 NOT DEFINED FOR LEU
WARNING: ATOM HD22 NOT DEFINED FOR LEU
WARNING: ATOM HD23 NOT DEFINED FOR LEU
WARNING: ATOM H NOT DEFINED FOR GLN
WARNING: ATOM HA NOT DEFINED FOR GLN
WARNING: ATOM HB1 NOT DEFINED FOR GLN
WARNING: ATOM HB2 NOT DEFINED FOR GLN
WARNING: ATOM HG1 NOT DEFINED FOR GLN
WARNING: ATOM HG2 NOT DEFINED FOR GLN
WARNING: ATOM HE21 NOT DEFINED FOR GLN
WARNING: ATOM HE22 NOT DEFINED FOR GLN
WARNING: ATOM HD1 NOT DEFINED FOR PRO
WARNING: ATOM HD2 NOT DEFINED FOR PRO
WARNING: ATOM HG1 NOT DEFINED FOR PRO
WARNING: ATOM HG2 NOT DEFINED FOR PRO
WARNING: ATOM HB1 NOT DEFINED FOR PRO
WARNING: ATOM HB2 NOT DEFINED FOR PRO
WARNING: ATOM HA NOT DEFINED FOR PRO
WARNING: ATOM H NOT DEFINED FOR ASN
WARNING: ATOM HA NOT DEFINED FOR ASN
WARNING: ATOM HB1 NOT DEFINED FOR ASN
WARNING: ATOM HB2 NOT DEFINED FOR ASN
WARNING: ATOM HD21 NOT DEFINED FOR ASN
WARNING: ATOM HD22 NOT DEFINED FOR ASN
WARNING: ATOM H NOT DEFINED FOR TYR
WARNING: ATOM HA NOT DEFINED FOR TYR
WARNING: ATOM HB1 NOT DEFINED FOR TYR
WARNING: ATOM HB2 NOT DEFINED FOR TYR
WARNING: ATOM HD1 NOT DEFINED FOR TYR
WARNING: ATOM HE1 NOT DEFINED FOR TYR
WARNING: ATOM HH NOT DEFINED FOR TYR
WARNING: ATOM HE2 NOT DEFINED FOR TYR
WARNING: ATOM HD2 NOT DEFINED FOR TYR
WARNING: ATOM H NOT DEFINED FOR VAL
WARNING: ATOM HA NOT DEFINED FOR VAL
WARNING: ATOM HB NOT DEFINED FOR VAL
WARNING: ATOM HG11 NOT DEFINED FOR VAL
WARNING: ATOM HG12 NOT DEFINED FOR VAL
WARNING: ATOM HG13 NOT DEFINED FOR VAL
WARNING: ATOM HG21 NOT DEFINED FOR VAL
WARNING: ATOM HG22 NOT DEFINED FOR VAL
WARNING: ATOM HG23 NOT DEFINED FOR VAL
WARNING: ATOM H NOT DEFINED FOR ASN
WARNING: ATOM HA NOT DEFINED FOR ASN
WARNING: ATOM HB1 NOT DEFINED FOR ASN
WARNING: ATOM HB2 NOT DEFINED FOR ASN
WARNING: ATOM HD21 NOT DEFINED FOR ASN
WARNING: ATOM HD22 NOT DEFINED FOR ASN
WARNING: ATOM H NOT DEFINED FOR ALA
WARNING: ATOM HA NOT DEFINED FOR ALA
WARNING: ATOM HB1 NOT DEFINED FOR ALA
WARNING: ATOM HB2 NOT DEFINED FOR ALA
WARNING: ATOM HB3 NOT DEFINED FOR ALA
WARNING: ATOM H NOT DEFINED FOR PHE
WARNING: ATOM HA NOT DEFINED FOR PHE
WARNING: ATOM HB1 NOT DEFINED FOR PHE
WARNING: ATOM HB2 NOT DEFINED FOR PHE
WARNING: ATOM HD1 NOT DEFINED FOR PHE
WARNING: ATOM HE1 NOT DEFINED FOR PHE
WARNING: ATOM HZ NOT DEFINED FOR PHE
WARNING: ATOM HE2 NOT DEFINED FOR PHE
WARNING: ATOM HD2 NOT DEFINED FOR PHE
WARNING: ATOM H NOT DEFINED FOR ASN
WARNING: ATOM HA NOT DEFINED FOR ASN
WARNING: ATOM HB1 NOT DEFINED FOR ASN
WARNING: ATOM HB2 NOT DEFINED FOR ASN
WARNING: ATOM HD21 NOT DEFINED FOR ASN
WARNING: ATOM HD22 NOT DEFINED FOR ASN
WARNING: ATOM H NOT DEFINED FOR ILE
WARNING: ATOM HA NOT DEFINED FOR ILE
WARNING: ATOM HB NOT DEFINED FOR ILE
WARNING: ATOM HG21 NOT DEFINED FOR ILE
WARNING: ATOM HG22 NOT DEFINED FOR ILE
WARNING: ATOM HG23 NOT DEFINED FOR ILE
WARNING: ATOM HG11 NOT DEFINED FOR ILE
WARNING: ATOM HG12 NOT DEFINED FOR ILE
WARNING: ATOM HD1 NOT DEFINED FOR ILE
WARNING: ATOM HD2 NOT DEFINED FOR ILE
WARNING: ATOM HD3 NOT DEFINED FOR ILE
WARNING: ATOM H NOT DEFINED FOR TRP
WARNING: ATOM HA NOT DEFINED FOR TRP
WARNING: ATOM HB1 NOT DEFINED FOR TRP
WARNING: ATOM HB2 NOT DEFINED FOR TRP
WARNING: ATOM HD1 NOT DEFINED FOR TRP
WARNING: ATOM HE1 NOT DEFINED FOR TRP
WARNING: ATOM HZ2 NOT DEFINED FOR TRP
WARNING: ATOM HH2 NOT DEFINED FOR TRP
WARNING: ATOM HZ3 NOT DEFINED FOR TRP
WARNING: ATOM HE3 NOT DEFINED FOR TRP
WARNING: ATOM H NOT DEFINED FOR GLY
WARNING: ATOM HA1 NOT DEFINED FOR GLY
WARNING: ATOM HA2 NOT DEFINED FOR GLY
WARNING: ATOM HD1 NOT DEFINED FOR PRO
WARNING: ATOM HD2 NOT DEFINED FOR PRO
WARNING: ATOM HG1 NOT DEFINED FOR PRO
WARNING: ATOM HG2 NOT DEFINED FOR PRO
WARNING: ATOM HB1 NOT DEFINED FOR PRO
WARNING: ATOM HB2 NOT DEFINED FOR PRO
WARNING: ATOM HA NOT DEFINED FOR PRO
WARNING: ATOM H NOT DEFINED FOR GLY
WARNING: ATOM HA1 NOT DEFINED FOR GLY
WARNING: ATOM HA2 NOT DEFINED FOR GLY
WARNING: ATOM H NOT DEFINED FOR THR
WARNING: ATOM HA NOT DEFINED FOR THR
WARNING: ATOM HB NOT DEFINED FOR THR
WARNING: ATOM HG21 NOT DEFINED FOR THR
WARNING: ATOM HG22 NOT DEFINED FOR THR
WARNING: ATOM HG23 NOT DEFINED FOR THR
WARNING: ATOM HG1 NOT DEFINED FOR THR
WARNING: ATOM H NOT DEFINED FOR LEU
WARNING: ATOM HA NOT DEFINED FOR LEU
WARNING: ATOM HB1 NOT DEFINED FOR LEU
WARNING: ATOM HB2 NOT DEFINED FOR LEU
WARNING: ATOM HG NOT DEFINED FOR LEU
WARNING: ATOM HD11 NOT DEFINED FOR LEU
WARNING: ATOM HD12 NOT DEFINED FOR LEU
WARNING: ATOM HD13 NOT DEFINED FOR LEU
WARNING: ATOM HD21 NOT DEFINED FOR LEU
WARNING: ATOM HD22 NOT DEFINED FOR LEU
WARNING: ATOM HD23 NOT DEFINED FOR LEU
WARNING: ATOM H NOT DEFINED FOR VAL
WARNING: ATOM HA NOT DEFINED FOR VAL
WARNING: ATOM HB NOT DEFINED FOR VAL
WARNING: ATOM HG11 NOT DEFINED FOR VAL
WARNING: ATOM HG12 NOT DEFINED FOR VAL
WARNING: ATOM HG13 NOT DEFINED FOR VAL
WARNING: ATOM HG21 NOT DEFINED FOR VAL
WARNING: ATOM HG22 NOT DEFINED FOR VAL
WARNING: ATOM HG23 NOT DEFINED FOR VAL
WARNING: ATOM H NOT DEFINED FOR THR
WARNING: ATOM HA NOT DEFINED FOR THR
WARNING: ATOM HB NOT DEFINED FOR THR
WARNING: ATOM HG21 NOT DEFINED FOR THR
WARNING: ATOM HG22 NOT DEFINED FOR THR
WARNING: ATOM HG23 NOT DEFINED FOR THR
WARNING: ATOM HG1 NOT DEFINED FOR THR
WARNING: ATOM H NOT DEFINED FOR VAL
WARNING: ATOM HA NOT DEFINED FOR VAL
WARNING: ATOM HB NOT DEFINED FOR VAL
WARNING: ATOM HG11 NOT DEFINED FOR VAL
WARNING: ATOM HG12 NOT DEFINED FOR VAL
WARNING: ATOM HG13 NOT DEFINED FOR VAL
WARNING: ATOM HG21 NOT DEFINED FOR VAL
WARNING: ATOM HG22 NOT DEFINED FOR VAL
WARNING: ATOM HG23 NOT DEFINED FOR VAL
WARNING: ATOM H NOT DEFINED FOR SER
WARNING: ATOM HA NOT DEFINED FOR SER
WARNING: ATOM HB1 NOT DEFINED FOR SER
WARNING: ATOM HB2 NOT DEFINED FOR SER
WARNING: ATOM HG NOT DEFINED FOR SER
WARNING: ATOM H NOT DEFINED FOR LEU
WARNING: ATOM HA NOT DEFINED FOR LEU
WARNING: ATOM HB1 NOT DEFINED FOR LEU
WARNING: ATOM HB2 NOT DEFINED FOR LEU
WARNING: ATOM HG NOT DEFINED FOR LEU
WARNING: ATOM HD11 NOT DEFINED FOR LEU
WARNING: ATOM HD12 NOT DEFINED FOR LEU
WARNING: ATOM HD13 NOT DEFINED FOR LEU
WARNING: ATOM HD21 NOT DEFINED FOR LEU
WARNING: ATOM HD22 NOT DEFINED FOR LEU
WARNING: ATOM HD23 NOT DEFINED FOR LEU
WARNING: ATOM H1 NOT DEFINED FOR ALA
WARNING: ATOM H2 NOT DEFINED FOR ALA
WARNING: ATOM H3 NOT DEFINED FOR ALA
WARNING: ATOM HA NOT DEFINED FOR ALA
WARNING: ATOM HB1 NOT DEFINED FOR ALA
WARNING: ATOM HB2 NOT DEFINED FOR ALA
WARNING: ATOM HB3 NOT DEFINED FOR ALA
WARNING: ATOM H NOT DEFINED FOR GLN
WARNING: ATOM HA NOT DEFINED FOR GLN
WARNING: ATOM HB1 NOT DEFINED FOR GLN
WARNING: ATOM HB2 NOT DEFINED FOR GLN
WARNING: ATOM HG1 NOT DEFINED FOR GLN
WARNING: ATOM HG2 NOT DEFINED FOR GLN
WARNING: ATOM HE21 NOT DEFINED FOR GLN
WARNING: ATOM HE22 NOT DEFINED FOR GLN
WARNING: ATOM H NOT DEFINED FOR VAL
WARNING: ATOM HA NOT DEFINED FOR VAL
WARNING: ATOM HB NOT DEFINED FOR VAL
WARNING: ATOM HG11 NOT DEFINED FOR VAL
WARNING: ATOM HG12 NOT DEFINED FOR VAL
WARNING: ATOM HG13 NOT DEFINED FOR VAL
WARNING: ATOM HG21 NOT DEFINED FOR VAL
WARNING: ATOM HG22 NOT DEFINED FOR VAL
WARNING: ATOM HG23 NOT DEFINED FOR VAL
WARNING: ATOM H NOT DEFINED FOR LEU
WARNING: ATOM HA NOT DEFINED FOR LEU
WARNING: ATOM HB1 NOT DEFINED FOR LEU
WARNING: ATOM HB2 NOT DEFINED FOR LEU
WARNING: ATOM HG NOT DEFINED FOR LEU
WARNING: ATOM HD11 NOT DEFINED FOR LEU
WARNING: ATOM HD12 NOT DEFINED FOR LEU
WARNING: ATOM HD13 NOT DEFINED FOR LEU
WARNING: ATOM HD21 NOT DEFINED FOR LEU
WARNING: ATOM HD22 NOT DEFINED FOR LEU
WARNING: ATOM HD23 NOT DEFINED FOR LEU
WARNING: ATOM H NOT DEFINED FOR THR
WARNING: ATOM HA NOT DEFINED FOR THR
WARNING: ATOM HB NOT DEFINED FOR THR
WARNING: ATOM HG21 NOT DEFINED FOR THR
WARNING: ATOM HG22 NOT DEFINED FOR THR
WARNING: ATOM HG23 NOT DEFINED FOR THR
WARNING: ATOM HG1 NOT DEFINED FOR THR
WARNING: ATOM H NOT DEFINED FOR GLN
WARNING: ATOM HA NOT DEFINED FOR GLN
WARNING: ATOM HB1 NOT DEFINED FOR GLN
WARNING: ATOM HB2 NOT DEFINED FOR GLN
WARNING: ATOM HG1 NOT DEFINED FOR GLN
WARNING: ATOM HG2 NOT DEFINED FOR GLN
WARNING: ATOM HE21 NOT DEFINED FOR GLN
WARNING: ATOM HE22 NOT DEFINED FOR GLN
WARNING: ATOM H NOT DEFINED FOR THR
WARNING: ATOM HA NOT DEFINED FOR THR
WARNING: ATOM HB NOT DEFINED FOR THR
WARNING: ATOM HG21 NOT DEFINED FOR THR
WARNING: ATOM HG22 NOT DEFINED FOR THR
WARNING: ATOM HG23 NOT DEFINED FOR THR
WARNING: ATOM HG1 NOT DEFINED FOR THR
WARNING: ATOM H NOT DEFINED FOR ALA
WARNING: ATOM HA NOT DEFINED FOR ALA
WARNING: ATOM HB1 NOT DEFINED FOR ALA
WARNING: ATOM HB2 NOT DEFINED FOR ALA
WARNING: ATOM HB3 NOT DEFINED FOR ALA
WARNING: ATOM H NOT DEFINED FOR SER
WARNING: ATOM HA NOT DEFINED FOR SER
WARNING: ATOM HB1 NOT DEFINED FOR SER
WARNING: ATOM HB2 NOT DEFINED FOR SER
WARNING: ATOM HG NOT DEFINED FOR SER
WARNING: ATOM H NOT DEFINED FOR SER
WARNING: ATOM HA NOT DEFINED FOR SER
WARNING: ATOM HB1 NOT DEFINED FOR SER
WARNING: ATOM HB2 NOT DEFINED FOR SER
WARNING: ATOM HG NOT DEFINED FOR SER
WARNING: ATOM H NOT DEFINED FOR VAL
WARNING: ATOM HA NOT DEFINED FOR VAL
WARNING: ATOM HB NOT DEFINED FOR VAL
WARNING: ATOM HG11 NOT DEFINED FOR VAL
WARNING: ATOM HG12 NOT DEFINED FOR VAL
WARNING: ATOM HG13 NOT DEFINED FOR VAL
WARNING: ATOM HG21 NOT DEFINED FOR VAL
WARNING: ATOM HG22 NOT DEFINED FOR VAL
WARNING: ATOM HG23 NOT DEFINED FOR VAL
WARNING: ATOM H NOT DEFINED FOR SER
WARNING: ATOM HA NOT DEFINED FOR SER
WARNING: ATOM HB1 NOT DEFINED FOR SER
WARNING: ATOM HB2 NOT DEFINED FOR SER
WARNING: ATOM HG NOT DEFINED FOR SER
WARNING: ATOM H NOT DEFINED FOR ALA
WARNING: ATOM HA NOT DEFINED FOR ALA
WARNING: ATOM HB1 NOT DEFINED FOR ALA
WARNING: ATOM HB2 NOT DEFINED FOR ALA
WARNING: ATOM HB3 NOT DEFINED FOR ALA
WARNING: ATOM H NOT DEFINED FOR ALA
WARNING: ATOM HA NOT DEFINED FOR ALA
WARNING: ATOM HB1 NOT DEFINED FOR ALA
WARNING: ATOM HB2 NOT DEFINED FOR ALA
WARNING: ATOM HB3 NOT DEFINED FOR ALA
WARNING: ATOM H NOT DEFINED FOR VAL
WARNING: ATOM HA NOT DEFINED FOR VAL
WARNING: ATOM HB NOT DEFINED FOR VAL
WARNING: ATOM HG11 NOT DEFINED FOR VAL
WARNING: ATOM HG12 NOT DEFINED FOR VAL
WARNING: ATOM HG13 NOT DEFINED FOR VAL
WARNING: ATOM HG21 NOT DEFINED FOR VAL
WARNING: ATOM HG22 NOT DEFINED FOR VAL
WARNING: ATOM HG23 NOT DEFINED FOR VAL
WARNING: ATOM H NOT DEFINED FOR GLY
WARNING: ATOM HA1 NOT DEFINED FOR GLY
WARNING: ATOM HA2 NOT DEFINED FOR GLY
WARNING: ATOM H NOT DEFINED FOR GLY
WARNING: ATOM HA1 NOT DEFINED FOR GLY
WARNING: ATOM HA2 NOT DEFINED FOR GLY
WARNING: ATOM H NOT DEFINED FOR THR
WARNING: ATOM HA NOT DEFINED FOR THR
WARNING: ATOM HB NOT DEFINED FOR THR
WARNING: ATOM HG21 NOT DEFINED FOR THR
WARNING: ATOM HG22 NOT DEFINED FOR THR
WARNING: ATOM HG23 NOT DEFINED FOR THR
WARNING: ATOM HG1 NOT DEFINED FOR THR
WARNING: ATOM H NOT DEFINED FOR VAL
WARNING: ATOM HA NOT DEFINED FOR VAL
WARNING: ATOM HB NOT DEFINED FOR VAL
WARNING: ATOM HG11 NOT DEFINED FOR VAL
WARNING: ATOM HG12 NOT DEFINED FOR VAL
WARNING: ATOM HG13 NOT DEFINED FOR VAL
WARNING: ATOM HG21 NOT DEFINED FOR VAL
WARNING: ATOM HG22 NOT DEFINED FOR VAL
WARNING: ATOM HG23 NOT DEFINED FOR VAL
WARNING: ATOM H NOT DEFINED FOR THR
WARNING: ATOM HA NOT DEFINED FOR THR
WARNING: ATOM HB NOT DEFINED FOR THR
WARNING: ATOM HG21 NOT DEFINED FOR THR
WARNING: ATOM HG22 NOT DEFINED FOR THR
WARNING: ATOM HG23 NOT DEFINED FOR THR
WARNING: ATOM HG1 NOT DEFINED FOR THR
WARNING: ATOM H NOT DEFINED FOR ILE
WARNING: ATOM HA NOT DEFINED FOR ILE
WARNING: ATOM HB NOT DEFINED FOR ILE
WARNING: ATOM HG21 NOT DEFINED FOR ILE
WARNING: ATOM HG22 NOT DEFINED FOR ILE
WARNING: ATOM HG23 NOT DEFINED FOR ILE
WARNING: ATOM HG11 NOT DEFINED FOR ILE
WARNING: ATOM HG12 NOT DEFINED FOR ILE
WARNING: ATOM HD1 NOT DEFINED FOR ILE
WARNING: ATOM HD2 NOT DEFINED FOR ILE
WARNING: ATOM HD3 NOT DEFINED FOR ILE
WARNING: ATOM H NOT DEFINED FOR ASN
WARNING: ATOM HA NOT DEFINED FOR ASN
WARNING: ATOM HB1 NOT DEFINED FOR ASN
WARNING: ATOM HB2 NOT DEFINED FOR ASN
WARNING: ATOM HD21 NOT DEFINED FOR ASN
WARNING: ATOM HD22 NOT DEFINED FOR ASN
WARNING: ATOM H NOT DEFINED FOR CYS
WARNING: ATOM HA NOT DEFINED FOR CYS
WARNING: ATOM HB1 NOT DEFINED FOR CYS
WARNING: ATOM HB2 NOT DEFINED FOR CYS
WARNING: ATOM H NOT DEFINED FOR GLN
WARNING: ATOM HA NOT DEFINED FOR GLN
WARNING: ATOM HB1 NOT DEFINED FOR GLN
WARNING: ATOM HB2 NOT DEFINED FOR GLN
WARNING: ATOM HG1 NOT DEFINED FOR GLN
WARNING: ATOM HG2 NOT DEFINED FOR GLN
WARNING: ATOM HE21 NOT DEFINED FOR GLN
WARNING: ATOM HE22 NOT DEFINED FOR GLN
WARNING: ATOM H NOT DEFINED FOR SER
WARNING: ATOM HA NOT DEFINED FOR SER
WARNING: ATOM HB1 NOT DEFINED FOR SER
WARNING: ATOM HB2 NOT DEFINED FOR SER
WARNING: ATOM HG NOT DEFINED FOR SER
WARNING: ATOM H NOT DEFINED FOR SER
WARNING: ATOM HA NOT DEFINED FOR SER
WARNING: ATOM HB1 NOT DEFINED FOR SER
WARNING: ATOM HB2 NOT DEFINED FOR SER
WARNING: ATOM HG NOT DEFINED FOR SER
WARNING: ATOM H NOT DEFINED FOR GLU
WARNING: ATOM HA NOT DEFINED FOR GLU
WARNING: ATOM HB1 NOT DEFINED FOR GLU
WARNING: ATOM HB2 NOT DEFINED FOR GLU
WARNING: ATOM HG1 NOT DEFINED FOR GLU
WARNING: ATOM HG2 NOT DEFINED FOR GLU
WARNING: ATOM H NOT DEFINED FOR SER
WARNING: ATOM HA NOT DEFINED FOR SER
WARNING: ATOM HB1 NOT DEFINED FOR SER
WARNING: ATOM HB2 NOT DEFINED FOR SER
WARNING: ATOM HG NOT DEFINED FOR SER
WARNING: ATOM H NOT DEFINED FOR VAL
WARNING: ATOM HA NOT DEFINED FOR VAL
WARNING: ATOM HB NOT DEFINED FOR VAL
WARNING: ATOM HG11 NOT DEFINED FOR VAL
WARNING: ATOM HG12 NOT DEFINED FOR VAL
WARNING: ATOM HG13 NOT DEFINED FOR VAL
WARNING: ATOM HG21 NOT DEFINED FOR VAL
WARNING: ATOM HG22 NOT DEFINED FOR VAL
WARNING: ATOM HG23 NOT DEFINED FOR VAL
WARNING: ATOM H NOT DEFINED FOR TYR
WARNING: ATOM HA NOT DEFINED FOR TYR
WARNING: ATOM HB1 NOT DEFINED FOR TYR
WARNING: ATOM HB2 NOT DEFINED FOR TYR
WARNING: ATOM HD1 NOT DEFINED FOR TYR
WARNING: ATOM HE1 NOT DEFINED FOR TYR
WARNING: ATOM HH NOT DEFINED FOR TYR
WARNING: ATOM HE2 NOT DEFINED FOR TYR
WARNING: ATOM HD2 NOT DEFINED FOR TYR
WARNING: ATOM H NOT DEFINED FOR ASN
WARNING: ATOM HA NOT DEFINED FOR ASN
WARNING: ATOM HB1 NOT DEFINED FOR ASN
WARNING: ATOM HB2 NOT DEFINED FOR ASN
WARNING: ATOM HD21 NOT DEFINED FOR ASN
WARNING: ATOM HD22 NOT DEFINED FOR ASN
WARNING: ATOM H NOT DEFINED FOR ASN
WARNING: ATOM HA NOT DEFINED FOR ASN
WARNING: ATOM HB1 NOT DEFINED FOR ASN
WARNING: ATOM HB2 NOT DEFINED FOR ASN
WARNING: ATOM HD21 NOT DEFINED FOR ASN
WARNING: ATOM HD22 NOT DEFINED FOR ASN
WARNING: ATOM H NOT DEFINED FOR ASN
WARNING: ATOM HA NOT DEFINED FOR ASN
WARNING: ATOM HB1 NOT DEFINED FOR ASN
WARNING: ATOM HB2 NOT DEFINED FOR ASN
WARNING: ATOM HD21 NOT DEFINED FOR ASN
WARNING: ATOM HD22 NOT DEFINED FOR ASN
WARNING: ATOM H NOT DEFINED FOR TYR
WARNING: ATOM HA NOT DEFINED FOR TYR
WARNING: ATOM HB1 NOT DEFINED FOR TYR
WARNING: ATOM HB2 NOT DEFINED FOR TYR
WARNING: ATOM HD1 NOT DEFINED FOR TYR
WARNING: ATOM HE1 NOT DEFINED FOR TYR
WARNING: ATOM HH NOT DEFINED FOR TYR
WARNING: ATOM HE2 NOT DEFINED FOR TYR
WARNING: ATOM HD2 NOT DEFINED FOR TYR
WARNING: ATOM H NOT DEFINED FOR LEU
WARNING: ATOM HA NOT DEFINED FOR LEU
WARNING: ATOM HB1 NOT DEFINED FOR LEU
WARNING: ATOM HB2 NOT DEFINED FOR LEU
WARNING: ATOM HG NOT DEFINED FOR LEU
WARNING: ATOM HD11 NOT DEFINED FOR LEU
WARNING: ATOM HD12 NOT DEFINED FOR LEU
WARNING: ATOM HD13 NOT DEFINED FOR LEU
WARNING: ATOM HD21 NOT DEFINED FOR LEU
WARNING: ATOM HD22 NOT DEFINED FOR LEU
WARNING: ATOM HD23 NOT DEFINED FOR LEU
WARNING: ATOM H NOT DEFINED FOR VAL
WARNING: ATOM HA NOT DEFINED FOR VAL
WARNING: ATOM HB NOT DEFINED FOR VAL
WARNING: ATOM HG11 NOT DEFINED FOR VAL
WARNING: ATOM HG12 NOT DEFINED FOR VAL
WARNING: ATOM HG13 NOT DEFINED FOR VAL
WARNING: ATOM HG21 NOT DEFINED FOR VAL
WARNING: ATOM HG22 NOT DEFINED FOR VAL
WARNING: ATOM HG23 NOT DEFINED FOR VAL
WARNING: ATOM H NOT DEFINED FOR TRP
WARNING: ATOM HA NOT DEFINED FOR TRP
WARNING: ATOM HB1 NOT DEFINED FOR TRP
WARNING: ATOM HB2 NOT DEFINED FOR TRP
WARNING: ATOM HD1 NOT DEFINED FOR TRP
WARNING: ATOM HE1 NOT DEFINED FOR TRP
WARNING: ATOM HZ2 NOT DEFINED FOR TRP
WARNING: ATOM HH2 NOT DEFINED FOR TRP
WARNING: ATOM HZ3 NOT DEFINED FOR TRP
WARNING: ATOM HE3 NOT DEFINED FOR TRP
WARNING: ATOM H NOT DEFINED FOR TYR
WARNING: ATOM HA NOT DEFINED FOR TYR
WARNING: ATOM HB1 NOT DEFINED FOR TYR
WARNING: ATOM HB2 NOT DEFINED FOR TYR
WARNING: ATOM HD1 NOT DEFINED FOR TYR
WARNING: ATOM HE1 NOT DEFINED FOR TYR
WARNING: ATOM HH NOT DEFINED FOR TYR
WARNING: ATOM HE2 NOT DEFINED FOR TYR
WARNING: ATOM HD2 NOT DEFINED FOR TYR
WARNING: ATOM H NOT DEFINED FOR GLN
WARNING: ATOM HA NOT DEFINED FOR GLN
WARNING: ATOM HB1 NOT DEFINED FOR GLN
WARNING: ATOM HB2 NOT DEFINED FOR GLN
WARNING: ATOM HG1 NOT DEFINED FOR GLN
WARNING: ATOM HG2 NOT DEFINED FOR GLN
WARNING: ATOM HE21 NOT DEFINED FOR GLN
WARNING: ATOM HE22 NOT DEFINED FOR GLN
WARNING: ATOM H NOT DEFINED FOR GLN
WARNING: ATOM HA NOT DEFINED FOR GLN
WARNING: ATOM HB1 NOT DEFINED FOR GLN
WARNING: ATOM HB2 NOT DEFINED FOR GLN
WARNING: ATOM HG1 NOT DEFINED FOR GLN
WARNING: ATOM HG2 NOT DEFINED FOR GLN
WARNING: ATOM HE21 NOT DEFINED FOR GLN
WARNING: ATOM HE22 NOT DEFINED FOR GLN
WARNING: ATOM H NOT DEFINED FOR LYS
WARNING: ATOM HA NOT DEFINED FOR LYS
WARNING: ATOM HB1 NOT DEFINED FOR LYS
WARNING: ATOM HB2 NOT DEFINED FOR LYS
WARNING: ATOM HG1 NOT DEFINED FOR LYS
WARNING: ATOM HG2 NOT DEFINED FOR LYS
WARNING: ATOM HD1 NOT DEFINED FOR LYS
WARNING: ATOM HD2 NOT DEFINED FOR LYS
WARNING: ATOM HE1 NOT DEFINED FOR LYS
WARNING: ATOM HE2 NOT DEFINED FOR LYS
WARNING: ATOM HZ1 NOT DEFINED FOR LYS
WARNING: ATOM HZ2 NOT DEFINED FOR LYS
WARNING: ATOM HZ3 NOT DEFINED FOR LYS
WARNING: ATOM H NOT DEFINED FOR ALA
WARNING: ATOM HA NOT DEFINED FOR ALA
WARNING: ATOM HB1 NOT DEFINED FOR ALA
WARNING: ATOM HB2 NOT DEFINED FOR ALA
WARNING: ATOM HB3 NOT DEFINED FOR ALA
WARNING: ATOM H NOT DEFINED FOR GLY
WARNING: ATOM HA1 NOT DEFINED FOR GLY
WARNING: ATOM HA2 NOT DEFINED FOR GLY
WARNING: ATOM H NOT DEFINED FOR GLN
WARNING: ATOM HA NOT DEFINED FOR GLN
WARNING: ATOM HB1 NOT DEFINED FOR GLN
WARNING: ATOM HB2 NOT DEFINED FOR GLN
WARNING: ATOM HG1 NOT DEFINED FOR GLN
WARNING: ATOM HG2 NOT DEFINED FOR GLN
WARNING: ATOM HE21 NOT DEFINED FOR GLN
WARNING: ATOM HE22 NOT DEFINED FOR GLN
WARNING: ATOM HD1 NOT DEFINED FOR PRO
WARNING: ATOM HD2 NOT DEFINED FOR PRO
WARNING: ATOM HG1 NOT DEFINED FOR PRO
WARNING: ATOM HG2 NOT DEFINED FOR PRO
WARNING: ATOM HB1 NOT DEFINED FOR PRO
WARNING: ATOM HB2 NOT DEFINED FOR PRO
WARNING: ATOM HA NOT DEFINED FOR PRO
WARNING: ATOM HD1 NOT DEFINED FOR PRO
WARNING: ATOM HD2 NOT DEFINED FOR PRO
WARNING: ATOM HG1 NOT DEFINED FOR PRO
WARNING: ATOM HG2 NOT DEFINED FOR PRO
WARNING: ATOM HB1 NOT DEFINED FOR PRO
WARNING: ATOM HB2 NOT DEFINED FOR PRO
WARNING: ATOM HA NOT DEFINED FOR PRO
WARNING: ATOM H NOT DEFINED FOR LYS
WARNING: ATOM HA NOT DEFINED FOR LYS
WARNING: ATOM HB1 NOT DEFINED FOR LYS
WARNING: ATOM HB2 NOT DEFINED FOR LYS
WARNING: ATOM HG1 NOT DEFINED FOR LYS
WARNING: ATOM HG2 NOT DEFINED FOR LYS
WARNING: ATOM HD1 NOT DEFINED FOR LYS
WARNING: ATOM HD2 NOT DEFINED FOR LYS
WARNING: ATOM HE1 NOT DEFINED FOR LYS
WARNING: ATOM HE2 NOT DEFINED FOR LYS
WARNING: ATOM HZ1 NOT DEFINED FOR LYS
WARNING: ATOM HZ2 NOT DEFINED FOR LYS
WARNING: ATOM HZ3 NOT DEFINED FOR LYS
WARNING: ATOM H NOT DEFINED FOR LEU
WARNING: ATOM HA NOT DEFINED FOR LEU
WARNING: ATOM HB1 NOT DEFINED FOR LEU
WARNING: ATOM HB2 NOT DEFINED FOR LEU
WARNING: ATOM HG NOT DEFINED FOR LEU
WARNING: ATOM HD11 NOT DEFINED FOR LEU
WARNING: ATOM HD12 NOT DEFINED FOR LEU
WARNING: ATOM HD13 NOT DEFINED FOR LEU
WARNING: ATOM HD21 NOT DEFINED FOR LEU
WARNING: ATOM HD22 NOT DEFINED FOR LEU
WARNING: ATOM HD23 NOT DEFINED FOR LEU
WARNING: ATOM H NOT DEFINED FOR LEU
WARNING: ATOM HA NOT DEFINED FOR LEU
WARNING: ATOM HB1 NOT DEFINED FOR LEU
WARNING: ATOM HB2 NOT DEFINED FOR LEU
WARNING: ATOM HG NOT DEFINED FOR LEU
WARNING: ATOM HD11 NOT DEFINED FOR LEU
WARNING: ATOM HD12 NOT DEFINED FOR LEU
WARNING: ATOM HD13 NOT DEFINED FOR LEU
WARNING: ATOM HD21 NOT DEFINED FOR LEU
WARNING: ATOM HD22 NOT DEFINED FOR LEU
WARNING: ATOM HD23 NOT DEFINED FOR LEU
WARNING: ATOM H NOT DEFINED FOR ILE
WARNING: ATOM HA NOT DEFINED FOR ILE
WARNING: ATOM HB NOT DEFINED FOR ILE
WARNING: ATOM HG21 NOT DEFINED FOR ILE
WARNING: ATOM HG22 NOT DEFINED FOR ILE
WARNING: ATOM HG23 NOT DEFINED FOR ILE
WARNING: ATOM HG11 NOT DEFINED FOR ILE
WARNING: ATOM HG12 NOT DEFINED FOR ILE
WARNING: ATOM HD1 NOT DEFINED FOR ILE
WARNING: ATOM HD2 NOT DEFINED FOR ILE
WARNING: ATOM HD3 NOT DEFINED FOR ILE
WARNING: ATOM H NOT DEFINED FOR TYR
WARNING: ATOM HA NOT DEFINED FOR TYR
WARNING: ATOM HB1 NOT DEFINED FOR TYR
WARNING: ATOM HB2 NOT DEFINED FOR TYR
WARNING: ATOM HD1 NOT DEFINED FOR TYR
WARNING: ATOM HE1 NOT DEFINED FOR TYR
WARNING: ATOM HH NOT DEFINED FOR TYR
WARNING: ATOM HE2 NOT DEFINED FOR TYR
WARNING: ATOM HD2 NOT DEFINED FOR TYR
WARNING: ATOM H NOT DEFINED FOR GLY
WARNING: ATOM HA1 NOT DEFINED FOR GLY
WARNING: ATOM HA2 NOT DEFINED FOR GLY
WARNING: ATOM H NOT DEFINED FOR ALA
WARNING: ATOM HA NOT DEFINED FOR ALA
WARNING: ATOM HB1 NOT DEFINED FOR ALA
WARNING: ATOM HB2 NOT DEFINED FOR ALA
WARNING: ATOM HB3 NOT DEFINED FOR ALA
WARNING: ATOM H NOT DEFINED FOR SER
WARNING: ATOM HA NOT DEFINED FOR SER
WARNING: ATOM HB1 NOT DEFINED FOR SER
WARNING: ATOM HB2 NOT DEFINED FOR SER
WARNING: ATOM HG NOT DEFINED FOR SER
WARNING: ATOM H NOT DEFINED FOR THR
WARNING: ATOM HA NOT DEFINED FOR THR
WARNING: ATOM HB NOT DEFINED FOR THR
WARNING: ATOM HG21 NOT DEFINED FOR THR
WARNING: ATOM HG22 NOT DEFINED FOR THR
WARNING: ATOM HG23 NOT DEFINED FOR THR
WARNING: ATOM HG1 NOT DEFINED FOR THR
WARNING: ATOM H NOT DEFINED FOR LEU
WARNING: ATOM HA NOT DEFINED FOR LEU
WARNING: ATOM HB1 NOT DEFINED FOR LEU
WARNING: ATOM HB2 NOT DEFINED FOR LEU
WARNING: ATOM HG NOT DEFINED FOR LEU
WARNING: ATOM HD11 NOT DEFINED FOR LEU
WARNING: ATOM HD12 NOT DEFINED FOR LEU
WARNING: ATOM HD13 NOT DEFINED FOR LEU
WARNING: ATOM HD21 NOT DEFINED FOR LEU
WARNING: ATOM HD22 NOT DEFINED FOR LEU
WARNING: ATOM HD23 NOT DEFINED FOR LEU
WARNING: ATOM H NOT DEFINED FOR THR
WARNING: ATOM HA NOT DEFINED FOR THR
WARNING: ATOM HB NOT DEFINED FOR THR
WARNING: ATOM HG21 NOT DEFINED FOR THR
WARNING: ATOM HG22 NOT DEFINED FOR THR
WARNING: ATOM HG23 NOT DEFINED FOR THR
WARNING: ATOM HG1 NOT DEFINED FOR THR
WARNING: ATOM H NOT DEFINED FOR SER
WARNING: ATOM HA NOT DEFINED FOR SER
WARNING: ATOM HB1 NOT DEFINED FOR SER
WARNING: ATOM HB2 NOT DEFINED FOR SER
WARNING: ATOM HG NOT DEFINED FOR SER
WARNING: ATOM H NOT DEFINED FOR GLY
WARNING: ATOM HA1 NOT DEFINED FOR GLY
WARNING: ATOM HA2 NOT DEFINED FOR GLY
WARNING: ATOM H NOT DEFINED FOR VAL
WARNING: ATOM HA NOT DEFINED FOR VAL
WARNING: ATOM HB NOT DEFINED FOR VAL
WARNING: ATOM HG11 NOT DEFINED FOR VAL
WARNING: ATOM HG12 NOT DEFINED FOR VAL
WARNING: ATOM HG13 NOT DEFINED FOR VAL
WARNING: ATOM HG21 NOT DEFINED FOR VAL
WARNING: ATOM HG22 NOT DEFINED FOR VAL
WARNING: ATOM HG23 NOT DEFINED FOR VAL
WARNING: ATOM H NOT DEFINED FOR SER
WARNING: ATOM HA NOT DEFINED FOR SER
WARNING: ATOM HB1 NOT DEFINED FOR SER
WARNING: ATOM HB2 NOT DEFINED FOR SER
WARNING: ATOM HG NOT DEFINED FOR SER
WARNING: ATOM H NOT DEFINED FOR SER
WARNING: ATOM HA NOT DEFINED FOR SER
WARNING: ATOM HB1 NOT DEFINED FOR SER
WARNING: ATOM HB2 NOT DEFINED FOR SER
WARNING: ATOM HG NOT DEFINED FOR SER
WARNING: ATOM H NOT DEFINED FOR ARG
WARNING: ATOM HA NOT DEFINED FOR ARG
WARNING: ATOM HB1 NOT DEFINED FOR ARG
WARNING: ATOM HB2 NOT DEFINED FOR ARG
WARNING: ATOM HG1 NOT DEFINED FOR ARG
WARNING: ATOM HG2 NOT DEFINED FOR ARG
WARNING: ATOM HD1 NOT DEFINED FOR ARG
WARNING: ATOM HD2 NOT DEFINED FOR ARG
WARNING: ATOM HE NOT DEFINED FOR ARG
WARNING: ATOM HH11 NOT DEFINED FOR ARG
WARNING: ATOM HH12 NOT DEFINED FOR ARG
WARNING: ATOM HH21 NOT DEFINED FOR ARG
WARNING: ATOM HH22 NOT DEFINED FOR ARG
WARNING: ATOM H NOT DEFINED FOR PHE
WARNING: ATOM HA NOT DEFINED FOR PHE
WARNING: ATOM HB1 NOT DEFINED FOR PHE
WARNING: ATOM HB2 NOT DEFINED FOR PHE
WARNING: ATOM HD1 NOT DEFINED FOR PHE
WARNING: ATOM HE1 NOT DEFINED FOR PHE
WARNING: ATOM HZ NOT DEFINED FOR PHE
WARNING: ATOM HE2 NOT DEFINED FOR PHE
WARNING: ATOM HD2 NOT DEFINED FOR PHE
WARNING: ATOM H NOT DEFINED FOR LYS
WARNING: ATOM HA NOT DEFINED FOR LYS
WARNING: ATOM HB1 NOT DEFINED FOR LYS
WARNING: ATOM HB2 NOT DEFINED FOR LYS
WARNING: ATOM HG1 NOT DEFINED FOR LYS
WARNING: ATOM HG2 NOT DEFINED FOR LYS
WARNING: ATOM HD1 NOT DEFINED FOR LYS
WARNING: ATOM HD2 NOT DEFINED FOR LYS
WARNING: ATOM HE1 NOT DEFINED FOR LYS
WARNING: ATOM HE2 NOT DEFINED FOR LYS
WARNING: ATOM HZ1 NOT DEFINED FOR LYS
WARNING: ATOM HZ2 NOT DEFINED FOR LYS
WARNING: ATOM HZ3 NOT DEFINED FOR LYS
WARNING: ATOM H NOT DEFINED FOR GLY
WARNING: ATOM HA1 NOT DEFINED FOR GLY
WARNING: ATOM HA2 NOT DEFINED FOR GLY
WARNING: ATOM H NOT DEFINED FOR SER
WARNING: ATOM HA NOT DEFINED FOR SER
WARNING: ATOM HB1 NOT DEFINED FOR SER
WARNING: ATOM HB2 NOT DEFINED FOR SER
WARNING: ATOM HG NOT DEFINED FOR SER
WARNING: ATOM H NOT DEFINED FOR GLY
WARNING: ATOM HA1 NOT DEFINED FOR GLY
WARNING: ATOM HA2 NOT DEFINED FOR GLY
WARNING: ATOM H NOT DEFINED FOR SER
WARNING: ATOM HA NOT DEFINED FOR SER
WARNING: ATOM HB1 NOT DEFINED FOR SER
WARNING: ATOM HB2 NOT DEFINED FOR SER
WARNING: ATOM HG NOT DEFINED FOR SER
WARNING: ATOM H NOT DEFINED FOR GLY
WARNING: ATOM HA1 NOT DEFINED FOR GLY
WARNING: ATOM HA2 NOT DEFINED FOR GLY
WARNING: ATOM H NOT DEFINED FOR THR
WARNING: ATOM HA NOT DEFINED FOR THR
WARNING: ATOM HB NOT DEFINED FOR THR
WARNING: ATOM HG21 NOT DEFINED FOR THR
WARNING: ATOM HG22 NOT DEFINED FOR THR
WARNING: ATOM HG23 NOT DEFINED FOR THR
WARNING: ATOM HG1 NOT DEFINED FOR THR
WARNING: ATOM H NOT DEFINED FOR GLN
WARNING: ATOM HA NOT DEFINED FOR GLN
WARNING: ATOM HB1 NOT DEFINED FOR GLN
WARNING: ATOM HB2 NOT DEFINED FOR GLN
WARNING: ATOM HG1 NOT DEFINED FOR GLN
WARNING: ATOM HG2 NOT DEFINED FOR GLN
WARNING: ATOM HE21 NOT DEFINED FOR GLN
WARNING: ATOM HE22 NOT DEFINED FOR GLN
WARNING: ATOM H NOT DEFINED FOR PHE
WARNING: ATOM HA NOT DEFINED FOR PHE
WARNING: ATOM HB1 NOT DEFINED FOR PHE
WARNING: ATOM HB2 NOT DEFINED FOR PHE
WARNING: ATOM HD1 NOT DEFINED FOR PHE
WARNING: ATOM HE1 NOT DEFINED FOR PHE
WARNING: ATOM HZ NOT DEFINED FOR PHE
WARNING: ATOM HE2 NOT DEFINED FOR PHE
WARNING: ATOM HD2 NOT DEFINED FOR PHE
WARNING: ATOM H NOT DEFINED FOR THR
WARNING: ATOM HA NOT DEFINED FOR THR
WARNING: ATOM HB NOT DEFINED FOR THR
WARNING: ATOM HG21 NOT DEFINED FOR THR
WARNING: ATOM HG22 NOT DEFINED FOR THR
WARNING: ATOM HG23 NOT DEFINED FOR THR
WARNING: ATOM HG1 NOT DEFINED FOR THR
WARNING: ATOM H NOT DEFINED FOR LEU
WARNING: ATOM HA NOT DEFINED FOR LEU
WARNING: ATOM HB1 NOT DEFINED FOR LEU
WARNING: ATOM HB2 NOT DEFINED FOR LEU
WARNING: ATOM HG NOT DEFINED FOR LEU
WARNING: ATOM HD11 NOT DEFINED FOR LEU
WARNING: ATOM HD12 NOT DEFINED FOR LEU
WARNING: ATOM HD13 NOT DEFINED FOR LEU
WARNING: ATOM HD21 NOT DEFINED FOR LEU
WARNING: ATOM HD22 NOT DEFINED FOR LEU
WARNING: ATOM HD23 NOT DEFINED FOR LEU
WARNING: ATOM H NOT DEFINED FOR THR
WARNING: ATOM HA NOT DEFINED FOR THR
WARNING: ATOM HB NOT DEFINED FOR THR
WARNING: ATOM HG21 NOT DEFINED FOR THR
WARNING: ATOM HG22 NOT DEFINED FOR THR
WARNING: ATOM HG23 NOT DEFINED FOR THR
WARNING: ATOM HG1 NOT DEFINED FOR THR
WARNING: ATOM H NOT DEFINED FOR ILE
WARNING: ATOM HA NOT DEFINED FOR ILE
WARNING: ATOM HB NOT DEFINED FOR ILE
WARNING: ATOM HG21 NOT DEFINED FOR ILE
WARNING: ATOM HG22 NOT DEFINED FOR ILE
WARNING: ATOM HG23 NOT DEFINED FOR ILE
WARNING: ATOM HG11 NOT DEFINED FOR ILE
WARNING: ATOM HG12 NOT DEFINED FOR ILE
WARNING: ATOM HD1 NOT DEFINED FOR ILE
WARNING: ATOM HD2 NOT DEFINED FOR ILE
WARNING: ATOM HD3 NOT DEFINED FOR ILE
WARNING: ATOM H NOT DEFINED FOR SER
WARNING: ATOM HA NOT DEFINED FOR SER
WARNING: ATOM HB1 NOT DEFINED FOR SER
WARNING: ATOM HB2 NOT DEFINED FOR SER
WARNING: ATOM HG NOT DEFINED FOR SER
WARNING: ATOM H NOT DEFINED FOR ASP
WARNING: ATOM HA NOT DEFINED FOR ASP
WARNING: ATOM HB1 NOT DEFINED FOR ASP
WARNING: ATOM HB2 NOT DEFINED FOR ASP
WARNING: ATOM H NOT DEFINED FOR LEU
WARNING: ATOM HA NOT DEFINED FOR LEU
WARNING: ATOM HB1 NOT DEFINED FOR LEU
WARNING: ATOM HB2 NOT DEFINED FOR LEU
WARNING: ATOM HG NOT DEFINED FOR LEU
WARNING: ATOM HD11 NOT DEFINED FOR LEU
WARNING: ATOM HD12 NOT DEFINED FOR LEU
WARNING: ATOM HD13 NOT DEFINED FOR LEU
WARNING: ATOM HD21 NOT DEFINED FOR LEU
WARNING: ATOM HD22 NOT DEFINED FOR LEU
WARNING: ATOM HD23 NOT DEFINED FOR LEU
WARNING: ATOM H NOT DEFINED FOR GLU
WARNING: ATOM HA NOT DEFINED FOR GLU
WARNING: ATOM HB1 NOT DEFINED FOR GLU
WARNING: ATOM HB2 NOT DEFINED FOR GLU
WARNING: ATOM HG1 NOT DEFINED FOR GLU
WARNING: ATOM HG2 NOT DEFINED FOR GLU
WARNING: ATOM H NOT DEFINED FOR CYS
WARNING: ATOM HA NOT DEFINED FOR CYS
WARNING: ATOM HB1 NOT DEFINED FOR CYS
WARNING: ATOM HB2 NOT DEFINED FOR CYS
WARNING: ATOM HG NOT DEFINED FOR CYS
WARNING: ATOM H NOT DEFINED FOR ASP
WARNING: ATOM HA NOT DEFINED FOR ASP
WARNING: ATOM HB1 NOT DEFINED FOR ASP
WARNING: ATOM HB2 NOT DEFINED FOR ASP
WARNING: ATOM H NOT DEFINED FOR ASP
WARNING: ATOM HA NOT DEFINED FOR ASP
WARNING: ATOM HB1 NOT DEFINED FOR ASP
WARNING: ATOM HB2 NOT DEFINED FOR ASP
WARNING: ATOM H NOT DEFINED FOR ALA
WARNING: ATOM HA NOT DEFINED FOR ALA
WARNING: ATOM HB1 NOT DEFINED FOR ALA
WARNING: ATOM HB2 NOT DEFINED FOR ALA
WARNING: ATOM HB3 NOT DEFINED FOR ALA
WARNING: ATOM H NOT DEFINED FOR ALA
WARNING: ATOM HA NOT DEFINED FOR ALA
WARNING: ATOM HB1 NOT DEFINED FOR ALA
WARNING: ATOM HB2 NOT DEFINED FOR ALA
WARNING: ATOM HB3 NOT DEFINED FOR ALA
WARNING: ATOM H NOT DEFINED FOR THR
WARNING: ATOM HA NOT DEFINED FOR THR
WARNING: ATOM HB NOT DEFINED FOR THR
WARNING: ATOM HG21 NOT DEFINED FOR THR
WARNING: ATOM HG22 NOT DEFINED FOR THR
WARNING: ATOM HG23 NOT DEFINED FOR THR
WARNING: ATOM HG1 NOT DEFINED FOR THR
WARNING: ATOM H NOT DEFINED FOR TYR
WARNING: ATOM HA NOT DEFINED FOR TYR
WARNING: ATOM HB1 NOT DEFINED FOR TYR
WARNING: ATOM HB2 NOT DEFINED FOR TYR
WARNING: ATOM HD1 NOT DEFINED FOR TYR
WARNING: ATOM HE1 NOT DEFINED FOR TYR
WARNING: ATOM HH NOT DEFINED FOR TYR
WARNING: ATOM HE2 NOT DEFINED FOR TYR
WARNING: ATOM HD2 NOT DEFINED FOR TYR
WARNING: ATOM H NOT DEFINED FOR TYR
WARNING: ATOM HA NOT DEFINED FOR TYR
WARNING: ATOM HB1 NOT DEFINED FOR TYR
WARNING: ATOM HB2 NOT DEFINED FOR TYR
WARNING: ATOM HD1 NOT DEFINED FOR TYR
WARNING: ATOM HE1 NOT DEFINED FOR TYR
WARNING: ATOM HH NOT DEFINED FOR TYR
WARNING: ATOM HE2 NOT DEFINED FOR TYR
WARNING: ATOM HD2 NOT DEFINED FOR TYR
WARNING: ATOM H NOT DEFINED FOR CYS
WARNING: ATOM HA NOT DEFINED FOR CYS
WARNING: ATOM HB1 NOT DEFINED FOR CYS
WARNING: ATOM HB2 NOT DEFINED FOR CYS
WARNING: ATOM H NOT DEFINED FOR ALA
WARNING: ATOM HA NOT DEFINED FOR ALA
WARNING: ATOM HB1 NOT DEFINED FOR ALA
WARNING: ATOM HB2 NOT DEFINED FOR ALA
WARNING: ATOM HB3 NOT DEFINED FOR ALA
WARNING: ATOM H NOT DEFINED FOR GLY
WARNING: ATOM HA1 NOT DEFINED FOR GLY
WARNING: ATOM HA2 NOT DEFINED FOR GLY
WARNING: ATOM H NOT DEFINED FOR ALA
WARNING: ATOM HA NOT DEFINED FOR ALA
WARNING: ATOM HB1 NOT DEFINED FOR ALA
WARNING: ATOM HB2 NOT DEFINED FOR ALA
WARNING: ATOM HB3 NOT DEFINED FOR ALA
WARNING: ATOM H NOT DEFINED FOR PHE
WARNING: ATOM HA NOT DEFINED FOR PHE
WARNING: ATOM HB1 NOT DEFINED FOR PHE
WARNING: ATOM HB2 NOT DEFINED FOR PHE
WARNING: ATOM HD1 NOT DEFINED FOR PHE
WARNING: ATOM HE1 NOT DEFINED FOR PHE
WARNING: ATOM HZ NOT DEFINED FOR PHE
WARNING: ATOM HE2 NOT DEFINED FOR PHE
WARNING: ATOM HD2 NOT DEFINED FOR PHE
WARNING: ATOM H NOT DEFINED FOR ASN
WARNING: ATOM HA NOT DEFINED FOR ASN
WARNING: ATOM HB1 NOT DEFINED FOR ASN
WARNING: ATOM HB2 NOT DEFINED FOR ASN
WARNING: ATOM HD21 NOT DEFINED FOR ASN
WARNING: ATOM HD22 NOT DEFINED FOR ASN
WARNING: ATOM H NOT DEFINED FOR TYR
WARNING: ATOM HA NOT DEFINED FOR TYR
WARNING: ATOM HB1 NOT DEFINED FOR TYR
WARNING: ATOM HB2 NOT DEFINED FOR TYR
WARNING: ATOM HD1 NOT DEFINED FOR TYR
WARNING: ATOM HE1 NOT DEFINED FOR TYR
WARNING: ATOM HH NOT DEFINED FOR TYR
WARNING: ATOM HE2 NOT DEFINED FOR TYR
WARNING: ATOM HD2 NOT DEFINED FOR TYR
WARNING: ATOM H NOT DEFINED FOR TRP
WARNING: ATOM HA NOT DEFINED FOR TRP
WARNING: ATOM HB1 NOT DEFINED FOR TRP
WARNING: ATOM HB2 NOT DEFINED FOR TRP
WARNING: ATOM HD1 NOT DEFINED FOR TRP
WARNING: ATOM HE1 NOT DEFINED FOR TRP
WARNING: ATOM HZ2 NOT DEFINED FOR TRP
WARNING: ATOM HH2 NOT DEFINED FOR TRP
WARNING: ATOM HZ3 NOT DEFINED FOR TRP
WARNING: ATOM HE3 NOT DEFINED FOR TRP
WARNING: ATOM H NOT DEFINED FOR ILE
WARNING: ATOM HA NOT DEFINED FOR ILE
WARNING: ATOM HB NOT DEFINED FOR ILE
WARNING: ATOM HG21 NOT DEFINED FOR ILE
WARNING: ATOM HG22 NOT DEFINED FOR ILE
WARNING: ATOM HG23 NOT DEFINED FOR ILE
WARNING: ATOM HG11 NOT DEFINED FOR ILE
WARNING: ATOM HG12 NOT DEFINED FOR ILE
WARNING: ATOM HD1 NOT DEFINED FOR ILE
WARNING: ATOM HD2 NOT DEFINED FOR ILE
WARNING: ATOM HD3 NOT DEFINED FOR ILE
WARNING: ATOM H NOT DEFINED FOR ASN
WARNING: ATOM HA NOT DEFINED FOR ASN
WARNING: ATOM HB1 NOT DEFINED FOR ASN
WARNING: ATOM HB2 NOT DEFINED FOR ASN
WARNING: ATOM HD21 NOT DEFINED FOR ASN
WARNING: ATOM HD22 NOT DEFINED FOR ASN
WARNING: ATOM H NOT DEFINED FOR ILE
WARNING: ATOM HA NOT DEFINED FOR ILE
WARNING: ATOM HB NOT DEFINED FOR ILE
WARNING: ATOM HG21 NOT DEFINED FOR ILE
WARNING: ATOM HG22 NOT DEFINED FOR ILE
WARNING: ATOM HG23 NOT DEFINED FOR ILE
WARNING: ATOM HG11 NOT DEFINED FOR ILE
WARNING: ATOM HG12 NOT DEFINED FOR ILE
WARNING: ATOM HD1 NOT DEFINED FOR ILE
WARNING: ATOM HD2 NOT DEFINED FOR ILE
WARNING: ATOM HD3 NOT DEFINED FOR ILE
WARNING: ATOM H NOT DEFINED FOR PHE
WARNING: ATOM HA NOT DEFINED FOR PHE
WARNING: ATOM HB1 NOT DEFINED FOR PHE
WARNING: ATOM HB2 NOT DEFINED FOR PHE
WARNING: ATOM HD1 NOT DEFINED FOR PHE
WARNING: ATOM HE1 NOT DEFINED FOR PHE
WARNING: ATOM HZ NOT DEFINED FOR PHE
WARNING: ATOM HE2 NOT DEFINED FOR PHE
WARNING: ATOM HD2 NOT DEFINED FOR PHE
WARNING: ATOM H NOT DEFINED FOR GLY
WARNING: ATOM HA1 NOT DEFINED FOR GLY
WARNING: ATOM HA2 NOT DEFINED FOR GLY
WARNING: ATOM H NOT DEFINED FOR GLY
WARNING: ATOM HA1 NOT DEFINED FOR GLY
WARNING: ATOM HA2 NOT DEFINED FOR GLY
WARNING: ATOM H NOT DEFINED FOR GLY
WARNING: ATOM HA1 NOT DEFINED FOR GLY
WARNING: ATOM HA2 NOT DEFINED FOR GLY
WARNING: ATOM H NOT DEFINED FOR THR
WARNING: ATOM HA NOT DEFINED FOR THR
WARNING: ATOM HB NOT DEFINED FOR THR
WARNING: ATOM HG21 NOT DEFINED FOR THR
WARNING: ATOM HG22 NOT DEFINED FOR THR
WARNING: ATOM HG23 NOT DEFINED FOR THR
WARNING: ATOM HG1 NOT DEFINED FOR THR
WARNING: ATOM H NOT DEFINED FOR GLU
WARNING: ATOM HA NOT DEFINED FOR GLU
WARNING: ATOM HB1 NOT DEFINED FOR GLU
WARNING: ATOM HB2 NOT DEFINED FOR GLU
WARNING: ATOM HG1 NOT DEFINED FOR GLU
WARNING: ATOM HG2 NOT DEFINED FOR GLU
WARNING: ATOM H NOT DEFINED FOR VAL
WARNING: ATOM HA NOT DEFINED FOR VAL
WARNING: ATOM HB NOT DEFINED FOR VAL
WARNING: ATOM HG11 NOT DEFINED FOR VAL
WARNING: ATOM HG12 NOT DEFINED FOR VAL
WARNING: ATOM HG13 NOT DEFINED FOR VAL
WARNING: ATOM HG21 NOT DEFINED FOR VAL
WARNING: ATOM HG22 NOT DEFINED FOR VAL
WARNING: ATOM HG23 NOT DEFINED FOR VAL
WARNING: ATOM H NOT DEFINED FOR VAL
WARNING: ATOM HA NOT DEFINED FOR VAL
WARNING: ATOM HB NOT DEFINED FOR VAL
WARNING: ATOM HG11 NOT DEFINED FOR VAL
WARNING: ATOM HG12 NOT DEFINED FOR VAL
WARNING: ATOM HG13 NOT DEFINED FOR VAL
WARNING: ATOM HG21 NOT DEFINED FOR VAL
WARNING: ATOM HG22 NOT DEFINED FOR VAL
WARNING: ATOM HG23 NOT DEFINED FOR VAL
WARNING: ATOM H NOT DEFINED FOR VAL
WARNING: ATOM HA NOT DEFINED FOR VAL
WARNING: ATOM HB NOT DEFINED FOR VAL
WARNING: ATOM HG11 NOT DEFINED FOR VAL
WARNING: ATOM HG12 NOT DEFINED FOR VAL
WARNING: ATOM HG13 NOT DEFINED FOR VAL
WARNING: ATOM HG21 NOT DEFINED FOR VAL
WARNING: ATOM HG22 NOT DEFINED FOR VAL
WARNING: ATOM HG23 NOT DEFINED FOR VAL
WARNING: ATOM H NOT DEFINED FOR LYS
WARNING: ATOM HA NOT DEFINED FOR LYS
WARNING: ATOM HB1 NOT DEFINED FOR LYS
WARNING: ATOM HB2 NOT DEFINED FOR LYS
WARNING: ATOM HG1 NOT DEFINED FOR LYS
WARNING: ATOM HG2 NOT DEFINED FOR LYS
WARNING: ATOM HD1 NOT DEFINED FOR LYS
WARNING: ATOM HD2 NOT DEFINED FOR LYS
WARNING: ATOM HE1 NOT DEFINED FOR LYS
WARNING: ATOM HE2 NOT DEFINED FOR LYS
WARNING: ATOM HZ1 NOT DEFINED FOR LYS
WARNING: ATOM HZ2 NOT DEFINED FOR LYS
WARNING: ATOM HZ3 NOT DEFINED FOR LYS
$ /Users/nf477/anaconda3/envs/nrgsuite/bin/python /Users/nf477/Projects_Natalia/GROMACS/gromacs_ab_ligand_toolkit/ab_ligand_md_8complexes/Surfaces/surface_cont_lig.py -f /Users/nf477/Projects_Natalia/GROMACS/gromacs_ab_ligand_toolkit/ab_ligand_md_8complexes/computational_DMS_top_occupancy_poses/1G10__ddhCTP/top_pose/clean_1G10_ddhCTP_P001_WT_top_pose.pdb -c HL -lig MOL -o /Users/nf477/Projects_Natalia/GROMACS/gromacs_ab_ligand_toolkit/ab_ligand_md_8complexes/computational_DMS_top_occupancy_poses/1G10__ddhCTP/surfaces/WT_unmodified_top_pose_output.csv -def /Users/nf477/Projects_Natalia/GROMACS/gromacs_ab_ligand_toolkit/ab_ligand_md_8complexes/computational_DMS_top_occupancy_poses/1G10__ddhCTP/surfaces_definition/custom_MOL_AMINO_FlexAID.def -dat /Users/nf477/Projects_Natalia/GROMACS/gromacs_ab_ligand_toolkit/ab_ligand_md_8complexes/Surfaces/FlexAID.dat

$ /Users/nf477/anaconda3/envs/nrgsuite/bin/python /Users/nf477/Projects_Natalia/GROMACS/gromacs_ab_ligand_toolkit/ab_ligand_md_8complexes/Surfaces/clean_structure.py -f 1G10_ddhCTP_P001_RH9A.pdb -def /Users/nf477/Projects_Natalia/GROMACS/gromacs_ab_ligand_toolkit/ab_ligand_md_8complexes/computational_DMS_top_occupancy_poses/1G10__ddhCTP/surfaces_definition/custom_MOL_AMINO_FlexAID.def

$ /Users/nf477/anaconda3/envs/nrgsuite/bin/python /Users/nf477/Projects_Natalia/GROMACS/gromacs_ab_ligand_toolkit/ab_ligand_md_8complexes/Surfaces/surface_cont_lig.py -f /Users/nf477/Projects_Natalia/GROMACS/gromacs_ab_ligand_toolkit/ab_ligand_md_8complexes/computational_DMS_top_occupancy_poses/1G10__ddhCTP/mutants/clean_1G10_ddhCTP_P001_RH9A.pdb -c HL -lig MOL -o /Users/nf477/Projects_Natalia/GROMACS/gromacs_ab_ligand_toolkit/ab_ligand_md_8complexes/computational_DMS_top_occupancy_poses/1G10__ddhCTP/surfaces/RH9A_output.csv -def /Users/nf477/Projects_Natalia/GROMACS/gromacs_ab_ligand_toolkit/ab_ligand_md_8complexes/computational_DMS_top_occupancy_poses/1G10__ddhCTP/surfaces_definition/custom_MOL_AMINO_FlexAID.def -dat /Users/nf477/Projects_Natalia/GROMACS/gromacs_ab_ligand_toolkit/ab_ligand_md_8complexes/Surfaces/FlexAID.dat

$ /Users/nf477/anaconda3/envs/nrgsuite/bin/python /Users/nf477/Projects_Natalia/GROMACS/gromacs_ab_ligand_toolkit/ab_ligand_md_8complexes/Surfaces/clean_structure.py -f 1G10_ddhCTP_P001_RH9C.pdb -def /Users/nf477/Projects_Natalia/GROMACS/gromacs_ab_ligand_toolkit/ab_ligand_md_8complexes/computational_DMS_top_occupancy_poses/1G10__ddhCTP/surfaces_definition/custom_MOL_AMINO_FlexAID.def

$ /Users/nf477/anaconda3/envs/nrgsuite/bin/python /Users/nf477/Projects_Natalia/GROMACS/gromacs_ab_ligand_toolkit/ab_ligand_md_8complexes/Surfaces/surface_cont_lig.py -f /Users/nf477/Projects_Natalia/GROMACS/gromacs_ab_ligand_toolkit/ab_ligand_md_8complexes/computational_DMS_top_occupancy_poses/1G10__ddhCTP/mutants/clean_1G10_ddhCTP_P001_RH9C.pdb -c HL -lig MOL -o /Users/nf477/Projects_Natalia/GROMACS/gromacs_ab_ligand_toolkit/ab_ligand_md_8complexes/computational_DMS_top_occupancy_poses/1G10__ddhCTP/surfaces/RH9C_output.csv -def /Users/nf477/Projects_Natalia/GROMACS/gromacs_ab_ligand_toolkit/ab_ligand_md_8complexes/computational_DMS_top_occupancy_poses/1G10__ddhCTP/surfaces_definition/custom_MOL_AMINO_FlexAID.def -dat /Users/nf477/Projects_Natalia/GROMACS/gromacs_ab_ligand_toolkit/ab_ligand_md_8complexes/Surfaces/FlexAID.dat

$ /Users/nf477/anaconda3/envs/nrgsuite/bin/python /Users/nf477/Projects_Natalia/GROMACS/gromacs_ab_ligand_toolkit/ab_ligand_md_8complexes/Surfaces/clean_structure.py -f 1G10_ddhCTP_P001_RH9D.pdb -def /Users/nf477/Projects_Natalia/GROMACS/gromacs_ab_ligand_toolkit/ab_ligand_md_8complexes/computational_DMS_top_occupancy_poses/1G10__ddhCTP/surfaces_definition/custom_MOL_AMINO_FlexAID.def

$ /Users/nf477/anaconda3/envs/nrgsuite/bin/python /Users/nf477/Projects_Natalia/GROMACS/gromacs_ab_ligand_toolkit/ab_ligand_md_8complexes/Surfaces/surface_cont_lig.py -f /Users/nf477/Projects_Natalia/GROMACS/gromacs_ab_ligand_toolkit/ab_ligand_md_8complexes/computational_DMS_top_occupancy_poses/1G10__ddhCTP/mutants/clean_1G10_ddhCTP_P001_RH9D.pdb -c HL -lig MOL -o /Users/nf477/Projects_Natalia/GROMACS/gromacs_ab_ligand_toolkit/ab_ligand_md_8complexes/computational_DMS_top_occupancy_poses/1G10__ddhCTP/surfaces/RH9D_output.csv -def /Users/nf477/Projects_Natalia/GROMACS/gromacs_ab_ligand_toolkit/ab_ligand_md_8complexes/computational_DMS_top_occupancy_poses/1G10__ddhCTP/surfaces_definition/custom_MOL_AMINO_FlexAID.def -dat /Users/nf477/Projects_Natalia/GROMACS/gromacs_ab_ligand_toolkit/ab_ligand_md_8complexes/Surfaces/FlexAID.dat

$ /Users/nf477/anaconda3/envs/nrgsuite/bin/python /Users/nf477/Projects_Natalia/GROMACS/gromacs_ab_ligand_toolkit/ab_ligand_md_8complexes/Surfaces/clean_structure.py -f 1G10_ddhCTP_P001_RH9E.pdb -def /Users/nf477/Projects_Natalia/GROMACS/gromacs_ab_ligand_toolkit/ab_ligand_md_8complexes/computational_DMS_top_occupancy_poses/1G10__ddhCTP/surfaces_definition/custom_MOL_AMINO_FlexAID.def

$ /Users/nf477/anaconda3/envs/nrgsuite/bin/python /Users/nf477/Projects_Natalia/GROMACS/gromacs_ab_ligand_toolkit/ab_ligand_md_8complexes/Surfaces/surface_cont_lig.py -f /Users/nf477/Projects_Natalia/GROMACS/gromacs_ab_ligand_toolkit/ab_ligand_md_8complexes/computational_DMS_top_occupancy_poses/1G10__ddhCTP/mutants/clean_1G10_ddhCTP_P001_RH9E.pdb -c HL -lig MOL -o /Users/nf477/Projects_Natalia/GROMACS/gromacs_ab_ligand_toolkit/ab_ligand_md_8complexes/computational_DMS_top_occupancy_poses/1G10__ddhCTP/surfaces/RH9E_output.csv -def /Users/nf477/Projects_Natalia/GROMACS/gromacs_ab_ligand_toolkit/ab_ligand_md_8complexes/computational_DMS_top_occupancy_poses/1G10__ddhCTP/surfaces_definition/custom_MOL_AMINO_FlexAID.def -dat /Users/nf477/Projects_Natalia/GROMACS/gromacs_ab_ligand_toolkit/ab_ligand_md_8complexes/Surfaces/FlexAID.dat

$ /Users/nf477/anaconda3/envs/nrgsuite/bin/python /Users/nf477/Projects_Natalia/GROMACS/gromacs_ab_ligand_toolkit/ab_ligand_md_8complexes/Surfaces/clean_structure.py -f 1G10_ddhCTP_P001_RH9F.pdb -def /Users/nf477/Projects_Natalia/GROMACS/gromacs_ab_ligand_toolkit/ab_ligand_md_8complexes/computational_DMS_top_occupancy_poses/1G10__ddhCTP/surfaces_definition/custom_MOL_AMINO_FlexAID.def

$ /Users/nf477/anaconda3/envs/nrgsuite/bin/python /Users/nf477/Projects_Natalia/GROMACS/gromacs_ab_ligand_toolkit/ab_ligand_md_8complexes/Surfaces/surface_cont_lig.py -f /Users/nf477/Projects_Natalia/GROMACS/gromacs_ab_ligand_toolkit/ab_ligand_md_8complexes/computational_DMS_top_occupancy_poses/1G10__ddhCTP/mutants/clean_1G10_ddhCTP_P001_RH9F.pdb -c HL -lig MOL -o /Users/nf477/Projects_Natalia/GROMACS/gromacs_ab_ligand_toolkit/ab_ligand_md_8complexes/computational_DMS_top_occupancy_poses/1G10__ddhCTP/surfaces/RH9F_output.csv -def /Users/nf477/Projects_Natalia/GROMACS/gromacs_ab_ligand_toolkit/ab_ligand_md_8complexes/computational_DMS_top_occupancy_poses/1G10__ddhCTP/surfaces_definition/custom_MOL_AMINO_FlexAID.def -dat /Users/nf477/Projects_Natalia/GROMACS/gromacs_ab_ligand_toolkit/ab_ligand_md_8complexes/Surfaces/FlexAID.dat

$ /Users/nf477/anaconda3/envs/nrgsuite/bin/python /Users/nf477/Projects_Natalia/GROMACS/gromacs_ab_ligand_toolkit/ab_ligand_md_8complexes/Surfaces/clean_structure.py -f 1G10_ddhCTP_P001_RH9G.pdb -def /Users/nf477/Projects_Natalia/GROMACS/gromacs_ab_ligand_toolkit/ab_ligand_md_8complexes/computational_DMS_top_occupancy_poses/1G10__ddhCTP/surfaces_definition/custom_MOL_AMINO_FlexAID.def

$ /Users/nf477/anaconda3/envs/nrgsuite/bin/python /Users/nf477/Projects_Natalia/GROMACS/gromacs_ab_ligand_toolkit/ab_ligand_md_8complexes/Surfaces/surface_cont_lig.py -f /Users/nf477/Projects_Natalia/GROMACS/gromacs_ab_ligand_toolkit/ab_ligand_md_8complexes/computational_DMS_top_occupancy_poses/1G10__ddhCTP/mutants/clean_1G10_ddhCTP_P001_RH9G.pdb -c HL -lig MOL -o /Users/nf477/Projects_Natalia/GROMACS/gromacs_ab_ligand_toolkit/ab_ligand_md_8complexes/computational_DMS_top_occupancy_poses/1G10__ddhCTP/surfaces/RH9G_output.csv -def /Users/nf477/Projects_Natalia/GROMACS/gromacs_ab_ligand_toolkit/ab_ligand_md_8complexes/computational_DMS_top_occupancy_poses/1G10__ddhCTP/surfaces_definition/custom_MOL_AMINO_FlexAID.def -dat /Users/nf477/Projects_Natalia/GROMACS/gromacs_ab_ligand_toolkit/ab_ligand_md_8complexes/Surfaces/FlexAID.dat

$ /Users/nf477/anaconda3/envs/nrgsuite/bin/python /Users/nf477/Projects_Natalia/GROMACS/gromacs_ab_ligand_toolkit/ab_ligand_md_8complexes/Surfaces/clean_structure.py -f 1G10_ddhCTP_P001_RH9H.pdb -def /Users/nf477/Projects_Natalia/GROMACS/gromacs_ab_ligand_toolkit/ab_ligand_md_8complexes/computational_DMS_top_occupancy_poses/1G10__ddhCTP/surfaces_definition/custom_MOL_AMINO_FlexAID.def

$ /Users/nf477/anaconda3/envs/nrgsuite/bin/python /Users/nf477/Projects_Natalia/GROMACS/gromacs_ab_ligand_toolkit/ab_ligand_md_8complexes/Surfaces/surface_cont_lig.py -f /Users/nf477/Projects_Natalia/GROMACS/gromacs_ab_ligand_toolkit/ab_ligand_md_8complexes/computational_DMS_top_occupancy_poses/1G10__ddhCTP/mutants/clean_1G10_ddhCTP_P001_RH9H.pdb -c HL -lig MOL -o /Users/nf477/Projects_Natalia/GROMACS/gromacs_ab_ligand_toolkit/ab_ligand_md_8complexes/computational_DMS_top_occupancy_poses/1G10__ddhCTP/surfaces/RH9H_output.csv -def /Users/nf477/Projects_Natalia/GROMACS/gromacs_ab_ligand_toolkit/ab_ligand_md_8complexes/computational_DMS_top_occupancy_poses/1G10__ddhCTP/surfaces_definition/custom_MOL_AMINO_FlexAID.def -dat /Users/nf477/Projects_Natalia/GROMACS/gromacs_ab_ligand_toolkit/ab_ligand_md_8complexes/Surfaces/FlexAID.dat

$ /Users/nf477/anaconda3/envs/nrgsuite/bin/python /Users/nf477/Projects_Natalia/GROMACS/gromacs_ab_ligand_toolkit/ab_ligand_md_8complexes/Surfaces/clean_structure.py -f 1G10_ddhCTP_P001_RH9I.pdb -def /Users/nf477/Projects_Natalia/GROMACS/gromacs_ab_ligand_toolkit/ab_ligand_md_8complexes/computational_DMS_top_occupancy_poses/1G10__ddhCTP/surfaces_definition/custom_MOL_AMINO_FlexAID.def

$ /Users/nf477/anaconda3/envs/nrgsuite/bin/python /Users/nf477/Projects_Natalia/GROMACS/gromacs_ab_ligand_toolkit/ab_ligand_md_8complexes/Surfaces/surface_cont_lig.py -f /Users/nf477/Projects_Natalia/GROMACS/gromacs_ab_ligand_toolkit/ab_ligand_md_8complexes/computational_DMS_top_occupancy_poses/1G10__ddhCTP/mutants/clean_1G10_ddhCTP_P001_RH9I.pdb -c HL -lig MOL -o /Users/nf477/Projects_Natalia/GROMACS/gromacs_ab_ligand_toolkit/ab_ligand_md_8complexes/computational_DMS_top_occupancy_poses/1G10__ddhCTP/surfaces/RH9I_output.csv -def /Users/nf477/Projects_Natalia/GROMACS/gromacs_ab_ligand_toolkit/ab_ligand_md_8complexes/computational_DMS_top_occupancy_poses/1G10__ddhCTP/surfaces_definition/custom_MOL_AMINO_FlexAID.def -dat /Users/nf477/Projects_Natalia/GROMACS/gromacs_ab_ligand_toolkit/ab_ligand_md_8complexes/Surfaces/FlexAID.dat

$ /Users/nf477/anaconda3/envs/nrgsuite/bin/python /Users/nf477/Projects_Natalia/GROMACS/gromacs_ab_ligand_toolkit/ab_ligand_md_8complexes/Surfaces/clean_structure.py -f 1G10_ddhCTP_P001_RH9K.pdb -def /Users/nf477/Projects_Natalia/GROMACS/gromacs_ab_ligand_toolkit/ab_ligand_md_8complexes/computational_DMS_top_occupancy_poses/1G10__ddhCTP/surfaces_definition/custom_MOL_AMINO_FlexAID.def

$ /Users/nf477/anaconda3/envs/nrgsuite/bin/python /Users/nf477/Projects_Natalia/GROMACS/gromacs_ab_ligand_toolkit/ab_ligand_md_8complexes/Surfaces/surface_cont_lig.py -f /Users/nf477/Projects_Natalia/GROMACS/gromacs_ab_ligand_toolkit/ab_ligand_md_8complexes/computational_DMS_top_occupancy_poses/1G10__ddhCTP/mutants/clean_1G10_ddhCTP_P001_RH9K.pdb -c HL -lig MOL -o /Users/nf477/Projects_Natalia/GROMACS/gromacs_ab_ligand_toolkit/ab_ligand_md_8complexes/computational_DMS_top_occupancy_poses/1G10__ddhCTP/surfaces/RH9K_output.csv -def /Users/nf477/Projects_Natalia/GROMACS/gromacs_ab_ligand_toolkit/ab_ligand_md_8complexes/computational_DMS_top_occupancy_poses/1G10__ddhCTP/surfaces_definition/custom_MOL_AMINO_FlexAID.def -dat /Users/nf477/Projects_Natalia/GROMACS/gromacs_ab_ligand_toolkit/ab_ligand_md_8complexes/Surfaces/FlexAID.dat

$ /Users/nf477/anaconda3/envs/nrgsuite/bin/python /Users/nf477/Projects_Natalia/GROMACS/gromacs_ab_ligand_toolkit/ab_ligand_md_8complexes/Surfaces/clean_structure.py -f 1G10_ddhCTP_P001_RH9L.pdb -def /Users/nf477/Projects_Natalia/GROMACS/gromacs_ab_ligand_toolkit/ab_ligand_md_8complexes/computational_DMS_top_occupancy_poses/1G10__ddhCTP/surfaces_definition/custom_MOL_AMINO_FlexAID.def

$ /Users/nf477/anaconda3/envs/nrgsuite/bin/python /Users/nf477/Projects_Natalia/GROMACS/gromacs_ab_ligand_toolkit/ab_ligand_md_8complexes/Surfaces/surface_cont_lig.py -f /Users/nf477/Projects_Natalia/GROMACS/gromacs_ab_ligand_toolkit/ab_ligand_md_8complexes/computational_DMS_top_occupancy_poses/1G10__ddhCTP/mutants/clean_1G10_ddhCTP_P001_RH9L.pdb -c HL -lig MOL -o /Users/nf477/Projects_Natalia/GROMACS/gromacs_ab_ligand_toolkit/ab_ligand_md_8complexes/computational_DMS_top_occupancy_poses/1G10__ddhCTP/surfaces/RH9L_output.csv -def /Users/nf477/Projects_Natalia/GROMACS/gromacs_ab_ligand_toolkit/ab_ligand_md_8complexes/computational_DMS_top_occupancy_poses/1G10__ddhCTP/surfaces_definition/custom_MOL_AMINO_FlexAID.def -dat /Users/nf477/Projects_Natalia/GROMACS/gromacs_ab_ligand_toolkit/ab_ligand_md_8complexes/Surfaces/FlexAID.dat

$ /Users/nf477/anaconda3/envs/nrgsuite/bin/python /Users/nf477/Projects_Natalia/GROMACS/gromacs_ab_ligand_toolkit/ab_ligand_md_8complexes/Surfaces/clean_structure.py -f 1G10_ddhCTP_P001_RH9M.pdb -def /Users/nf477/Projects_Natalia/GROMACS/gromacs_ab_ligand_toolkit/ab_ligand_md_8complexes/computational_DMS_top_occupancy_poses/1G10__ddhCTP/surfaces_definition/custom_MOL_AMINO_FlexAID.def

$ /Users/nf477/anaconda3/envs/nrgsuite/bin/python /Users/nf477/Projects_Natalia/GROMACS/gromacs_ab_ligand_toolkit/ab_ligand_md_8complexes/Surfaces/surface_cont_lig.py -f /Users/nf477/Projects_Natalia/GROMACS/gromacs_ab_ligand_toolkit/ab_ligand_md_8complexes/computational_DMS_top_occupancy_poses/1G10__ddhCTP/mutants/clean_1G10_ddhCTP_P001_RH9M.pdb -c HL -lig MOL -o /Users/nf477/Projects_Natalia/GROMACS/gromacs_ab_ligand_toolkit/ab_ligand_md_8complexes/computational_DMS_top_occupancy_poses/1G10__ddhCTP/surfaces/RH9M_output.csv -def /Users/nf477/Projects_Natalia/GROMACS/gromacs_ab_ligand_toolkit/ab_ligand_md_8complexes/computational_DMS_top_occupancy_poses/1G10__ddhCTP/surfaces_definition/custom_MOL_AMINO_FlexAID.def -dat /Users/nf477/Projects_Natalia/GROMACS/gromacs_ab_ligand_toolkit/ab_ligand_md_8complexes/Surfaces/FlexAID.dat

$ /Users/nf477/anaconda3/envs/nrgsuite/bin/python /Users/nf477/Projects_Natalia/GROMACS/gromacs_ab_ligand_toolkit/ab_ligand_md_8complexes/Surfaces/clean_structure.py -f 1G10_ddhCTP_P001_RH9N.pdb -def /Users/nf477/Projects_Natalia/GROMACS/gromacs_ab_ligand_toolkit/ab_ligand_md_8complexes/computational_DMS_top_occupancy_poses/1G10__ddhCTP/surfaces_definition/custom_MOL_AMINO_FlexAID.def

$ /Users/nf477/anaconda3/envs/nrgsuite/bin/python /Users/nf477/Projects_Natalia/GROMACS/gromacs_ab_ligand_toolkit/ab_ligand_md_8complexes/Surfaces/surface_cont_lig.py -f /Users/nf477/Projects_Natalia/GROMACS/gromacs_ab_ligand_toolkit/ab_ligand_md_8complexes/computational_DMS_top_occupancy_poses/1G10__ddhCTP/mutants/clean_1G10_ddhCTP_P001_RH9N.pdb -c HL -lig MOL -o /Users/nf477/Projects_Natalia/GROMACS/gromacs_ab_ligand_toolkit/ab_ligand_md_8complexes/computational_DMS_top_occupancy_poses/1G10__ddhCTP/surfaces/RH9N_output.csv -def /Users/nf477/Projects_Natalia/GROMACS/gromacs_ab_ligand_toolkit/ab_ligand_md_8complexes/computational_DMS_top_occupancy_poses/1G10__ddhCTP/surfaces_definition/custom_MOL_AMINO_FlexAID.def -dat /Users/nf477/Projects_Natalia/GROMACS/gromacs_ab_ligand_toolkit/ab_ligand_md_8complexes/Surfaces/FlexAID.dat

$ /Users/nf477/anaconda3/envs/nrgsuite/bin/python /Users/nf477/Projects_Natalia/GROMACS/gromacs_ab_ligand_toolkit/ab_ligand_md_8complexes/Surfaces/clean_structure.py -f 1G10_ddhCTP_P001_RH9P.pdb -def /Users/nf477/Projects_Natalia/GROMACS/gromacs_ab_ligand_toolkit/ab_ligand_md_8complexes/computational_DMS_top_occupancy_poses/1G10__ddhCTP/surfaces_definition/custom_MOL_AMINO_FlexAID.def

$ /Users/nf477/anaconda3/envs/nrgsuite/bin/python /Users/nf477/Projects_Natalia/GROMACS/gromacs_ab_ligand_toolkit/ab_ligand_md_8complexes/Surfaces/surface_cont_lig.py -f /Users/nf477/Projects_Natalia/GROMACS/gromacs_ab_ligand_toolkit/ab_ligand_md_8complexes/computational_DMS_top_occupancy_poses/1G10__ddhCTP/mutants/clean_1G10_ddhCTP_P001_RH9P.pdb -c HL -lig MOL -o /Users/nf477/Projects_Natalia/GROMACS/gromacs_ab_ligand_toolkit/ab_ligand_md_8complexes/computational_DMS_top_occupancy_poses/1G10__ddhCTP/surfaces/RH9P_output.csv -def /Users/nf477/Projects_Natalia/GROMACS/gromacs_ab_ligand_toolkit/ab_ligand_md_8complexes/computational_DMS_top_occupancy_poses/1G10__ddhCTP/surfaces_definition/custom_MOL_AMINO_FlexAID.def -dat /Users/nf477/Projects_Natalia/GROMACS/gromacs_ab_ligand_toolkit/ab_ligand_md_8complexes/Surfaces/FlexAID.dat

$ /Users/nf477/anaconda3/envs/nrgsuite/bin/python /Users/nf477/Projects_Natalia/GROMACS/gromacs_ab_ligand_toolkit/ab_ligand_md_8complexes/Surfaces/clean_structure.py -f 1G10_ddhCTP_P001_RH9Q.pdb -def /Users/nf477/Projects_Natalia/GROMACS/gromacs_ab_ligand_toolkit/ab_ligand_md_8complexes/computational_DMS_top_occupancy_poses/1G10__ddhCTP/surfaces_definition/custom_MOL_AMINO_FlexAID.def

$ /Users/nf477/anaconda3/envs/nrgsuite/bin/python /Users/nf477/Projects_Natalia/GROMACS/gromacs_ab_ligand_toolkit/ab_ligand_md_8complexes/Surfaces/surface_cont_lig.py -f /Users/nf477/Projects_Natalia/GROMACS/gromacs_ab_ligand_toolkit/ab_ligand_md_8complexes/computational_DMS_top_occupancy_poses/1G10__ddhCTP/mutants/clean_1G10_ddhCTP_P001_RH9Q.pdb -c HL -lig MOL -o /Users/nf477/Projects_Natalia/GROMACS/gromacs_ab_ligand_toolkit/ab_ligand_md_8complexes/computational_DMS_top_occupancy_poses/1G10__ddhCTP/surfaces/RH9Q_output.csv -def /Users/nf477/Projects_Natalia/GROMACS/gromacs_ab_ligand_toolkit/ab_ligand_md_8complexes/computational_DMS_top_occupancy_poses/1G10__ddhCTP/surfaces_definition/custom_MOL_AMINO_FlexAID.def -dat /Users/nf477/Projects_Natalia/GROMACS/gromacs_ab_ligand_toolkit/ab_ligand_md_8complexes/Surfaces/FlexAID.dat

$ /Users/nf477/anaconda3/envs/nrgsuite/bin/python /Users/nf477/Projects_Natalia/GROMACS/gromacs_ab_ligand_toolkit/ab_ligand_md_8complexes/Surfaces/clean_structure.py -f 1G10_ddhCTP_P001_RH9R.pdb -def /Users/nf477/Projects_Natalia/GROMACS/gromacs_ab_ligand_toolkit/ab_ligand_md_8complexes/computational_DMS_top_occupancy_poses/1G10__ddhCTP/surfaces_definition/custom_MOL_AMINO_FlexAID.def

$ /Users/nf477/anaconda3/envs/nrgsuite/bin/python /Users/nf477/Projects_Natalia/GROMACS/gromacs_ab_ligand_toolkit/ab_ligand_md_8complexes/Surfaces/surface_cont_lig.py -f /Users/nf477/Projects_Natalia/GROMACS/gromacs_ab_ligand_toolkit/ab_ligand_md_8complexes/computational_DMS_top_occupancy_poses/1G10__ddhCTP/mutants/clean_1G10_ddhCTP_P001_RH9R.pdb -c HL -lig MOL -o /Users/nf477/Projects_Natalia/GROMACS/gromacs_ab_ligand_toolkit/ab_ligand_md_8complexes/computational_DMS_top_occupancy_poses/1G10__ddhCTP/surfaces/RH9R_output.csv -def /Users/nf477/Projects_Natalia/GROMACS/gromacs_ab_ligand_toolkit/ab_ligand_md_8complexes/computational_DMS_top_occupancy_poses/1G10__ddhCTP/surfaces_definition/custom_MOL_AMINO_FlexAID.def -dat /Users/nf477/Projects_Natalia/GROMACS/gromacs_ab_ligand_toolkit/ab_ligand_md_8complexes/Surfaces/FlexAID.dat

$ /Users/nf477/anaconda3/envs/nrgsuite/bin/python /Users/nf477/Projects_Natalia/GROMACS/gromacs_ab_ligand_toolkit/ab_ligand_md_8complexes/Surfaces/clean_structure.py -f 1G10_ddhCTP_P001_RH9S.pdb -def /Users/nf477/Projects_Natalia/GROMACS/gromacs_ab_ligand_toolkit/ab_ligand_md_8complexes/computational_DMS_top_occupancy_poses/1G10__ddhCTP/surfaces_definition/custom_MOL_AMINO_FlexAID.def

$ /Users/nf477/anaconda3/envs/nrgsuite/bin/python /Users/nf477/Projects_Natalia/GROMACS/gromacs_ab_ligand_toolkit/ab_ligand_md_8complexes/Surfaces/surface_cont_lig.py -f /Users/nf477/Projects_Natalia/GROMACS/gromacs_ab_ligand_toolkit/ab_ligand_md_8complexes/computational_DMS_top_occupancy_poses/1G10__ddhCTP/mutants/clean_1G10_ddhCTP_P001_RH9S.pdb -c HL -lig MOL -o /Users/nf477/Projects_Natalia/GROMACS/gromacs_ab_ligand_toolkit/ab_ligand_md_8complexes/computational_DMS_top_occupancy_poses/1G10__ddhCTP/surfaces/RH9S_output.csv -def /Users/nf477/Projects_Natalia/GROMACS/gromacs_ab_ligand_toolkit/ab_ligand_md_8complexes/computational_DMS_top_occupancy_poses/1G10__ddhCTP/surfaces_definition/custom_MOL_AMINO_FlexAID.def -dat /Users/nf477/Projects_Natalia/GROMACS/gromacs_ab_ligand_toolkit/ab_ligand_md_8complexes/Surfaces/FlexAID.dat

$ /Users/nf477/anaconda3/envs/nrgsuite/bin/python /Users/nf477/Projects_Natalia/GROMACS/gromacs_ab_ligand_toolkit/ab_ligand_md_8complexes/Surfaces/clean_structure.py -f 1G10_ddhCTP_P001_RH9T.pdb -def /Users/nf477/Projects_Natalia/GROMACS/gromacs_ab_ligand_toolkit/ab_ligand_md_8complexes/computational_DMS_top_occupancy_poses/1G10__ddhCTP/surfaces_definition/custom_MOL_AMINO_FlexAID.def

$ /Users/nf477/anaconda3/envs/nrgsuite/bin/python /Users/nf477/Projects_Natalia/GROMACS/gromacs_ab_ligand_toolkit/ab_ligand_md_8complexes/Surfaces/surface_cont_lig.py -f /Users/nf477/Projects_Natalia/GROMACS/gromacs_ab_ligand_toolkit/ab_ligand_md_8complexes/computational_DMS_top_occupancy_poses/1G10__ddhCTP/mutants/clean_1G10_ddhCTP_P001_RH9T.pdb -c HL -lig MOL -o /Users/nf477/Projects_Natalia/GROMACS/gromacs_ab_ligand_toolkit/ab_ligand_md_8complexes/computational_DMS_top_occupancy_poses/1G10__ddhCTP/surfaces/RH9T_output.csv -def /Users/nf477/Projects_Natalia/GROMACS/gromacs_ab_ligand_toolkit/ab_ligand_md_8complexes/computational_DMS_top_occupancy_poses/1G10__ddhCTP/surfaces_definition/custom_MOL_AMINO_FlexAID.def -dat /Users/nf477/Projects_Natalia/GROMACS/gromacs_ab_ligand_toolkit/ab_ligand_md_8complexes/Surfaces/FlexAID.dat

$ /Users/nf477/anaconda3/envs/nrgsuite/bin/python /Users/nf477/Projects_Natalia/GROMACS/gromacs_ab_ligand_toolkit/ab_ligand_md_8complexes/Surfaces/clean_structure.py -f 1G10_ddhCTP_P001_RH9V.pdb -def /Users/nf477/Projects_Natalia/GROMACS/gromacs_ab_ligand_toolkit/ab_ligand_md_8complexes/computational_DMS_top_occupancy_poses/1G10__ddhCTP/surfaces_definition/custom_MOL_AMINO_FlexAID.def

$ /Users/nf477/anaconda3/envs/nrgsuite/bin/python /Users/nf477/Projects_Natalia/GROMACS/gromacs_ab_ligand_toolkit/ab_ligand_md_8complexes/Surfaces/surface_cont_lig.py -f /Users/nf477/Projects_Natalia/GROMACS/gromacs_ab_ligand_toolkit/ab_ligand_md_8complexes/computational_DMS_top_occupancy_poses/1G10__ddhCTP/mutants/clean_1G10_ddhCTP_P001_RH9V.pdb -c HL -lig MOL -o /Users/nf477/Projects_Natalia/GROMACS/gromacs_ab_ligand_toolkit/ab_ligand_md_8complexes/computational_DMS_top_occupancy_poses/1G10__ddhCTP/surfaces/RH9V_output.csv -def /Users/nf477/Projects_Natalia/GROMACS/gromacs_ab_ligand_toolkit/ab_ligand_md_8complexes/computational_DMS_top_occupancy_poses/1G10__ddhCTP/surfaces_definition/custom_MOL_AMINO_FlexAID.def -dat /Users/nf477/Projects_Natalia/GROMACS/gromacs_ab_ligand_toolkit/ab_ligand_md_8complexes/Surfaces/FlexAID.dat

$ /Users/nf477/anaconda3/envs/nrgsuite/bin/python /Users/nf477/Projects_Natalia/GROMACS/gromacs_ab_ligand_toolkit/ab_ligand_md_8complexes/Surfaces/clean_structure.py -f 1G10_ddhCTP_P001_RH9W.pdb -def /Users/nf477/Projects_Natalia/GROMACS/gromacs_ab_ligand_toolkit/ab_ligand_md_8complexes/computational_DMS_top_occupancy_poses/1G10__ddhCTP/surfaces_definition/custom_MOL_AMINO_FlexAID.def

$ /Users/nf477/anaconda3/envs/nrgsuite/bin/python /Users/nf477/Projects_Natalia/GROMACS/gromacs_ab_ligand_toolkit/ab_ligand_md_8complexes/Surfaces/surface_cont_lig.py -f /Users/nf477/Projects_Natalia/GROMACS/gromacs_ab_ligand_toolkit/ab_ligand_md_8complexes/computational_DMS_top_occupancy_poses/1G10__ddhCTP/mutants/clean_1G10_ddhCTP_P001_RH9W.pdb -c HL -lig MOL -o /Users/nf477/Projects_Natalia/GROMACS/gromacs_ab_ligand_toolkit/ab_ligand_md_8complexes/computational_DMS_top_occupancy_poses/1G10__ddhCTP/surfaces/RH9W_output.csv -def /Users/nf477/Projects_Natalia/GROMACS/gromacs_ab_ligand_toolkit/ab_ligand_md_8complexes/computational_DMS_top_occupancy_poses/1G10__ddhCTP/surfaces_definition/custom_MOL_AMINO_FlexAID.def -dat /Users/nf477/Projects_Natalia/GROMACS/gromacs_ab_ligand_toolkit/ab_ligand_md_8complexes/Surfaces/FlexAID.dat

$ /Users/nf477/anaconda3/envs/nrgsuite/bin/python /Users/nf477/Projects_Natalia/GROMACS/gromacs_ab_ligand_toolkit/ab_ligand_md_8complexes/Surfaces/clean_structure.py -f 1G10_ddhCTP_P001_RH9Y.pdb -def /Users/nf477/Projects_Natalia/GROMACS/gromacs_ab_ligand_toolkit/ab_ligand_md_8complexes/computational_DMS_top_occupancy_poses/1G10__ddhCTP/surfaces_definition/custom_MOL_AMINO_FlexAID.def

$ /Users/nf477/anaconda3/envs/nrgsuite/bin/python /Users/nf477/Projects_Natalia/GROMACS/gromacs_ab_ligand_toolkit/ab_ligand_md_8complexes/Surfaces/surface_cont_lig.py -f /Users/nf477/Projects_Natalia/GROMACS/gromacs_ab_ligand_toolkit/ab_ligand_md_8complexes/computational_DMS_top_occupancy_poses/1G10__ddhCTP/mutants/clean_1G10_ddhCTP_P001_RH9Y.pdb -c HL -lig MOL -o /Users/nf477/Projects_Natalia/GROMACS/gromacs_ab_ligand_toolkit/ab_ligand_md_8complexes/computational_DMS_top_occupancy_poses/1G10__ddhCTP/surfaces/RH9Y_output.csv -def /Users/nf477/Projects_Natalia/GROMACS/gromacs_ab_ligand_toolkit/ab_ligand_md_8complexes/computational_DMS_top_occupancy_poses/1G10__ddhCTP/surfaces_definition/custom_MOL_AMINO_FlexAID.def -dat /Users/nf477/Projects_Natalia/GROMACS/gromacs_ab_ligand_toolkit/ab_ligand_md_8complexes/Surfaces/FlexAID.dat

$ /Users/nf477/anaconda3/envs/nrgsuite/bin/python /Users/nf477/Projects_Natalia/GROMACS/gromacs_ab_ligand_toolkit/ab_ligand_md_8complexes/Surfaces/clean_structure.py -f 1G10_ddhCTP_P001_LH10A.pdb -def /Users/nf477/Projects_Natalia/GROMACS/gromacs_ab_ligand_toolkit/ab_ligand_md_8complexes/computational_DMS_top_occupancy_poses/1G10__ddhCTP/surfaces_definition/custom_MOL_AMINO_FlexAID.def

$ /Users/nf477/anaconda3/envs/nrgsuite/bin/python /Users/nf477/Projects_Natalia/GROMACS/gromacs_ab_ligand_toolkit/ab_ligand_md_8complexes/Surfaces/surface_cont_lig.py -f /Users/nf477/Projects_Natalia/GROMACS/gromacs_ab_ligand_toolkit/ab_ligand_md_8complexes/computational_DMS_top_occupancy_poses/1G10__ddhCTP/mutants/clean_1G10_ddhCTP_P001_LH10A.pdb -c HL -lig MOL -o /Users/nf477/Projects_Natalia/GROMACS/gromacs_ab_ligand_toolkit/ab_ligand_md_8complexes/computational_DMS_top_occupancy_poses/1G10__ddhCTP/surfaces/LH10A_output.csv -def /Users/nf477/Projects_Natalia/GROMACS/gromacs_ab_ligand_toolkit/ab_ligand_md_8complexes/computational_DMS_top_occupancy_poses/1G10__ddhCTP/surfaces_definition/custom_MOL_AMINO_FlexAID.def -dat /Users/nf477/Projects_Natalia/GROMACS/gromacs_ab_ligand_toolkit/ab_ligand_md_8complexes/Surfaces/FlexAID.dat

$ /Users/nf477/anaconda3/envs/nrgsuite/bin/python /Users/nf477/Projects_Natalia/GROMACS/gromacs_ab_ligand_toolkit/ab_ligand_md_8complexes/Surfaces/clean_structure.py -f 1G10_ddhCTP_P001_LH10C.pdb -def /Users/nf477/Projects_Natalia/GROMACS/gromacs_ab_ligand_toolkit/ab_ligand_md_8complexes/computational_DMS_top_occupancy_poses/1G10__ddhCTP/surfaces_definition/custom_MOL_AMINO_FlexAID.def

$ /Users/nf477/anaconda3/envs/nrgsuite/bin/python /Users/nf477/Projects_Natalia/GROMACS/gromacs_ab_ligand_toolkit/ab_ligand_md_8complexes/Surfaces/surface_cont_lig.py -f /Users/nf477/Projects_Natalia/GROMACS/gromacs_ab_ligand_toolkit/ab_ligand_md_8complexes/computational_DMS_top_occupancy_poses/1G10__ddhCTP/mutants/clean_1G10_ddhCTP_P001_LH10C.pdb -c HL -lig MOL -o /Users/nf477/Projects_Natalia/GROMACS/gromacs_ab_ligand_toolkit/ab_ligand_md_8complexes/computational_DMS_top_occupancy_poses/1G10__ddhCTP/surfaces/LH10C_output.csv -def /Users/nf477/Projects_Natalia/GROMACS/gromacs_ab_ligand_toolkit/ab_ligand_md_8complexes/computational_DMS_top_occupancy_poses/1G10__ddhCTP/surfaces_definition/custom_MOL_AMINO_FlexAID.def -dat /Users/nf477/Projects_Natalia/GROMACS/gromacs_ab_ligand_toolkit/ab_ligand_md_8complexes/Surfaces/FlexAID.dat

$ /Users/nf477/anaconda3/envs/nrgsuite/bin/python /Users/nf477/Projects_Natalia/GROMACS/gromacs_ab_ligand_toolkit/ab_ligand_md_8complexes/Surfaces/clean_structure.py -f 1G10_ddhCTP_P001_LH10D.pdb -def /Users/nf477/Projects_Natalia/GROMACS/gromacs_ab_ligand_toolkit/ab_ligand_md_8complexes/computational_DMS_top_occupancy_poses/1G10__ddhCTP/surfaces_definition/custom_MOL_AMINO_FlexAID.def

$ /Users/nf477/anaconda3/envs/nrgsuite/bin/python /Users/nf477/Projects_Natalia/GROMACS/gromacs_ab_ligand_toolkit/ab_ligand_md_8complexes/Surfaces/surface_cont_lig.py -f /Users/nf477/Projects_Natalia/GROMACS/gromacs_ab_ligand_toolkit/ab_ligand_md_8complexes/computational_DMS_top_occupancy_poses/1G10__ddhCTP/mutants/clean_1G10_ddhCTP_P001_LH10D.pdb -c HL -lig MOL -o /Users/nf477/Projects_Natalia/GROMACS/gromacs_ab_ligand_toolkit/ab_ligand_md_8complexes/computational_DMS_top_occupancy_poses/1G10__ddhCTP/surfaces/LH10D_output.csv -def /Users/nf477/Projects_Natalia/GROMACS/gromacs_ab_ligand_toolkit/ab_ligand_md_8complexes/computational_DMS_top_occupancy_poses/1G10__ddhCTP/surfaces_definition/custom_MOL_AMINO_FlexAID.def -dat /Users/nf477/Projects_Natalia/GROMACS/gromacs_ab_ligand_toolkit/ab_ligand_md_8complexes/Surfaces/FlexAID.dat

$ /Users/nf477/anaconda3/envs/nrgsuite/bin/python /Users/nf477/Projects_Natalia/GROMACS/gromacs_ab_ligand_toolkit/ab_ligand_md_8complexes/Surfaces/clean_structure.py -f 1G10_ddhCTP_P001_LH10E.pdb -def /Users/nf477/Projects_Natalia/GROMACS/gromacs_ab_ligand_toolkit/ab_ligand_md_8complexes/computational_DMS_top_occupancy_poses/1G10__ddhCTP/surfaces_definition/custom_MOL_AMINO_FlexAID.def

$ /Users/nf477/anaconda3/envs/nrgsuite/bin/python /Users/nf477/Projects_Natalia/GROMACS/gromacs_ab_ligand_toolkit/ab_ligand_md_8complexes/Surfaces/surface_cont_lig.py -f /Users/nf477/Projects_Natalia/GROMACS/gromacs_ab_ligand_toolkit/ab_ligand_md_8complexes/computational_DMS_top_occupancy_poses/1G10__ddhCTP/mutants/clean_1G10_ddhCTP_P001_LH10E.pdb -c HL -lig MOL -o /Users/nf477/Projects_Natalia/GROMACS/gromacs_ab_ligand_toolkit/ab_ligand_md_8complexes/computational_DMS_top_occupancy_poses/1G10__ddhCTP/surfaces/LH10E_output.csv -def /Users/nf477/Projects_Natalia/GROMACS/gromacs_ab_ligand_toolkit/ab_ligand_md_8complexes/computational_DMS_top_occupancy_poses/1G10__ddhCTP/surfaces_definition/custom_MOL_AMINO_FlexAID.def -dat /Users/nf477/Projects_Natalia/GROMACS/gromacs_ab_ligand_toolkit/ab_ligand_md_8complexes/Surfaces/FlexAID.dat

$ /Users/nf477/anaconda3/envs/nrgsuite/bin/python /Users/nf477/Projects_Natalia/GROMACS/gromacs_ab_ligand_toolkit/ab_ligand_md_8complexes/Surfaces/clean_structure.py -f 1G10_ddhCTP_P001_LH10F.pdb -def /Users/nf477/Projects_Natalia/GROMACS/gromacs_ab_ligand_toolkit/ab_ligand_md_8complexes/computational_DMS_top_occupancy_poses/1G10__ddhCTP/surfaces_definition/custom_MOL_AMINO_FlexAID.def

$ /Users/nf477/anaconda3/envs/nrgsuite/bin/python /Users/nf477/Projects_Natalia/GROMACS/gromacs_ab_ligand_toolkit/ab_ligand_md_8complexes/Surfaces/surface_cont_lig.py -f /Users/nf477/Projects_Natalia/GROMACS/gromacs_ab_ligand_toolkit/ab_ligand_md_8complexes/computational_DMS_top_occupancy_poses/1G10__ddhCTP/mutants/clean_1G10_ddhCTP_P001_LH10F.pdb -c HL -lig MOL -o /Users/nf477/Projects_Natalia/GROMACS/gromacs_ab_ligand_toolkit/ab_ligand_md_8complexes/computational_DMS_top_occupancy_poses/1G10__ddhCTP/surfaces/LH10F_output.csv -def /Users/nf477/Projects_Natalia/GROMACS/gromacs_ab_ligand_toolkit/ab_ligand_md_8complexes/computational_DMS_top_occupancy_poses/1G10__ddhCTP/surfaces_definition/custom_MOL_AMINO_FlexAID.def -dat /Users/nf477/Projects_Natalia/GROMACS/gromacs_ab_ligand_toolkit/ab_ligand_md_8complexes/Surfaces/FlexAID.dat

$ /Users/nf477/anaconda3/envs/nrgsuite/bin/python /Users/nf477/Projects_Natalia/GROMACS/gromacs_ab_ligand_toolkit/ab_ligand_md_8complexes/Surfaces/clean_structure.py -f 1G10_ddhCTP_P001_LH10G.pdb -def /Users/nf477/Projects_Natalia/GROMACS/gromacs_ab_ligand_toolkit/ab_ligand_md_8complexes/computational_DMS_top_occupancy_poses/1G10__ddhCTP/surfaces_definition/custom_MOL_AMINO_FlexAID.def

$ /Users/nf477/anaconda3/envs/nrgsuite/bin/python /Users/nf477/Projects_Natalia/GROMACS/gromacs_ab_ligand_toolkit/ab_ligand_md_8complexes/Surfaces/surface_cont_lig.py -f /Users/nf477/Projects_Natalia/GROMACS/gromacs_ab_ligand_toolkit/ab_ligand_md_8complexes/computational_DMS_top_occupancy_poses/1G10__ddhCTP/mutants/clean_1G10_ddhCTP_P001_LH10G.pdb -c HL -lig MOL -o /Users/nf477/Projects_Natalia/GROMACS/gromacs_ab_ligand_toolkit/ab_ligand_md_8complexes/computational_DMS_top_occupancy_poses/1G10__ddhCTP/surfaces/LH10G_output.csv -def /Users/nf477/Projects_Natalia/GROMACS/gromacs_ab_ligand_toolkit/ab_ligand_md_8complexes/computational_DMS_top_occupancy_poses/1G10__ddhCTP/surfaces_definition/custom_MOL_AMINO_FlexAID.def -dat /Users/nf477/Projects_Natalia/GROMACS/gromacs_ab_ligand_toolkit/ab_ligand_md_8complexes/Surfaces/FlexAID.dat

$ /Users/nf477/anaconda3/envs/nrgsuite/bin/python /Users/nf477/Projects_Natalia/GROMACS/gromacs_ab_ligand_toolkit/ab_ligand_md_8complexes/Surfaces/clean_structure.py -f 1G10_ddhCTP_P001_LH10H.pdb -def /Users/nf477/Projects_Natalia/GROMACS/gromacs_ab_ligand_toolkit/ab_ligand_md_8complexes/computational_DMS_top_occupancy_poses/1G10__ddhCTP/surfaces_definition/custom_MOL_AMINO_FlexAID.def

$ /Users/nf477/anaconda3/envs/nrgsuite/bin/python /Users/nf477/Projects_Natalia/GROMACS/gromacs_ab_ligand_toolkit/ab_ligand_md_8complexes/Surfaces/surface_cont_lig.py -f /Users/nf477/Projects_Natalia/GROMACS/gromacs_ab_ligand_toolkit/ab_ligand_md_8complexes/computational_DMS_top_occupancy_poses/1G10__ddhCTP/mutants/clean_1G10_ddhCTP_P001_LH10H.pdb -c HL -lig MOL -o /Users/nf477/Projects_Natalia/GROMACS/gromacs_ab_ligand_toolkit/ab_ligand_md_8complexes/computational_DMS_top_occupancy_poses/1G10__ddhCTP/surfaces/LH10H_output.csv -def /Users/nf477/Projects_Natalia/GROMACS/gromacs_ab_ligand_toolkit/ab_ligand_md_8complexes/computational_DMS_top_occupancy_poses/1G10__ddhCTP/surfaces_definition/custom_MOL_AMINO_FlexAID.def -dat /Users/nf477/Projects_Natalia/GROMACS/gromacs_ab_ligand_toolkit/ab_ligand_md_8complexes/Surfaces/FlexAID.dat

$ /Users/nf477/anaconda3/envs/nrgsuite/bin/python /Users/nf477/Projects_Natalia/GROMACS/gromacs_ab_ligand_toolkit/ab_ligand_md_8complexes/Surfaces/clean_structure.py -f 1G10_ddhCTP_P001_LH10I.pdb -def /Users/nf477/Projects_Natalia/GROMACS/gromacs_ab_ligand_toolkit/ab_ligand_md_8complexes/computational_DMS_top_occupancy_poses/1G10__ddhCTP/surfaces_definition/custom_MOL_AMINO_FlexAID.def

$ /Users/nf477/anaconda3/envs/nrgsuite/bin/python /Users/nf477/Projects_Natalia/GROMACS/gromacs_ab_ligand_toolkit/ab_ligand_md_8complexes/Surfaces/surface_cont_lig.py -f /Users/nf477/Projects_Natalia/GROMACS/gromacs_ab_ligand_toolkit/ab_ligand_md_8complexes/computational_DMS_top_occupancy_poses/1G10__ddhCTP/mutants/clean_1G10_ddhCTP_P001_LH10I.pdb -c HL -lig MOL -o /Users/nf477/Projects_Natalia/GROMACS/gromacs_ab_ligand_toolkit/ab_ligand_md_8complexes/computational_DMS_top_occupancy_poses/1G10__ddhCTP/surfaces/LH10I_output.csv -def /Users/nf477/Projects_Natalia/GROMACS/gromacs_ab_ligand_toolkit/ab_ligand_md_8complexes/computational_DMS_top_occupancy_poses/1G10__ddhCTP/surfaces_definition/custom_MOL_AMINO_FlexAID.def -dat /Users/nf477/Projects_Natalia/GROMACS/gromacs_ab_ligand_toolkit/ab_ligand_md_8complexes/Surfaces/FlexAID.dat

$ /Users/nf477/anaconda3/envs/nrgsuite/bin/python /Users/nf477/Projects_Natalia/GROMACS/gromacs_ab_ligand_toolkit/ab_ligand_md_8complexes/Surfaces/clean_structure.py -f 1G10_ddhCTP_P001_LH10K.pdb -def /Users/nf477/Projects_Natalia/GROMACS/gromacs_ab_ligand_toolkit/ab_ligand_md_8complexes/computational_DMS_top_occupancy_poses/1G10__ddhCTP/surfaces_definition/custom_MOL_AMINO_FlexAID.def

$ /Users/nf477/anaconda3/envs/nrgsuite/bin/python /Users/nf477/Projects_Natalia/GROMACS/gromacs_ab_ligand_toolkit/ab_ligand_md_8complexes/Surfaces/surface_cont_lig.py -f /Users/nf477/Projects_Natalia/GROMACS/gromacs_ab_ligand_toolkit/ab_ligand_md_8complexes/computational_DMS_top_occupancy_poses/1G10__ddhCTP/mutants/clean_1G10_ddhCTP_P001_LH10K.pdb -c HL -lig MOL -o /Users/nf477/Projects_Natalia/GROMACS/gromacs_ab_ligand_toolkit/ab_ligand_md_8complexes/computational_DMS_top_occupancy_poses/1G10__ddhCTP/surfaces/LH10K_output.csv -def /Users/nf477/Projects_Natalia/GROMACS/gromacs_ab_ligand_toolkit/ab_ligand_md_8complexes/computational_DMS_top_occupancy_poses/1G10__ddhCTP/surfaces_definition/custom_MOL_AMINO_FlexAID.def -dat /Users/nf477/Projects_Natalia/GROMACS/gromacs_ab_ligand_toolkit/ab_ligand_md_8complexes/Surfaces/FlexAID.dat

$ /Users/nf477/anaconda3/envs/nrgsuite/bin/python /Users/nf477/Projects_Natalia/GROMACS/gromacs_ab_ligand_toolkit/ab_ligand_md_8complexes/Surfaces/clean_structure.py -f 1G10_ddhCTP_P001_LH10L.pdb -def /Users/nf477/Projects_Natalia/GROMACS/gromacs_ab_ligand_toolkit/ab_ligand_md_8complexes/computational_DMS_top_occupancy_poses/1G10__ddhCTP/surfaces_definition/custom_MOL_AMINO_FlexAID.def

$ /Users/nf477/anaconda3/envs/nrgsuite/bin/python /Users/nf477/Projects_Natalia/GROMACS/gromacs_ab_ligand_toolkit/ab_ligand_md_8complexes/Surfaces/surface_cont_lig.py -f /Users/nf477/Projects_Natalia/GROMACS/gromacs_ab_ligand_toolkit/ab_ligand_md_8complexes/computational_DMS_top_occupancy_poses/1G10__ddhCTP/mutants/clean_1G10_ddhCTP_P001_LH10L.pdb -c HL -lig MOL -o /Users/nf477/Projects_Natalia/GROMACS/gromacs_ab_ligand_toolkit/ab_ligand_md_8complexes/computational_DMS_top_occupancy_poses/1G10__ddhCTP/surfaces/LH10L_output.csv -def /Users/nf477/Projects_Natalia/GROMACS/gromacs_ab_ligand_toolkit/ab_ligand_md_8complexes/computational_DMS_top_occupancy_poses/1G10__ddhCTP/surfaces_definition/custom_MOL_AMINO_FlexAID.def -dat /Users/nf477/Projects_Natalia/GROMACS/gromacs_ab_ligand_toolkit/ab_ligand_md_8complexes/Surfaces/FlexAID.dat

$ /Users/nf477/anaconda3/envs/nrgsuite/bin/python /Users/nf477/Projects_Natalia/GROMACS/gromacs_ab_ligand_toolkit/ab_ligand_md_8complexes/Surfaces/clean_structure.py -f 1G10_ddhCTP_P001_LH10M.pdb -def /Users/nf477/Projects_Natalia/GROMACS/gromacs_ab_ligand_toolkit/ab_ligand_md_8complexes/computational_DMS_top_occupancy_poses/1G10__ddhCTP/surfaces_definition/custom_MOL_AMINO_FlexAID.def

$ /Users/nf477/anaconda3/envs/nrgsuite/bin/python /Users/nf477/Projects_Natalia/GROMACS/gromacs_ab_ligand_toolkit/ab_ligand_md_8complexes/Surfaces/surface_cont_lig.py -f /Users/nf477/Projects_Natalia/GROMACS/gromacs_ab_ligand_toolkit/ab_ligand_md_8complexes/computational_DMS_top_occupancy_poses/1G10__ddhCTP/mutants/clean_1G10_ddhCTP_P001_LH10M.pdb -c HL -lig MOL -o /Users/nf477/Projects_Natalia/GROMACS/gromacs_ab_ligand_toolkit/ab_ligand_md_8complexes/computational_DMS_top_occupancy_poses/1G10__ddhCTP/surfaces/LH10M_output.csv -def /Users/nf477/Projects_Natalia/GROMACS/gromacs_ab_ligand_toolkit/ab_ligand_md_8complexes/computational_DMS_top_occupancy_poses/1G10__ddhCTP/surfaces_definition/custom_MOL_AMINO_FlexAID.def -dat /Users/nf477/Projects_Natalia/GROMACS/gromacs_ab_ligand_toolkit/ab_ligand_md_8complexes/Surfaces/FlexAID.dat

$ /Users/nf477/anaconda3/envs/nrgsuite/bin/python /Users/nf477/Projects_Natalia/GROMACS/gromacs_ab_ligand_toolkit/ab_ligand_md_8complexes/Surfaces/clean_structure.py -f 1G10_ddhCTP_P001_LH10N.pdb -def /Users/nf477/Projects_Natalia/GROMACS/gromacs_ab_ligand_toolkit/ab_ligand_md_8complexes/computational_DMS_top_occupancy_poses/1G10__ddhCTP/surfaces_definition/custom_MOL_AMINO_FlexAID.def

$ /Users/nf477/anaconda3/envs/nrgsuite/bin/python /Users/nf477/Projects_Natalia/GROMACS/gromacs_ab_ligand_toolkit/ab_ligand_md_8complexes/Surfaces/surface_cont_lig.py -f /Users/nf477/Projects_Natalia/GROMACS/gromacs_ab_ligand_toolkit/ab_ligand_md_8complexes/computational_DMS_top_occupancy_poses/1G10__ddhCTP/mutants/clean_1G10_ddhCTP_P001_LH10N.pdb -c HL -lig MOL -o /Users/nf477/Projects_Natalia/GROMACS/gromacs_ab_ligand_toolkit/ab_ligand_md_8complexes/computational_DMS_top_occupancy_poses/1G10__ddhCTP/surfaces/LH10N_output.csv -def /Users/nf477/Projects_Natalia/GROMACS/gromacs_ab_ligand_toolkit/ab_ligand_md_8complexes/computational_DMS_top_occupancy_poses/1G10__ddhCTP/surfaces_definition/custom_MOL_AMINO_FlexAID.def -dat /Users/nf477/Projects_Natalia/GROMACS/gromacs_ab_ligand_toolkit/ab_ligand_md_8complexes/Surfaces/FlexAID.dat

$ /Users/nf477/anaconda3/envs/nrgsuite/bin/python /Users/nf477/Projects_Natalia/GROMACS/gromacs_ab_ligand_toolkit/ab_ligand_md_8complexes/Surfaces/clean_structure.py -f 1G10_ddhCTP_P001_LH10P.pdb -def /Users/nf477/Projects_Natalia/GROMACS/gromacs_ab_ligand_toolkit/ab_ligand_md_8complexes/computational_DMS_top_occupancy_poses/1G10__ddhCTP/surfaces_definition/custom_MOL_AMINO_FlexAID.def

$ /Users/nf477/anaconda3/envs/nrgsuite/bin/python /Users/nf477/Projects_Natalia/GROMACS/gromacs_ab_ligand_toolkit/ab_ligand_md_8complexes/Surfaces/surface_cont_lig.py -f /Users/nf477/Projects_Natalia/GROMACS/gromacs_ab_ligand_toolkit/ab_ligand_md_8complexes/computational_DMS_top_occupancy_poses/1G10__ddhCTP/mutants/clean_1G10_ddhCTP_P001_LH10P.pdb -c HL -lig MOL -o /Users/nf477/Projects_Natalia/GROMACS/gromacs_ab_ligand_toolkit/ab_ligand_md_8complexes/computational_DMS_top_occupancy_poses/1G10__ddhCTP/surfaces/LH10P_output.csv -def /Users/nf477/Projects_Natalia/GROMACS/gromacs_ab_ligand_toolkit/ab_ligand_md_8complexes/computational_DMS_top_occupancy_poses/1G10__ddhCTP/surfaces_definition/custom_MOL_AMINO_FlexAID.def -dat /Users/nf477/Projects_Natalia/GROMACS/gromacs_ab_ligand_toolkit/ab_ligand_md_8complexes/Surfaces/FlexAID.dat

$ /Users/nf477/anaconda3/envs/nrgsuite/bin/python /Users/nf477/Projects_Natalia/GROMACS/gromacs_ab_ligand_toolkit/ab_ligand_md_8complexes/Surfaces/clean_structure.py -f 1G10_ddhCTP_P001_LH10Q.pdb -def /Users/nf477/Projects_Natalia/GROMACS/gromacs_ab_ligand_toolkit/ab_ligand_md_8complexes/computational_DMS_top_occupancy_poses/1G10__ddhCTP/surfaces_definition/custom_MOL_AMINO_FlexAID.def

$ /Users/nf477/anaconda3/envs/nrgsuite/bin/python /Users/nf477/Projects_Natalia/GROMACS/gromacs_ab_ligand_toolkit/ab_ligand_md_8complexes/Surfaces/surface_cont_lig.py -f /Users/nf477/Projects_Natalia/GROMACS/gromacs_ab_ligand_toolkit/ab_ligand_md_8complexes/computational_DMS_top_occupancy_poses/1G10__ddhCTP/mutants/clean_1G10_ddhCTP_P001_LH10Q.pdb -c HL -lig MOL -o /Users/nf477/Projects_Natalia/GROMACS/gromacs_ab_ligand_toolkit/ab_ligand_md_8complexes/computational_DMS_top_occupancy_poses/1G10__ddhCTP/surfaces/LH10Q_output.csv -def /Users/nf477/Projects_Natalia/GROMACS/gromacs_ab_ligand_toolkit/ab_ligand_md_8complexes/computational_DMS_top_occupancy_poses/1G10__ddhCTP/surfaces_definition/custom_MOL_AMINO_FlexAID.def -dat /Users/nf477/Projects_Natalia/GROMACS/gromacs_ab_ligand_toolkit/ab_ligand_md_8complexes/Surfaces/FlexAID.dat

$ /Users/nf477/anaconda3/envs/nrgsuite/bin/python /Users/nf477/Projects_Natalia/GROMACS/gromacs_ab_ligand_toolkit/ab_ligand_md_8complexes/Surfaces/clean_structure.py -f 1G10_ddhCTP_P001_LH10R.pdb -def /Users/nf477/Projects_Natalia/GROMACS/gromacs_ab_ligand_toolkit/ab_ligand_md_8complexes/computational_DMS_top_occupancy_poses/1G10__ddhCTP/surfaces_definition/custom_MOL_AMINO_FlexAID.def

$ /Users/nf477/anaconda3/envs/nrgsuite/bin/python /Users/nf477/Projects_Natalia/GROMACS/gromacs_ab_ligand_toolkit/ab_ligand_md_8complexes/Surfaces/surface_cont_lig.py -f /Users/nf477/Projects_Natalia/GROMACS/gromacs_ab_ligand_toolkit/ab_ligand_md_8complexes/computational_DMS_top_occupancy_poses/1G10__ddhCTP/mutants/clean_1G10_ddhCTP_P001_LH10R.pdb -c HL -lig MOL -o /Users/nf477/Projects_Natalia/GROMACS/gromacs_ab_ligand_toolkit/ab_ligand_md_8complexes/computational_DMS_top_occupancy_poses/1G10__ddhCTP/surfaces/LH10R_output.csv -def /Users/nf477/Projects_Natalia/GROMACS/gromacs_ab_ligand_toolkit/ab_ligand_md_8complexes/computational_DMS_top_occupancy_poses/1G10__ddhCTP/surfaces_definition/custom_MOL_AMINO_FlexAID.def -dat /Users/nf477/Projects_Natalia/GROMACS/gromacs_ab_ligand_toolkit/ab_ligand_md_8complexes/Surfaces/FlexAID.dat

$ /Users/nf477/anaconda3/envs/nrgsuite/bin/python /Users/nf477/Projects_Natalia/GROMACS/gromacs_ab_ligand_toolkit/ab_ligand_md_8complexes/Surfaces/clean_structure.py -f 1G10_ddhCTP_P001_LH10S.pdb -def /Users/nf477/Projects_Natalia/GROMACS/gromacs_ab_ligand_toolkit/ab_ligand_md_8complexes/computational_DMS_top_occupancy_poses/1G10__ddhCTP/surfaces_definition/custom_MOL_AMINO_FlexAID.def

$ /Users/nf477/anaconda3/envs/nrgsuite/bin/python /Users/nf477/Projects_Natalia/GROMACS/gromacs_ab_ligand_toolkit/ab_ligand_md_8complexes/Surfaces/surface_cont_lig.py -f /Users/nf477/Projects_Natalia/GROMACS/gromacs_ab_ligand_toolkit/ab_ligand_md_8complexes/computational_DMS_top_occupancy_poses/1G10__ddhCTP/mutants/clean_1G10_ddhCTP_P001_LH10S.pdb -c HL -lig MOL -o /Users/nf477/Projects_Natalia/GROMACS/gromacs_ab_ligand_toolkit/ab_ligand_md_8complexes/computational_DMS_top_occupancy_poses/1G10__ddhCTP/surfaces/LH10S_output.csv -def /Users/nf477/Projects_Natalia/GROMACS/gromacs_ab_ligand_toolkit/ab_ligand_md_8complexes/computational_DMS_top_occupancy_poses/1G10__ddhCTP/surfaces_definition/custom_MOL_AMINO_FlexAID.def -dat /Users/nf477/Projects_Natalia/GROMACS/gromacs_ab_ligand_toolkit/ab_ligand_md_8complexes/Surfaces/FlexAID.dat

$ /Users/nf477/anaconda3/envs/nrgsuite/bin/python /Users/nf477/Projects_Natalia/GROMACS/gromacs_ab_ligand_toolkit/ab_ligand_md_8complexes/Surfaces/clean_structure.py -f 1G10_ddhCTP_P001_LH10T.pdb -def /Users/nf477/Projects_Natalia/GROMACS/gromacs_ab_ligand_toolkit/ab_ligand_md_8complexes/computational_DMS_top_occupancy_poses/1G10__ddhCTP/surfaces_definition/custom_MOL_AMINO_FlexAID.def

$ /Users/nf477/anaconda3/envs/nrgsuite/bin/python /Users/nf477/Projects_Natalia/GROMACS/gromacs_ab_ligand_toolkit/ab_ligand_md_8complexes/Surfaces/surface_cont_lig.py -f /Users/nf477/Projects_Natalia/GROMACS/gromacs_ab_ligand_toolkit/ab_ligand_md_8complexes/computational_DMS_top_occupancy_poses/1G10__ddhCTP/mutants/clean_1G10_ddhCTP_P001_LH10T.pdb -c HL -lig MOL -o /Users/nf477/Projects_Natalia/GROMACS/gromacs_ab_ligand_toolkit/ab_ligand_md_8complexes/computational_DMS_top_occupancy_poses/1G10__ddhCTP/surfaces/LH10T_output.csv -def /Users/nf477/Projects_Natalia/GROMACS/gromacs_ab_ligand_toolkit/ab_ligand_md_8complexes/computational_DMS_top_occupancy_poses/1G10__ddhCTP/surfaces_definition/custom_MOL_AMINO_FlexAID.def -dat /Users/nf477/Projects_Natalia/GROMACS/gromacs_ab_ligand_toolkit/ab_ligand_md_8complexes/Surfaces/FlexAID.dat

$ /Users/nf477/anaconda3/envs/nrgsuite/bin/python /Users/nf477/Projects_Natalia/GROMACS/gromacs_ab_ligand_toolkit/ab_ligand_md_8complexes/Surfaces/clean_structure.py -f 1G10_ddhCTP_P001_LH10V.pdb -def /Users/nf477/Projects_Natalia/GROMACS/gromacs_ab_ligand_toolkit/ab_ligand_md_8complexes/computational_DMS_top_occupancy_poses/1G10__ddhCTP/surfaces_definition/custom_MOL_AMINO_FlexAID.def

$ /Users/nf477/anaconda3/envs/nrgsuite/bin/python /Users/nf477/Projects_Natalia/GROMACS/gromacs_ab_ligand_toolkit/ab_ligand_md_8complexes/Surfaces/surface_cont_lig.py -f /Users/nf477/Projects_Natalia/GROMACS/gromacs_ab_ligand_toolkit/ab_ligand_md_8complexes/computational_DMS_top_occupancy_poses/1G10__ddhCTP/mutants/clean_1G10_ddhCTP_P001_LH10V.pdb -c HL -lig MOL -o /Users/nf477/Projects_Natalia/GROMACS/gromacs_ab_ligand_toolkit/ab_ligand_md_8complexes/computational_DMS_top_occupancy_poses/1G10__ddhCTP/surfaces/LH10V_output.csv -def /Users/nf477/Projects_Natalia/GROMACS/gromacs_ab_ligand_toolkit/ab_ligand_md_8complexes/computational_DMS_top_occupancy_poses/1G10__ddhCTP/surfaces_definition/custom_MOL_AMINO_FlexAID.def -dat /Users/nf477/Projects_Natalia/GROMACS/gromacs_ab_ligand_toolkit/ab_ligand_md_8complexes/Surfaces/FlexAID.dat

$ /Users/nf477/anaconda3/envs/nrgsuite/bin/python /Users/nf477/Projects_Natalia/GROMACS/gromacs_ab_ligand_toolkit/ab_ligand_md_8complexes/Surfaces/clean_structure.py -f 1G10_ddhCTP_P001_LH10W.pdb -def /Users/nf477/Projects_Natalia/GROMACS/gromacs_ab_ligand_toolkit/ab_ligand_md_8complexes/computational_DMS_top_occupancy_poses/1G10__ddhCTP/surfaces_definition/custom_MOL_AMINO_FlexAID.def

$ /Users/nf477/anaconda3/envs/nrgsuite/bin/python /Users/nf477/Projects_Natalia/GROMACS/gromacs_ab_ligand_toolkit/ab_ligand_md_8complexes/Surfaces/surface_cont_lig.py -f /Users/nf477/Projects_Natalia/GROMACS/gromacs_ab_ligand_toolkit/ab_ligand_md_8complexes/computational_DMS_top_occupancy_poses/1G10__ddhCTP/mutants/clean_1G10_ddhCTP_P001_LH10W.pdb -c HL -lig MOL -o /Users/nf477/Projects_Natalia/GROMACS/gromacs_ab_ligand_toolkit/ab_ligand_md_8complexes/computational_DMS_top_occupancy_poses/1G10__ddhCTP/surfaces/LH10W_output.csv -def /Users/nf477/Projects_Natalia/GROMACS/gromacs_ab_ligand_toolkit/ab_ligand_md_8complexes/computational_DMS_top_occupancy_poses/1G10__ddhCTP/surfaces_definition/custom_MOL_AMINO_FlexAID.def -dat /Users/nf477/Projects_Natalia/GROMACS/gromacs_ab_ligand_toolkit/ab_ligand_md_8complexes/Surfaces/FlexAID.dat

$ /Users/nf477/anaconda3/envs/nrgsuite/bin/python /Users/nf477/Projects_Natalia/GROMACS/gromacs_ab_ligand_toolkit/ab_ligand_md_8complexes/Surfaces/clean_structure.py -f 1G10_ddhCTP_P001_LH10Y.pdb -def /Users/nf477/Projects_Natalia/GROMACS/gromacs_ab_ligand_toolkit/ab_ligand_md_8complexes/computational_DMS_top_occupancy_poses/1G10__ddhCTP/surfaces_definition/custom_MOL_AMINO_FlexAID.def

$ /Users/nf477/anaconda3/envs/nrgsuite/bin/python /Users/nf477/Projects_Natalia/GROMACS/gromacs_ab_ligand_toolkit/ab_ligand_md_8complexes/Surfaces/surface_cont_lig.py -f /Users/nf477/Projects_Natalia/GROMACS/gromacs_ab_ligand_toolkit/ab_ligand_md_8complexes/computational_DMS_top_occupancy_poses/1G10__ddhCTP/mutants/clean_1G10_ddhCTP_P001_LH10Y.pdb -c HL -lig MOL -o /Users/nf477/Projects_Natalia/GROMACS/gromacs_ab_ligand_toolkit/ab_ligand_md_8complexes/computational_DMS_top_occupancy_poses/1G10__ddhCTP/surfaces/LH10Y_output.csv -def /Users/nf477/Projects_Natalia/GROMACS/gromacs_ab_ligand_toolkit/ab_ligand_md_8complexes/computational_DMS_top_occupancy_poses/1G10__ddhCTP/surfaces_definition/custom_MOL_AMINO_FlexAID.def -dat /Users/nf477/Projects_Natalia/GROMACS/gromacs_ab_ligand_toolkit/ab_ligand_md_8complexes/Surfaces/FlexAID.dat

$ /Users/nf477/anaconda3/envs/nrgsuite/bin/python /Users/nf477/Projects_Natalia/GROMACS/gromacs_ab_ligand_toolkit/ab_ligand_md_8complexes/Surfaces/clean_structure.py -f 1G10_ddhCTP_P001_TH114A.pdb -def /Users/nf477/Projects_Natalia/GROMACS/gromacs_ab_ligand_toolkit/ab_ligand_md_8complexes/computational_DMS_top_occupancy_poses/1G10__ddhCTP/surfaces_definition/custom_MOL_AMINO_FlexAID.def

$ /Users/nf477/anaconda3/envs/nrgsuite/bin/python /Users/nf477/Projects_Natalia/GROMACS/gromacs_ab_ligand_toolkit/ab_ligand_md_8complexes/Surfaces/surface_cont_lig.py -f /Users/nf477/Projects_Natalia/GROMACS/gromacs_ab_ligand_toolkit/ab_ligand_md_8complexes/computational_DMS_top_occupancy_poses/1G10__ddhCTP/mutants/clean_1G10_ddhCTP_P001_TH114A.pdb -c HL -lig MOL -o /Users/nf477/Projects_Natalia/GROMACS/gromacs_ab_ligand_toolkit/ab_ligand_md_8complexes/computational_DMS_top_occupancy_poses/1G10__ddhCTP/surfaces/TH114A_output.csv -def /Users/nf477/Projects_Natalia/GROMACS/gromacs_ab_ligand_toolkit/ab_ligand_md_8complexes/computational_DMS_top_occupancy_poses/1G10__ddhCTP/surfaces_definition/custom_MOL_AMINO_FlexAID.def -dat /Users/nf477/Projects_Natalia/GROMACS/gromacs_ab_ligand_toolkit/ab_ligand_md_8complexes/Surfaces/FlexAID.dat

$ /Users/nf477/anaconda3/envs/nrgsuite/bin/python /Users/nf477/Projects_Natalia/GROMACS/gromacs_ab_ligand_toolkit/ab_ligand_md_8complexes/Surfaces/clean_structure.py -f 1G10_ddhCTP_P001_TH114C.pdb -def /Users/nf477/Projects_Natalia/GROMACS/gromacs_ab_ligand_toolkit/ab_ligand_md_8complexes/computational_DMS_top_occupancy_poses/1G10__ddhCTP/surfaces_definition/custom_MOL_AMINO_FlexAID.def

$ /Users/nf477/anaconda3/envs/nrgsuite/bin/python /Users/nf477/Projects_Natalia/GROMACS/gromacs_ab_ligand_toolkit/ab_ligand_md_8complexes/Surfaces/surface_cont_lig.py -f /Users/nf477/Projects_Natalia/GROMACS/gromacs_ab_ligand_toolkit/ab_ligand_md_8complexes/computational_DMS_top_occupancy_poses/1G10__ddhCTP/mutants/clean_1G10_ddhCTP_P001_TH114C.pdb -c HL -lig MOL -o /Users/nf477/Projects_Natalia/GROMACS/gromacs_ab_ligand_toolkit/ab_ligand_md_8complexes/computational_DMS_top_occupancy_poses/1G10__ddhCTP/surfaces/TH114C_output.csv -def /Users/nf477/Projects_Natalia/GROMACS/gromacs_ab_ligand_toolkit/ab_ligand_md_8complexes/computational_DMS_top_occupancy_poses/1G10__ddhCTP/surfaces_definition/custom_MOL_AMINO_FlexAID.def -dat /Users/nf477/Projects_Natalia/GROMACS/gromacs_ab_ligand_toolkit/ab_ligand_md_8complexes/Surfaces/FlexAID.dat

$ /Users/nf477/anaconda3/envs/nrgsuite/bin/python /Users/nf477/Projects_Natalia/GROMACS/gromacs_ab_ligand_toolkit/ab_ligand_md_8complexes/Surfaces/clean_structure.py -f 1G10_ddhCTP_P001_TH114D.pdb -def /Users/nf477/Projects_Natalia/GROMACS/gromacs_ab_ligand_toolkit/ab_ligand_md_8complexes/computational_DMS_top_occupancy_poses/1G10__ddhCTP/surfaces_definition/custom_MOL_AMINO_FlexAID.def

$ /Users/nf477/anaconda3/envs/nrgsuite/bin/python /Users/nf477/Projects_Natalia/GROMACS/gromacs_ab_ligand_toolkit/ab_ligand_md_8complexes/Surfaces/surface_cont_lig.py -f /Users/nf477/Projects_Natalia/GROMACS/gromacs_ab_ligand_toolkit/ab_ligand_md_8complexes/computational_DMS_top_occupancy_poses/1G10__ddhCTP/mutants/clean_1G10_ddhCTP_P001_TH114D.pdb -c HL -lig MOL -o /Users/nf477/Projects_Natalia/GROMACS/gromacs_ab_ligand_toolkit/ab_ligand_md_8complexes/computational_DMS_top_occupancy_poses/1G10__ddhCTP/surfaces/TH114D_output.csv -def /Users/nf477/Projects_Natalia/GROMACS/gromacs_ab_ligand_toolkit/ab_ligand_md_8complexes/computational_DMS_top_occupancy_poses/1G10__ddhCTP/surfaces_definition/custom_MOL_AMINO_FlexAID.def -dat /Users/nf477/Projects_Natalia/GROMACS/gromacs_ab_ligand_toolkit/ab_ligand_md_8complexes/Surfaces/FlexAID.dat

$ /Users/nf477/anaconda3/envs/nrgsuite/bin/python /Users/nf477/Projects_Natalia/GROMACS/gromacs_ab_ligand_toolkit/ab_ligand_md_8complexes/Surfaces/clean_structure.py -f 1G10_ddhCTP_P001_TH114E.pdb -def /Users/nf477/Projects_Natalia/GROMACS/gromacs_ab_ligand_toolkit/ab_ligand_md_8complexes/computational_DMS_top_occupancy_poses/1G10__ddhCTP/surfaces_definition/custom_MOL_AMINO_FlexAID.def

$ /Users/nf477/anaconda3/envs/nrgsuite/bin/python /Users/nf477/Projects_Natalia/GROMACS/gromacs_ab_ligand_toolkit/ab_ligand_md_8complexes/Surfaces/surface_cont_lig.py -f /Users/nf477/Projects_Natalia/GROMACS/gromacs_ab_ligand_toolkit/ab_ligand_md_8complexes/computational_DMS_top_occupancy_poses/1G10__ddhCTP/mutants/clean_1G10_ddhCTP_P001_TH114E.pdb -c HL -lig MOL -o /Users/nf477/Projects_Natalia/GROMACS/gromacs_ab_ligand_toolkit/ab_ligand_md_8complexes/computational_DMS_top_occupancy_poses/1G10__ddhCTP/surfaces/TH114E_output.csv -def /Users/nf477/Projects_Natalia/GROMACS/gromacs_ab_ligand_toolkit/ab_ligand_md_8complexes/computational_DMS_top_occupancy_poses/1G10__ddhCTP/surfaces_definition/custom_MOL_AMINO_FlexAID.def -dat /Users/nf477/Projects_Natalia/GROMACS/gromacs_ab_ligand_toolkit/ab_ligand_md_8complexes/Surfaces/FlexAID.dat

$ /Users/nf477/anaconda3/envs/nrgsuite/bin/python /Users/nf477/Projects_Natalia/GROMACS/gromacs_ab_ligand_toolkit/ab_ligand_md_8complexes/Surfaces/clean_structure.py -f 1G10_ddhCTP_P001_TH114F.pdb -def /Users/nf477/Projects_Natalia/GROMACS/gromacs_ab_ligand_toolkit/ab_ligand_md_8complexes/computational_DMS_top_occupancy_poses/1G10__ddhCTP/surfaces_definition/custom_MOL_AMINO_FlexAID.def

$ /Users/nf477/anaconda3/envs/nrgsuite/bin/python /Users/nf477/Projects_Natalia/GROMACS/gromacs_ab_ligand_toolkit/ab_ligand_md_8complexes/Surfaces/surface_cont_lig.py -f /Users/nf477/Projects_Natalia/GROMACS/gromacs_ab_ligand_toolkit/ab_ligand_md_8complexes/computational_DMS_top_occupancy_poses/1G10__ddhCTP/mutants/clean_1G10_ddhCTP_P001_TH114F.pdb -c HL -lig MOL -o /Users/nf477/Projects_Natalia/GROMACS/gromacs_ab_ligand_toolkit/ab_ligand_md_8complexes/computational_DMS_top_occupancy_poses/1G10__ddhCTP/surfaces/TH114F_output.csv -def /Users/nf477/Projects_Natalia/GROMACS/gromacs_ab_ligand_toolkit/ab_ligand_md_8complexes/computational_DMS_top_occupancy_poses/1G10__ddhCTP/surfaces_definition/custom_MOL_AMINO_FlexAID.def -dat /Users/nf477/Projects_Natalia/GROMACS/gromacs_ab_ligand_toolkit/ab_ligand_md_8complexes/Surfaces/FlexAID.dat

$ /Users/nf477/anaconda3/envs/nrgsuite/bin/python /Users/nf477/Projects_Natalia/GROMACS/gromacs_ab_ligand_toolkit/ab_ligand_md_8complexes/Surfaces/clean_structure.py -f 1G10_ddhCTP_P001_TH114G.pdb -def /Users/nf477/Projects_Natalia/GROMACS/gromacs_ab_ligand_toolkit/ab_ligand_md_8complexes/computational_DMS_top_occupancy_poses/1G10__ddhCTP/surfaces_definition/custom_MOL_AMINO_FlexAID.def

$ /Users/nf477/anaconda3/envs/nrgsuite/bin/python /Users/nf477/Projects_Natalia/GROMACS/gromacs_ab_ligand_toolkit/ab_ligand_md_8complexes/Surfaces/surface_cont_lig.py -f /Users/nf477/Projects_Natalia/GROMACS/gromacs_ab_ligand_toolkit/ab_ligand_md_8complexes/computational_DMS_top_occupancy_poses/1G10__ddhCTP/mutants/clean_1G10_ddhCTP_P001_TH114G.pdb -c HL -lig MOL -o /Users/nf477/Projects_Natalia/GROMACS/gromacs_ab_ligand_toolkit/ab_ligand_md_8complexes/computational_DMS_top_occupancy_poses/1G10__ddhCTP/surfaces/TH114G_output.csv -def /Users/nf477/Projects_Natalia/GROMACS/gromacs_ab_ligand_toolkit/ab_ligand_md_8complexes/computational_DMS_top_occupancy_poses/1G10__ddhCTP/surfaces_definition/custom_MOL_AMINO_FlexAID.def -dat /Users/nf477/Projects_Natalia/GROMACS/gromacs_ab_ligand_toolkit/ab_ligand_md_8complexes/Surfaces/FlexAID.dat

$ /Users/nf477/anaconda3/envs/nrgsuite/bin/python /Users/nf477/Projects_Natalia/GROMACS/gromacs_ab_ligand_toolkit/ab_ligand_md_8complexes/Surfaces/clean_structure.py -f 1G10_ddhCTP_P001_TH114H.pdb -def /Users/nf477/Projects_Natalia/GROMACS/gromacs_ab_ligand_toolkit/ab_ligand_md_8complexes/computational_DMS_top_occupancy_poses/1G10__ddhCTP/surfaces_definition/custom_MOL_AMINO_FlexAID.def

$ /Users/nf477/anaconda3/envs/nrgsuite/bin/python /Users/nf477/Projects_Natalia/GROMACS/gromacs_ab_ligand_toolkit/ab_ligand_md_8complexes/Surfaces/surface_cont_lig.py -f /Users/nf477/Projects_Natalia/GROMACS/gromacs_ab_ligand_toolkit/ab_ligand_md_8complexes/computational_DMS_top_occupancy_poses/1G10__ddhCTP/mutants/clean_1G10_ddhCTP_P001_TH114H.pdb -c HL -lig MOL -o /Users/nf477/Projects_Natalia/GROMACS/gromacs_ab_ligand_toolkit/ab_ligand_md_8complexes/computational_DMS_top_occupancy_poses/1G10__ddhCTP/surfaces/TH114H_output.csv -def /Users/nf477/Projects_Natalia/GROMACS/gromacs_ab_ligand_toolkit/ab_ligand_md_8complexes/computational_DMS_top_occupancy_poses/1G10__ddhCTP/surfaces_definition/custom_MOL_AMINO_FlexAID.def -dat /Users/nf477/Projects_Natalia/GROMACS/gromacs_ab_ligand_toolkit/ab_ligand_md_8complexes/Surfaces/FlexAID.dat

$ /Users/nf477/anaconda3/envs/nrgsuite/bin/python /Users/nf477/Projects_Natalia/GROMACS/gromacs_ab_ligand_toolkit/ab_ligand_md_8complexes/Surfaces/clean_structure.py -f 1G10_ddhCTP_P001_TH114I.pdb -def /Users/nf477/Projects_Natalia/GROMACS/gromacs_ab_ligand_toolkit/ab_ligand_md_8complexes/computational_DMS_top_occupancy_poses/1G10__ddhCTP/surfaces_definition/custom_MOL_AMINO_FlexAID.def

$ /Users/nf477/anaconda3/envs/nrgsuite/bin/python /Users/nf477/Projects_Natalia/GROMACS/gromacs_ab_ligand_toolkit/ab_ligand_md_8complexes/Surfaces/surface_cont_lig.py -f /Users/nf477/Projects_Natalia/GROMACS/gromacs_ab_ligand_toolkit/ab_ligand_md_8complexes/computational_DMS_top_occupancy_poses/1G10__ddhCTP/mutants/clean_1G10_ddhCTP_P001_TH114I.pdb -c HL -lig MOL -o /Users/nf477/Projects_Natalia/GROMACS/gromacs_ab_ligand_toolkit/ab_ligand_md_8complexes/computational_DMS_top_occupancy_poses/1G10__ddhCTP/surfaces/TH114I_output.csv -def /Users/nf477/Projects_Natalia/GROMACS/gromacs_ab_ligand_toolkit/ab_ligand_md_8complexes/computational_DMS_top_occupancy_poses/1G10__ddhCTP/surfaces_definition/custom_MOL_AMINO_FlexAID.def -dat /Users/nf477/Projects_Natalia/GROMACS/gromacs_ab_ligand_toolkit/ab_ligand_md_8complexes/Surfaces/FlexAID.dat

$ /Users/nf477/anaconda3/envs/nrgsuite/bin/python /Users/nf477/Projects_Natalia/GROMACS/gromacs_ab_ligand_toolkit/ab_ligand_md_8complexes/Surfaces/clean_structure.py -f 1G10_ddhCTP_P001_TH114K.pdb -def /Users/nf477/Projects_Natalia/GROMACS/gromacs_ab_ligand_toolkit/ab_ligand_md_8complexes/computational_DMS_top_occupancy_poses/1G10__ddhCTP/surfaces_definition/custom_MOL_AMINO_FlexAID.def

$ /Users/nf477/anaconda3/envs/nrgsuite/bin/python /Users/nf477/Projects_Natalia/GROMACS/gromacs_ab_ligand_toolkit/ab_ligand_md_8complexes/Surfaces/surface_cont_lig.py -f /Users/nf477/Projects_Natalia/GROMACS/gromacs_ab_ligand_toolkit/ab_ligand_md_8complexes/computational_DMS_top_occupancy_poses/1G10__ddhCTP/mutants/clean_1G10_ddhCTP_P001_TH114K.pdb -c HL -lig MOL -o /Users/nf477/Projects_Natalia/GROMACS/gromacs_ab_ligand_toolkit/ab_ligand_md_8complexes/computational_DMS_top_occupancy_poses/1G10__ddhCTP/surfaces/TH114K_output.csv -def /Users/nf477/Projects_Natalia/GROMACS/gromacs_ab_ligand_toolkit/ab_ligand_md_8complexes/computational_DMS_top_occupancy_poses/1G10__ddhCTP/surfaces_definition/custom_MOL_AMINO_FlexAID.def -dat /Users/nf477/Projects_Natalia/GROMACS/gromacs_ab_ligand_toolkit/ab_ligand_md_8complexes/Surfaces/FlexAID.dat

$ /Users/nf477/anaconda3/envs/nrgsuite/bin/python /Users/nf477/Projects_Natalia/GROMACS/gromacs_ab_ligand_toolkit/ab_ligand_md_8complexes/Surfaces/clean_structure.py -f 1G10_ddhCTP_P001_TH114L.pdb -def /Users/nf477/Projects_Natalia/GROMACS/gromacs_ab_ligand_toolkit/ab_ligand_md_8complexes/computational_DMS_top_occupancy_poses/1G10__ddhCTP/surfaces_definition/custom_MOL_AMINO_FlexAID.def

$ /Users/nf477/anaconda3/envs/nrgsuite/bin/python /Users/nf477/Projects_Natalia/GROMACS/gromacs_ab_ligand_toolkit/ab_ligand_md_8complexes/Surfaces/surface_cont_lig.py -f /Users/nf477/Projects_Natalia/GROMACS/gromacs_ab_ligand_toolkit/ab_ligand_md_8complexes/computational_DMS_top_occupancy_poses/1G10__ddhCTP/mutants/clean_1G10_ddhCTP_P001_TH114L.pdb -c HL -lig MOL -o /Users/nf477/Projects_Natalia/GROMACS/gromacs_ab_ligand_toolkit/ab_ligand_md_8complexes/computational_DMS_top_occupancy_poses/1G10__ddhCTP/surfaces/TH114L_output.csv -def /Users/nf477/Projects_Natalia/GROMACS/gromacs_ab_ligand_toolkit/ab_ligand_md_8complexes/computational_DMS_top_occupancy_poses/1G10__ddhCTP/surfaces_definition/custom_MOL_AMINO_FlexAID.def -dat /Users/nf477/Projects_Natalia/GROMACS/gromacs_ab_ligand_toolkit/ab_ligand_md_8complexes/Surfaces/FlexAID.dat

$ /Users/nf477/anaconda3/envs/nrgsuite/bin/python /Users/nf477/Projects_Natalia/GROMACS/gromacs_ab_ligand_toolkit/ab_ligand_md_8complexes/Surfaces/clean_structure.py -f 1G10_ddhCTP_P001_TH114M.pdb -def /Users/nf477/Projects_Natalia/GROMACS/gromacs_ab_ligand_toolkit/ab_ligand_md_8complexes/computational_DMS_top_occupancy_poses/1G10__ddhCTP/surfaces_definition/custom_MOL_AMINO_FlexAID.def

$ /Users/nf477/anaconda3/envs/nrgsuite/bin/python /Users/nf477/Projects_Natalia/GROMACS/gromacs_ab_ligand_toolkit/ab_ligand_md_8complexes/Surfaces/surface_cont_lig.py -f /Users/nf477/Projects_Natalia/GROMACS/gromacs_ab_ligand_toolkit/ab_ligand_md_8complexes/computational_DMS_top_occupancy_poses/1G10__ddhCTP/mutants/clean_1G10_ddhCTP_P001_TH114M.pdb -c HL -lig MOL -o /Users/nf477/Projects_Natalia/GROMACS/gromacs_ab_ligand_toolkit/ab_ligand_md_8complexes/computational_DMS_top_occupancy_poses/1G10__ddhCTP/surfaces/TH114M_output.csv -def /Users/nf477/Projects_Natalia/GROMACS/gromacs_ab_ligand_toolkit/ab_ligand_md_8complexes/computational_DMS_top_occupancy_poses/1G10__ddhCTP/surfaces_definition/custom_MOL_AMINO_FlexAID.def -dat /Users/nf477/Projects_Natalia/GROMACS/gromacs_ab_ligand_toolkit/ab_ligand_md_8complexes/Surfaces/FlexAID.dat

$ /Users/nf477/anaconda3/envs/nrgsuite/bin/python /Users/nf477/Projects_Natalia/GROMACS/gromacs_ab_ligand_toolkit/ab_ligand_md_8complexes/Surfaces/clean_structure.py -f 1G10_ddhCTP_P001_TH114N.pdb -def /Users/nf477/Projects_Natalia/GROMACS/gromacs_ab_ligand_toolkit/ab_ligand_md_8complexes/computational_DMS_top_occupancy_poses/1G10__ddhCTP/surfaces_definition/custom_MOL_AMINO_FlexAID.def

$ /Users/nf477/anaconda3/envs/nrgsuite/bin/python /Users/nf477/Projects_Natalia/GROMACS/gromacs_ab_ligand_toolkit/ab_ligand_md_8complexes/Surfaces/surface_cont_lig.py -f /Users/nf477/Projects_Natalia/GROMACS/gromacs_ab_ligand_toolkit/ab_ligand_md_8complexes/computational_DMS_top_occupancy_poses/1G10__ddhCTP/mutants/clean_1G10_ddhCTP_P001_TH114N.pdb -c HL -lig MOL -o /Users/nf477/Projects_Natalia/GROMACS/gromacs_ab_ligand_toolkit/ab_ligand_md_8complexes/computational_DMS_top_occupancy_poses/1G10__ddhCTP/surfaces/TH114N_output.csv -def /Users/nf477/Projects_Natalia/GROMACS/gromacs_ab_ligand_toolkit/ab_ligand_md_8complexes/computational_DMS_top_occupancy_poses/1G10__ddhCTP/surfaces_definition/custom_MOL_AMINO_FlexAID.def -dat /Users/nf477/Projects_Natalia/GROMACS/gromacs_ab_ligand_toolkit/ab_ligand_md_8complexes/Surfaces/FlexAID.dat

$ /Users/nf477/anaconda3/envs/nrgsuite/bin/python /Users/nf477/Projects_Natalia/GROMACS/gromacs_ab_ligand_toolkit/ab_ligand_md_8complexes/Surfaces/clean_structure.py -f 1G10_ddhCTP_P001_TH114P.pdb -def /Users/nf477/Projects_Natalia/GROMACS/gromacs_ab_ligand_toolkit/ab_ligand_md_8complexes/computational_DMS_top_occupancy_poses/1G10__ddhCTP/surfaces_definition/custom_MOL_AMINO_FlexAID.def

$ /Users/nf477/anaconda3/envs/nrgsuite/bin/python /Users/nf477/Projects_Natalia/GROMACS/gromacs_ab_ligand_toolkit/ab_ligand_md_8complexes/Surfaces/surface_cont_lig.py -f /Users/nf477/Projects_Natalia/GROMACS/gromacs_ab_ligand_toolkit/ab_ligand_md_8complexes/computational_DMS_top_occupancy_poses/1G10__ddhCTP/mutants/clean_1G10_ddhCTP_P001_TH114P.pdb -c HL -lig MOL -o /Users/nf477/Projects_Natalia/GROMACS/gromacs_ab_ligand_toolkit/ab_ligand_md_8complexes/computational_DMS_top_occupancy_poses/1G10__ddhCTP/surfaces/TH114P_output.csv -def /Users/nf477/Projects_Natalia/GROMACS/gromacs_ab_ligand_toolkit/ab_ligand_md_8complexes/computational_DMS_top_occupancy_poses/1G10__ddhCTP/surfaces_definition/custom_MOL_AMINO_FlexAID.def -dat /Users/nf477/Projects_Natalia/GROMACS/gromacs_ab_ligand_toolkit/ab_ligand_md_8complexes/Surfaces/FlexAID.dat

$ /Users/nf477/anaconda3/envs/nrgsuite/bin/python /Users/nf477/Projects_Natalia/GROMACS/gromacs_ab_ligand_toolkit/ab_ligand_md_8complexes/Surfaces/clean_structure.py -f 1G10_ddhCTP_P001_TH114Q.pdb -def /Users/nf477/Projects_Natalia/GROMACS/gromacs_ab_ligand_toolkit/ab_ligand_md_8complexes/computational_DMS_top_occupancy_poses/1G10__ddhCTP/surfaces_definition/custom_MOL_AMINO_FlexAID.def

$ /Users/nf477/anaconda3/envs/nrgsuite/bin/python /Users/nf477/Projects_Natalia/GROMACS/gromacs_ab_ligand_toolkit/ab_ligand_md_8complexes/Surfaces/surface_cont_lig.py -f /Users/nf477/Projects_Natalia/GROMACS/gromacs_ab_ligand_toolkit/ab_ligand_md_8complexes/computational_DMS_top_occupancy_poses/1G10__ddhCTP/mutants/clean_1G10_ddhCTP_P001_TH114Q.pdb -c HL -lig MOL -o /Users/nf477/Projects_Natalia/GROMACS/gromacs_ab_ligand_toolkit/ab_ligand_md_8complexes/computational_DMS_top_occupancy_poses/1G10__ddhCTP/surfaces/TH114Q_output.csv -def /Users/nf477/Projects_Natalia/GROMACS/gromacs_ab_ligand_toolkit/ab_ligand_md_8complexes/computational_DMS_top_occupancy_poses/1G10__ddhCTP/surfaces_definition/custom_MOL_AMINO_FlexAID.def -dat /Users/nf477/Projects_Natalia/GROMACS/gromacs_ab_ligand_toolkit/ab_ligand_md_8complexes/Surfaces/FlexAID.dat

$ /Users/nf477/anaconda3/envs/nrgsuite/bin/python /Users/nf477/Projects_Natalia/GROMACS/gromacs_ab_ligand_toolkit/ab_ligand_md_8complexes/Surfaces/clean_structure.py -f 1G10_ddhCTP_P001_TH114R.pdb -def /Users/nf477/Projects_Natalia/GROMACS/gromacs_ab_ligand_toolkit/ab_ligand_md_8complexes/computational_DMS_top_occupancy_poses/1G10__ddhCTP/surfaces_definition/custom_MOL_AMINO_FlexAID.def

$ /Users/nf477/anaconda3/envs/nrgsuite/bin/python /Users/nf477/Projects_Natalia/GROMACS/gromacs_ab_ligand_toolkit/ab_ligand_md_8complexes/Surfaces/surface_cont_lig.py -f /Users/nf477/Projects_Natalia/GROMACS/gromacs_ab_ligand_toolkit/ab_ligand_md_8complexes/computational_DMS_top_occupancy_poses/1G10__ddhCTP/mutants/clean_1G10_ddhCTP_P001_TH114R.pdb -c HL -lig MOL -o /Users/nf477/Projects_Natalia/GROMACS/gromacs_ab_ligand_toolkit/ab_ligand_md_8complexes/computational_DMS_top_occupancy_poses/1G10__ddhCTP/surfaces/TH114R_output.csv -def /Users/nf477/Projects_Natalia/GROMACS/gromacs_ab_ligand_toolkit/ab_ligand_md_8complexes/computational_DMS_top_occupancy_poses/1G10__ddhCTP/surfaces_definition/custom_MOL_AMINO_FlexAID.def -dat /Users/nf477/Projects_Natalia/GROMACS/gromacs_ab_ligand_toolkit/ab_ligand_md_8complexes/Surfaces/FlexAID.dat

$ /Users/nf477/anaconda3/envs/nrgsuite/bin/python /Users/nf477/Projects_Natalia/GROMACS/gromacs_ab_ligand_toolkit/ab_ligand_md_8complexes/Surfaces/clean_structure.py -f 1G10_ddhCTP_P001_TH114S.pdb -def /Users/nf477/Projects_Natalia/GROMACS/gromacs_ab_ligand_toolkit/ab_ligand_md_8complexes/computational_DMS_top_occupancy_poses/1G10__ddhCTP/surfaces_definition/custom_MOL_AMINO_FlexAID.def

$ /Users/nf477/anaconda3/envs/nrgsuite/bin/python /Users/nf477/Projects_Natalia/GROMACS/gromacs_ab_ligand_toolkit/ab_ligand_md_8complexes/Surfaces/surface_cont_lig.py -f /Users/nf477/Projects_Natalia/GROMACS/gromacs_ab_ligand_toolkit/ab_ligand_md_8complexes/computational_DMS_top_occupancy_poses/1G10__ddhCTP/mutants/clean_1G10_ddhCTP_P001_TH114S.pdb -c HL -lig MOL -o /Users/nf477/Projects_Natalia/GROMACS/gromacs_ab_ligand_toolkit/ab_ligand_md_8complexes/computational_DMS_top_occupancy_poses/1G10__ddhCTP/surfaces/TH114S_output.csv -def /Users/nf477/Projects_Natalia/GROMACS/gromacs_ab_ligand_toolkit/ab_ligand_md_8complexes/computational_DMS_top_occupancy_poses/1G10__ddhCTP/surfaces_definition/custom_MOL_AMINO_FlexAID.def -dat /Users/nf477/Projects_Natalia/GROMACS/gromacs_ab_ligand_toolkit/ab_ligand_md_8complexes/Surfaces/FlexAID.dat

$ /Users/nf477/anaconda3/envs/nrgsuite/bin/python /Users/nf477/Projects_Natalia/GROMACS/gromacs_ab_ligand_toolkit/ab_ligand_md_8complexes/Surfaces/clean_structure.py -f 1G10_ddhCTP_P001_TH114T.pdb -def /Users/nf477/Projects_Natalia/GROMACS/gromacs_ab_ligand_toolkit/ab_ligand_md_8complexes/computational_DMS_top_occupancy_poses/1G10__ddhCTP/surfaces_definition/custom_MOL_AMINO_FlexAID.def

$ /Users/nf477/anaconda3/envs/nrgsuite/bin/python /Users/nf477/Projects_Natalia/GROMACS/gromacs_ab_ligand_toolkit/ab_ligand_md_8complexes/Surfaces/surface_cont_lig.py -f /Users/nf477/Projects_Natalia/GROMACS/gromacs_ab_ligand_toolkit/ab_ligand_md_8complexes/computational_DMS_top_occupancy_poses/1G10__ddhCTP/mutants/clean_1G10_ddhCTP_P001_TH114T.pdb -c HL -lig MOL -o /Users/nf477/Projects_Natalia/GROMACS/gromacs_ab_ligand_toolkit/ab_ligand_md_8complexes/computational_DMS_top_occupancy_poses/1G10__ddhCTP/surfaces/TH114T_output.csv -def /Users/nf477/Projects_Natalia/GROMACS/gromacs_ab_ligand_toolkit/ab_ligand_md_8complexes/computational_DMS_top_occupancy_poses/1G10__ddhCTP/surfaces_definition/custom_MOL_AMINO_FlexAID.def -dat /Users/nf477/Projects_Natalia/GROMACS/gromacs_ab_ligand_toolkit/ab_ligand_md_8complexes/Surfaces/FlexAID.dat

$ /Users/nf477/anaconda3/envs/nrgsuite/bin/python /Users/nf477/Projects_Natalia/GROMACS/gromacs_ab_ligand_toolkit/ab_ligand_md_8complexes/Surfaces/clean_structure.py -f 1G10_ddhCTP_P001_TH114V.pdb -def /Users/nf477/Projects_Natalia/GROMACS/gromacs_ab_ligand_toolkit/ab_ligand_md_8complexes/computational_DMS_top_occupancy_poses/1G10__ddhCTP/surfaces_definition/custom_MOL_AMINO_FlexAID.def

$ /Users/nf477/anaconda3/envs/nrgsuite/bin/python /Users/nf477/Projects_Natalia/GROMACS/gromacs_ab_ligand_toolkit/ab_ligand_md_8complexes/Surfaces/surface_cont_lig.py -f /Users/nf477/Projects_Natalia/GROMACS/gromacs_ab_ligand_toolkit/ab_ligand_md_8complexes/computational_DMS_top_occupancy_poses/1G10__ddhCTP/mutants/clean_1G10_ddhCTP_P001_TH114V.pdb -c HL -lig MOL -o /Users/nf477/Projects_Natalia/GROMACS/gromacs_ab_ligand_toolkit/ab_ligand_md_8complexes/computational_DMS_top_occupancy_poses/1G10__ddhCTP/surfaces/TH114V_output.csv -def /Users/nf477/Projects_Natalia/GROMACS/gromacs_ab_ligand_toolkit/ab_ligand_md_8complexes/computational_DMS_top_occupancy_poses/1G10__ddhCTP/surfaces_definition/custom_MOL_AMINO_FlexAID.def -dat /Users/nf477/Projects_Natalia/GROMACS/gromacs_ab_ligand_toolkit/ab_ligand_md_8complexes/Surfaces/FlexAID.dat

$ /Users/nf477/anaconda3/envs/nrgsuite/bin/python /Users/nf477/Projects_Natalia/GROMACS/gromacs_ab_ligand_toolkit/ab_ligand_md_8complexes/Surfaces/clean_structure.py -f 1G10_ddhCTP_P001_TH114W.pdb -def /Users/nf477/Projects_Natalia/GROMACS/gromacs_ab_ligand_toolkit/ab_ligand_md_8complexes/computational_DMS_top_occupancy_poses/1G10__ddhCTP/surfaces_definition/custom_MOL_AMINO_FlexAID.def

$ /Users/nf477/anaconda3/envs/nrgsuite/bin/python /Users/nf477/Projects_Natalia/GROMACS/gromacs_ab_ligand_toolkit/ab_ligand_md_8complexes/Surfaces/surface_cont_lig.py -f /Users/nf477/Projects_Natalia/GROMACS/gromacs_ab_ligand_toolkit/ab_ligand_md_8complexes/computational_DMS_top_occupancy_poses/1G10__ddhCTP/mutants/clean_1G10_ddhCTP_P001_TH114W.pdb -c HL -lig MOL -o /Users/nf477/Projects_Natalia/GROMACS/gromacs_ab_ligand_toolkit/ab_ligand_md_8complexes/computational_DMS_top_occupancy_poses/1G10__ddhCTP/surfaces/TH114W_output.csv -def /Users/nf477/Projects_Natalia/GROMACS/gromacs_ab_ligand_toolkit/ab_ligand_md_8complexes/computational_DMS_top_occupancy_poses/1G10__ddhCTP/surfaces_definition/custom_MOL_AMINO_FlexAID.def -dat /Users/nf477/Projects_Natalia/GROMACS/gromacs_ab_ligand_toolkit/ab_ligand_md_8complexes/Surfaces/FlexAID.dat

$ /Users/nf477/anaconda3/envs/nrgsuite/bin/python /Users/nf477/Projects_Natalia/GROMACS/gromacs_ab_ligand_toolkit/ab_ligand_md_8complexes/Surfaces/clean_structure.py -f 1G10_ddhCTP_P001_TH114Y.pdb -def /Users/nf477/Projects_Natalia/GROMACS/gromacs_ab_ligand_toolkit/ab_ligand_md_8complexes/computational_DMS_top_occupancy_poses/1G10__ddhCTP/surfaces_definition/custom_MOL_AMINO_FlexAID.def

$ /Users/nf477/anaconda3/envs/nrgsuite/bin/python /Users/nf477/Projects_Natalia/GROMACS/gromacs_ab_ligand_toolkit/ab_ligand_md_8complexes/Surfaces/surface_cont_lig.py -f /Users/nf477/Projects_Natalia/GROMACS/gromacs_ab_ligand_toolkit/ab_ligand_md_8complexes/computational_DMS_top_occupancy_poses/1G10__ddhCTP/mutants/clean_1G10_ddhCTP_P001_TH114Y.pdb -c HL -lig MOL -o /Users/nf477/Projects_Natalia/GROMACS/gromacs_ab_ligand_toolkit/ab_ligand_md_8complexes/computational_DMS_top_occupancy_poses/1G10__ddhCTP/surfaces/TH114Y_output.csv -def /Users/nf477/Projects_Natalia/GROMACS/gromacs_ab_ligand_toolkit/ab_ligand_md_8complexes/computational_DMS_top_occupancy_poses/1G10__ddhCTP/surfaces_definition/custom_MOL_AMINO_FlexAID.def -dat /Users/nf477/Projects_Natalia/GROMACS/gromacs_ab_ligand_toolkit/ab_ligand_md_8complexes/Surfaces/FlexAID.dat

$ /Users/nf477/anaconda3/envs/nrgsuite/bin/python /Users/nf477/Projects_Natalia/GROMACS/gromacs_ab_ligand_toolkit/ab_ligand_md_8complexes/Surfaces/clean_structure.py -f 1G10_ddhCTP_P001_SH116A.pdb -def /Users/nf477/Projects_Natalia/GROMACS/gromacs_ab_ligand_toolkit/ab_ligand_md_8complexes/computational_DMS_top_occupancy_poses/1G10__ddhCTP/surfaces_definition/custom_MOL_AMINO_FlexAID.def

$ /Users/nf477/anaconda3/envs/nrgsuite/bin/python /Users/nf477/Projects_Natalia/GROMACS/gromacs_ab_ligand_toolkit/ab_ligand_md_8complexes/Surfaces/surface_cont_lig.py -f /Users/nf477/Projects_Natalia/GROMACS/gromacs_ab_ligand_toolkit/ab_ligand_md_8complexes/computational_DMS_top_occupancy_poses/1G10__ddhCTP/mutants/clean_1G10_ddhCTP_P001_SH116A.pdb -c HL -lig MOL -o /Users/nf477/Projects_Natalia/GROMACS/gromacs_ab_ligand_toolkit/ab_ligand_md_8complexes/computational_DMS_top_occupancy_poses/1G10__ddhCTP/surfaces/SH116A_output.csv -def /Users/nf477/Projects_Natalia/GROMACS/gromacs_ab_ligand_toolkit/ab_ligand_md_8complexes/computational_DMS_top_occupancy_poses/1G10__ddhCTP/surfaces_definition/custom_MOL_AMINO_FlexAID.def -dat /Users/nf477/Projects_Natalia/GROMACS/gromacs_ab_ligand_toolkit/ab_ligand_md_8complexes/Surfaces/FlexAID.dat

$ /Users/nf477/anaconda3/envs/nrgsuite/bin/python /Users/nf477/Projects_Natalia/GROMACS/gromacs_ab_ligand_toolkit/ab_ligand_md_8complexes/Surfaces/clean_structure.py -f 1G10_ddhCTP_P001_SH116C.pdb -def /Users/nf477/Projects_Natalia/GROMACS/gromacs_ab_ligand_toolkit/ab_ligand_md_8complexes/computational_DMS_top_occupancy_poses/1G10__ddhCTP/surfaces_definition/custom_MOL_AMINO_FlexAID.def

$ /Users/nf477/anaconda3/envs/nrgsuite/bin/python /Users/nf477/Projects_Natalia/GROMACS/gromacs_ab_ligand_toolkit/ab_ligand_md_8complexes/Surfaces/surface_cont_lig.py -f /Users/nf477/Projects_Natalia/GROMACS/gromacs_ab_ligand_toolkit/ab_ligand_md_8complexes/computational_DMS_top_occupancy_poses/1G10__ddhCTP/mutants/clean_1G10_ddhCTP_P001_SH116C.pdb -c HL -lig MOL -o /Users/nf477/Projects_Natalia/GROMACS/gromacs_ab_ligand_toolkit/ab_ligand_md_8complexes/computational_DMS_top_occupancy_poses/1G10__ddhCTP/surfaces/SH116C_output.csv -def /Users/nf477/Projects_Natalia/GROMACS/gromacs_ab_ligand_toolkit/ab_ligand_md_8complexes/computational_DMS_top_occupancy_poses/1G10__ddhCTP/surfaces_definition/custom_MOL_AMINO_FlexAID.def -dat /Users/nf477/Projects_Natalia/GROMACS/gromacs_ab_ligand_toolkit/ab_ligand_md_8complexes/Surfaces/FlexAID.dat

$ /Users/nf477/anaconda3/envs/nrgsuite/bin/python /Users/nf477/Projects_Natalia/GROMACS/gromacs_ab_ligand_toolkit/ab_ligand_md_8complexes/Surfaces/clean_structure.py -f 1G10_ddhCTP_P001_SH116D.pdb -def /Users/nf477/Projects_Natalia/GROMACS/gromacs_ab_ligand_toolkit/ab_ligand_md_8complexes/computational_DMS_top_occupancy_poses/1G10__ddhCTP/surfaces_definition/custom_MOL_AMINO_FlexAID.def

$ /Users/nf477/anaconda3/envs/nrgsuite/bin/python /Users/nf477/Projects_Natalia/GROMACS/gromacs_ab_ligand_toolkit/ab_ligand_md_8complexes/Surfaces/surface_cont_lig.py -f /Users/nf477/Projects_Natalia/GROMACS/gromacs_ab_ligand_toolkit/ab_ligand_md_8complexes/computational_DMS_top_occupancy_poses/1G10__ddhCTP/mutants/clean_1G10_ddhCTP_P001_SH116D.pdb -c HL -lig MOL -o /Users/nf477/Projects_Natalia/GROMACS/gromacs_ab_ligand_toolkit/ab_ligand_md_8complexes/computational_DMS_top_occupancy_poses/1G10__ddhCTP/surfaces/SH116D_output.csv -def /Users/nf477/Projects_Natalia/GROMACS/gromacs_ab_ligand_toolkit/ab_ligand_md_8complexes/computational_DMS_top_occupancy_poses/1G10__ddhCTP/surfaces_definition/custom_MOL_AMINO_FlexAID.def -dat /Users/nf477/Projects_Natalia/GROMACS/gromacs_ab_ligand_toolkit/ab_ligand_md_8complexes/Surfaces/FlexAID.dat

$ /Users/nf477/anaconda3/envs/nrgsuite/bin/python /Users/nf477/Projects_Natalia/GROMACS/gromacs_ab_ligand_toolkit/ab_ligand_md_8complexes/Surfaces/clean_structure.py -f 1G10_ddhCTP_P001_SH116E.pdb -def /Users/nf477/Projects_Natalia/GROMACS/gromacs_ab_ligand_toolkit/ab_ligand_md_8complexes/computational_DMS_top_occupancy_poses/1G10__ddhCTP/surfaces_definition/custom_MOL_AMINO_FlexAID.def

$ /Users/nf477/anaconda3/envs/nrgsuite/bin/python /Users/nf477/Projects_Natalia/GROMACS/gromacs_ab_ligand_toolkit/ab_ligand_md_8complexes/Surfaces/surface_cont_lig.py -f /Users/nf477/Projects_Natalia/GROMACS/gromacs_ab_ligand_toolkit/ab_ligand_md_8complexes/computational_DMS_top_occupancy_poses/1G10__ddhCTP/mutants/clean_1G10_ddhCTP_P001_SH116E.pdb -c HL -lig MOL -o /Users/nf477/Projects_Natalia/GROMACS/gromacs_ab_ligand_toolkit/ab_ligand_md_8complexes/computational_DMS_top_occupancy_poses/1G10__ddhCTP/surfaces/SH116E_output.csv -def /Users/nf477/Projects_Natalia/GROMACS/gromacs_ab_ligand_toolkit/ab_ligand_md_8complexes/computational_DMS_top_occupancy_poses/1G10__ddhCTP/surfaces_definition/custom_MOL_AMINO_FlexAID.def -dat /Users/nf477/Projects_Natalia/GROMACS/gromacs_ab_ligand_toolkit/ab_ligand_md_8complexes/Surfaces/FlexAID.dat

$ /Users/nf477/anaconda3/envs/nrgsuite/bin/python /Users/nf477/Projects_Natalia/GROMACS/gromacs_ab_ligand_toolkit/ab_ligand_md_8complexes/Surfaces/clean_structure.py -f 1G10_ddhCTP_P001_SH116F.pdb -def /Users/nf477/Projects_Natalia/GROMACS/gromacs_ab_ligand_toolkit/ab_ligand_md_8complexes/computational_DMS_top_occupancy_poses/1G10__ddhCTP/surfaces_definition/custom_MOL_AMINO_FlexAID.def

$ /Users/nf477/anaconda3/envs/nrgsuite/bin/python /Users/nf477/Projects_Natalia/GROMACS/gromacs_ab_ligand_toolkit/ab_ligand_md_8complexes/Surfaces/surface_cont_lig.py -f /Users/nf477/Projects_Natalia/GROMACS/gromacs_ab_ligand_toolkit/ab_ligand_md_8complexes/computational_DMS_top_occupancy_poses/1G10__ddhCTP/mutants/clean_1G10_ddhCTP_P001_SH116F.pdb -c HL -lig MOL -o /Users/nf477/Projects_Natalia/GROMACS/gromacs_ab_ligand_toolkit/ab_ligand_md_8complexes/computational_DMS_top_occupancy_poses/1G10__ddhCTP/surfaces/SH116F_output.csv -def /Users/nf477/Projects_Natalia/GROMACS/gromacs_ab_ligand_toolkit/ab_ligand_md_8complexes/computational_DMS_top_occupancy_poses/1G10__ddhCTP/surfaces_definition/custom_MOL_AMINO_FlexAID.def -dat /Users/nf477/Projects_Natalia/GROMACS/gromacs_ab_ligand_toolkit/ab_ligand_md_8complexes/Surfaces/FlexAID.dat

$ /Users/nf477/anaconda3/envs/nrgsuite/bin/python /Users/nf477/Projects_Natalia/GROMACS/gromacs_ab_ligand_toolkit/ab_ligand_md_8complexes/Surfaces/clean_structure.py -f 1G10_ddhCTP_P001_SH116G.pdb -def /Users/nf477/Projects_Natalia/GROMACS/gromacs_ab_ligand_toolkit/ab_ligand_md_8complexes/computational_DMS_top_occupancy_poses/1G10__ddhCTP/surfaces_definition/custom_MOL_AMINO_FlexAID.def

$ /Users/nf477/anaconda3/envs/nrgsuite/bin/python /Users/nf477/Projects_Natalia/GROMACS/gromacs_ab_ligand_toolkit/ab_ligand_md_8complexes/Surfaces/surface_cont_lig.py -f /Users/nf477/Projects_Natalia/GROMACS/gromacs_ab_ligand_toolkit/ab_ligand_md_8complexes/computational_DMS_top_occupancy_poses/1G10__ddhCTP/mutants/clean_1G10_ddhCTP_P001_SH116G.pdb -c HL -lig MOL -o /Users/nf477/Projects_Natalia/GROMACS/gromacs_ab_ligand_toolkit/ab_ligand_md_8complexes/computational_DMS_top_occupancy_poses/1G10__ddhCTP/surfaces/SH116G_output.csv -def /Users/nf477/Projects_Natalia/GROMACS/gromacs_ab_ligand_toolkit/ab_ligand_md_8complexes/computational_DMS_top_occupancy_poses/1G10__ddhCTP/surfaces_definition/custom_MOL_AMINO_FlexAID.def -dat /Users/nf477/Projects_Natalia/GROMACS/gromacs_ab_ligand_toolkit/ab_ligand_md_8complexes/Surfaces/FlexAID.dat

$ /Users/nf477/anaconda3/envs/nrgsuite/bin/python /Users/nf477/Projects_Natalia/GROMACS/gromacs_ab_ligand_toolkit/ab_ligand_md_8complexes/Surfaces/clean_structure.py -f 1G10_ddhCTP_P001_SH116H.pdb -def /Users/nf477/Projects_Natalia/GROMACS/gromacs_ab_ligand_toolkit/ab_ligand_md_8complexes/computational_DMS_top_occupancy_poses/1G10__ddhCTP/surfaces_definition/custom_MOL_AMINO_FlexAID.def

$ /Users/nf477/anaconda3/envs/nrgsuite/bin/python /Users/nf477/Projects_Natalia/GROMACS/gromacs_ab_ligand_toolkit/ab_ligand_md_8complexes/Surfaces/surface_cont_lig.py -f /Users/nf477/Projects_Natalia/GROMACS/gromacs_ab_ligand_toolkit/ab_ligand_md_8complexes/computational_DMS_top_occupancy_poses/1G10__ddhCTP/mutants/clean_1G10_ddhCTP_P001_SH116H.pdb -c HL -lig MOL -o /Users/nf477/Projects_Natalia/GROMACS/gromacs_ab_ligand_toolkit/ab_ligand_md_8complexes/computational_DMS_top_occupancy_poses/1G10__ddhCTP/surfaces/SH116H_output.csv -def /Users/nf477/Projects_Natalia/GROMACS/gromacs_ab_ligand_toolkit/ab_ligand_md_8complexes/computational_DMS_top_occupancy_poses/1G10__ddhCTP/surfaces_definition/custom_MOL_AMINO_FlexAID.def -dat /Users/nf477/Projects_Natalia/GROMACS/gromacs_ab_ligand_toolkit/ab_ligand_md_8complexes/Surfaces/FlexAID.dat

$ /Users/nf477/anaconda3/envs/nrgsuite/bin/python /Users/nf477/Projects_Natalia/GROMACS/gromacs_ab_ligand_toolkit/ab_ligand_md_8complexes/Surfaces/clean_structure.py -f 1G10_ddhCTP_P001_SH116I.pdb -def /Users/nf477/Projects_Natalia/GROMACS/gromacs_ab_ligand_toolkit/ab_ligand_md_8complexes/computational_DMS_top_occupancy_poses/1G10__ddhCTP/surfaces_definition/custom_MOL_AMINO_FlexAID.def

$ /Users/nf477/anaconda3/envs/nrgsuite/bin/python /Users/nf477/Projects_Natalia/GROMACS/gromacs_ab_ligand_toolkit/ab_ligand_md_8complexes/Surfaces/surface_cont_lig.py -f /Users/nf477/Projects_Natalia/GROMACS/gromacs_ab_ligand_toolkit/ab_ligand_md_8complexes/computational_DMS_top_occupancy_poses/1G10__ddhCTP/mutants/clean_1G10_ddhCTP_P001_SH116I.pdb -c HL -lig MOL -o /Users/nf477/Projects_Natalia/GROMACS/gromacs_ab_ligand_toolkit/ab_ligand_md_8complexes/computational_DMS_top_occupancy_poses/1G10__ddhCTP/surfaces/SH116I_output.csv -def /Users/nf477/Projects_Natalia/GROMACS/gromacs_ab_ligand_toolkit/ab_ligand_md_8complexes/computational_DMS_top_occupancy_poses/1G10__ddhCTP/surfaces_definition/custom_MOL_AMINO_FlexAID.def -dat /Users/nf477/Projects_Natalia/GROMACS/gromacs_ab_ligand_toolkit/ab_ligand_md_8complexes/Surfaces/FlexAID.dat

$ /Users/nf477/anaconda3/envs/nrgsuite/bin/python /Users/nf477/Projects_Natalia/GROMACS/gromacs_ab_ligand_toolkit/ab_ligand_md_8complexes/Surfaces/clean_structure.py -f 1G10_ddhCTP_P001_SH116K.pdb -def /Users/nf477/Projects_Natalia/GROMACS/gromacs_ab_ligand_toolkit/ab_ligand_md_8complexes/computational_DMS_top_occupancy_poses/1G10__ddhCTP/surfaces_definition/custom_MOL_AMINO_FlexAID.def

$ /Users/nf477/anaconda3/envs/nrgsuite/bin/python /Users/nf477/Projects_Natalia/GROMACS/gromacs_ab_ligand_toolkit/ab_ligand_md_8complexes/Surfaces/surface_cont_lig.py -f /Users/nf477/Projects_Natalia/GROMACS/gromacs_ab_ligand_toolkit/ab_ligand_md_8complexes/computational_DMS_top_occupancy_poses/1G10__ddhCTP/mutants/clean_1G10_ddhCTP_P001_SH116K.pdb -c HL -lig MOL -o /Users/nf477/Projects_Natalia/GROMACS/gromacs_ab_ligand_toolkit/ab_ligand_md_8complexes/computational_DMS_top_occupancy_poses/1G10__ddhCTP/surfaces/SH116K_output.csv -def /Users/nf477/Projects_Natalia/GROMACS/gromacs_ab_ligand_toolkit/ab_ligand_md_8complexes/computational_DMS_top_occupancy_poses/1G10__ddhCTP/surfaces_definition/custom_MOL_AMINO_FlexAID.def -dat /Users/nf477/Projects_Natalia/GROMACS/gromacs_ab_ligand_toolkit/ab_ligand_md_8complexes/Surfaces/FlexAID.dat

$ /Users/nf477/anaconda3/envs/nrgsuite/bin/python /Users/nf477/Projects_Natalia/GROMACS/gromacs_ab_ligand_toolkit/ab_ligand_md_8complexes/Surfaces/clean_structure.py -f 1G10_ddhCTP_P001_SH116L.pdb -def /Users/nf477/Projects_Natalia/GROMACS/gromacs_ab_ligand_toolkit/ab_ligand_md_8complexes/computational_DMS_top_occupancy_poses/1G10__ddhCTP/surfaces_definition/custom_MOL_AMINO_FlexAID.def

$ /Users/nf477/anaconda3/envs/nrgsuite/bin/python /Users/nf477/Projects_Natalia/GROMACS/gromacs_ab_ligand_toolkit/ab_ligand_md_8complexes/Surfaces/surface_cont_lig.py -f /Users/nf477/Projects_Natalia/GROMACS/gromacs_ab_ligand_toolkit/ab_ligand_md_8complexes/computational_DMS_top_occupancy_poses/1G10__ddhCTP/mutants/clean_1G10_ddhCTP_P001_SH116L.pdb -c HL -lig MOL -o /Users/nf477/Projects_Natalia/GROMACS/gromacs_ab_ligand_toolkit/ab_ligand_md_8complexes/computational_DMS_top_occupancy_poses/1G10__ddhCTP/surfaces/SH116L_output.csv -def /Users/nf477/Projects_Natalia/GROMACS/gromacs_ab_ligand_toolkit/ab_ligand_md_8complexes/computational_DMS_top_occupancy_poses/1G10__ddhCTP/surfaces_definition/custom_MOL_AMINO_FlexAID.def -dat /Users/nf477/Projects_Natalia/GROMACS/gromacs_ab_ligand_toolkit/ab_ligand_md_8complexes/Surfaces/FlexAID.dat

$ /Users/nf477/anaconda3/envs/nrgsuite/bin/python /Users/nf477/Projects_Natalia/GROMACS/gromacs_ab_ligand_toolkit/ab_ligand_md_8complexes/Surfaces/clean_structure.py -f 1G10_ddhCTP_P001_SH116M.pdb -def /Users/nf477/Projects_Natalia/GROMACS/gromacs_ab_ligand_toolkit/ab_ligand_md_8complexes/computational_DMS_top_occupancy_poses/1G10__ddhCTP/surfaces_definition/custom_MOL_AMINO_FlexAID.def

$ /Users/nf477/anaconda3/envs/nrgsuite/bin/python /Users/nf477/Projects_Natalia/GROMACS/gromacs_ab_ligand_toolkit/ab_ligand_md_8complexes/Surfaces/surface_cont_lig.py -f /Users/nf477/Projects_Natalia/GROMACS/gromacs_ab_ligand_toolkit/ab_ligand_md_8complexes/computational_DMS_top_occupancy_poses/1G10__ddhCTP/mutants/clean_1G10_ddhCTP_P001_SH116M.pdb -c HL -lig MOL -o /Users/nf477/Projects_Natalia/GROMACS/gromacs_ab_ligand_toolkit/ab_ligand_md_8complexes/computational_DMS_top_occupancy_poses/1G10__ddhCTP/surfaces/SH116M_output.csv -def /Users/nf477/Projects_Natalia/GROMACS/gromacs_ab_ligand_toolkit/ab_ligand_md_8complexes/computational_DMS_top_occupancy_poses/1G10__ddhCTP/surfaces_definition/custom_MOL_AMINO_FlexAID.def -dat /Users/nf477/Projects_Natalia/GROMACS/gromacs_ab_ligand_toolkit/ab_ligand_md_8complexes/Surfaces/FlexAID.dat

$ /Users/nf477/anaconda3/envs/nrgsuite/bin/python /Users/nf477/Projects_Natalia/GROMACS/gromacs_ab_ligand_toolkit/ab_ligand_md_8complexes/Surfaces/clean_structure.py -f 1G10_ddhCTP_P001_SH116N.pdb -def /Users/nf477/Projects_Natalia/GROMACS/gromacs_ab_ligand_toolkit/ab_ligand_md_8complexes/computational_DMS_top_occupancy_poses/1G10__ddhCTP/surfaces_definition/custom_MOL_AMINO_FlexAID.def

$ /Users/nf477/anaconda3/envs/nrgsuite/bin/python /Users/nf477/Projects_Natalia/GROMACS/gromacs_ab_ligand_toolkit/ab_ligand_md_8complexes/Surfaces/surface_cont_lig.py -f /Users/nf477/Projects_Natalia/GROMACS/gromacs_ab_ligand_toolkit/ab_ligand_md_8complexes/computational_DMS_top_occupancy_poses/1G10__ddhCTP/mutants/clean_1G10_ddhCTP_P001_SH116N.pdb -c HL -lig MOL -o /Users/nf477/Projects_Natalia/GROMACS/gromacs_ab_ligand_toolkit/ab_ligand_md_8complexes/computational_DMS_top_occupancy_poses/1G10__ddhCTP/surfaces/SH116N_output.csv -def /Users/nf477/Projects_Natalia/GROMACS/gromacs_ab_ligand_toolkit/ab_ligand_md_8complexes/computational_DMS_top_occupancy_poses/1G10__ddhCTP/surfaces_definition/custom_MOL_AMINO_FlexAID.def -dat /Users/nf477/Projects_Natalia/GROMACS/gromacs_ab_ligand_toolkit/ab_ligand_md_8complexes/Surfaces/FlexAID.dat

$ /Users/nf477/anaconda3/envs/nrgsuite/bin/python /Users/nf477/Projects_Natalia/GROMACS/gromacs_ab_ligand_toolkit/ab_ligand_md_8complexes/Surfaces/clean_structure.py -f 1G10_ddhCTP_P001_SH116P.pdb -def /Users/nf477/Projects_Natalia/GROMACS/gromacs_ab_ligand_toolkit/ab_ligand_md_8complexes/computational_DMS_top_occupancy_poses/1G10__ddhCTP/surfaces_definition/custom_MOL_AMINO_FlexAID.def

$ /Users/nf477/anaconda3/envs/nrgsuite/bin/python /Users/nf477/Projects_Natalia/GROMACS/gromacs_ab_ligand_toolkit/ab_ligand_md_8complexes/Surfaces/surface_cont_lig.py -f /Users/nf477/Projects_Natalia/GROMACS/gromacs_ab_ligand_toolkit/ab_ligand_md_8complexes/computational_DMS_top_occupancy_poses/1G10__ddhCTP/mutants/clean_1G10_ddhCTP_P001_SH116P.pdb -c HL -lig MOL -o /Users/nf477/Projects_Natalia/GROMACS/gromacs_ab_ligand_toolkit/ab_ligand_md_8complexes/computational_DMS_top_occupancy_poses/1G10__ddhCTP/surfaces/SH116P_output.csv -def /Users/nf477/Projects_Natalia/GROMACS/gromacs_ab_ligand_toolkit/ab_ligand_md_8complexes/computational_DMS_top_occupancy_poses/1G10__ddhCTP/surfaces_definition/custom_MOL_AMINO_FlexAID.def -dat /Users/nf477/Projects_Natalia/GROMACS/gromacs_ab_ligand_toolkit/ab_ligand_md_8complexes/Surfaces/FlexAID.dat

$ /Users/nf477/anaconda3/envs/nrgsuite/bin/python /Users/nf477/Projects_Natalia/GROMACS/gromacs_ab_ligand_toolkit/ab_ligand_md_8complexes/Surfaces/clean_structure.py -f 1G10_ddhCTP_P001_SH116Q.pdb -def /Users/nf477/Projects_Natalia/GROMACS/gromacs_ab_ligand_toolkit/ab_ligand_md_8complexes/computational_DMS_top_occupancy_poses/1G10__ddhCTP/surfaces_definition/custom_MOL_AMINO_FlexAID.def

$ /Users/nf477/anaconda3/envs/nrgsuite/bin/python /Users/nf477/Projects_Natalia/GROMACS/gromacs_ab_ligand_toolkit/ab_ligand_md_8complexes/Surfaces/surface_cont_lig.py -f /Users/nf477/Projects_Natalia/GROMACS/gromacs_ab_ligand_toolkit/ab_ligand_md_8complexes/computational_DMS_top_occupancy_poses/1G10__ddhCTP/mutants/clean_1G10_ddhCTP_P001_SH116Q.pdb -c HL -lig MOL -o /Users/nf477/Projects_Natalia/GROMACS/gromacs_ab_ligand_toolkit/ab_ligand_md_8complexes/computational_DMS_top_occupancy_poses/1G10__ddhCTP/surfaces/SH116Q_output.csv -def /Users/nf477/Projects_Natalia/GROMACS/gromacs_ab_ligand_toolkit/ab_ligand_md_8complexes/computational_DMS_top_occupancy_poses/1G10__ddhCTP/surfaces_definition/custom_MOL_AMINO_FlexAID.def -dat /Users/nf477/Projects_Natalia/GROMACS/gromacs_ab_ligand_toolkit/ab_ligand_md_8complexes/Surfaces/FlexAID.dat

$ /Users/nf477/anaconda3/envs/nrgsuite/bin/python /Users/nf477/Projects_Natalia/GROMACS/gromacs_ab_ligand_toolkit/ab_ligand_md_8complexes/Surfaces/clean_structure.py -f 1G10_ddhCTP_P001_SH116R.pdb -def /Users/nf477/Projects_Natalia/GROMACS/gromacs_ab_ligand_toolkit/ab_ligand_md_8complexes/computational_DMS_top_occupancy_poses/1G10__ddhCTP/surfaces_definition/custom_MOL_AMINO_FlexAID.def

$ /Users/nf477/anaconda3/envs/nrgsuite/bin/python /Users/nf477/Projects_Natalia/GROMACS/gromacs_ab_ligand_toolkit/ab_ligand_md_8complexes/Surfaces/surface_cont_lig.py -f /Users/nf477/Projects_Natalia/GROMACS/gromacs_ab_ligand_toolkit/ab_ligand_md_8complexes/computational_DMS_top_occupancy_poses/1G10__ddhCTP/mutants/clean_1G10_ddhCTP_P001_SH116R.pdb -c HL -lig MOL -o /Users/nf477/Projects_Natalia/GROMACS/gromacs_ab_ligand_toolkit/ab_ligand_md_8complexes/computational_DMS_top_occupancy_poses/1G10__ddhCTP/surfaces/SH116R_output.csv -def /Users/nf477/Projects_Natalia/GROMACS/gromacs_ab_ligand_toolkit/ab_ligand_md_8complexes/computational_DMS_top_occupancy_poses/1G10__ddhCTP/surfaces_definition/custom_MOL_AMINO_FlexAID.def -dat /Users/nf477/Projects_Natalia/GROMACS/gromacs_ab_ligand_toolkit/ab_ligand_md_8complexes/Surfaces/FlexAID.dat

$ /Users/nf477/anaconda3/envs/nrgsuite/bin/python /Users/nf477/Projects_Natalia/GROMACS/gromacs_ab_ligand_toolkit/ab_ligand_md_8complexes/Surfaces/clean_structure.py -f 1G10_ddhCTP_P001_SH116S.pdb -def /Users/nf477/Projects_Natalia/GROMACS/gromacs_ab_ligand_toolkit/ab_ligand_md_8complexes/computational_DMS_top_occupancy_poses/1G10__ddhCTP/surfaces_definition/custom_MOL_AMINO_FlexAID.def

$ /Users/nf477/anaconda3/envs/nrgsuite/bin/python /Users/nf477/Projects_Natalia/GROMACS/gromacs_ab_ligand_toolkit/ab_ligand_md_8complexes/Surfaces/surface_cont_lig.py -f /Users/nf477/Projects_Natalia/GROMACS/gromacs_ab_ligand_toolkit/ab_ligand_md_8complexes/computational_DMS_top_occupancy_poses/1G10__ddhCTP/mutants/clean_1G10_ddhCTP_P001_SH116S.pdb -c HL -lig MOL -o /Users/nf477/Projects_Natalia/GROMACS/gromacs_ab_ligand_toolkit/ab_ligand_md_8complexes/computational_DMS_top_occupancy_poses/1G10__ddhCTP/surfaces/SH116S_output.csv -def /Users/nf477/Projects_Natalia/GROMACS/gromacs_ab_ligand_toolkit/ab_ligand_md_8complexes/computational_DMS_top_occupancy_poses/1G10__ddhCTP/surfaces_definition/custom_MOL_AMINO_FlexAID.def -dat /Users/nf477/Projects_Natalia/GROMACS/gromacs_ab_ligand_toolkit/ab_ligand_md_8complexes/Surfaces/FlexAID.dat

$ /Users/nf477/anaconda3/envs/nrgsuite/bin/python /Users/nf477/Projects_Natalia/GROMACS/gromacs_ab_ligand_toolkit/ab_ligand_md_8complexes/Surfaces/clean_structure.py -f 1G10_ddhCTP_P001_SH116T.pdb -def /Users/nf477/Projects_Natalia/GROMACS/gromacs_ab_ligand_toolkit/ab_ligand_md_8complexes/computational_DMS_top_occupancy_poses/1G10__ddhCTP/surfaces_definition/custom_MOL_AMINO_FlexAID.def

$ /Users/nf477/anaconda3/envs/nrgsuite/bin/python /Users/nf477/Projects_Natalia/GROMACS/gromacs_ab_ligand_toolkit/ab_ligand_md_8complexes/Surfaces/surface_cont_lig.py -f /Users/nf477/Projects_Natalia/GROMACS/gromacs_ab_ligand_toolkit/ab_ligand_md_8complexes/computational_DMS_top_occupancy_poses/1G10__ddhCTP/mutants/clean_1G10_ddhCTP_P001_SH116T.pdb -c HL -lig MOL -o /Users/nf477/Projects_Natalia/GROMACS/gromacs_ab_ligand_toolkit/ab_ligand_md_8complexes/computational_DMS_top_occupancy_poses/1G10__ddhCTP/surfaces/SH116T_output.csv -def /Users/nf477/Projects_Natalia/GROMACS/gromacs_ab_ligand_toolkit/ab_ligand_md_8complexes/computational_DMS_top_occupancy_poses/1G10__ddhCTP/surfaces_definition/custom_MOL_AMINO_FlexAID.def -dat /Users/nf477/Projects_Natalia/GROMACS/gromacs_ab_ligand_toolkit/ab_ligand_md_8complexes/Surfaces/FlexAID.dat

$ /Users/nf477/anaconda3/envs/nrgsuite/bin/python /Users/nf477/Projects_Natalia/GROMACS/gromacs_ab_ligand_toolkit/ab_ligand_md_8complexes/Surfaces/clean_structure.py -f 1G10_ddhCTP_P001_SH116V.pdb -def /Users/nf477/Projects_Natalia/GROMACS/gromacs_ab_ligand_toolkit/ab_ligand_md_8complexes/computational_DMS_top_occupancy_poses/1G10__ddhCTP/surfaces_definition/custom_MOL_AMINO_FlexAID.def

$ /Users/nf477/anaconda3/envs/nrgsuite/bin/python /Users/nf477/Projects_Natalia/GROMACS/gromacs_ab_ligand_toolkit/ab_ligand_md_8complexes/Surfaces/surface_cont_lig.py -f /Users/nf477/Projects_Natalia/GROMACS/gromacs_ab_ligand_toolkit/ab_ligand_md_8complexes/computational_DMS_top_occupancy_poses/1G10__ddhCTP/mutants/clean_1G10_ddhCTP_P001_SH116V.pdb -c HL -lig MOL -o /Users/nf477/Projects_Natalia/GROMACS/gromacs_ab_ligand_toolkit/ab_ligand_md_8complexes/computational_DMS_top_occupancy_poses/1G10__ddhCTP/surfaces/SH116V_output.csv -def /Users/nf477/Projects_Natalia/GROMACS/gromacs_ab_ligand_toolkit/ab_ligand_md_8complexes/computational_DMS_top_occupancy_poses/1G10__ddhCTP/surfaces_definition/custom_MOL_AMINO_FlexAID.def -dat /Users/nf477/Projects_Natalia/GROMACS/gromacs_ab_ligand_toolkit/ab_ligand_md_8complexes/Surfaces/FlexAID.dat

$ /Users/nf477/anaconda3/envs/nrgsuite/bin/python /Users/nf477/Projects_Natalia/GROMACS/gromacs_ab_ligand_toolkit/ab_ligand_md_8complexes/Surfaces/clean_structure.py -f 1G10_ddhCTP_P001_SH116W.pdb -def /Users/nf477/Projects_Natalia/GROMACS/gromacs_ab_ligand_toolkit/ab_ligand_md_8complexes/computational_DMS_top_occupancy_poses/1G10__ddhCTP/surfaces_definition/custom_MOL_AMINO_FlexAID.def

$ /Users/nf477/anaconda3/envs/nrgsuite/bin/python /Users/nf477/Projects_Natalia/GROMACS/gromacs_ab_ligand_toolkit/ab_ligand_md_8complexes/Surfaces/surface_cont_lig.py -f /Users/nf477/Projects_Natalia/GROMACS/gromacs_ab_ligand_toolkit/ab_ligand_md_8complexes/computational_DMS_top_occupancy_poses/1G10__ddhCTP/mutants/clean_1G10_ddhCTP_P001_SH116W.pdb -c HL -lig MOL -o /Users/nf477/Projects_Natalia/GROMACS/gromacs_ab_ligand_toolkit/ab_ligand_md_8complexes/computational_DMS_top_occupancy_poses/1G10__ddhCTP/surfaces/SH116W_output.csv -def /Users/nf477/Projects_Natalia/GROMACS/gromacs_ab_ligand_toolkit/ab_ligand_md_8complexes/computational_DMS_top_occupancy_poses/1G10__ddhCTP/surfaces_definition/custom_MOL_AMINO_FlexAID.def -dat /Users/nf477/Projects_Natalia/GROMACS/gromacs_ab_ligand_toolkit/ab_ligand_md_8complexes/Surfaces/FlexAID.dat

$ /Users/nf477/anaconda3/envs/nrgsuite/bin/python /Users/nf477/Projects_Natalia/GROMACS/gromacs_ab_ligand_toolkit/ab_ligand_md_8complexes/Surfaces/clean_structure.py -f 1G10_ddhCTP_P001_SH116Y.pdb -def /Users/nf477/Projects_Natalia/GROMACS/gromacs_ab_ligand_toolkit/ab_ligand_md_8complexes/computational_DMS_top_occupancy_poses/1G10__ddhCTP/surfaces_definition/custom_MOL_AMINO_FlexAID.def

$ /Users/nf477/anaconda3/envs/nrgsuite/bin/python /Users/nf477/Projects_Natalia/GROMACS/gromacs_ab_ligand_toolkit/ab_ligand_md_8complexes/Surfaces/surface_cont_lig.py -f /Users/nf477/Projects_Natalia/GROMACS/gromacs_ab_ligand_toolkit/ab_ligand_md_8complexes/computational_DMS_top_occupancy_poses/1G10__ddhCTP/mutants/clean_1G10_ddhCTP_P001_SH116Y.pdb -c HL -lig MOL -o /Users/nf477/Projects_Natalia/GROMACS/gromacs_ab_ligand_toolkit/ab_ligand_md_8complexes/computational_DMS_top_occupancy_poses/1G10__ddhCTP/surfaces/SH116Y_output.csv -def /Users/nf477/Projects_Natalia/GROMACS/gromacs_ab_ligand_toolkit/ab_ligand_md_8complexes/computational_DMS_top_occupancy_poses/1G10__ddhCTP/surfaces_definition/custom_MOL_AMINO_FlexAID.def -dat /Users/nf477/Projects_Natalia/GROMACS/gromacs_ab_ligand_toolkit/ab_ligand_md_8complexes/Surfaces/FlexAID.dat

