$ /Users/nf477/anaconda3/envs/nrgsuite/bin/python /Users/nf477/Projects_Natalia/GROMACS/gromacs_ab_ligand_toolkit/ab_ligand_md_8complexes/Surfaces/clean_structure.py -f 1G10_ddhC_P001_WT_top_pose.pdb -def /Users/nf477/Projects_Natalia/GROMACS/gromacs_ab_ligand_toolkit/ab_ligand_md_8complexes/computational_DMS_top_occupancy_poses/1G10__ddhC/surfaces_definition/custom_MOL_AMINO_FlexAID.def
WARNING: ATOM H1 NOT DEFINED FOR CYS
WARNING: ATOM H2 NOT DEFINED FOR CYS
WARNING: ATOM H3 NOT DEFINED FOR CYS
WARNING: ATOM HA NOT DEFINED FOR CYS
WARNING: ATOM HB1 NOT DEFINED FOR CYS
WARNING: ATOM HB2 NOT DEFINED FOR CYS
WARNING: ATOM HG NOT DEFINED FOR CYS
WARNING: ATOM H NOT DEFINED FOR GLN
WARNING: ATOM HA NOT DEFINED FOR GLN
WARNING: ATOM HB1 NOT DEFINED FOR GLN
WARNING: ATOM HB2 NOT DEFINED FOR GLN
WARNING: ATOM HG1 NOT DEFINED FOR GLN
WARNING: ATOM HG2 NOT DEFINED FOR GLN
WARNING: ATOM HE21 NOT DEFINED FOR GLN
WARNING: ATOM HE22 NOT DEFINED FOR GLN
WARNING: ATOM H NOT DEFINED FOR SER
WARNING: ATOM HA NOT DEFINED FOR SER
WARNING: ATOM HB1 NOT DEFINED FOR SER
WARNING: ATOM HB2 NOT DEFINED FOR SER
WARNING: ATOM HG NOT DEFINED FOR SER
WARNING: ATOM H NOT DEFINED FOR LEU
WARNING: ATOM HA NOT DEFINED FOR LEU
WARNING: ATOM HB1 NOT DEFINED FOR LEU
WARNING: ATOM HB2 NOT DEFINED FOR LEU
WARNING: ATOM HG NOT DEFINED FOR LEU
WARNING: ATOM HD11 NOT DEFINED FOR LEU
WARNING: ATOM HD12 NOT DEFINED FOR LEU
WARNING: ATOM HD13 NOT DEFINED FOR LEU
WARNING: ATOM HD21 NOT DEFINED FOR LEU
WARNING: ATOM HD22 NOT DEFINED FOR LEU
WARNING: ATOM HD23 NOT DEFINED FOR LEU
WARNING: ATOM H NOT DEFINED FOR GLU
WARNING: ATOM HA NOT DEFINED FOR GLU
WARNING: ATOM HB1 NOT DEFINED FOR GLU
WARNING: ATOM HB2 NOT DEFINED FOR GLU
WARNING: ATOM HG1 NOT DEFINED FOR GLU
WARNING: ATOM HG2 NOT DEFINED FOR GLU
WARNING: ATOM H NOT DEFINED FOR GLU
WARNING: ATOM HA NOT DEFINED FOR GLU
WARNING: ATOM HB1 NOT DEFINED FOR GLU
WARNING: ATOM HB2 NOT DEFINED FOR GLU
WARNING: ATOM HG1 NOT DEFINED FOR GLU
WARNING: ATOM HG2 NOT DEFINED FOR GLU
WARNING: ATOM H NOT DEFINED FOR SER
WARNING: ATOM HA NOT DEFINED FOR SER
WARNING: ATOM HB1 NOT DEFINED FOR SER
WARNING: ATOM HB2 NOT DEFINED FOR SER
WARNING: ATOM HG NOT DEFINED FOR SER
WARNING: ATOM H NOT DEFINED FOR GLY
WARNING: ATOM HA1 NOT DEFINED FOR GLY
WARNING: ATOM HA2 NOT DEFINED FOR GLY
WARNING: ATOM H NOT DEFINED FOR GLY
WARNING: ATOM HA1 NOT DEFINED FOR GLY
WARNING: ATOM HA2 NOT DEFINED FOR GLY
WARNING: ATOM H NOT DEFINED FOR ARG
WARNING: ATOM HA NOT DEFINED FOR ARG
WARNING: ATOM HB1 NOT DEFINED FOR ARG
WARNING: ATOM HB2 NOT DEFINED FOR ARG
WARNING: ATOM HG1 NOT DEFINED FOR ARG
WARNING: ATOM HG2 NOT DEFINED FOR ARG
WARNING: ATOM HD1 NOT DEFINED FOR ARG
WARNING: ATOM HD2 NOT DEFINED FOR ARG
WARNING: ATOM HE NOT DEFINED FOR ARG
WARNING: ATOM HH11 NOT DEFINED FOR ARG
WARNING: ATOM HH12 NOT DEFINED FOR ARG
WARNING: ATOM HH21 NOT DEFINED FOR ARG
WARNING: ATOM HH22 NOT DEFINED FOR ARG
WARNING: ATOM H NOT DEFINED FOR LEU
WARNING: ATOM HA NOT DEFINED FOR LEU
WARNING: ATOM HB1 NOT DEFINED FOR LEU
WARNING: ATOM HB2 NOT DEFINED FOR LEU
WARNING: ATOM HG NOT DEFINED FOR LEU
WARNING: ATOM HD11 NOT DEFINED FOR LEU
WARNING: ATOM HD12 NOT DEFINED FOR LEU
WARNING: ATOM HD13 NOT DEFINED FOR LEU
WARNING: ATOM HD21 NOT DEFINED FOR LEU
WARNING: ATOM HD22 NOT DEFINED FOR LEU
WARNING: ATOM HD23 NOT DEFINED FOR LEU
WARNING: ATOM H NOT DEFINED FOR VAL
WARNING: ATOM HA NOT DEFINED FOR VAL
WARNING: ATOM HB NOT DEFINED FOR VAL
WARNING: ATOM HG11 NOT DEFINED FOR VAL
WARNING: ATOM HG12 NOT DEFINED FOR VAL
WARNING: ATOM HG13 NOT DEFINED FOR VAL
WARNING: ATOM HG21 NOT DEFINED FOR VAL
WARNING: ATOM HG22 NOT DEFINED FOR VAL
WARNING: ATOM HG23 NOT DEFINED FOR VAL
WARNING: ATOM H NOT DEFINED FOR THR
WARNING: ATOM HA NOT DEFINED FOR THR
WARNING: ATOM HB NOT DEFINED FOR THR
WARNING: ATOM HG21 NOT DEFINED FOR THR
WARNING: ATOM HG22 NOT DEFINED FOR THR
WARNING: ATOM HG23 NOT DEFINED FOR THR
WARNING: ATOM HG1 NOT DEFINED FOR THR
WARNING: ATOM HD1 NOT DEFINED FOR PRO
WARNING: ATOM HD2 NOT DEFINED FOR PRO
WARNING: ATOM HG1 NOT DEFINED FOR PRO
WARNING: ATOM HG2 NOT DEFINED FOR PRO
WARNING: ATOM HB1 NOT DEFINED FOR PRO
WARNING: ATOM HB2 NOT DEFINED FOR PRO
WARNING: ATOM HA NOT DEFINED FOR PRO
WARNING: ATOM H NOT DEFINED FOR GLY
WARNING: ATOM HA1 NOT DEFINED FOR GLY
WARNING: ATOM HA2 NOT DEFINED FOR GLY
WARNING: ATOM H NOT DEFINED FOR THR
WARNING: ATOM HA NOT DEFINED FOR THR
WARNING: ATOM HB NOT DEFINED FOR THR
WARNING: ATOM HG21 NOT DEFINED FOR THR
WARNING: ATOM HG22 NOT DEFINED FOR THR
WARNING: ATOM HG23 NOT DEFINED FOR THR
WARNING: ATOM HG1 NOT DEFINED FOR THR
WARNING: ATOM HD1 NOT DEFINED FOR PRO
WARNING: ATOM HD2 NOT DEFINED FOR PRO
WARNING: ATOM HG1 NOT DEFINED FOR PRO
WARNING: ATOM HG2 NOT DEFINED FOR PRO
WARNING: ATOM HB1 NOT DEFINED FOR PRO
WARNING: ATOM HB2 NOT DEFINED FOR PRO
WARNING: ATOM HA NOT DEFINED FOR PRO
WARNING: ATOM H NOT DEFINED FOR LEU
WARNING: ATOM HA NOT DEFINED FOR LEU
WARNING: ATOM HB1 NOT DEFINED FOR LEU
WARNING: ATOM HB2 NOT DEFINED FOR LEU
WARNING: ATOM HG NOT DEFINED FOR LEU
WARNING: ATOM HD11 NOT DEFINED FOR LEU
WARNING: ATOM HD12 NOT DEFINED FOR LEU
WARNING: ATOM HD13 NOT DEFINED FOR LEU
WARNING: ATOM HD21 NOT DEFINED FOR LEU
WARNING: ATOM HD22 NOT DEFINED FOR LEU
WARNING: ATOM HD23 NOT DEFINED FOR LEU
WARNING: ATOM H NOT DEFINED FOR THR
WARNING: ATOM HA NOT DEFINED FOR THR
WARNING: ATOM HB NOT DEFINED FOR THR
WARNING: ATOM HG21 NOT DEFINED FOR THR
WARNING: ATOM HG22 NOT DEFINED FOR THR
WARNING: ATOM HG23 NOT DEFINED FOR THR
WARNING: ATOM HG1 NOT DEFINED FOR THR
WARNING: ATOM H NOT DEFINED FOR LEU
WARNING: ATOM HA NOT DEFINED FOR LEU
WARNING: ATOM HB1 NOT DEFINED FOR LEU
WARNING: ATOM HB2 NOT DEFINED FOR LEU
WARNING: ATOM HG NOT DEFINED FOR LEU
WARNING: ATOM HD11 NOT DEFINED FOR LEU
WARNING: ATOM HD12 NOT DEFINED FOR LEU
WARNING: ATOM HD13 NOT DEFINED FOR LEU
WARNING: ATOM HD21 NOT DEFINED FOR LEU
WARNING: ATOM HD22 NOT DEFINED FOR LEU
WARNING: ATOM HD23 NOT DEFINED FOR LEU
WARNING: ATOM H NOT DEFINED FOR THR
WARNING: ATOM HA NOT DEFINED FOR THR
WARNING: ATOM HB NOT DEFINED FOR THR
WARNING: ATOM HG21 NOT DEFINED FOR THR
WARNING: ATOM HG22 NOT DEFINED FOR THR
WARNING: ATOM HG23 NOT DEFINED FOR THR
WARNING: ATOM HG1 NOT DEFINED FOR THR
WARNING: ATOM H NOT DEFINED FOR CYS
WARNING: ATOM HA NOT DEFINED FOR CYS
WARNING: ATOM HB1 NOT DEFINED FOR CYS
WARNING: ATOM HB2 NOT DEFINED FOR CYS
WARNING: ATOM H NOT DEFINED FOR THR
WARNING: ATOM HA NOT DEFINED FOR THR
WARNING: ATOM HB NOT DEFINED FOR THR
WARNING: ATOM HG21 NOT DEFINED FOR THR
WARNING: ATOM HG22 NOT DEFINED FOR THR
WARNING: ATOM HG23 NOT DEFINED FOR THR
WARNING: ATOM HG1 NOT DEFINED FOR THR
WARNING: ATOM H NOT DEFINED FOR ALA
WARNING: ATOM HA NOT DEFINED FOR ALA
WARNING: ATOM HB1 NOT DEFINED FOR ALA
WARNING: ATOM HB2 NOT DEFINED FOR ALA
WARNING: ATOM HB3 NOT DEFINED FOR ALA
WARNING: ATOM H NOT DEFINED FOR SER
WARNING: ATOM HA NOT DEFINED FOR SER
WARNING: ATOM HB1 NOT DEFINED FOR SER
WARNING: ATOM HB2 NOT DEFINED FOR SER
WARNING: ATOM HG NOT DEFINED FOR SER
WARNING: ATOM H NOT DEFINED FOR GLY
WARNING: ATOM HA1 NOT DEFINED FOR GLY
WARNING: ATOM HA2 NOT DEFINED FOR GLY
WARNING: ATOM H NOT DEFINED FOR PHE
WARNING: ATOM HA NOT DEFINED FOR PHE
WARNING: ATOM HB1 NOT DEFINED FOR PHE
WARNING: ATOM HB2 NOT DEFINED FOR PHE
WARNING: ATOM HD1 NOT DEFINED FOR PHE
WARNING: ATOM HE1 NOT DEFINED FOR PHE
WARNING: ATOM HZ NOT DEFINED FOR PHE
WARNING: ATOM HE2 NOT DEFINED FOR PHE
WARNING: ATOM HD2 NOT DEFINED FOR PHE
WARNING: ATOM H NOT DEFINED FOR ASP
WARNING: ATOM HA NOT DEFINED FOR ASP
WARNING: ATOM HB1 NOT DEFINED FOR ASP
WARNING: ATOM HB2 NOT DEFINED FOR ASP
WARNING: ATOM H NOT DEFINED FOR ILE
WARNING: ATOM HA NOT DEFINED FOR ILE
WARNING: ATOM HB NOT DEFINED FOR ILE
WARNING: ATOM HG21 NOT DEFINED FOR ILE
WARNING: ATOM HG22 NOT DEFINED FOR ILE
WARNING: ATOM HG23 NOT DEFINED FOR ILE
WARNING: ATOM HG11 NOT DEFINED FOR ILE
WARNING: ATOM HG12 NOT DEFINED FOR ILE
WARNING: ATOM HD1 NOT DEFINED FOR ILE
WARNING: ATOM HD2 NOT DEFINED FOR ILE
WARNING: ATOM HD3 NOT DEFINED FOR ILE
WARNING: ATOM H NOT DEFINED FOR SER
WARNING: ATOM HA NOT DEFINED FOR SER
WARNING: ATOM HB1 NOT DEFINED FOR SER
WARNING: ATOM HB2 NOT DEFINED FOR SER
WARNING: ATOM HG NOT DEFINED FOR SER
WARNING: ATOM H NOT DEFINED FOR THR
WARNING: ATOM HA NOT DEFINED FOR THR
WARNING: ATOM HB NOT DEFINED FOR THR
WARNING: ATOM HG21 NOT DEFINED FOR THR
WARNING: ATOM HG22 NOT DEFINED FOR THR
WARNING: ATOM HG23 NOT DEFINED FOR THR
WARNING: ATOM HG1 NOT DEFINED FOR THR
WARNING: ATOM H NOT DEFINED FOR TYR
WARNING: ATOM HA NOT DEFINED FOR TYR
WARNING: ATOM HB1 NOT DEFINED FOR TYR
WARNING: ATOM HB2 NOT DEFINED FOR TYR
WARNING: ATOM HD1 NOT DEFINED FOR TYR
WARNING: ATOM HE1 NOT DEFINED FOR TYR
WARNING: ATOM HH NOT DEFINED FOR TYR
WARNING: ATOM HE2 NOT DEFINED FOR TYR
WARNING: ATOM HD2 NOT DEFINED FOR TYR
WARNING: ATOM H NOT DEFINED FOR ASN
WARNING: ATOM HA NOT DEFINED FOR ASN
WARNING: ATOM HB1 NOT DEFINED FOR ASN
WARNING: ATOM HB2 NOT DEFINED FOR ASN
WARNING: ATOM HD21 NOT DEFINED FOR ASN
WARNING: ATOM HD22 NOT DEFINED FOR ASN
WARNING: ATOM H NOT DEFINED FOR ILE
WARNING: ATOM HA NOT DEFINED FOR ILE
WARNING: ATOM HB NOT DEFINED FOR ILE
WARNING: ATOM HG21 NOT DEFINED FOR ILE
WARNING: ATOM HG22 NOT DEFINED FOR ILE
WARNING: ATOM HG23 NOT DEFINED FOR ILE
WARNING: ATOM HG11 NOT DEFINED FOR ILE
WARNING: ATOM HG12 NOT DEFINED FOR ILE
WARNING: ATOM HD1 NOT DEFINED FOR ILE
WARNING: ATOM HD2 NOT DEFINED FOR ILE
WARNING: ATOM HD3 NOT DEFINED FOR ILE
WARNING: ATOM H NOT DEFINED FOR GLN
WARNING: ATOM HA NOT DEFINED FOR GLN
WARNING: ATOM HB1 NOT DEFINED FOR GLN
WARNING: ATOM HB2 NOT DEFINED FOR GLN
WARNING: ATOM HG1 NOT DEFINED FOR GLN
WARNING: ATOM HG2 NOT DEFINED FOR GLN
WARNING: ATOM HE21 NOT DEFINED FOR GLN
WARNING: ATOM HE22 NOT DEFINED FOR GLN
WARNING: ATOM H NOT DEFINED FOR TRP
WARNING: ATOM HA NOT DEFINED FOR TRP
WARNING: ATOM HB1 NOT DEFINED FOR TRP
WARNING: ATOM HB2 NOT DEFINED FOR TRP
WARNING: ATOM HD1 NOT DEFINED FOR TRP
WARNING: ATOM HE1 NOT DEFINED FOR TRP
WARNING: ATOM HZ2 NOT DEFINED FOR TRP
WARNING: ATOM HH2 NOT DEFINED FOR TRP
WARNING: ATOM HZ3 NOT DEFINED FOR TRP
WARNING: ATOM HE3 NOT DEFINED FOR TRP
WARNING: ATOM H NOT DEFINED FOR VAL
WARNING: ATOM HA NOT DEFINED FOR VAL
WARNING: ATOM HB NOT DEFINED FOR VAL
WARNING: ATOM HG11 NOT DEFINED FOR VAL
WARNING: ATOM HG12 NOT DEFINED FOR VAL
WARNING: ATOM HG13 NOT DEFINED FOR VAL
WARNING: ATOM HG21 NOT DEFINED FOR VAL
WARNING: ATOM HG22 NOT DEFINED FOR VAL
WARNING: ATOM HG23 NOT DEFINED FOR VAL
WARNING: ATOM H NOT DEFINED FOR ARG
WARNING: ATOM HA NOT DEFINED FOR ARG
WARNING: ATOM HB1 NOT DEFINED FOR ARG
WARNING: ATOM HB2 NOT DEFINED FOR ARG
WARNING: ATOM HG1 NOT DEFINED FOR ARG
WARNING: ATOM HG2 NOT DEFINED FOR ARG
WARNING: ATOM HD1 NOT DEFINED FOR ARG
WARNING: ATOM HD2 NOT DEFINED FOR ARG
WARNING: ATOM HE NOT DEFINED FOR ARG
WARNING: ATOM HH11 NOT DEFINED FOR ARG
WARNING: ATOM HH12 NOT DEFINED FOR ARG
WARNING: ATOM HH21 NOT DEFINED FOR ARG
WARNING: ATOM HH22 NOT DEFINED FOR ARG
WARNING: ATOM H NOT DEFINED FOR GLN
WARNING: ATOM HA NOT DEFINED FOR GLN
WARNING: ATOM HB1 NOT DEFINED FOR GLN
WARNING: ATOM HB2 NOT DEFINED FOR GLN
WARNING: ATOM HG1 NOT DEFINED FOR GLN
WARNING: ATOM HG2 NOT DEFINED FOR GLN
WARNING: ATOM HE21 NOT DEFINED FOR GLN
WARNING: ATOM HE22 NOT DEFINED FOR GLN
WARNING: ATOM H NOT DEFINED FOR ALA
WARNING: ATOM HA NOT DEFINED FOR ALA
WARNING: ATOM HB1 NOT DEFINED FOR ALA
WARNING: ATOM HB2 NOT DEFINED FOR ALA
WARNING: ATOM HB3 NOT DEFINED FOR ALA
WARNING: ATOM HD1 NOT DEFINED FOR PRO
WARNING: ATOM HD2 NOT DEFINED FOR PRO
WARNING: ATOM HG1 NOT DEFINED FOR PRO
WARNING: ATOM HG2 NOT DEFINED FOR PRO
WARNING: ATOM HB1 NOT DEFINED FOR PRO
WARNING: ATOM HB2 NOT DEFINED FOR PRO
WARNING: ATOM HA NOT DEFINED FOR PRO
WARNING: ATOM H NOT DEFINED FOR GLU
WARNING: ATOM HA NOT DEFINED FOR GLU
WARNING: ATOM HB1 NOT DEFINED FOR GLU
WARNING: ATOM HB2 NOT DEFINED FOR GLU
WARNING: ATOM HG1 NOT DEFINED FOR GLU
WARNING: ATOM HG2 NOT DEFINED FOR GLU
WARNING: ATOM H NOT DEFINED FOR LYS
WARNING: ATOM HA NOT DEFINED FOR LYS
WARNING: ATOM HB1 NOT DEFINED FOR LYS
WARNING: ATOM HB2 NOT DEFINED FOR LYS
WARNING: ATOM HG1 NOT DEFINED FOR LYS
WARNING: ATOM HG2 NOT DEFINED FOR LYS
WARNING: ATOM HD1 NOT DEFINED FOR LYS
WARNING: ATOM HD2 NOT DEFINED FOR LYS
WARNING: ATOM HE1 NOT DEFINED FOR LYS
WARNING: ATOM HE2 NOT DEFINED FOR LYS
WARNING: ATOM HZ1 NOT DEFINED FOR LYS
WARNING: ATOM HZ2 NOT DEFINED FOR LYS
WARNING: ATOM HZ3 NOT DEFINED FOR LYS
WARNING: ATOM H NOT DEFINED FOR GLY
WARNING: ATOM HA1 NOT DEFINED FOR GLY
WARNING: ATOM HA2 NOT DEFINED FOR GLY
WARNING: ATOM H NOT DEFINED FOR LEU
WARNING: ATOM HA NOT DEFINED FOR LEU
WARNING: ATOM HB1 NOT DEFINED FOR LEU
WARNING: ATOM HB2 NOT DEFINED FOR LEU
WARNING: ATOM HG NOT DEFINED FOR LEU
WARNING: ATOM HD11 NOT DEFINED FOR LEU
WARNING: ATOM HD12 NOT DEFINED FOR LEU
WARNING: ATOM HD13 NOT DEFINED FOR LEU
WARNING: ATOM HD21 NOT DEFINED FOR LEU
WARNING: ATOM HD22 NOT DEFINED FOR LEU
WARNING: ATOM HD23 NOT DEFINED FOR LEU
WARNING: ATOM H NOT DEFINED FOR GLU
WARNING: ATOM HA NOT DEFINED FOR GLU
WARNING: ATOM HB1 NOT DEFINED FOR GLU
WARNING: ATOM HB2 NOT DEFINED FOR GLU
WARNING: ATOM HG1 NOT DEFINED FOR GLU
WARNING: ATOM HG2 NOT DEFINED FOR GLU
WARNING: ATOM H NOT DEFINED FOR TYR
WARNING: ATOM HA NOT DEFINED FOR TYR
WARNING: ATOM HB1 NOT DEFINED FOR TYR
WARNING: ATOM HB2 NOT DEFINED FOR TYR
WARNING: ATOM HD1 NOT DEFINED FOR TYR
WARNING: ATOM HE1 NOT DEFINED FOR TYR
WARNING: ATOM HH NOT DEFINED FOR TYR
WARNING: ATOM HE2 NOT DEFINED FOR TYR
WARNING: ATOM HD2 NOT DEFINED FOR TYR
WARNING: ATOM H NOT DEFINED FOR ILE
WARNING: ATOM HA NOT DEFINED FOR ILE
WARNING: ATOM HB NOT DEFINED FOR ILE
WARNING: ATOM HG21 NOT DEFINED FOR ILE
WARNING: ATOM HG22 NOT DEFINED FOR ILE
WARNING: ATOM HG23 NOT DEFINED FOR ILE
WARNING: ATOM HG11 NOT DEFINED FOR ILE
WARNING: ATOM HG12 NOT DEFINED FOR ILE
WARNING: ATOM HD1 NOT DEFINED FOR ILE
WARNING: ATOM HD2 NOT DEFINED FOR ILE
WARNING: ATOM HD3 NOT DEFINED FOR ILE
WARNING: ATOM H NOT DEFINED FOR GLY
WARNING: ATOM HA1 NOT DEFINED FOR GLY
WARNING: ATOM HA2 NOT DEFINED FOR GLY
WARNING: ATOM H NOT DEFINED FOR ILE
WARNING: ATOM HA NOT DEFINED FOR ILE
WARNING: ATOM HB NOT DEFINED FOR ILE
WARNING: ATOM HG21 NOT DEFINED FOR ILE
WARNING: ATOM HG22 NOT DEFINED FOR ILE
WARNING: ATOM HG23 NOT DEFINED FOR ILE
WARNING: ATOM HG11 NOT DEFINED FOR ILE
WARNING: ATOM HG12 NOT DEFINED FOR ILE
WARNING: ATOM HD1 NOT DEFINED FOR ILE
WARNING: ATOM HD2 NOT DEFINED FOR ILE
WARNING: ATOM HD3 NOT DEFINED FOR ILE
WARNING: ATOM H NOT DEFINED FOR ILE
WARNING: ATOM HA NOT DEFINED FOR ILE
WARNING: ATOM HB NOT DEFINED FOR ILE
WARNING: ATOM HG21 NOT DEFINED FOR ILE
WARNING: ATOM HG22 NOT DEFINED FOR ILE
WARNING: ATOM HG23 NOT DEFINED FOR ILE
WARNING: ATOM HG11 NOT DEFINED FOR ILE
WARNING: ATOM HG12 NOT DEFINED FOR ILE
WARNING: ATOM HD1 NOT DEFINED FOR ILE
WARNING: ATOM HD2 NOT DEFINED FOR ILE
WARNING: ATOM HD3 NOT DEFINED FOR ILE
WARNING: ATOM H NOT DEFINED FOR THR
WARNING: ATOM HA NOT DEFINED FOR THR
WARNING: ATOM HB NOT DEFINED FOR THR
WARNING: ATOM HG21 NOT DEFINED FOR THR
WARNING: ATOM HG22 NOT DEFINED FOR THR
WARNING: ATOM HG23 NOT DEFINED FOR THR
WARNING: ATOM HG1 NOT DEFINED FOR THR
WARNING: ATOM H NOT DEFINED FOR TYR
WARNING: ATOM HA NOT DEFINED FOR TYR
WARNING: ATOM HB1 NOT DEFINED FOR TYR
WARNING: ATOM HB2 NOT DEFINED FOR TYR
WARNING: ATOM HD1 NOT DEFINED FOR TYR
WARNING: ATOM HE1 NOT DEFINED FOR TYR
WARNING: ATOM HH NOT DEFINED FOR TYR
WARNING: ATOM HE2 NOT DEFINED FOR TYR
WARNING: ATOM HD2 NOT DEFINED FOR TYR
WARNING: ATOM H NOT DEFINED FOR GLY
WARNING: ATOM HA1 NOT DEFINED FOR GLY
WARNING: ATOM HA2 NOT DEFINED FOR GLY
WARNING: ATOM H NOT DEFINED FOR GLY
WARNING: ATOM HA1 NOT DEFINED FOR GLY
WARNING: ATOM HA2 NOT DEFINED FOR GLY
WARNING: ATOM H NOT DEFINED FOR SER
WARNING: ATOM HA NOT DEFINED FOR SER
WARNING: ATOM HB1 NOT DEFINED FOR SER
WARNING: ATOM HB2 NOT DEFINED FOR SER
WARNING: ATOM HG NOT DEFINED FOR SER
WARNING: ATOM H NOT DEFINED FOR ALA
WARNING: ATOM HA NOT DEFINED FOR ALA
WARNING: ATOM HB1 NOT DEFINED FOR ALA
WARNING: ATOM HB2 NOT DEFINED FOR ALA
WARNING: ATOM HB3 NOT DEFINED FOR ALA
WARNING: ATOM H NOT DEFINED FOR TYR
WARNING: ATOM HA NOT DEFINED FOR TYR
WARNING: ATOM HB1 NOT DEFINED FOR TYR
WARNING: ATOM HB2 NOT DEFINED FOR TYR
WARNING: ATOM HD1 NOT DEFINED FOR TYR
WARNING: ATOM HE1 NOT DEFINED FOR TYR
WARNING: ATOM HH NOT DEFINED FOR TYR
WARNING: ATOM HE2 NOT DEFINED FOR TYR
WARNING: ATOM HD2 NOT DEFINED FOR TYR
WARNING: ATOM H NOT DEFINED FOR TYR
WARNING: ATOM HA NOT DEFINED FOR TYR
WARNING: ATOM HB1 NOT DEFINED FOR TYR
WARNING: ATOM HB2 NOT DEFINED FOR TYR
WARNING: ATOM HD1 NOT DEFINED FOR TYR
WARNING: ATOM HE1 NOT DEFINED FOR TYR
WARNING: ATOM HH NOT DEFINED FOR TYR
WARNING: ATOM HE2 NOT DEFINED FOR TYR
WARNING: ATOM HD2 NOT DEFINED FOR TYR
WARNING: ATOM HD1 NOT DEFINED FOR PRO
WARNING: ATOM HD2 NOT DEFINED FOR PRO
WARNING: ATOM HG1 NOT DEFINED FOR PRO
WARNING: ATOM HG2 NOT DEFINED FOR PRO
WARNING: ATOM HB1 NOT DEFINED FOR PRO
WARNING: ATOM HB2 NOT DEFINED FOR PRO
WARNING: ATOM HA NOT DEFINED FOR PRO
WARNING: ATOM H NOT DEFINED FOR SER
WARNING: ATOM HA NOT DEFINED FOR SER
WARNING: ATOM HB1 NOT DEFINED FOR SER
WARNING: ATOM HB2 NOT DEFINED FOR SER
WARNING: ATOM HG NOT DEFINED FOR SER
WARNING: ATOM H NOT DEFINED FOR TRP
WARNING: ATOM HA NOT DEFINED FOR TRP
WARNING: ATOM HB1 NOT DEFINED FOR TRP
WARNING: ATOM HB2 NOT DEFINED FOR TRP
WARNING: ATOM HD1 NOT DEFINED FOR TRP
WARNING: ATOM HE1 NOT DEFINED FOR TRP
WARNING: ATOM HZ2 NOT DEFINED FOR TRP
WARNING: ATOM HH2 NOT DEFINED FOR TRP
WARNING: ATOM HZ3 NOT DEFINED FOR TRP
WARNING: ATOM HE3 NOT DEFINED FOR TRP
WARNING: ATOM H NOT DEFINED FOR ALA
WARNING: ATOM HA NOT DEFINED FOR ALA
WARNING: ATOM HB1 NOT DEFINED FOR ALA
WARNING: ATOM HB2 NOT DEFINED FOR ALA
WARNING: ATOM HB3 NOT DEFINED FOR ALA
WARNING: ATOM H NOT DEFINED FOR LYS
WARNING: ATOM HA NOT DEFINED FOR LYS
WARNING: ATOM HB1 NOT DEFINED FOR LYS
WARNING: ATOM HB2 NOT DEFINED FOR LYS
WARNING: ATOM HG1 NOT DEFINED FOR LYS
WARNING: ATOM HG2 NOT DEFINED FOR LYS
WARNING: ATOM HD1 NOT DEFINED FOR LYS
WARNING: ATOM HD2 NOT DEFINED FOR LYS
WARNING: ATOM HE1 NOT DEFINED FOR LYS
WARNING: ATOM HE2 NOT DEFINED FOR LYS
WARNING: ATOM HZ1 NOT DEFINED FOR LYS
WARNING: ATOM HZ2 NOT DEFINED FOR LYS
WARNING: ATOM HZ3 NOT DEFINED FOR LYS
WARNING: ATOM H NOT DEFINED FOR GLY
WARNING: ATOM HA1 NOT DEFINED FOR GLY
WARNING: ATOM HA2 NOT DEFINED FOR GLY
WARNING: ATOM H NOT DEFINED FOR ARG
WARNING: ATOM HA NOT DEFINED FOR ARG
WARNING: ATOM HB1 NOT DEFINED FOR ARG
WARNING: ATOM HB2 NOT DEFINED FOR ARG
WARNING: ATOM HG1 NOT DEFINED FOR ARG
WARNING: ATOM HG2 NOT DEFINED FOR ARG
WARNING: ATOM HD1 NOT DEFINED FOR ARG
WARNING: ATOM HD2 NOT DEFINED FOR ARG
WARNING: ATOM HE NOT DEFINED FOR ARG
WARNING: ATOM HH11 NOT DEFINED FOR ARG
WARNING: ATOM HH12 NOT DEFINED FOR ARG
WARNING: ATOM HH21 NOT DEFINED FOR ARG
WARNING: ATOM HH22 NOT DEFINED FOR ARG
WARNING: ATOM H NOT DEFINED FOR PHE
WARNING: ATOM HA NOT DEFINED FOR PHE
WARNING: ATOM HB1 NOT DEFINED FOR PHE
WARNING: ATOM HB2 NOT DEFINED FOR PHE
WARNING: ATOM HD1 NOT DEFINED FOR PHE
WARNING: ATOM HE1 NOT DEFINED FOR PHE
WARNING: ATOM HZ NOT DEFINED FOR PHE
WARNING: ATOM HE2 NOT DEFINED FOR PHE
WARNING: ATOM HD2 NOT DEFINED FOR PHE
WARNING: ATOM H NOT DEFINED FOR THR
WARNING: ATOM HA NOT DEFINED FOR THR
WARNING: ATOM HB NOT DEFINED FOR THR
WARNING: ATOM HG21 NOT DEFINED FOR THR
WARNING: ATOM HG22 NOT DEFINED FOR THR
WARNING: ATOM HG23 NOT DEFINED FOR THR
WARNING: ATOM HG1 NOT DEFINED FOR THR
WARNING: ATOM H NOT DEFINED FOR PHE
WARNING: ATOM HA NOT DEFINED FOR PHE
WARNING: ATOM HB1 NOT DEFINED FOR PHE
WARNING: ATOM HB2 NOT DEFINED FOR PHE
WARNING: ATOM HD1 NOT DEFINED FOR PHE
WARNING: ATOM HE1 NOT DEFINED FOR PHE
WARNING: ATOM HZ NOT DEFINED FOR PHE
WARNING: ATOM HE2 NOT DEFINED FOR PHE
WARNING: ATOM HD2 NOT DEFINED FOR PHE
WARNING: ATOM H NOT DEFINED FOR SER
WARNING: ATOM HA NOT DEFINED FOR SER
WARNING: ATOM HB1 NOT DEFINED FOR SER
WARNING: ATOM HB2 NOT DEFINED FOR SER
WARNING: ATOM HG NOT DEFINED FOR SER
WARNING: ATOM H NOT DEFINED FOR ARG
WARNING: ATOM HA NOT DEFINED FOR ARG
WARNING: ATOM HB1 NOT DEFINED FOR ARG
WARNING: ATOM HB2 NOT DEFINED FOR ARG
WARNING: ATOM HG1 NOT DEFINED FOR ARG
WARNING: ATOM HG2 NOT DEFINED FOR ARG
WARNING: ATOM HD1 NOT DEFINED FOR ARG
WARNING: ATOM HD2 NOT DEFINED FOR ARG
WARNING: ATOM HE NOT DEFINED FOR ARG
WARNING: ATOM HH11 NOT DEFINED FOR ARG
WARNING: ATOM HH12 NOT DEFINED FOR ARG
WARNING: ATOM HH21 NOT DEFINED FOR ARG
WARNING: ATOM HH22 NOT DEFINED FOR ARG
WARNING: ATOM H NOT DEFINED FOR THR
WARNING: ATOM HA NOT DEFINED FOR THR
WARNING: ATOM HB NOT DEFINED FOR THR
WARNING: ATOM HG21 NOT DEFINED FOR THR
WARNING: ATOM HG22 NOT DEFINED FOR THR
WARNING: ATOM HG23 NOT DEFINED FOR THR
WARNING: ATOM HG1 NOT DEFINED FOR THR
WARNING: ATOM H NOT DEFINED FOR SER
WARNING: ATOM HA NOT DEFINED FOR SER
WARNING: ATOM HB1 NOT DEFINED FOR SER
WARNING: ATOM HB2 NOT DEFINED FOR SER
WARNING: ATOM HG NOT DEFINED FOR SER
WARNING: ATOM H NOT DEFINED FOR THR
WARNING: ATOM HA NOT DEFINED FOR THR
WARNING: ATOM HB NOT DEFINED FOR THR
WARNING: ATOM HG21 NOT DEFINED FOR THR
WARNING: ATOM HG22 NOT DEFINED FOR THR
WARNING: ATOM HG23 NOT DEFINED FOR THR
WARNING: ATOM HG1 NOT DEFINED FOR THR
WARNING: ATOM H NOT DEFINED FOR THR
WARNING: ATOM HA NOT DEFINED FOR THR
WARNING: ATOM HB NOT DEFINED FOR THR
WARNING: ATOM HG21 NOT DEFINED FOR THR
WARNING: ATOM HG22 NOT DEFINED FOR THR
WARNING: ATOM HG23 NOT DEFINED FOR THR
WARNING: ATOM HG1 NOT DEFINED FOR THR
WARNING: ATOM H NOT DEFINED FOR VAL
WARNING: ATOM HA NOT DEFINED FOR VAL
WARNING: ATOM HB NOT DEFINED FOR VAL
WARNING: ATOM HG11 NOT DEFINED FOR VAL
WARNING: ATOM HG12 NOT DEFINED FOR VAL
WARNING: ATOM HG13 NOT DEFINED FOR VAL
WARNING: ATOM HG21 NOT DEFINED FOR VAL
WARNING: ATOM HG22 NOT DEFINED FOR VAL
WARNING: ATOM HG23 NOT DEFINED FOR VAL
WARNING: ATOM H NOT DEFINED FOR ASP
WARNING: ATOM HA NOT DEFINED FOR ASP
WARNING: ATOM HB1 NOT DEFINED FOR ASP
WARNING: ATOM HB2 NOT DEFINED FOR ASP
WARNING: ATOM H NOT DEFINED FOR LEU
WARNING: ATOM HA NOT DEFINED FOR LEU
WARNING: ATOM HB1 NOT DEFINED FOR LEU
WARNING: ATOM HB2 NOT DEFINED FOR LEU
WARNING: ATOM HG NOT DEFINED FOR LEU
WARNING: ATOM HD11 NOT DEFINED FOR LEU
WARNING: ATOM HD12 NOT DEFINED FOR LEU
WARNING: ATOM HD13 NOT DEFINED FOR LEU
WARNING: ATOM HD21 NOT DEFINED FOR LEU
WARNING: ATOM HD22 NOT DEFINED FOR LEU
WARNING: ATOM HD23 NOT DEFINED FOR LEU
WARNING: ATOM H NOT DEFINED FOR LYS
WARNING: ATOM HA NOT DEFINED FOR LYS
WARNING: ATOM HB1 NOT DEFINED FOR LYS
WARNING: ATOM HB2 NOT DEFINED FOR LYS
WARNING: ATOM HG1 NOT DEFINED FOR LYS
WARNING: ATOM HG2 NOT DEFINED FOR LYS
WARNING: ATOM HD1 NOT DEFINED FOR LYS
WARNING: ATOM HD2 NOT DEFINED FOR LYS
WARNING: ATOM HE1 NOT DEFINED FOR LYS
WARNING: ATOM HE2 NOT DEFINED FOR LYS
WARNING: ATOM HZ1 NOT DEFINED FOR LYS
WARNING: ATOM HZ2 NOT DEFINED FOR LYS
WARNING: ATOM HZ3 NOT DEFINED FOR LYS
WARNING: ATOM H NOT DEFINED FOR ILE
WARNING: ATOM HA NOT DEFINED FOR ILE
WARNING: ATOM HB NOT DEFINED FOR ILE
WARNING: ATOM HG21 NOT DEFINED FOR ILE
WARNING: ATOM HG22 NOT DEFINED FOR ILE
WARNING: ATOM HG23 NOT DEFINED FOR ILE
WARNING: ATOM HG11 NOT DEFINED FOR ILE
WARNING: ATOM HG12 NOT DEFINED FOR ILE
WARNING: ATOM HD1 NOT DEFINED FOR ILE
WARNING: ATOM HD2 NOT DEFINED FOR ILE
WARNING: ATOM HD3 NOT DEFINED FOR ILE
WARNING: ATOM H NOT DEFINED FOR THR
WARNING: ATOM HA NOT DEFINED FOR THR
WARNING: ATOM HB NOT DEFINED FOR THR
WARNING: ATOM HG21 NOT DEFINED FOR THR
WARNING: ATOM HG22 NOT DEFINED FOR THR
WARNING: ATOM HG23 NOT DEFINED FOR THR
WARNING: ATOM HG1 NOT DEFINED FOR THR
WARNING: ATOM H NOT DEFINED FOR SER
WARNING: ATOM HA NOT DEFINED FOR SER
WARNING: ATOM HB1 NOT DEFINED FOR SER
WARNING: ATOM HB2 NOT DEFINED FOR SER
WARNING: ATOM HG NOT DEFINED FOR SER
WARNING: ATOM HD1 NOT DEFINED FOR PRO
WARNING: ATOM HD2 NOT DEFINED FOR PRO
WARNING: ATOM HG1 NOT DEFINED FOR PRO
WARNING: ATOM HG2 NOT DEFINED FOR PRO
WARNING: ATOM HB1 NOT DEFINED FOR PRO
WARNING: ATOM HB2 NOT DEFINED FOR PRO
WARNING: ATOM HA NOT DEFINED FOR PRO
WARNING: ATOM H NOT DEFINED FOR THR
WARNING: ATOM HA NOT DEFINED FOR THR
WARNING: ATOM HB NOT DEFINED FOR THR
WARNING: ATOM HG21 NOT DEFINED FOR THR
WARNING: ATOM HG22 NOT DEFINED FOR THR
WARNING: ATOM HG23 NOT DEFINED FOR THR
WARNING: ATOM HG1 NOT DEFINED FOR THR
WARNING: ATOM H NOT DEFINED FOR THR
WARNING: ATOM HA NOT DEFINED FOR THR
WARNING: ATOM HB NOT DEFINED FOR THR
WARNING: ATOM HG21 NOT DEFINED FOR THR
WARNING: ATOM HG22 NOT DEFINED FOR THR
WARNING: ATOM HG23 NOT DEFINED FOR THR
WARNING: ATOM HG1 NOT DEFINED FOR THR
WARNING: ATOM H NOT DEFINED FOR GLU
WARNING: ATOM HA NOT DEFINED FOR GLU
WARNING: ATOM HB1 NOT DEFINED FOR GLU
WARNING: ATOM HB2 NOT DEFINED FOR GLU
WARNING: ATOM HG1 NOT DEFINED FOR GLU
WARNING: ATOM HG2 NOT DEFINED FOR GLU
WARNING: ATOM H NOT DEFINED FOR ASP
WARNING: ATOM HA NOT DEFINED FOR ASP
WARNING: ATOM HB1 NOT DEFINED FOR ASP
WARNING: ATOM HB2 NOT DEFINED FOR ASP
WARNING: ATOM H NOT DEFINED FOR THR
WARNING: ATOM HA NOT DEFINED FOR THR
WARNING: ATOM HB NOT DEFINED FOR THR
WARNING: ATOM HG21 NOT DEFINED FOR THR
WARNING: ATOM HG22 NOT DEFINED FOR THR
WARNING: ATOM HG23 NOT DEFINED FOR THR
WARNING: ATOM HG1 NOT DEFINED FOR THR
WARNING: ATOM H NOT DEFINED FOR ALA
WARNING: ATOM HA NOT DEFINED FOR ALA
WARNING: ATOM HB1 NOT DEFINED FOR ALA
WARNING: ATOM HB2 NOT DEFINED FOR ALA
WARNING: ATOM HB3 NOT DEFINED FOR ALA
WARNING: ATOM H NOT DEFINED FOR THR
WARNING: ATOM HA NOT DEFINED FOR THR
WARNING: ATOM HB NOT DEFINED FOR THR
WARNING: ATOM HG21 NOT DEFINED FOR THR
WARNING: ATOM HG22 NOT DEFINED FOR THR
WARNING: ATOM HG23 NOT DEFINED FOR THR
WARNING: ATOM HG1 NOT DEFINED FOR THR
WARNING: ATOM H NOT DEFINED FOR TYR
WARNING: ATOM HA NOT DEFINED FOR TYR
WARNING: ATOM HB1 NOT DEFINED FOR TYR
WARNING: ATOM HB2 NOT DEFINED FOR TYR
WARNING: ATOM HD1 NOT DEFINED FOR TYR
WARNING: ATOM HE1 NOT DEFINED FOR TYR
WARNING: ATOM HH NOT DEFINED FOR TYR
WARNING: ATOM HE2 NOT DEFINED FOR TYR
WARNING: ATOM HD2 NOT DEFINED FOR TYR
WARNING: ATOM H NOT DEFINED FOR PHE
WARNING: ATOM HA NOT DEFINED FOR PHE
WARNING: ATOM HB1 NOT DEFINED FOR PHE
WARNING: ATOM HB2 NOT DEFINED FOR PHE
WARNING: ATOM HD1 NOT DEFINED FOR PHE
WARNING: ATOM HE1 NOT DEFINED FOR PHE
WARNING: ATOM HZ NOT DEFINED FOR PHE
WARNING: ATOM HE2 NOT DEFINED FOR PHE
WARNING: ATOM HD2 NOT DEFINED FOR PHE
WARNING: ATOM H NOT DEFINED FOR CYS
WARNING: ATOM HA NOT DEFINED FOR CYS
WARNING: ATOM HB1 NOT DEFINED FOR CYS
WARNING: ATOM HB2 NOT DEFINED FOR CYS
WARNING: ATOM H NOT DEFINED FOR ALA
WARNING: ATOM HA NOT DEFINED FOR ALA
WARNING: ATOM HB1 NOT DEFINED FOR ALA
WARNING: ATOM HB2 NOT DEFINED FOR ALA
WARNING: ATOM HB3 NOT DEFINED FOR ALA
WARNING: ATOM H NOT DEFINED FOR ARG
WARNING: ATOM HA NOT DEFINED FOR ARG
WARNING: ATOM HB1 NOT DEFINED FOR ARG
WARNING: ATOM HB2 NOT DEFINED FOR ARG
WARNING: ATOM HG1 NOT DEFINED FOR ARG
WARNING: ATOM HG2 NOT DEFINED FOR ARG
WARNING: ATOM HD1 NOT DEFINED FOR ARG
WARNING: ATOM HD2 NOT DEFINED FOR ARG
WARNING: ATOM HE NOT DEFINED FOR ARG
WARNING: ATOM HH11 NOT DEFINED FOR ARG
WARNING: ATOM HH12 NOT DEFINED FOR ARG
WARNING: ATOM HH21 NOT DEFINED FOR ARG
WARNING: ATOM HH22 NOT DEFINED FOR ARG
WARNING: ATOM H NOT DEFINED FOR ALA
WARNING: ATOM HA NOT DEFINED FOR ALA
WARNING: ATOM HB1 NOT DEFINED FOR ALA
WARNING: ATOM HB2 NOT DEFINED FOR ALA
WARNING: ATOM HB3 NOT DEFINED FOR ALA
WARNING: ATOM H NOT DEFINED FOR LEU
WARNING: ATOM HA NOT DEFINED FOR LEU
WARNING: ATOM HB1 NOT DEFINED FOR LEU
WARNING: ATOM HB2 NOT DEFINED FOR LEU
WARNING: ATOM HG NOT DEFINED FOR LEU
WARNING: ATOM HD11 NOT DEFINED FOR LEU
WARNING: ATOM HD12 NOT DEFINED FOR LEU
WARNING: ATOM HD13 NOT DEFINED FOR LEU
WARNING: ATOM HD21 NOT DEFINED FOR LEU
WARNING: ATOM HD22 NOT DEFINED FOR LEU
WARNING: ATOM HD23 NOT DEFINED FOR LEU
WARNING: ATOM H NOT DEFINED FOR GLN
WARNING: ATOM HA NOT DEFINED FOR GLN
WARNING: ATOM HB1 NOT DEFINED FOR GLN
WARNING: ATOM HB2 NOT DEFINED FOR GLN
WARNING: ATOM HG1 NOT DEFINED FOR GLN
WARNING: ATOM HG2 NOT DEFINED FOR GLN
WARNING: ATOM HE21 NOT DEFINED FOR GLN
WARNING: ATOM HE22 NOT DEFINED FOR GLN
WARNING: ATOM HD1 NOT DEFINED FOR PRO
WARNING: ATOM HD2 NOT DEFINED FOR PRO
WARNING: ATOM HG1 NOT DEFINED FOR PRO
WARNING: ATOM HG2 NOT DEFINED FOR PRO
WARNING: ATOM HB1 NOT DEFINED FOR PRO
WARNING: ATOM HB2 NOT DEFINED FOR PRO
WARNING: ATOM HA NOT DEFINED FOR PRO
WARNING: ATOM H NOT DEFINED FOR ASN
WARNING: ATOM HA NOT DEFINED FOR ASN
WARNING: ATOM HB1 NOT DEFINED FOR ASN
WARNING: ATOM HB2 NOT DEFINED FOR ASN
WARNING: ATOM HD21 NOT DEFINED FOR ASN
WARNING: ATOM HD22 NOT DEFINED FOR ASN
WARNING: ATOM H NOT DEFINED FOR TYR
WARNING: ATOM HA NOT DEFINED FOR TYR
WARNING: ATOM HB1 NOT DEFINED FOR TYR
WARNING: ATOM HB2 NOT DEFINED FOR TYR
WARNING: ATOM HD1 NOT DEFINED FOR TYR
WARNING: ATOM HE1 NOT DEFINED FOR TYR
WARNING: ATOM HH NOT DEFINED FOR TYR
WARNING: ATOM HE2 NOT DEFINED FOR TYR
WARNING: ATOM HD2 NOT DEFINED FOR TYR
WARNING: ATOM H NOT DEFINED FOR VAL
WARNING: ATOM HA NOT DEFINED FOR VAL
WARNING: ATOM HB NOT DEFINED FOR VAL
WARNING: ATOM HG11 NOT DEFINED FOR VAL
WARNING: ATOM HG12 NOT DEFINED FOR VAL
WARNING: ATOM HG13 NOT DEFINED FOR VAL
WARNING: ATOM HG21 NOT DEFINED FOR VAL
WARNING: ATOM HG22 NOT DEFINED FOR VAL
WARNING: ATOM HG23 NOT DEFINED FOR VAL
WARNING: ATOM H NOT DEFINED FOR ASN
WARNING: ATOM HA NOT DEFINED FOR ASN
WARNING: ATOM HB1 NOT DEFINED FOR ASN
WARNING: ATOM HB2 NOT DEFINED FOR ASN
WARNING: ATOM HD21 NOT DEFINED FOR ASN
WARNING: ATOM HD22 NOT DEFINED FOR ASN
WARNING: ATOM H NOT DEFINED FOR ALA
WARNING: ATOM HA NOT DEFINED FOR ALA
WARNING: ATOM HB1 NOT DEFINED FOR ALA
WARNING: ATOM HB2 NOT DEFINED FOR ALA
WARNING: ATOM HB3 NOT DEFINED FOR ALA
WARNING: ATOM H NOT DEFINED FOR PHE
WARNING: ATOM HA NOT DEFINED FOR PHE
WARNING: ATOM HB1 NOT DEFINED FOR PHE
WARNING: ATOM HB2 NOT DEFINED FOR PHE
WARNING: ATOM HD1 NOT DEFINED FOR PHE
WARNING: ATOM HE1 NOT DEFINED FOR PHE
WARNING: ATOM HZ NOT DEFINED FOR PHE
WARNING: ATOM HE2 NOT DEFINED FOR PHE
WARNING: ATOM HD2 NOT DEFINED FOR PHE
WARNING: ATOM H NOT DEFINED FOR ASN
WARNING: ATOM HA NOT DEFINED FOR ASN
WARNING: ATOM HB1 NOT DEFINED FOR ASN
WARNING: ATOM HB2 NOT DEFINED FOR ASN
WARNING: ATOM HD21 NOT DEFINED FOR ASN
WARNING: ATOM HD22 NOT DEFINED FOR ASN
WARNING: ATOM H NOT DEFINED FOR ILE
WARNING: ATOM HA NOT DEFINED FOR ILE
WARNING: ATOM HB NOT DEFINED FOR ILE
WARNING: ATOM HG21 NOT DEFINED FOR ILE
WARNING: ATOM HG22 NOT DEFINED FOR ILE
WARNING: ATOM HG23 NOT DEFINED FOR ILE
WARNING: ATOM HG11 NOT DEFINED FOR ILE
WARNING: ATOM HG12 NOT DEFINED FOR ILE
WARNING: ATOM HD1 NOT DEFINED FOR ILE
WARNING: ATOM HD2 NOT DEFINED FOR ILE
WARNING: ATOM HD3 NOT DEFINED FOR ILE
WARNING: ATOM H NOT DEFINED FOR TRP
WARNING: ATOM HA NOT DEFINED FOR TRP
WARNING: ATOM HB1 NOT DEFINED FOR TRP
WARNING: ATOM HB2 NOT DEFINED FOR TRP
WARNING: ATOM HD1 NOT DEFINED FOR TRP
WARNING: ATOM HE1 NOT DEFINED FOR TRP
WARNING: ATOM HZ2 NOT DEFINED FOR TRP
WARNING: ATOM HH2 NOT DEFINED FOR TRP
WARNING: ATOM HZ3 NOT DEFINED FOR TRP
WARNING: ATOM HE3 NOT DEFINED FOR TRP
WARNING: ATOM H NOT DEFINED FOR GLY
WARNING: ATOM HA1 NOT DEFINED FOR GLY
WARNING: ATOM HA2 NOT DEFINED FOR GLY
WARNING: ATOM HD1 NOT DEFINED FOR PRO
WARNING: ATOM HD2 NOT DEFINED FOR PRO
WARNING: ATOM HG1 NOT DEFINED FOR PRO
WARNING: ATOM HG2 NOT DEFINED FOR PRO
WARNING: ATOM HB1 NOT DEFINED FOR PRO
WARNING: ATOM HB2 NOT DEFINED FOR PRO
WARNING: ATOM HA NOT DEFINED FOR PRO
WARNING: ATOM H NOT DEFINED FOR GLY
WARNING: ATOM HA1 NOT DEFINED FOR GLY
WARNING: ATOM HA2 NOT DEFINED FOR GLY
WARNING: ATOM H NOT DEFINED FOR THR
WARNING: ATOM HA NOT DEFINED FOR THR
WARNING: ATOM HB NOT DEFINED FOR THR
WARNING: ATOM HG21 NOT DEFINED FOR THR
WARNING: ATOM HG22 NOT DEFINED FOR THR
WARNING: ATOM HG23 NOT DEFINED FOR THR
WARNING: ATOM HG1 NOT DEFINED FOR THR
WARNING: ATOM H NOT DEFINED FOR LEU
WARNING: ATOM HA NOT DEFINED FOR LEU
WARNING: ATOM HB1 NOT DEFINED FOR LEU
WARNING: ATOM HB2 NOT DEFINED FOR LEU
WARNING: ATOM HG NOT DEFINED FOR LEU
WARNING: ATOM HD11 NOT DEFINED FOR LEU
WARNING: ATOM HD12 NOT DEFINED FOR LEU
WARNING: ATOM HD13 NOT DEFINED FOR LEU
WARNING: ATOM HD21 NOT DEFINED FOR LEU
WARNING: ATOM HD22 NOT DEFINED FOR LEU
WARNING: ATOM HD23 NOT DEFINED FOR LEU
WARNING: ATOM H NOT DEFINED FOR VAL
WARNING: ATOM HA NOT DEFINED FOR VAL
WARNING: ATOM HB NOT DEFINED FOR VAL
WARNING: ATOM HG11 NOT DEFINED FOR VAL
WARNING: ATOM HG12 NOT DEFINED FOR VAL
WARNING: ATOM HG13 NOT DEFINED FOR VAL
WARNING: ATOM HG21 NOT DEFINED FOR VAL
WARNING: ATOM HG22 NOT DEFINED FOR VAL
WARNING: ATOM HG23 NOT DEFINED FOR VAL
WARNING: ATOM H NOT DEFINED FOR THR
WARNING: ATOM HA NOT DEFINED FOR THR
WARNING: ATOM HB NOT DEFINED FOR THR
WARNING: ATOM HG21 NOT DEFINED FOR THR
WARNING: ATOM HG22 NOT DEFINED FOR THR
WARNING: ATOM HG23 NOT DEFINED FOR THR
WARNING: ATOM HG1 NOT DEFINED FOR THR
WARNING: ATOM H NOT DEFINED FOR VAL
WARNING: ATOM HA NOT DEFINED FOR VAL
WARNING: ATOM HB NOT DEFINED FOR VAL
WARNING: ATOM HG11 NOT DEFINED FOR VAL
WARNING: ATOM HG12 NOT DEFINED FOR VAL
WARNING: ATOM HG13 NOT DEFINED FOR VAL
WARNING: ATOM HG21 NOT DEFINED FOR VAL
WARNING: ATOM HG22 NOT DEFINED FOR VAL
WARNING: ATOM HG23 NOT DEFINED FOR VAL
WARNING: ATOM H NOT DEFINED FOR SER
WARNING: ATOM HA NOT DEFINED FOR SER
WARNING: ATOM HB1 NOT DEFINED FOR SER
WARNING: ATOM HB2 NOT DEFINED FOR SER
WARNING: ATOM HG NOT DEFINED FOR SER
WARNING: ATOM H NOT DEFINED FOR LEU
WARNING: ATOM HA NOT DEFINED FOR LEU
WARNING: ATOM HB1 NOT DEFINED FOR LEU
WARNING: ATOM HB2 NOT DEFINED FOR LEU
WARNING: ATOM HG NOT DEFINED FOR LEU
WARNING: ATOM HD11 NOT DEFINED FOR LEU
WARNING: ATOM HD12 NOT DEFINED FOR LEU
WARNING: ATOM HD13 NOT DEFINED FOR LEU
WARNING: ATOM HD21 NOT DEFINED FOR LEU
WARNING: ATOM HD22 NOT DEFINED FOR LEU
WARNING: ATOM HD23 NOT DEFINED FOR LEU
WARNING: ATOM H1 NOT DEFINED FOR ALA
WARNING: ATOM H2 NOT DEFINED FOR ALA
WARNING: ATOM H3 NOT DEFINED FOR ALA
WARNING: ATOM HA NOT DEFINED FOR ALA
WARNING: ATOM HB1 NOT DEFINED FOR ALA
WARNING: ATOM HB2 NOT DEFINED FOR ALA
WARNING: ATOM HB3 NOT DEFINED FOR ALA
WARNING: ATOM H NOT DEFINED FOR GLN
WARNING: ATOM HA NOT DEFINED FOR GLN
WARNING: ATOM HB1 NOT DEFINED FOR GLN
WARNING: ATOM HB2 NOT DEFINED FOR GLN
WARNING: ATOM HG1 NOT DEFINED FOR GLN
WARNING: ATOM HG2 NOT DEFINED FOR GLN
WARNING: ATOM HE21 NOT DEFINED FOR GLN
WARNING: ATOM HE22 NOT DEFINED FOR GLN
WARNING: ATOM H NOT DEFINED FOR VAL
WARNING: ATOM HA NOT DEFINED FOR VAL
WARNING: ATOM HB NOT DEFINED FOR VAL
WARNING: ATOM HG11 NOT DEFINED FOR VAL
WARNING: ATOM HG12 NOT DEFINED FOR VAL
WARNING: ATOM HG13 NOT DEFINED FOR VAL
WARNING: ATOM HG21 NOT DEFINED FOR VAL
WARNING: ATOM HG22 NOT DEFINED FOR VAL
WARNING: ATOM HG23 NOT DEFINED FOR VAL
WARNING: ATOM H NOT DEFINED FOR LEU
WARNING: ATOM HA NOT DEFINED FOR LEU
WARNING: ATOM HB1 NOT DEFINED FOR LEU
WARNING: ATOM HB2 NOT DEFINED FOR LEU
WARNING: ATOM HG NOT DEFINED FOR LEU
WARNING: ATOM HD11 NOT DEFINED FOR LEU
WARNING: ATOM HD12 NOT DEFINED FOR LEU
WARNING: ATOM HD13 NOT DEFINED FOR LEU
WARNING: ATOM HD21 NOT DEFINED FOR LEU
WARNING: ATOM HD22 NOT DEFINED FOR LEU
WARNING: ATOM HD23 NOT DEFINED FOR LEU
WARNING: ATOM H NOT DEFINED FOR THR
WARNING: ATOM HA NOT DEFINED FOR THR
WARNING: ATOM HB NOT DEFINED FOR THR
WARNING: ATOM HG21 NOT DEFINED FOR THR
WARNING: ATOM HG22 NOT DEFINED FOR THR
WARNING: ATOM HG23 NOT DEFINED FOR THR
WARNING: ATOM HG1 NOT DEFINED FOR THR
WARNING: ATOM H NOT DEFINED FOR GLN
WARNING: ATOM HA NOT DEFINED FOR GLN
WARNING: ATOM HB1 NOT DEFINED FOR GLN
WARNING: ATOM HB2 NOT DEFINED FOR GLN
WARNING: ATOM HG1 NOT DEFINED FOR GLN
WARNING: ATOM HG2 NOT DEFINED FOR GLN
WARNING: ATOM HE21 NOT DEFINED FOR GLN
WARNING: ATOM HE22 NOT DEFINED FOR GLN
WARNING: ATOM H NOT DEFINED FOR THR
WARNING: ATOM HA NOT DEFINED FOR THR
WARNING: ATOM HB NOT DEFINED FOR THR
WARNING: ATOM HG21 NOT DEFINED FOR THR
WARNING: ATOM HG22 NOT DEFINED FOR THR
WARNING: ATOM HG23 NOT DEFINED FOR THR
WARNING: ATOM HG1 NOT DEFINED FOR THR
WARNING: ATOM H NOT DEFINED FOR ALA
WARNING: ATOM HA NOT DEFINED FOR ALA
WARNING: ATOM HB1 NOT DEFINED FOR ALA
WARNING: ATOM HB2 NOT DEFINED FOR ALA
WARNING: ATOM HB3 NOT DEFINED FOR ALA
WARNING: ATOM H NOT DEFINED FOR SER
WARNING: ATOM HA NOT DEFINED FOR SER
WARNING: ATOM HB1 NOT DEFINED FOR SER
WARNING: ATOM HB2 NOT DEFINED FOR SER
WARNING: ATOM HG NOT DEFINED FOR SER
WARNING: ATOM H NOT DEFINED FOR SER
WARNING: ATOM HA NOT DEFINED FOR SER
WARNING: ATOM HB1 NOT DEFINED FOR SER
WARNING: ATOM HB2 NOT DEFINED FOR SER
WARNING: ATOM HG NOT DEFINED FOR SER
WARNING: ATOM H NOT DEFINED FOR VAL
WARNING: ATOM HA NOT DEFINED FOR VAL
WARNING: ATOM HB NOT DEFINED FOR VAL
WARNING: ATOM HG11 NOT DEFINED FOR VAL
WARNING: ATOM HG12 NOT DEFINED FOR VAL
WARNING: ATOM HG13 NOT DEFINED FOR VAL
WARNING: ATOM HG21 NOT DEFINED FOR VAL
WARNING: ATOM HG22 NOT DEFINED FOR VAL
WARNING: ATOM HG23 NOT DEFINED FOR VAL
WARNING: ATOM H NOT DEFINED FOR SER
WARNING: ATOM HA NOT DEFINED FOR SER
WARNING: ATOM HB1 NOT DEFINED FOR SER
WARNING: ATOM HB2 NOT DEFINED FOR SER
WARNING: ATOM HG NOT DEFINED FOR SER
WARNING: ATOM H NOT DEFINED FOR ALA
WARNING: ATOM HA NOT DEFINED FOR ALA
WARNING: ATOM HB1 NOT DEFINED FOR ALA
WARNING: ATOM HB2 NOT DEFINED FOR ALA
WARNING: ATOM HB3 NOT DEFINED FOR ALA
WARNING: ATOM H NOT DEFINED FOR ALA
WARNING: ATOM HA NOT DEFINED FOR ALA
WARNING: ATOM HB1 NOT DEFINED FOR ALA
WARNING: ATOM HB2 NOT DEFINED FOR ALA
WARNING: ATOM HB3 NOT DEFINED FOR ALA
WARNING: ATOM H NOT DEFINED FOR VAL
WARNING: ATOM HA NOT DEFINED FOR VAL
WARNING: ATOM HB NOT DEFINED FOR VAL
WARNING: ATOM HG11 NOT DEFINED FOR VAL
WARNING: ATOM HG12 NOT DEFINED FOR VAL
WARNING: ATOM HG13 NOT DEFINED FOR VAL
WARNING: ATOM HG21 NOT DEFINED FOR VAL
WARNING: ATOM HG22 NOT DEFINED FOR VAL
WARNING: ATOM HG23 NOT DEFINED FOR VAL
WARNING: ATOM H NOT DEFINED FOR GLY
WARNING: ATOM HA1 NOT DEFINED FOR GLY
WARNING: ATOM HA2 NOT DEFINED FOR GLY
WARNING: ATOM H NOT DEFINED FOR GLY
WARNING: ATOM HA1 NOT DEFINED FOR GLY
WARNING: ATOM HA2 NOT DEFINED FOR GLY
WARNING: ATOM H NOT DEFINED FOR THR
WARNING: ATOM HA NOT DEFINED FOR THR
WARNING: ATOM HB NOT DEFINED FOR THR
WARNING: ATOM HG21 NOT DEFINED FOR THR
WARNING: ATOM HG22 NOT DEFINED FOR THR
WARNING: ATOM HG23 NOT DEFINED FOR THR
WARNING: ATOM HG1 NOT DEFINED FOR THR
WARNING: ATOM H NOT DEFINED FOR VAL
WARNING: ATOM HA NOT DEFINED FOR VAL
WARNING: ATOM HB NOT DEFINED FOR VAL
WARNING: ATOM HG11 NOT DEFINED FOR VAL
WARNING: ATOM HG12 NOT DEFINED FOR VAL
WARNING: ATOM HG13 NOT DEFINED FOR VAL
WARNING: ATOM HG21 NOT DEFINED FOR VAL
WARNING: ATOM HG22 NOT DEFINED FOR VAL
WARNING: ATOM HG23 NOT DEFINED FOR VAL
WARNING: ATOM H NOT DEFINED FOR THR
WARNING: ATOM HA NOT DEFINED FOR THR
WARNING: ATOM HB NOT DEFINED FOR THR
WARNING: ATOM HG21 NOT DEFINED FOR THR
WARNING: ATOM HG22 NOT DEFINED FOR THR
WARNING: ATOM HG23 NOT DEFINED FOR THR
WARNING: ATOM HG1 NOT DEFINED FOR THR
WARNING: ATOM H NOT DEFINED FOR ILE
WARNING: ATOM HA NOT DEFINED FOR ILE
WARNING: ATOM HB NOT DEFINED FOR ILE
WARNING: ATOM HG21 NOT DEFINED FOR ILE
WARNING: ATOM HG22 NOT DEFINED FOR ILE
WARNING: ATOM HG23 NOT DEFINED FOR ILE
WARNING: ATOM HG11 NOT DEFINED FOR ILE
WARNING: ATOM HG12 NOT DEFINED FOR ILE
WARNING: ATOM HD1 NOT DEFINED FOR ILE
WARNING: ATOM HD2 NOT DEFINED FOR ILE
WARNING: ATOM HD3 NOT DEFINED FOR ILE
WARNING: ATOM H NOT DEFINED FOR ASN
WARNING: ATOM HA NOT DEFINED FOR ASN
WARNING: ATOM HB1 NOT DEFINED FOR ASN
WARNING: ATOM HB2 NOT DEFINED FOR ASN
WARNING: ATOM HD21 NOT DEFINED FOR ASN
WARNING: ATOM HD22 NOT DEFINED FOR ASN
WARNING: ATOM H NOT DEFINED FOR CYS
WARNING: ATOM HA NOT DEFINED FOR CYS
WARNING: ATOM HB1 NOT DEFINED FOR CYS
WARNING: ATOM HB2 NOT DEFINED FOR CYS
WARNING: ATOM H NOT DEFINED FOR GLN
WARNING: ATOM HA NOT DEFINED FOR GLN
WARNING: ATOM HB1 NOT DEFINED FOR GLN
WARNING: ATOM HB2 NOT DEFINED FOR GLN
WARNING: ATOM HG1 NOT DEFINED FOR GLN
WARNING: ATOM HG2 NOT DEFINED FOR GLN
WARNING: ATOM HE21 NOT DEFINED FOR GLN
WARNING: ATOM HE22 NOT DEFINED FOR GLN
WARNING: ATOM H NOT DEFINED FOR SER
WARNING: ATOM HA NOT DEFINED FOR SER
WARNING: ATOM HB1 NOT DEFINED FOR SER
WARNING: ATOM HB2 NOT DEFINED FOR SER
WARNING: ATOM HG NOT DEFINED FOR SER
WARNING: ATOM H NOT DEFINED FOR SER
WARNING: ATOM HA NOT DEFINED FOR SER
WARNING: ATOM HB1 NOT DEFINED FOR SER
WARNING: ATOM HB2 NOT DEFINED FOR SER
WARNING: ATOM HG NOT DEFINED FOR SER
WARNING: ATOM H NOT DEFINED FOR GLU
WARNING: ATOM HA NOT DEFINED FOR GLU
WARNING: ATOM HB1 NOT DEFINED FOR GLU
WARNING: ATOM HB2 NOT DEFINED FOR GLU
WARNING: ATOM HG1 NOT DEFINED FOR GLU
WARNING: ATOM HG2 NOT DEFINED FOR GLU
WARNING: ATOM H NOT DEFINED FOR SER
WARNING: ATOM HA NOT DEFINED FOR SER
WARNING: ATOM HB1 NOT DEFINED FOR SER
WARNING: ATOM HB2 NOT DEFINED FOR SER
WARNING: ATOM HG NOT DEFINED FOR SER
WARNING: ATOM H NOT DEFINED FOR VAL
WARNING: ATOM HA NOT DEFINED FOR VAL
WARNING: ATOM HB NOT DEFINED FOR VAL
WARNING: ATOM HG11 NOT DEFINED FOR VAL
WARNING: ATOM HG12 NOT DEFINED FOR VAL
WARNING: ATOM HG13 NOT DEFINED FOR VAL
WARNING: ATOM HG21 NOT DEFINED FOR VAL
WARNING: ATOM HG22 NOT DEFINED FOR VAL
WARNING: ATOM HG23 NOT DEFINED FOR VAL
WARNING: ATOM H NOT DEFINED FOR TYR
WARNING: ATOM HA NOT DEFINED FOR TYR
WARNING: ATOM HB1 NOT DEFINED FOR TYR
WARNING: ATOM HB2 NOT DEFINED FOR TYR
WARNING: ATOM HD1 NOT DEFINED FOR TYR
WARNING: ATOM HE1 NOT DEFINED FOR TYR
WARNING: ATOM HH NOT DEFINED FOR TYR
WARNING: ATOM HE2 NOT DEFINED FOR TYR
WARNING: ATOM HD2 NOT DEFINED FOR TYR
WARNING: ATOM H NOT DEFINED FOR ASN
WARNING: ATOM HA NOT DEFINED FOR ASN
WARNING: ATOM HB1 NOT DEFINED FOR ASN
WARNING: ATOM HB2 NOT DEFINED FOR ASN
WARNING: ATOM HD21 NOT DEFINED FOR ASN
WARNING: ATOM HD22 NOT DEFINED FOR ASN
WARNING: ATOM H NOT DEFINED FOR ASN
WARNING: ATOM HA NOT DEFINED FOR ASN
WARNING: ATOM HB1 NOT DEFINED FOR ASN
WARNING: ATOM HB2 NOT DEFINED FOR ASN
WARNING: ATOM HD21 NOT DEFINED FOR ASN
WARNING: ATOM HD22 NOT DEFINED FOR ASN
WARNING: ATOM H NOT DEFINED FOR ASN
WARNING: ATOM HA NOT DEFINED FOR ASN
WARNING: ATOM HB1 NOT DEFINED FOR ASN
WARNING: ATOM HB2 NOT DEFINED FOR ASN
WARNING: ATOM HD21 NOT DEFINED FOR ASN
WARNING: ATOM HD22 NOT DEFINED FOR ASN
WARNING: ATOM H NOT DEFINED FOR TYR
WARNING: ATOM HA NOT DEFINED FOR TYR
WARNING: ATOM HB1 NOT DEFINED FOR TYR
WARNING: ATOM HB2 NOT DEFINED FOR TYR
WARNING: ATOM HD1 NOT DEFINED FOR TYR
WARNING: ATOM HE1 NOT DEFINED FOR TYR
WARNING: ATOM HH NOT DEFINED FOR TYR
WARNING: ATOM HE2 NOT DEFINED FOR TYR
WARNING: ATOM HD2 NOT DEFINED FOR TYR
WARNING: ATOM H NOT DEFINED FOR LEU
WARNING: ATOM HA NOT DEFINED FOR LEU
WARNING: ATOM HB1 NOT DEFINED FOR LEU
WARNING: ATOM HB2 NOT DEFINED FOR LEU
WARNING: ATOM HG NOT DEFINED FOR LEU
WARNING: ATOM HD11 NOT DEFINED FOR LEU
WARNING: ATOM HD12 NOT DEFINED FOR LEU
WARNING: ATOM HD13 NOT DEFINED FOR LEU
WARNING: ATOM HD21 NOT DEFINED FOR LEU
WARNING: ATOM HD22 NOT DEFINED FOR LEU
WARNING: ATOM HD23 NOT DEFINED FOR LEU
WARNING: ATOM H NOT DEFINED FOR VAL
WARNING: ATOM HA NOT DEFINED FOR VAL
WARNING: ATOM HB NOT DEFINED FOR VAL
WARNING: ATOM HG11 NOT DEFINED FOR VAL
WARNING: ATOM HG12 NOT DEFINED FOR VAL
WARNING: ATOM HG13 NOT DEFINED FOR VAL
WARNING: ATOM HG21 NOT DEFINED FOR VAL
WARNING: ATOM HG22 NOT DEFINED FOR VAL
WARNING: ATOM HG23 NOT DEFINED FOR VAL
WARNING: ATOM H NOT DEFINED FOR TRP
WARNING: ATOM HA NOT DEFINED FOR TRP
WARNING: ATOM HB1 NOT DEFINED FOR TRP
WARNING: ATOM HB2 NOT DEFINED FOR TRP
WARNING: ATOM HD1 NOT DEFINED FOR TRP
WARNING: ATOM HE1 NOT DEFINED FOR TRP
WARNING: ATOM HZ2 NOT DEFINED FOR TRP
WARNING: ATOM HH2 NOT DEFINED FOR TRP
WARNING: ATOM HZ3 NOT DEFINED FOR TRP
WARNING: ATOM HE3 NOT DEFINED FOR TRP
WARNING: ATOM H NOT DEFINED FOR TYR
WARNING: ATOM HA NOT DEFINED FOR TYR
WARNING: ATOM HB1 NOT DEFINED FOR TYR
WARNING: ATOM HB2 NOT DEFINED FOR TYR
WARNING: ATOM HD1 NOT DEFINED FOR TYR
WARNING: ATOM HE1 NOT DEFINED FOR TYR
WARNING: ATOM HH NOT DEFINED FOR TYR
WARNING: ATOM HE2 NOT DEFINED FOR TYR
WARNING: ATOM HD2 NOT DEFINED FOR TYR
WARNING: ATOM H NOT DEFINED FOR GLN
WARNING: ATOM HA NOT DEFINED FOR GLN
WARNING: ATOM HB1 NOT DEFINED FOR GLN
WARNING: ATOM HB2 NOT DEFINED FOR GLN
WARNING: ATOM HG1 NOT DEFINED FOR GLN
WARNING: ATOM HG2 NOT DEFINED FOR GLN
WARNING: ATOM HE21 NOT DEFINED FOR GLN
WARNING: ATOM HE22 NOT DEFINED FOR GLN
WARNING: ATOM H NOT DEFINED FOR GLN
WARNING: ATOM HA NOT DEFINED FOR GLN
WARNING: ATOM HB1 NOT DEFINED FOR GLN
WARNING: ATOM HB2 NOT DEFINED FOR GLN
WARNING: ATOM HG1 NOT DEFINED FOR GLN
WARNING: ATOM HG2 NOT DEFINED FOR GLN
WARNING: ATOM HE21 NOT DEFINED FOR GLN
WARNING: ATOM HE22 NOT DEFINED FOR GLN
WARNING: ATOM H NOT DEFINED FOR LYS
WARNING: ATOM HA NOT DEFINED FOR LYS
WARNING: ATOM HB1 NOT DEFINED FOR LYS
WARNING: ATOM HB2 NOT DEFINED FOR LYS
WARNING: ATOM HG1 NOT DEFINED FOR LYS
WARNING: ATOM HG2 NOT DEFINED FOR LYS
WARNING: ATOM HD1 NOT DEFINED FOR LYS
WARNING: ATOM HD2 NOT DEFINED FOR LYS
WARNING: ATOM HE1 NOT DEFINED FOR LYS
WARNING: ATOM HE2 NOT DEFINED FOR LYS
WARNING: ATOM HZ1 NOT DEFINED FOR LYS
WARNING: ATOM HZ2 NOT DEFINED FOR LYS
WARNING: ATOM HZ3 NOT DEFINED FOR LYS
WARNING: ATOM H NOT DEFINED FOR ALA
WARNING: ATOM HA NOT DEFINED FOR ALA
WARNING: ATOM HB1 NOT DEFINED FOR ALA
WARNING: ATOM HB2 NOT DEFINED FOR ALA
WARNING: ATOM HB3 NOT DEFINED FOR ALA
WARNING: ATOM H NOT DEFINED FOR GLY
WARNING: ATOM HA1 NOT DEFINED FOR GLY
WARNING: ATOM HA2 NOT DEFINED FOR GLY
WARNING: ATOM H NOT DEFINED FOR GLN
WARNING: ATOM HA NOT DEFINED FOR GLN
WARNING: ATOM HB1 NOT DEFINED FOR GLN
WARNING: ATOM HB2 NOT DEFINED FOR GLN
WARNING: ATOM HG1 NOT DEFINED FOR GLN
WARNING: ATOM HG2 NOT DEFINED FOR GLN
WARNING: ATOM HE21 NOT DEFINED FOR GLN
WARNING: ATOM HE22 NOT DEFINED FOR GLN
WARNING: ATOM HD1 NOT DEFINED FOR PRO
WARNING: ATOM HD2 NOT DEFINED FOR PRO
WARNING: ATOM HG1 NOT DEFINED FOR PRO
WARNING: ATOM HG2 NOT DEFINED FOR PRO
WARNING: ATOM HB1 NOT DEFINED FOR PRO
WARNING: ATOM HB2 NOT DEFINED FOR PRO
WARNING: ATOM HA NOT DEFINED FOR PRO
WARNING: ATOM HD1 NOT DEFINED FOR PRO
WARNING: ATOM HD2 NOT DEFINED FOR PRO
WARNING: ATOM HG1 NOT DEFINED FOR PRO
WARNING: ATOM HG2 NOT DEFINED FOR PRO
WARNING: ATOM HB1 NOT DEFINED FOR PRO
WARNING: ATOM HB2 NOT DEFINED FOR PRO
WARNING: ATOM HA NOT DEFINED FOR PRO
WARNING: ATOM H NOT DEFINED FOR LYS
WARNING: ATOM HA NOT DEFINED FOR LYS
WARNING: ATOM HB1 NOT DEFINED FOR LYS
WARNING: ATOM HB2 NOT DEFINED FOR LYS
WARNING: ATOM HG1 NOT DEFINED FOR LYS
WARNING: ATOM HG2 NOT DEFINED FOR LYS
WARNING: ATOM HD1 NOT DEFINED FOR LYS
WARNING: ATOM HD2 NOT DEFINED FOR LYS
WARNING: ATOM HE1 NOT DEFINED FOR LYS
WARNING: ATOM HE2 NOT DEFINED FOR LYS
WARNING: ATOM HZ1 NOT DEFINED FOR LYS
WARNING: ATOM HZ2 NOT DEFINED FOR LYS
WARNING: ATOM HZ3 NOT DEFINED FOR LYS
WARNING: ATOM H NOT DEFINED FOR LEU
WARNING: ATOM HA NOT DEFINED FOR LEU
WARNING: ATOM HB1 NOT DEFINED FOR LEU
WARNING: ATOM HB2 NOT DEFINED FOR LEU
WARNING: ATOM HG NOT DEFINED FOR LEU
WARNING: ATOM HD11 NOT DEFINED FOR LEU
WARNING: ATOM HD12 NOT DEFINED FOR LEU
WARNING: ATOM HD13 NOT DEFINED FOR LEU
WARNING: ATOM HD21 NOT DEFINED FOR LEU
WARNING: ATOM HD22 NOT DEFINED FOR LEU
WARNING: ATOM HD23 NOT DEFINED FOR LEU
WARNING: ATOM H NOT DEFINED FOR LEU
WARNING: ATOM HA NOT DEFINED FOR LEU
WARNING: ATOM HB1 NOT DEFINED FOR LEU
WARNING: ATOM HB2 NOT DEFINED FOR LEU
WARNING: ATOM HG NOT DEFINED FOR LEU
WARNING: ATOM HD11 NOT DEFINED FOR LEU
WARNING: ATOM HD12 NOT DEFINED FOR LEU
WARNING: ATOM HD13 NOT DEFINED FOR LEU
WARNING: ATOM HD21 NOT DEFINED FOR LEU
WARNING: ATOM HD22 NOT DEFINED FOR LEU
WARNING: ATOM HD23 NOT DEFINED FOR LEU
WARNING: ATOM H NOT DEFINED FOR ILE
WARNING: ATOM HA NOT DEFINED FOR ILE
WARNING: ATOM HB NOT DEFINED FOR ILE
WARNING: ATOM HG21 NOT DEFINED FOR ILE
WARNING: ATOM HG22 NOT DEFINED FOR ILE
WARNING: ATOM HG23 NOT DEFINED FOR ILE
WARNING: ATOM HG11 NOT DEFINED FOR ILE
WARNING: ATOM HG12 NOT DEFINED FOR ILE
WARNING: ATOM HD1 NOT DEFINED FOR ILE
WARNING: ATOM HD2 NOT DEFINED FOR ILE
WARNING: ATOM HD3 NOT DEFINED FOR ILE
WARNING: ATOM H NOT DEFINED FOR TYR
WARNING: ATOM HA NOT DEFINED FOR TYR
WARNING: ATOM HB1 NOT DEFINED FOR TYR
WARNING: ATOM HB2 NOT DEFINED FOR TYR
WARNING: ATOM HD1 NOT DEFINED FOR TYR
WARNING: ATOM HE1 NOT DEFINED FOR TYR
WARNING: ATOM HH NOT DEFINED FOR TYR
WARNING: ATOM HE2 NOT DEFINED FOR TYR
WARNING: ATOM HD2 NOT DEFINED FOR TYR
WARNING: ATOM H NOT DEFINED FOR GLY
WARNING: ATOM HA1 NOT DEFINED FOR GLY
WARNING: ATOM HA2 NOT DEFINED FOR GLY
WARNING: ATOM H NOT DEFINED FOR ALA
WARNING: ATOM HA NOT DEFINED FOR ALA
WARNING: ATOM HB1 NOT DEFINED FOR ALA
WARNING: ATOM HB2 NOT DEFINED FOR ALA
WARNING: ATOM HB3 NOT DEFINED FOR ALA
WARNING: ATOM H NOT DEFINED FOR SER
WARNING: ATOM HA NOT DEFINED FOR SER
WARNING: ATOM HB1 NOT DEFINED FOR SER
WARNING: ATOM HB2 NOT DEFINED FOR SER
WARNING: ATOM HG NOT DEFINED FOR SER
WARNING: ATOM H NOT DEFINED FOR THR
WARNING: ATOM HA NOT DEFINED FOR THR
WARNING: ATOM HB NOT DEFINED FOR THR
WARNING: ATOM HG21 NOT DEFINED FOR THR
WARNING: ATOM HG22 NOT DEFINED FOR THR
WARNING: ATOM HG23 NOT DEFINED FOR THR
WARNING: ATOM HG1 NOT DEFINED FOR THR
WARNING: ATOM H NOT DEFINED FOR LEU
WARNING: ATOM HA NOT DEFINED FOR LEU
WARNING: ATOM HB1 NOT DEFINED FOR LEU
WARNING: ATOM HB2 NOT DEFINED FOR LEU
WARNING: ATOM HG NOT DEFINED FOR LEU
WARNING: ATOM HD11 NOT DEFINED FOR LEU
WARNING: ATOM HD12 NOT DEFINED FOR LEU
WARNING: ATOM HD13 NOT DEFINED FOR LEU
WARNING: ATOM HD21 NOT DEFINED FOR LEU
WARNING: ATOM HD22 NOT DEFINED FOR LEU
WARNING: ATOM HD23 NOT DEFINED FOR LEU
WARNING: ATOM H NOT DEFINED FOR THR
WARNING: ATOM HA NOT DEFINED FOR THR
WARNING: ATOM HB NOT DEFINED FOR THR
WARNING: ATOM HG21 NOT DEFINED FOR THR
WARNING: ATOM HG22 NOT DEFINED FOR THR
WARNING: ATOM HG23 NOT DEFINED FOR THR
WARNING: ATOM HG1 NOT DEFINED FOR THR
WARNING: ATOM H NOT DEFINED FOR SER
WARNING: ATOM HA NOT DEFINED FOR SER
WARNING: ATOM HB1 NOT DEFINED FOR SER
WARNING: ATOM HB2 NOT DEFINED FOR SER
WARNING: ATOM HG NOT DEFINED FOR SER
WARNING: ATOM H NOT DEFINED FOR GLY
WARNING: ATOM HA1 NOT DEFINED FOR GLY
WARNING: ATOM HA2 NOT DEFINED FOR GLY
WARNING: ATOM H NOT DEFINED FOR VAL
WARNING: ATOM HA NOT DEFINED FOR VAL
WARNING: ATOM HB NOT DEFINED FOR VAL
WARNING: ATOM HG11 NOT DEFINED FOR VAL
WARNING: ATOM HG12 NOT DEFINED FOR VAL
WARNING: ATOM HG13 NOT DEFINED FOR VAL
WARNING: ATOM HG21 NOT DEFINED FOR VAL
WARNING: ATOM HG22 NOT DEFINED FOR VAL
WARNING: ATOM HG23 NOT DEFINED FOR VAL
WARNING: ATOM H NOT DEFINED FOR SER
WARNING: ATOM HA NOT DEFINED FOR SER
WARNING: ATOM HB1 NOT DEFINED FOR SER
WARNING: ATOM HB2 NOT DEFINED FOR SER
WARNING: ATOM HG NOT DEFINED FOR SER
WARNING: ATOM H NOT DEFINED FOR SER
WARNING: ATOM HA NOT DEFINED FOR SER
WARNING: ATOM HB1 NOT DEFINED FOR SER
WARNING: ATOM HB2 NOT DEFINED FOR SER
WARNING: ATOM HG NOT DEFINED FOR SER
WARNING: ATOM H NOT DEFINED FOR ARG
WARNING: ATOM HA NOT DEFINED FOR ARG
WARNING: ATOM HB1 NOT DEFINED FOR ARG
WARNING: ATOM HB2 NOT DEFINED FOR ARG
WARNING: ATOM HG1 NOT DEFINED FOR ARG
WARNING: ATOM HG2 NOT DEFINED FOR ARG
WARNING: ATOM HD1 NOT DEFINED FOR ARG
WARNING: ATOM HD2 NOT DEFINED FOR ARG
WARNING: ATOM HE NOT DEFINED FOR ARG
WARNING: ATOM HH11 NOT DEFINED FOR ARG
WARNING: ATOM HH12 NOT DEFINED FOR ARG
WARNING: ATOM HH21 NOT DEFINED FOR ARG
WARNING: ATOM HH22 NOT DEFINED FOR ARG
WARNING: ATOM H NOT DEFINED FOR PHE
WARNING: ATOM HA NOT DEFINED FOR PHE
WARNING: ATOM HB1 NOT DEFINED FOR PHE
WARNING: ATOM HB2 NOT DEFINED FOR PHE
WARNING: ATOM HD1 NOT DEFINED FOR PHE
WARNING: ATOM HE1 NOT DEFINED FOR PHE
WARNING: ATOM HZ NOT DEFINED FOR PHE
WARNING: ATOM HE2 NOT DEFINED FOR PHE
WARNING: ATOM HD2 NOT DEFINED FOR PHE
WARNING: ATOM H NOT DEFINED FOR LYS
WARNING: ATOM HA NOT DEFINED FOR LYS
WARNING: ATOM HB1 NOT DEFINED FOR LYS
WARNING: ATOM HB2 NOT DEFINED FOR LYS
WARNING: ATOM HG1 NOT DEFINED FOR LYS
WARNING: ATOM HG2 NOT DEFINED FOR LYS
WARNING: ATOM HD1 NOT DEFINED FOR LYS
WARNING: ATOM HD2 NOT DEFINED FOR LYS
WARNING: ATOM HE1 NOT DEFINED FOR LYS
WARNING: ATOM HE2 NOT DEFINED FOR LYS
WARNING: ATOM HZ1 NOT DEFINED FOR LYS
WARNING: ATOM HZ2 NOT DEFINED FOR LYS
WARNING: ATOM HZ3 NOT DEFINED FOR LYS
WARNING: ATOM H NOT DEFINED FOR GLY
WARNING: ATOM HA1 NOT DEFINED FOR GLY
WARNING: ATOM HA2 NOT DEFINED FOR GLY
WARNING: ATOM H NOT DEFINED FOR SER
WARNING: ATOM HA NOT DEFINED FOR SER
WARNING: ATOM HB1 NOT DEFINED FOR SER
WARNING: ATOM HB2 NOT DEFINED FOR SER
WARNING: ATOM HG NOT DEFINED FOR SER
WARNING: ATOM H NOT DEFINED FOR GLY
WARNING: ATOM HA1 NOT DEFINED FOR GLY
WARNING: ATOM HA2 NOT DEFINED FOR GLY
WARNING: ATOM H NOT DEFINED FOR SER
WARNING: ATOM HA NOT DEFINED FOR SER
WARNING: ATOM HB1 NOT DEFINED FOR SER
WARNING: ATOM HB2 NOT DEFINED FOR SER
WARNING: ATOM HG NOT DEFINED FOR SER
WARNING: ATOM H NOT DEFINED FOR GLY
WARNING: ATOM HA1 NOT DEFINED FOR GLY
WARNING: ATOM HA2 NOT DEFINED FOR GLY
WARNING: ATOM H NOT DEFINED FOR THR
WARNING: ATOM HA NOT DEFINED FOR THR
WARNING: ATOM HB NOT DEFINED FOR THR
WARNING: ATOM HG21 NOT DEFINED FOR THR
WARNING: ATOM HG22 NOT DEFINED FOR THR
WARNING: ATOM HG23 NOT DEFINED FOR THR
WARNING: ATOM HG1 NOT DEFINED FOR THR
WARNING: ATOM H NOT DEFINED FOR GLN
WARNING: ATOM HA NOT DEFINED FOR GLN
WARNING: ATOM HB1 NOT DEFINED FOR GLN
WARNING: ATOM HB2 NOT DEFINED FOR GLN
WARNING: ATOM HG1 NOT DEFINED FOR GLN
WARNING: ATOM HG2 NOT DEFINED FOR GLN
WARNING: ATOM HE21 NOT DEFINED FOR GLN
WARNING: ATOM HE22 NOT DEFINED FOR GLN
WARNING: ATOM H NOT DEFINED FOR PHE
WARNING: ATOM HA NOT DEFINED FOR PHE
WARNING: ATOM HB1 NOT DEFINED FOR PHE
WARNING: ATOM HB2 NOT DEFINED FOR PHE
WARNING: ATOM HD1 NOT DEFINED FOR PHE
WARNING: ATOM HE1 NOT DEFINED FOR PHE
WARNING: ATOM HZ NOT DEFINED FOR PHE
WARNING: ATOM HE2 NOT DEFINED FOR PHE
WARNING: ATOM HD2 NOT DEFINED FOR PHE
WARNING: ATOM H NOT DEFINED FOR THR
WARNING: ATOM HA NOT DEFINED FOR THR
WARNING: ATOM HB NOT DEFINED FOR THR
WARNING: ATOM HG21 NOT DEFINED FOR THR
WARNING: ATOM HG22 NOT DEFINED FOR THR
WARNING: ATOM HG23 NOT DEFINED FOR THR
WARNING: ATOM HG1 NOT DEFINED FOR THR
WARNING: ATOM H NOT DEFINED FOR LEU
WARNING: ATOM HA NOT DEFINED FOR LEU
WARNING: ATOM HB1 NOT DEFINED FOR LEU
WARNING: ATOM HB2 NOT DEFINED FOR LEU
WARNING: ATOM HG NOT DEFINED FOR LEU
WARNING: ATOM HD11 NOT DEFINED FOR LEU
WARNING: ATOM HD12 NOT DEFINED FOR LEU
WARNING: ATOM HD13 NOT DEFINED FOR LEU
WARNING: ATOM HD21 NOT DEFINED FOR LEU
WARNING: ATOM HD22 NOT DEFINED FOR LEU
WARNING: ATOM HD23 NOT DEFINED FOR LEU
WARNING: ATOM H NOT DEFINED FOR THR
WARNING: ATOM HA NOT DEFINED FOR THR
WARNING: ATOM HB NOT DEFINED FOR THR
WARNING: ATOM HG21 NOT DEFINED FOR THR
WARNING: ATOM HG22 NOT DEFINED FOR THR
WARNING: ATOM HG23 NOT DEFINED FOR THR
WARNING: ATOM HG1 NOT DEFINED FOR THR
WARNING: ATOM H NOT DEFINED FOR ILE
WARNING: ATOM HA NOT DEFINED FOR ILE
WARNING: ATOM HB NOT DEFINED FOR ILE
WARNING: ATOM HG21 NOT DEFINED FOR ILE
WARNING: ATOM HG22 NOT DEFINED FOR ILE
WARNING: ATOM HG23 NOT DEFINED FOR ILE
WARNING: ATOM HG11 NOT DEFINED FOR ILE
WARNING: ATOM HG12 NOT DEFINED FOR ILE
WARNING: ATOM HD1 NOT DEFINED FOR ILE
WARNING: ATOM HD2 NOT DEFINED FOR ILE
WARNING: ATOM HD3 NOT DEFINED FOR ILE
WARNING: ATOM H NOT DEFINED FOR SER
WARNING: ATOM HA NOT DEFINED FOR SER
WARNING: ATOM HB1 NOT DEFINED FOR SER
WARNING: ATOM HB2 NOT DEFINED FOR SER
WARNING: ATOM HG NOT DEFINED FOR SER
WARNING: ATOM H NOT DEFINED FOR ASP
WARNING: ATOM HA NOT DEFINED FOR ASP
WARNING: ATOM HB1 NOT DEFINED FOR ASP
WARNING: ATOM HB2 NOT DEFINED FOR ASP
WARNING: ATOM H NOT DEFINED FOR LEU
WARNING: ATOM HA NOT DEFINED FOR LEU
WARNING: ATOM HB1 NOT DEFINED FOR LEU
WARNING: ATOM HB2 NOT DEFINED FOR LEU
WARNING: ATOM HG NOT DEFINED FOR LEU
WARNING: ATOM HD11 NOT DEFINED FOR LEU
WARNING: ATOM HD12 NOT DEFINED FOR LEU
WARNING: ATOM HD13 NOT DEFINED FOR LEU
WARNING: ATOM HD21 NOT DEFINED FOR LEU
WARNING: ATOM HD22 NOT DEFINED FOR LEU
WARNING: ATOM HD23 NOT DEFINED FOR LEU
WARNING: ATOM H NOT DEFINED FOR GLU
WARNING: ATOM HA NOT DEFINED FOR GLU
WARNING: ATOM HB1 NOT DEFINED FOR GLU
WARNING: ATOM HB2 NOT DEFINED FOR GLU
WARNING: ATOM HG1 NOT DEFINED FOR GLU
WARNING: ATOM HG2 NOT DEFINED FOR GLU
WARNING: ATOM H NOT DEFINED FOR CYS
WARNING: ATOM HA NOT DEFINED FOR CYS
WARNING: ATOM HB1 NOT DEFINED FOR CYS
WARNING: ATOM HB2 NOT DEFINED FOR CYS
WARNING: ATOM HG NOT DEFINED FOR CYS
WARNING: ATOM H NOT DEFINED FOR ASP
WARNING: ATOM HA NOT DEFINED FOR ASP
WARNING: ATOM HB1 NOT DEFINED FOR ASP
WARNING: ATOM HB2 NOT DEFINED FOR ASP
WARNING: ATOM H NOT DEFINED FOR ASP
WARNING: ATOM HA NOT DEFINED FOR ASP
WARNING: ATOM HB1 NOT DEFINED FOR ASP
WARNING: ATOM HB2 NOT DEFINED FOR ASP
WARNING: ATOM H NOT DEFINED FOR ALA
WARNING: ATOM HA NOT DEFINED FOR ALA
WARNING: ATOM HB1 NOT DEFINED FOR ALA
WARNING: ATOM HB2 NOT DEFINED FOR ALA
WARNING: ATOM HB3 NOT DEFINED FOR ALA
WARNING: ATOM H NOT DEFINED FOR ALA
WARNING: ATOM HA NOT DEFINED FOR ALA
WARNING: ATOM HB1 NOT DEFINED FOR ALA
WARNING: ATOM HB2 NOT DEFINED FOR ALA
WARNING: ATOM HB3 NOT DEFINED FOR ALA
WARNING: ATOM H NOT DEFINED FOR THR
WARNING: ATOM HA NOT DEFINED FOR THR
WARNING: ATOM HB NOT DEFINED FOR THR
WARNING: ATOM HG21 NOT DEFINED FOR THR
WARNING: ATOM HG22 NOT DEFINED FOR THR
WARNING: ATOM HG23 NOT DEFINED FOR THR
WARNING: ATOM HG1 NOT DEFINED FOR THR
WARNING: ATOM H NOT DEFINED FOR TYR
WARNING: ATOM HA NOT DEFINED FOR TYR
WARNING: ATOM HB1 NOT DEFINED FOR TYR
WARNING: ATOM HB2 NOT DEFINED FOR TYR
WARNING: ATOM HD1 NOT DEFINED FOR TYR
WARNING: ATOM HE1 NOT DEFINED FOR TYR
WARNING: ATOM HH NOT DEFINED FOR TYR
WARNING: ATOM HE2 NOT DEFINED FOR TYR
WARNING: ATOM HD2 NOT DEFINED FOR TYR
WARNING: ATOM H NOT DEFINED FOR TYR
WARNING: ATOM HA NOT DEFINED FOR TYR
WARNING: ATOM HB1 NOT DEFINED FOR TYR
WARNING: ATOM HB2 NOT DEFINED FOR TYR
WARNING: ATOM HD1 NOT DEFINED FOR TYR
WARNING: ATOM HE1 NOT DEFINED FOR TYR
WARNING: ATOM HH NOT DEFINED FOR TYR
WARNING: ATOM HE2 NOT DEFINED FOR TYR
WARNING: ATOM HD2 NOT DEFINED FOR TYR
WARNING: ATOM H NOT DEFINED FOR CYS
WARNING: ATOM HA NOT DEFINED FOR CYS
WARNING: ATOM HB1 NOT DEFINED FOR CYS
WARNING: ATOM HB2 NOT DEFINED FOR CYS
WARNING: ATOM H NOT DEFINED FOR ALA
WARNING: ATOM HA NOT DEFINED FOR ALA
WARNING: ATOM HB1 NOT DEFINED FOR ALA
WARNING: ATOM HB2 NOT DEFINED FOR ALA
WARNING: ATOM HB3 NOT DEFINED FOR ALA
WARNING: ATOM H NOT DEFINED FOR GLY
WARNING: ATOM HA1 NOT DEFINED FOR GLY
WARNING: ATOM HA2 NOT DEFINED FOR GLY
WARNING: ATOM H NOT DEFINED FOR ALA
WARNING: ATOM HA NOT DEFINED FOR ALA
WARNING: ATOM HB1 NOT DEFINED FOR ALA
WARNING: ATOM HB2 NOT DEFINED FOR ALA
WARNING: ATOM HB3 NOT DEFINED FOR ALA
WARNING: ATOM H NOT DEFINED FOR PHE
WARNING: ATOM HA NOT DEFINED FOR PHE
WARNING: ATOM HB1 NOT DEFINED FOR PHE
WARNING: ATOM HB2 NOT DEFINED FOR PHE
WARNING: ATOM HD1 NOT DEFINED FOR PHE
WARNING: ATOM HE1 NOT DEFINED FOR PHE
WARNING: ATOM HZ NOT DEFINED FOR PHE
WARNING: ATOM HE2 NOT DEFINED FOR PHE
WARNING: ATOM HD2 NOT DEFINED FOR PHE
WARNING: ATOM H NOT DEFINED FOR ASN
WARNING: ATOM HA NOT DEFINED FOR ASN
WARNING: ATOM HB1 NOT DEFINED FOR ASN
WARNING: ATOM HB2 NOT DEFINED FOR ASN
WARNING: ATOM HD21 NOT DEFINED FOR ASN
WARNING: ATOM HD22 NOT DEFINED FOR ASN
WARNING: ATOM H NOT DEFINED FOR TYR
WARNING: ATOM HA NOT DEFINED FOR TYR
WARNING: ATOM HB1 NOT DEFINED FOR TYR
WARNING: ATOM HB2 NOT DEFINED FOR TYR
WARNING: ATOM HD1 NOT DEFINED FOR TYR
WARNING: ATOM HE1 NOT DEFINED FOR TYR
WARNING: ATOM HH NOT DEFINED FOR TYR
WARNING: ATOM HE2 NOT DEFINED FOR TYR
WARNING: ATOM HD2 NOT DEFINED FOR TYR
WARNING: ATOM H NOT DEFINED FOR TRP
WARNING: ATOM HA NOT DEFINED FOR TRP
WARNING: ATOM HB1 NOT DEFINED FOR TRP
WARNING: ATOM HB2 NOT DEFINED FOR TRP
WARNING: ATOM HD1 NOT DEFINED FOR TRP
WARNING: ATOM HE1 NOT DEFINED FOR TRP
WARNING: ATOM HZ2 NOT DEFINED FOR TRP
WARNING: ATOM HH2 NOT DEFINED FOR TRP
WARNING: ATOM HZ3 NOT DEFINED FOR TRP
WARNING: ATOM HE3 NOT DEFINED FOR TRP
WARNING: ATOM H NOT DEFINED FOR ILE
WARNING: ATOM HA NOT DEFINED FOR ILE
WARNING: ATOM HB NOT DEFINED FOR ILE
WARNING: ATOM HG21 NOT DEFINED FOR ILE
WARNING: ATOM HG22 NOT DEFINED FOR ILE
WARNING: ATOM HG23 NOT DEFINED FOR ILE
WARNING: ATOM HG11 NOT DEFINED FOR ILE
WARNING: ATOM HG12 NOT DEFINED FOR ILE
WARNING: ATOM HD1 NOT DEFINED FOR ILE
WARNING: ATOM HD2 NOT DEFINED FOR ILE
WARNING: ATOM HD3 NOT DEFINED FOR ILE
WARNING: ATOM H NOT DEFINED FOR ASN
WARNING: ATOM HA NOT DEFINED FOR ASN
WARNING: ATOM HB1 NOT DEFINED FOR ASN
WARNING: ATOM HB2 NOT DEFINED FOR ASN
WARNING: ATOM HD21 NOT DEFINED FOR ASN
WARNING: ATOM HD22 NOT DEFINED FOR ASN
WARNING: ATOM H NOT DEFINED FOR ILE
WARNING: ATOM HA NOT DEFINED FOR ILE
WARNING: ATOM HB NOT DEFINED FOR ILE
WARNING: ATOM HG21 NOT DEFINED FOR ILE
WARNING: ATOM HG22 NOT DEFINED FOR ILE
WARNING: ATOM HG23 NOT DEFINED FOR ILE
WARNING: ATOM HG11 NOT DEFINED FOR ILE
WARNING: ATOM HG12 NOT DEFINED FOR ILE
WARNING: ATOM HD1 NOT DEFINED FOR ILE
WARNING: ATOM HD2 NOT DEFINED FOR ILE
WARNING: ATOM HD3 NOT DEFINED FOR ILE
WARNING: ATOM H NOT DEFINED FOR PHE
WARNING: ATOM HA NOT DEFINED FOR PHE
WARNING: ATOM HB1 NOT DEFINED FOR PHE
WARNING: ATOM HB2 NOT DEFINED FOR PHE
WARNING: ATOM HD1 NOT DEFINED FOR PHE
WARNING: ATOM HE1 NOT DEFINED FOR PHE
WARNING: ATOM HZ NOT DEFINED FOR PHE
WARNING: ATOM HE2 NOT DEFINED FOR PHE
WARNING: ATOM HD2 NOT DEFINED FOR PHE
WARNING: ATOM H NOT DEFINED FOR GLY
WARNING: ATOM HA1 NOT DEFINED FOR GLY
WARNING: ATOM HA2 NOT DEFINED FOR GLY
WARNING: ATOM H NOT DEFINED FOR GLY
WARNING: ATOM HA1 NOT DEFINED FOR GLY
WARNING: ATOM HA2 NOT DEFINED FOR GLY
WARNING: ATOM H NOT DEFINED FOR GLY
WARNING: ATOM HA1 NOT DEFINED FOR GLY
WARNING: ATOM HA2 NOT DEFINED FOR GLY
WARNING: ATOM H NOT DEFINED FOR THR
WARNING: ATOM HA NOT DEFINED FOR THR
WARNING: ATOM HB NOT DEFINED FOR THR
WARNING: ATOM HG21 NOT DEFINED FOR THR
WARNING: ATOM HG22 NOT DEFINED FOR THR
WARNING: ATOM HG23 NOT DEFINED FOR THR
WARNING: ATOM HG1 NOT DEFINED FOR THR
WARNING: ATOM H NOT DEFINED FOR GLU
WARNING: ATOM HA NOT DEFINED FOR GLU
WARNING: ATOM HB1 NOT DEFINED FOR GLU
WARNING: ATOM HB2 NOT DEFINED FOR GLU
WARNING: ATOM HG1 NOT DEFINED FOR GLU
WARNING: ATOM HG2 NOT DEFINED FOR GLU
WARNING: ATOM H NOT DEFINED FOR VAL
WARNING: ATOM HA NOT DEFINED FOR VAL
WARNING: ATOM HB NOT DEFINED FOR VAL
WARNING: ATOM HG11 NOT DEFINED FOR VAL
WARNING: ATOM HG12 NOT DEFINED FOR VAL
WARNING: ATOM HG13 NOT DEFINED FOR VAL
WARNING: ATOM HG21 NOT DEFINED FOR VAL
WARNING: ATOM HG22 NOT DEFINED FOR VAL
WARNING: ATOM HG23 NOT DEFINED FOR VAL
WARNING: ATOM H NOT DEFINED FOR VAL
WARNING: ATOM HA NOT DEFINED FOR VAL
WARNING: ATOM HB NOT DEFINED FOR VAL
WARNING: ATOM HG11 NOT DEFINED FOR VAL
WARNING: ATOM HG12 NOT DEFINED FOR VAL
WARNING: ATOM HG13 NOT DEFINED FOR VAL
WARNING: ATOM HG21 NOT DEFINED FOR VAL
WARNING: ATOM HG22 NOT DEFINED FOR VAL
WARNING: ATOM HG23 NOT DEFINED FOR VAL
WARNING: ATOM H NOT DEFINED FOR VAL
WARNING: ATOM HA NOT DEFINED FOR VAL
WARNING: ATOM HB NOT DEFINED FOR VAL
WARNING: ATOM HG11 NOT DEFINED FOR VAL
WARNING: ATOM HG12 NOT DEFINED FOR VAL
WARNING: ATOM HG13 NOT DEFINED FOR VAL
WARNING: ATOM HG21 NOT DEFINED FOR VAL
WARNING: ATOM HG22 NOT DEFINED FOR VAL
WARNING: ATOM HG23 NOT DEFINED FOR VAL
WARNING: ATOM H NOT DEFINED FOR LYS
WARNING: ATOM HA NOT DEFINED FOR LYS
WARNING: ATOM HB1 NOT DEFINED FOR LYS
WARNING: ATOM HB2 NOT DEFINED FOR LYS
WARNING: ATOM HG1 NOT DEFINED FOR LYS
WARNING: ATOM HG2 NOT DEFINED FOR LYS
WARNING: ATOM HD1 NOT DEFINED FOR LYS
WARNING: ATOM HD2 NOT DEFINED FOR LYS
WARNING: ATOM HE1 NOT DEFINED FOR LYS
WARNING: ATOM HE2 NOT DEFINED FOR LYS
WARNING: ATOM HZ1 NOT DEFINED FOR LYS
WARNING: ATOM HZ2 NOT DEFINED FOR LYS
WARNING: ATOM HZ3 NOT DEFINED FOR LYS
$ /Users/nf477/anaconda3/envs/nrgsuite/bin/python /Users/nf477/Projects_Natalia/GROMACS/gromacs_ab_ligand_toolkit/ab_ligand_md_8complexes/Surfaces/surface_cont_lig.py -f /Users/nf477/Projects_Natalia/GROMACS/gromacs_ab_ligand_toolkit/ab_ligand_md_8complexes/computational_DMS_top_occupancy_poses/1G10__ddhC/top_pose/clean_1G10_ddhC_P001_WT_top_pose.pdb -c HL -lig MOL -o /Users/nf477/Projects_Natalia/GROMACS/gromacs_ab_ligand_toolkit/ab_ligand_md_8complexes/computational_DMS_top_occupancy_poses/1G10__ddhC/surfaces/WT_unmodified_top_pose_output.csv -def /Users/nf477/Projects_Natalia/GROMACS/gromacs_ab_ligand_toolkit/ab_ligand_md_8complexes/computational_DMS_top_occupancy_poses/1G10__ddhC/surfaces_definition/custom_MOL_AMINO_FlexAID.def -dat /Users/nf477/Projects_Natalia/GROMACS/gromacs_ab_ligand_toolkit/ab_ligand_md_8complexes/Surfaces/FlexAID.dat

$ /Users/nf477/anaconda3/envs/nrgsuite/bin/python /Users/nf477/Projects_Natalia/GROMACS/gromacs_ab_ligand_toolkit/ab_ligand_md_8complexes/Surfaces/clean_structure.py -f 1G10_ddhC_P001_NH32A.pdb -def /Users/nf477/Projects_Natalia/GROMACS/gromacs_ab_ligand_toolkit/ab_ligand_md_8complexes/computational_DMS_top_occupancy_poses/1G10__ddhC/surfaces_definition/custom_MOL_AMINO_FlexAID.def

$ /Users/nf477/anaconda3/envs/nrgsuite/bin/python /Users/nf477/Projects_Natalia/GROMACS/gromacs_ab_ligand_toolkit/ab_ligand_md_8complexes/Surfaces/surface_cont_lig.py -f /Users/nf477/Projects_Natalia/GROMACS/gromacs_ab_ligand_toolkit/ab_ligand_md_8complexes/computational_DMS_top_occupancy_poses/1G10__ddhC/mutants/clean_1G10_ddhC_P001_NH32A.pdb -c HL -lig MOL -o /Users/nf477/Projects_Natalia/GROMACS/gromacs_ab_ligand_toolkit/ab_ligand_md_8complexes/computational_DMS_top_occupancy_poses/1G10__ddhC/surfaces/NH32A_output.csv -def /Users/nf477/Projects_Natalia/GROMACS/gromacs_ab_ligand_toolkit/ab_ligand_md_8complexes/computational_DMS_top_occupancy_poses/1G10__ddhC/surfaces_definition/custom_MOL_AMINO_FlexAID.def -dat /Users/nf477/Projects_Natalia/GROMACS/gromacs_ab_ligand_toolkit/ab_ligand_md_8complexes/Surfaces/FlexAID.dat

$ /Users/nf477/anaconda3/envs/nrgsuite/bin/python /Users/nf477/Projects_Natalia/GROMACS/gromacs_ab_ligand_toolkit/ab_ligand_md_8complexes/Surfaces/clean_structure.py -f 1G10_ddhC_P001_NH32C.pdb -def /Users/nf477/Projects_Natalia/GROMACS/gromacs_ab_ligand_toolkit/ab_ligand_md_8complexes/computational_DMS_top_occupancy_poses/1G10__ddhC/surfaces_definition/custom_MOL_AMINO_FlexAID.def

$ /Users/nf477/anaconda3/envs/nrgsuite/bin/python /Users/nf477/Projects_Natalia/GROMACS/gromacs_ab_ligand_toolkit/ab_ligand_md_8complexes/Surfaces/surface_cont_lig.py -f /Users/nf477/Projects_Natalia/GROMACS/gromacs_ab_ligand_toolkit/ab_ligand_md_8complexes/computational_DMS_top_occupancy_poses/1G10__ddhC/mutants/clean_1G10_ddhC_P001_NH32C.pdb -c HL -lig MOL -o /Users/nf477/Projects_Natalia/GROMACS/gromacs_ab_ligand_toolkit/ab_ligand_md_8complexes/computational_DMS_top_occupancy_poses/1G10__ddhC/surfaces/NH32C_output.csv -def /Users/nf477/Projects_Natalia/GROMACS/gromacs_ab_ligand_toolkit/ab_ligand_md_8complexes/computational_DMS_top_occupancy_poses/1G10__ddhC/surfaces_definition/custom_MOL_AMINO_FlexAID.def -dat /Users/nf477/Projects_Natalia/GROMACS/gromacs_ab_ligand_toolkit/ab_ligand_md_8complexes/Surfaces/FlexAID.dat

$ /Users/nf477/anaconda3/envs/nrgsuite/bin/python /Users/nf477/Projects_Natalia/GROMACS/gromacs_ab_ligand_toolkit/ab_ligand_md_8complexes/Surfaces/clean_structure.py -f 1G10_ddhC_P001_NH32D.pdb -def /Users/nf477/Projects_Natalia/GROMACS/gromacs_ab_ligand_toolkit/ab_ligand_md_8complexes/computational_DMS_top_occupancy_poses/1G10__ddhC/surfaces_definition/custom_MOL_AMINO_FlexAID.def

$ /Users/nf477/anaconda3/envs/nrgsuite/bin/python /Users/nf477/Projects_Natalia/GROMACS/gromacs_ab_ligand_toolkit/ab_ligand_md_8complexes/Surfaces/surface_cont_lig.py -f /Users/nf477/Projects_Natalia/GROMACS/gromacs_ab_ligand_toolkit/ab_ligand_md_8complexes/computational_DMS_top_occupancy_poses/1G10__ddhC/mutants/clean_1G10_ddhC_P001_NH32D.pdb -c HL -lig MOL -o /Users/nf477/Projects_Natalia/GROMACS/gromacs_ab_ligand_toolkit/ab_ligand_md_8complexes/computational_DMS_top_occupancy_poses/1G10__ddhC/surfaces/NH32D_output.csv -def /Users/nf477/Projects_Natalia/GROMACS/gromacs_ab_ligand_toolkit/ab_ligand_md_8complexes/computational_DMS_top_occupancy_poses/1G10__ddhC/surfaces_definition/custom_MOL_AMINO_FlexAID.def -dat /Users/nf477/Projects_Natalia/GROMACS/gromacs_ab_ligand_toolkit/ab_ligand_md_8complexes/Surfaces/FlexAID.dat

$ /Users/nf477/anaconda3/envs/nrgsuite/bin/python /Users/nf477/Projects_Natalia/GROMACS/gromacs_ab_ligand_toolkit/ab_ligand_md_8complexes/Surfaces/clean_structure.py -f 1G10_ddhC_P001_NH32E.pdb -def /Users/nf477/Projects_Natalia/GROMACS/gromacs_ab_ligand_toolkit/ab_ligand_md_8complexes/computational_DMS_top_occupancy_poses/1G10__ddhC/surfaces_definition/custom_MOL_AMINO_FlexAID.def

$ /Users/nf477/anaconda3/envs/nrgsuite/bin/python /Users/nf477/Projects_Natalia/GROMACS/gromacs_ab_ligand_toolkit/ab_ligand_md_8complexes/Surfaces/surface_cont_lig.py -f /Users/nf477/Projects_Natalia/GROMACS/gromacs_ab_ligand_toolkit/ab_ligand_md_8complexes/computational_DMS_top_occupancy_poses/1G10__ddhC/mutants/clean_1G10_ddhC_P001_NH32E.pdb -c HL -lig MOL -o /Users/nf477/Projects_Natalia/GROMACS/gromacs_ab_ligand_toolkit/ab_ligand_md_8complexes/computational_DMS_top_occupancy_poses/1G10__ddhC/surfaces/NH32E_output.csv -def /Users/nf477/Projects_Natalia/GROMACS/gromacs_ab_ligand_toolkit/ab_ligand_md_8complexes/computational_DMS_top_occupancy_poses/1G10__ddhC/surfaces_definition/custom_MOL_AMINO_FlexAID.def -dat /Users/nf477/Projects_Natalia/GROMACS/gromacs_ab_ligand_toolkit/ab_ligand_md_8complexes/Surfaces/FlexAID.dat

$ /Users/nf477/anaconda3/envs/nrgsuite/bin/python /Users/nf477/Projects_Natalia/GROMACS/gromacs_ab_ligand_toolkit/ab_ligand_md_8complexes/Surfaces/clean_structure.py -f 1G10_ddhC_P001_NH32F.pdb -def /Users/nf477/Projects_Natalia/GROMACS/gromacs_ab_ligand_toolkit/ab_ligand_md_8complexes/computational_DMS_top_occupancy_poses/1G10__ddhC/surfaces_definition/custom_MOL_AMINO_FlexAID.def

$ /Users/nf477/anaconda3/envs/nrgsuite/bin/python /Users/nf477/Projects_Natalia/GROMACS/gromacs_ab_ligand_toolkit/ab_ligand_md_8complexes/Surfaces/surface_cont_lig.py -f /Users/nf477/Projects_Natalia/GROMACS/gromacs_ab_ligand_toolkit/ab_ligand_md_8complexes/computational_DMS_top_occupancy_poses/1G10__ddhC/mutants/clean_1G10_ddhC_P001_NH32F.pdb -c HL -lig MOL -o /Users/nf477/Projects_Natalia/GROMACS/gromacs_ab_ligand_toolkit/ab_ligand_md_8complexes/computational_DMS_top_occupancy_poses/1G10__ddhC/surfaces/NH32F_output.csv -def /Users/nf477/Projects_Natalia/GROMACS/gromacs_ab_ligand_toolkit/ab_ligand_md_8complexes/computational_DMS_top_occupancy_poses/1G10__ddhC/surfaces_definition/custom_MOL_AMINO_FlexAID.def -dat /Users/nf477/Projects_Natalia/GROMACS/gromacs_ab_ligand_toolkit/ab_ligand_md_8complexes/Surfaces/FlexAID.dat

$ /Users/nf477/anaconda3/envs/nrgsuite/bin/python /Users/nf477/Projects_Natalia/GROMACS/gromacs_ab_ligand_toolkit/ab_ligand_md_8complexes/Surfaces/clean_structure.py -f 1G10_ddhC_P001_NH32G.pdb -def /Users/nf477/Projects_Natalia/GROMACS/gromacs_ab_ligand_toolkit/ab_ligand_md_8complexes/computational_DMS_top_occupancy_poses/1G10__ddhC/surfaces_definition/custom_MOL_AMINO_FlexAID.def

$ /Users/nf477/anaconda3/envs/nrgsuite/bin/python /Users/nf477/Projects_Natalia/GROMACS/gromacs_ab_ligand_toolkit/ab_ligand_md_8complexes/Surfaces/surface_cont_lig.py -f /Users/nf477/Projects_Natalia/GROMACS/gromacs_ab_ligand_toolkit/ab_ligand_md_8complexes/computational_DMS_top_occupancy_poses/1G10__ddhC/mutants/clean_1G10_ddhC_P001_NH32G.pdb -c HL -lig MOL -o /Users/nf477/Projects_Natalia/GROMACS/gromacs_ab_ligand_toolkit/ab_ligand_md_8complexes/computational_DMS_top_occupancy_poses/1G10__ddhC/surfaces/NH32G_output.csv -def /Users/nf477/Projects_Natalia/GROMACS/gromacs_ab_ligand_toolkit/ab_ligand_md_8complexes/computational_DMS_top_occupancy_poses/1G10__ddhC/surfaces_definition/custom_MOL_AMINO_FlexAID.def -dat /Users/nf477/Projects_Natalia/GROMACS/gromacs_ab_ligand_toolkit/ab_ligand_md_8complexes/Surfaces/FlexAID.dat

$ /Users/nf477/anaconda3/envs/nrgsuite/bin/python /Users/nf477/Projects_Natalia/GROMACS/gromacs_ab_ligand_toolkit/ab_ligand_md_8complexes/Surfaces/clean_structure.py -f 1G10_ddhC_P001_NH32H.pdb -def /Users/nf477/Projects_Natalia/GROMACS/gromacs_ab_ligand_toolkit/ab_ligand_md_8complexes/computational_DMS_top_occupancy_poses/1G10__ddhC/surfaces_definition/custom_MOL_AMINO_FlexAID.def

$ /Users/nf477/anaconda3/envs/nrgsuite/bin/python /Users/nf477/Projects_Natalia/GROMACS/gromacs_ab_ligand_toolkit/ab_ligand_md_8complexes/Surfaces/surface_cont_lig.py -f /Users/nf477/Projects_Natalia/GROMACS/gromacs_ab_ligand_toolkit/ab_ligand_md_8complexes/computational_DMS_top_occupancy_poses/1G10__ddhC/mutants/clean_1G10_ddhC_P001_NH32H.pdb -c HL -lig MOL -o /Users/nf477/Projects_Natalia/GROMACS/gromacs_ab_ligand_toolkit/ab_ligand_md_8complexes/computational_DMS_top_occupancy_poses/1G10__ddhC/surfaces/NH32H_output.csv -def /Users/nf477/Projects_Natalia/GROMACS/gromacs_ab_ligand_toolkit/ab_ligand_md_8complexes/computational_DMS_top_occupancy_poses/1G10__ddhC/surfaces_definition/custom_MOL_AMINO_FlexAID.def -dat /Users/nf477/Projects_Natalia/GROMACS/gromacs_ab_ligand_toolkit/ab_ligand_md_8complexes/Surfaces/FlexAID.dat

$ /Users/nf477/anaconda3/envs/nrgsuite/bin/python /Users/nf477/Projects_Natalia/GROMACS/gromacs_ab_ligand_toolkit/ab_ligand_md_8complexes/Surfaces/clean_structure.py -f 1G10_ddhC_P001_NH32I.pdb -def /Users/nf477/Projects_Natalia/GROMACS/gromacs_ab_ligand_toolkit/ab_ligand_md_8complexes/computational_DMS_top_occupancy_poses/1G10__ddhC/surfaces_definition/custom_MOL_AMINO_FlexAID.def

$ /Users/nf477/anaconda3/envs/nrgsuite/bin/python /Users/nf477/Projects_Natalia/GROMACS/gromacs_ab_ligand_toolkit/ab_ligand_md_8complexes/Surfaces/surface_cont_lig.py -f /Users/nf477/Projects_Natalia/GROMACS/gromacs_ab_ligand_toolkit/ab_ligand_md_8complexes/computational_DMS_top_occupancy_poses/1G10__ddhC/mutants/clean_1G10_ddhC_P001_NH32I.pdb -c HL -lig MOL -o /Users/nf477/Projects_Natalia/GROMACS/gromacs_ab_ligand_toolkit/ab_ligand_md_8complexes/computational_DMS_top_occupancy_poses/1G10__ddhC/surfaces/NH32I_output.csv -def /Users/nf477/Projects_Natalia/GROMACS/gromacs_ab_ligand_toolkit/ab_ligand_md_8complexes/computational_DMS_top_occupancy_poses/1G10__ddhC/surfaces_definition/custom_MOL_AMINO_FlexAID.def -dat /Users/nf477/Projects_Natalia/GROMACS/gromacs_ab_ligand_toolkit/ab_ligand_md_8complexes/Surfaces/FlexAID.dat

$ /Users/nf477/anaconda3/envs/nrgsuite/bin/python /Users/nf477/Projects_Natalia/GROMACS/gromacs_ab_ligand_toolkit/ab_ligand_md_8complexes/Surfaces/clean_structure.py -f 1G10_ddhC_P001_NH32K.pdb -def /Users/nf477/Projects_Natalia/GROMACS/gromacs_ab_ligand_toolkit/ab_ligand_md_8complexes/computational_DMS_top_occupancy_poses/1G10__ddhC/surfaces_definition/custom_MOL_AMINO_FlexAID.def

$ /Users/nf477/anaconda3/envs/nrgsuite/bin/python /Users/nf477/Projects_Natalia/GROMACS/gromacs_ab_ligand_toolkit/ab_ligand_md_8complexes/Surfaces/surface_cont_lig.py -f /Users/nf477/Projects_Natalia/GROMACS/gromacs_ab_ligand_toolkit/ab_ligand_md_8complexes/computational_DMS_top_occupancy_poses/1G10__ddhC/mutants/clean_1G10_ddhC_P001_NH32K.pdb -c HL -lig MOL -o /Users/nf477/Projects_Natalia/GROMACS/gromacs_ab_ligand_toolkit/ab_ligand_md_8complexes/computational_DMS_top_occupancy_poses/1G10__ddhC/surfaces/NH32K_output.csv -def /Users/nf477/Projects_Natalia/GROMACS/gromacs_ab_ligand_toolkit/ab_ligand_md_8complexes/computational_DMS_top_occupancy_poses/1G10__ddhC/surfaces_definition/custom_MOL_AMINO_FlexAID.def -dat /Users/nf477/Projects_Natalia/GROMACS/gromacs_ab_ligand_toolkit/ab_ligand_md_8complexes/Surfaces/FlexAID.dat

$ /Users/nf477/anaconda3/envs/nrgsuite/bin/python /Users/nf477/Projects_Natalia/GROMACS/gromacs_ab_ligand_toolkit/ab_ligand_md_8complexes/Surfaces/clean_structure.py -f 1G10_ddhC_P001_NH32L.pdb -def /Users/nf477/Projects_Natalia/GROMACS/gromacs_ab_ligand_toolkit/ab_ligand_md_8complexes/computational_DMS_top_occupancy_poses/1G10__ddhC/surfaces_definition/custom_MOL_AMINO_FlexAID.def

$ /Users/nf477/anaconda3/envs/nrgsuite/bin/python /Users/nf477/Projects_Natalia/GROMACS/gromacs_ab_ligand_toolkit/ab_ligand_md_8complexes/Surfaces/surface_cont_lig.py -f /Users/nf477/Projects_Natalia/GROMACS/gromacs_ab_ligand_toolkit/ab_ligand_md_8complexes/computational_DMS_top_occupancy_poses/1G10__ddhC/mutants/clean_1G10_ddhC_P001_NH32L.pdb -c HL -lig MOL -o /Users/nf477/Projects_Natalia/GROMACS/gromacs_ab_ligand_toolkit/ab_ligand_md_8complexes/computational_DMS_top_occupancy_poses/1G10__ddhC/surfaces/NH32L_output.csv -def /Users/nf477/Projects_Natalia/GROMACS/gromacs_ab_ligand_toolkit/ab_ligand_md_8complexes/computational_DMS_top_occupancy_poses/1G10__ddhC/surfaces_definition/custom_MOL_AMINO_FlexAID.def -dat /Users/nf477/Projects_Natalia/GROMACS/gromacs_ab_ligand_toolkit/ab_ligand_md_8complexes/Surfaces/FlexAID.dat

$ /Users/nf477/anaconda3/envs/nrgsuite/bin/python /Users/nf477/Projects_Natalia/GROMACS/gromacs_ab_ligand_toolkit/ab_ligand_md_8complexes/Surfaces/clean_structure.py -f 1G10_ddhC_P001_NH32M.pdb -def /Users/nf477/Projects_Natalia/GROMACS/gromacs_ab_ligand_toolkit/ab_ligand_md_8complexes/computational_DMS_top_occupancy_poses/1G10__ddhC/surfaces_definition/custom_MOL_AMINO_FlexAID.def

$ /Users/nf477/anaconda3/envs/nrgsuite/bin/python /Users/nf477/Projects_Natalia/GROMACS/gromacs_ab_ligand_toolkit/ab_ligand_md_8complexes/Surfaces/surface_cont_lig.py -f /Users/nf477/Projects_Natalia/GROMACS/gromacs_ab_ligand_toolkit/ab_ligand_md_8complexes/computational_DMS_top_occupancy_poses/1G10__ddhC/mutants/clean_1G10_ddhC_P001_NH32M.pdb -c HL -lig MOL -o /Users/nf477/Projects_Natalia/GROMACS/gromacs_ab_ligand_toolkit/ab_ligand_md_8complexes/computational_DMS_top_occupancy_poses/1G10__ddhC/surfaces/NH32M_output.csv -def /Users/nf477/Projects_Natalia/GROMACS/gromacs_ab_ligand_toolkit/ab_ligand_md_8complexes/computational_DMS_top_occupancy_poses/1G10__ddhC/surfaces_definition/custom_MOL_AMINO_FlexAID.def -dat /Users/nf477/Projects_Natalia/GROMACS/gromacs_ab_ligand_toolkit/ab_ligand_md_8complexes/Surfaces/FlexAID.dat

$ /Users/nf477/anaconda3/envs/nrgsuite/bin/python /Users/nf477/Projects_Natalia/GROMACS/gromacs_ab_ligand_toolkit/ab_ligand_md_8complexes/Surfaces/clean_structure.py -f 1G10_ddhC_P001_NH32N.pdb -def /Users/nf477/Projects_Natalia/GROMACS/gromacs_ab_ligand_toolkit/ab_ligand_md_8complexes/computational_DMS_top_occupancy_poses/1G10__ddhC/surfaces_definition/custom_MOL_AMINO_FlexAID.def

$ /Users/nf477/anaconda3/envs/nrgsuite/bin/python /Users/nf477/Projects_Natalia/GROMACS/gromacs_ab_ligand_toolkit/ab_ligand_md_8complexes/Surfaces/surface_cont_lig.py -f /Users/nf477/Projects_Natalia/GROMACS/gromacs_ab_ligand_toolkit/ab_ligand_md_8complexes/computational_DMS_top_occupancy_poses/1G10__ddhC/mutants/clean_1G10_ddhC_P001_NH32N.pdb -c HL -lig MOL -o /Users/nf477/Projects_Natalia/GROMACS/gromacs_ab_ligand_toolkit/ab_ligand_md_8complexes/computational_DMS_top_occupancy_poses/1G10__ddhC/surfaces/NH32N_output.csv -def /Users/nf477/Projects_Natalia/GROMACS/gromacs_ab_ligand_toolkit/ab_ligand_md_8complexes/computational_DMS_top_occupancy_poses/1G10__ddhC/surfaces_definition/custom_MOL_AMINO_FlexAID.def -dat /Users/nf477/Projects_Natalia/GROMACS/gromacs_ab_ligand_toolkit/ab_ligand_md_8complexes/Surfaces/FlexAID.dat

$ /Users/nf477/anaconda3/envs/nrgsuite/bin/python /Users/nf477/Projects_Natalia/GROMACS/gromacs_ab_ligand_toolkit/ab_ligand_md_8complexes/Surfaces/clean_structure.py -f 1G10_ddhC_P001_NH32P.pdb -def /Users/nf477/Projects_Natalia/GROMACS/gromacs_ab_ligand_toolkit/ab_ligand_md_8complexes/computational_DMS_top_occupancy_poses/1G10__ddhC/surfaces_definition/custom_MOL_AMINO_FlexAID.def

$ /Users/nf477/anaconda3/envs/nrgsuite/bin/python /Users/nf477/Projects_Natalia/GROMACS/gromacs_ab_ligand_toolkit/ab_ligand_md_8complexes/Surfaces/surface_cont_lig.py -f /Users/nf477/Projects_Natalia/GROMACS/gromacs_ab_ligand_toolkit/ab_ligand_md_8complexes/computational_DMS_top_occupancy_poses/1G10__ddhC/mutants/clean_1G10_ddhC_P001_NH32P.pdb -c HL -lig MOL -o /Users/nf477/Projects_Natalia/GROMACS/gromacs_ab_ligand_toolkit/ab_ligand_md_8complexes/computational_DMS_top_occupancy_poses/1G10__ddhC/surfaces/NH32P_output.csv -def /Users/nf477/Projects_Natalia/GROMACS/gromacs_ab_ligand_toolkit/ab_ligand_md_8complexes/computational_DMS_top_occupancy_poses/1G10__ddhC/surfaces_definition/custom_MOL_AMINO_FlexAID.def -dat /Users/nf477/Projects_Natalia/GROMACS/gromacs_ab_ligand_toolkit/ab_ligand_md_8complexes/Surfaces/FlexAID.dat

$ /Users/nf477/anaconda3/envs/nrgsuite/bin/python /Users/nf477/Projects_Natalia/GROMACS/gromacs_ab_ligand_toolkit/ab_ligand_md_8complexes/Surfaces/clean_structure.py -f 1G10_ddhC_P001_NH32Q.pdb -def /Users/nf477/Projects_Natalia/GROMACS/gromacs_ab_ligand_toolkit/ab_ligand_md_8complexes/computational_DMS_top_occupancy_poses/1G10__ddhC/surfaces_definition/custom_MOL_AMINO_FlexAID.def

$ /Users/nf477/anaconda3/envs/nrgsuite/bin/python /Users/nf477/Projects_Natalia/GROMACS/gromacs_ab_ligand_toolkit/ab_ligand_md_8complexes/Surfaces/surface_cont_lig.py -f /Users/nf477/Projects_Natalia/GROMACS/gromacs_ab_ligand_toolkit/ab_ligand_md_8complexes/computational_DMS_top_occupancy_poses/1G10__ddhC/mutants/clean_1G10_ddhC_P001_NH32Q.pdb -c HL -lig MOL -o /Users/nf477/Projects_Natalia/GROMACS/gromacs_ab_ligand_toolkit/ab_ligand_md_8complexes/computational_DMS_top_occupancy_poses/1G10__ddhC/surfaces/NH32Q_output.csv -def /Users/nf477/Projects_Natalia/GROMACS/gromacs_ab_ligand_toolkit/ab_ligand_md_8complexes/computational_DMS_top_occupancy_poses/1G10__ddhC/surfaces_definition/custom_MOL_AMINO_FlexAID.def -dat /Users/nf477/Projects_Natalia/GROMACS/gromacs_ab_ligand_toolkit/ab_ligand_md_8complexes/Surfaces/FlexAID.dat

$ /Users/nf477/anaconda3/envs/nrgsuite/bin/python /Users/nf477/Projects_Natalia/GROMACS/gromacs_ab_ligand_toolkit/ab_ligand_md_8complexes/Surfaces/clean_structure.py -f 1G10_ddhC_P001_NH32R.pdb -def /Users/nf477/Projects_Natalia/GROMACS/gromacs_ab_ligand_toolkit/ab_ligand_md_8complexes/computational_DMS_top_occupancy_poses/1G10__ddhC/surfaces_definition/custom_MOL_AMINO_FlexAID.def

$ /Users/nf477/anaconda3/envs/nrgsuite/bin/python /Users/nf477/Projects_Natalia/GROMACS/gromacs_ab_ligand_toolkit/ab_ligand_md_8complexes/Surfaces/surface_cont_lig.py -f /Users/nf477/Projects_Natalia/GROMACS/gromacs_ab_ligand_toolkit/ab_ligand_md_8complexes/computational_DMS_top_occupancy_poses/1G10__ddhC/mutants/clean_1G10_ddhC_P001_NH32R.pdb -c HL -lig MOL -o /Users/nf477/Projects_Natalia/GROMACS/gromacs_ab_ligand_toolkit/ab_ligand_md_8complexes/computational_DMS_top_occupancy_poses/1G10__ddhC/surfaces/NH32R_output.csv -def /Users/nf477/Projects_Natalia/GROMACS/gromacs_ab_ligand_toolkit/ab_ligand_md_8complexes/computational_DMS_top_occupancy_poses/1G10__ddhC/surfaces_definition/custom_MOL_AMINO_FlexAID.def -dat /Users/nf477/Projects_Natalia/GROMACS/gromacs_ab_ligand_toolkit/ab_ligand_md_8complexes/Surfaces/FlexAID.dat

$ /Users/nf477/anaconda3/envs/nrgsuite/bin/python /Users/nf477/Projects_Natalia/GROMACS/gromacs_ab_ligand_toolkit/ab_ligand_md_8complexes/Surfaces/clean_structure.py -f 1G10_ddhC_P001_NH32S.pdb -def /Users/nf477/Projects_Natalia/GROMACS/gromacs_ab_ligand_toolkit/ab_ligand_md_8complexes/computational_DMS_top_occupancy_poses/1G10__ddhC/surfaces_definition/custom_MOL_AMINO_FlexAID.def

$ /Users/nf477/anaconda3/envs/nrgsuite/bin/python /Users/nf477/Projects_Natalia/GROMACS/gromacs_ab_ligand_toolkit/ab_ligand_md_8complexes/Surfaces/surface_cont_lig.py -f /Users/nf477/Projects_Natalia/GROMACS/gromacs_ab_ligand_toolkit/ab_ligand_md_8complexes/computational_DMS_top_occupancy_poses/1G10__ddhC/mutants/clean_1G10_ddhC_P001_NH32S.pdb -c HL -lig MOL -o /Users/nf477/Projects_Natalia/GROMACS/gromacs_ab_ligand_toolkit/ab_ligand_md_8complexes/computational_DMS_top_occupancy_poses/1G10__ddhC/surfaces/NH32S_output.csv -def /Users/nf477/Projects_Natalia/GROMACS/gromacs_ab_ligand_toolkit/ab_ligand_md_8complexes/computational_DMS_top_occupancy_poses/1G10__ddhC/surfaces_definition/custom_MOL_AMINO_FlexAID.def -dat /Users/nf477/Projects_Natalia/GROMACS/gromacs_ab_ligand_toolkit/ab_ligand_md_8complexes/Surfaces/FlexAID.dat

$ /Users/nf477/anaconda3/envs/nrgsuite/bin/python /Users/nf477/Projects_Natalia/GROMACS/gromacs_ab_ligand_toolkit/ab_ligand_md_8complexes/Surfaces/clean_structure.py -f 1G10_ddhC_P001_NH32T.pdb -def /Users/nf477/Projects_Natalia/GROMACS/gromacs_ab_ligand_toolkit/ab_ligand_md_8complexes/computational_DMS_top_occupancy_poses/1G10__ddhC/surfaces_definition/custom_MOL_AMINO_FlexAID.def

$ /Users/nf477/anaconda3/envs/nrgsuite/bin/python /Users/nf477/Projects_Natalia/GROMACS/gromacs_ab_ligand_toolkit/ab_ligand_md_8complexes/Surfaces/surface_cont_lig.py -f /Users/nf477/Projects_Natalia/GROMACS/gromacs_ab_ligand_toolkit/ab_ligand_md_8complexes/computational_DMS_top_occupancy_poses/1G10__ddhC/mutants/clean_1G10_ddhC_P001_NH32T.pdb -c HL -lig MOL -o /Users/nf477/Projects_Natalia/GROMACS/gromacs_ab_ligand_toolkit/ab_ligand_md_8complexes/computational_DMS_top_occupancy_poses/1G10__ddhC/surfaces/NH32T_output.csv -def /Users/nf477/Projects_Natalia/GROMACS/gromacs_ab_ligand_toolkit/ab_ligand_md_8complexes/computational_DMS_top_occupancy_poses/1G10__ddhC/surfaces_definition/custom_MOL_AMINO_FlexAID.def -dat /Users/nf477/Projects_Natalia/GROMACS/gromacs_ab_ligand_toolkit/ab_ligand_md_8complexes/Surfaces/FlexAID.dat

$ /Users/nf477/anaconda3/envs/nrgsuite/bin/python /Users/nf477/Projects_Natalia/GROMACS/gromacs_ab_ligand_toolkit/ab_ligand_md_8complexes/Surfaces/clean_structure.py -f 1G10_ddhC_P001_NH32V.pdb -def /Users/nf477/Projects_Natalia/GROMACS/gromacs_ab_ligand_toolkit/ab_ligand_md_8complexes/computational_DMS_top_occupancy_poses/1G10__ddhC/surfaces_definition/custom_MOL_AMINO_FlexAID.def

$ /Users/nf477/anaconda3/envs/nrgsuite/bin/python /Users/nf477/Projects_Natalia/GROMACS/gromacs_ab_ligand_toolkit/ab_ligand_md_8complexes/Surfaces/surface_cont_lig.py -f /Users/nf477/Projects_Natalia/GROMACS/gromacs_ab_ligand_toolkit/ab_ligand_md_8complexes/computational_DMS_top_occupancy_poses/1G10__ddhC/mutants/clean_1G10_ddhC_P001_NH32V.pdb -c HL -lig MOL -o /Users/nf477/Projects_Natalia/GROMACS/gromacs_ab_ligand_toolkit/ab_ligand_md_8complexes/computational_DMS_top_occupancy_poses/1G10__ddhC/surfaces/NH32V_output.csv -def /Users/nf477/Projects_Natalia/GROMACS/gromacs_ab_ligand_toolkit/ab_ligand_md_8complexes/computational_DMS_top_occupancy_poses/1G10__ddhC/surfaces_definition/custom_MOL_AMINO_FlexAID.def -dat /Users/nf477/Projects_Natalia/GROMACS/gromacs_ab_ligand_toolkit/ab_ligand_md_8complexes/Surfaces/FlexAID.dat

$ /Users/nf477/anaconda3/envs/nrgsuite/bin/python /Users/nf477/Projects_Natalia/GROMACS/gromacs_ab_ligand_toolkit/ab_ligand_md_8complexes/Surfaces/clean_structure.py -f 1G10_ddhC_P001_NH32W.pdb -def /Users/nf477/Projects_Natalia/GROMACS/gromacs_ab_ligand_toolkit/ab_ligand_md_8complexes/computational_DMS_top_occupancy_poses/1G10__ddhC/surfaces_definition/custom_MOL_AMINO_FlexAID.def

$ /Users/nf477/anaconda3/envs/nrgsuite/bin/python /Users/nf477/Projects_Natalia/GROMACS/gromacs_ab_ligand_toolkit/ab_ligand_md_8complexes/Surfaces/surface_cont_lig.py -f /Users/nf477/Projects_Natalia/GROMACS/gromacs_ab_ligand_toolkit/ab_ligand_md_8complexes/computational_DMS_top_occupancy_poses/1G10__ddhC/mutants/clean_1G10_ddhC_P001_NH32W.pdb -c HL -lig MOL -o /Users/nf477/Projects_Natalia/GROMACS/gromacs_ab_ligand_toolkit/ab_ligand_md_8complexes/computational_DMS_top_occupancy_poses/1G10__ddhC/surfaces/NH32W_output.csv -def /Users/nf477/Projects_Natalia/GROMACS/gromacs_ab_ligand_toolkit/ab_ligand_md_8complexes/computational_DMS_top_occupancy_poses/1G10__ddhC/surfaces_definition/custom_MOL_AMINO_FlexAID.def -dat /Users/nf477/Projects_Natalia/GROMACS/gromacs_ab_ligand_toolkit/ab_ligand_md_8complexes/Surfaces/FlexAID.dat

$ /Users/nf477/anaconda3/envs/nrgsuite/bin/python /Users/nf477/Projects_Natalia/GROMACS/gromacs_ab_ligand_toolkit/ab_ligand_md_8complexes/Surfaces/clean_structure.py -f 1G10_ddhC_P001_NH32Y.pdb -def /Users/nf477/Projects_Natalia/GROMACS/gromacs_ab_ligand_toolkit/ab_ligand_md_8complexes/computational_DMS_top_occupancy_poses/1G10__ddhC/surfaces_definition/custom_MOL_AMINO_FlexAID.def

$ /Users/nf477/anaconda3/envs/nrgsuite/bin/python /Users/nf477/Projects_Natalia/GROMACS/gromacs_ab_ligand_toolkit/ab_ligand_md_8complexes/Surfaces/surface_cont_lig.py -f /Users/nf477/Projects_Natalia/GROMACS/gromacs_ab_ligand_toolkit/ab_ligand_md_8complexes/computational_DMS_top_occupancy_poses/1G10__ddhC/mutants/clean_1G10_ddhC_P001_NH32Y.pdb -c HL -lig MOL -o /Users/nf477/Projects_Natalia/GROMACS/gromacs_ab_ligand_toolkit/ab_ligand_md_8complexes/computational_DMS_top_occupancy_poses/1G10__ddhC/surfaces/NH32Y_output.csv -def /Users/nf477/Projects_Natalia/GROMACS/gromacs_ab_ligand_toolkit/ab_ligand_md_8complexes/computational_DMS_top_occupancy_poses/1G10__ddhC/surfaces_definition/custom_MOL_AMINO_FlexAID.def -dat /Users/nf477/Projects_Natalia/GROMACS/gromacs_ab_ligand_toolkit/ab_ligand_md_8complexes/Surfaces/FlexAID.dat

$ /Users/nf477/anaconda3/envs/nrgsuite/bin/python /Users/nf477/Projects_Natalia/GROMACS/gromacs_ab_ligand_toolkit/ab_ligand_md_8complexes/Surfaces/clean_structure.py -f 1G10_ddhC_P001_IH49A.pdb -def /Users/nf477/Projects_Natalia/GROMACS/gromacs_ab_ligand_toolkit/ab_ligand_md_8complexes/computational_DMS_top_occupancy_poses/1G10__ddhC/surfaces_definition/custom_MOL_AMINO_FlexAID.def

$ /Users/nf477/anaconda3/envs/nrgsuite/bin/python /Users/nf477/Projects_Natalia/GROMACS/gromacs_ab_ligand_toolkit/ab_ligand_md_8complexes/Surfaces/surface_cont_lig.py -f /Users/nf477/Projects_Natalia/GROMACS/gromacs_ab_ligand_toolkit/ab_ligand_md_8complexes/computational_DMS_top_occupancy_poses/1G10__ddhC/mutants/clean_1G10_ddhC_P001_IH49A.pdb -c HL -lig MOL -o /Users/nf477/Projects_Natalia/GROMACS/gromacs_ab_ligand_toolkit/ab_ligand_md_8complexes/computational_DMS_top_occupancy_poses/1G10__ddhC/surfaces/IH49A_output.csv -def /Users/nf477/Projects_Natalia/GROMACS/gromacs_ab_ligand_toolkit/ab_ligand_md_8complexes/computational_DMS_top_occupancy_poses/1G10__ddhC/surfaces_definition/custom_MOL_AMINO_FlexAID.def -dat /Users/nf477/Projects_Natalia/GROMACS/gromacs_ab_ligand_toolkit/ab_ligand_md_8complexes/Surfaces/FlexAID.dat

$ /Users/nf477/anaconda3/envs/nrgsuite/bin/python /Users/nf477/Projects_Natalia/GROMACS/gromacs_ab_ligand_toolkit/ab_ligand_md_8complexes/Surfaces/clean_structure.py -f 1G10_ddhC_P001_IH49C.pdb -def /Users/nf477/Projects_Natalia/GROMACS/gromacs_ab_ligand_toolkit/ab_ligand_md_8complexes/computational_DMS_top_occupancy_poses/1G10__ddhC/surfaces_definition/custom_MOL_AMINO_FlexAID.def

$ /Users/nf477/anaconda3/envs/nrgsuite/bin/python /Users/nf477/Projects_Natalia/GROMACS/gromacs_ab_ligand_toolkit/ab_ligand_md_8complexes/Surfaces/surface_cont_lig.py -f /Users/nf477/Projects_Natalia/GROMACS/gromacs_ab_ligand_toolkit/ab_ligand_md_8complexes/computational_DMS_top_occupancy_poses/1G10__ddhC/mutants/clean_1G10_ddhC_P001_IH49C.pdb -c HL -lig MOL -o /Users/nf477/Projects_Natalia/GROMACS/gromacs_ab_ligand_toolkit/ab_ligand_md_8complexes/computational_DMS_top_occupancy_poses/1G10__ddhC/surfaces/IH49C_output.csv -def /Users/nf477/Projects_Natalia/GROMACS/gromacs_ab_ligand_toolkit/ab_ligand_md_8complexes/computational_DMS_top_occupancy_poses/1G10__ddhC/surfaces_definition/custom_MOL_AMINO_FlexAID.def -dat /Users/nf477/Projects_Natalia/GROMACS/gromacs_ab_ligand_toolkit/ab_ligand_md_8complexes/Surfaces/FlexAID.dat

$ /Users/nf477/anaconda3/envs/nrgsuite/bin/python /Users/nf477/Projects_Natalia/GROMACS/gromacs_ab_ligand_toolkit/ab_ligand_md_8complexes/Surfaces/clean_structure.py -f 1G10_ddhC_P001_IH49D.pdb -def /Users/nf477/Projects_Natalia/GROMACS/gromacs_ab_ligand_toolkit/ab_ligand_md_8complexes/computational_DMS_top_occupancy_poses/1G10__ddhC/surfaces_definition/custom_MOL_AMINO_FlexAID.def

$ /Users/nf477/anaconda3/envs/nrgsuite/bin/python /Users/nf477/Projects_Natalia/GROMACS/gromacs_ab_ligand_toolkit/ab_ligand_md_8complexes/Surfaces/surface_cont_lig.py -f /Users/nf477/Projects_Natalia/GROMACS/gromacs_ab_ligand_toolkit/ab_ligand_md_8complexes/computational_DMS_top_occupancy_poses/1G10__ddhC/mutants/clean_1G10_ddhC_P001_IH49D.pdb -c HL -lig MOL -o /Users/nf477/Projects_Natalia/GROMACS/gromacs_ab_ligand_toolkit/ab_ligand_md_8complexes/computational_DMS_top_occupancy_poses/1G10__ddhC/surfaces/IH49D_output.csv -def /Users/nf477/Projects_Natalia/GROMACS/gromacs_ab_ligand_toolkit/ab_ligand_md_8complexes/computational_DMS_top_occupancy_poses/1G10__ddhC/surfaces_definition/custom_MOL_AMINO_FlexAID.def -dat /Users/nf477/Projects_Natalia/GROMACS/gromacs_ab_ligand_toolkit/ab_ligand_md_8complexes/Surfaces/FlexAID.dat

$ /Users/nf477/anaconda3/envs/nrgsuite/bin/python /Users/nf477/Projects_Natalia/GROMACS/gromacs_ab_ligand_toolkit/ab_ligand_md_8complexes/Surfaces/clean_structure.py -f 1G10_ddhC_P001_IH49E.pdb -def /Users/nf477/Projects_Natalia/GROMACS/gromacs_ab_ligand_toolkit/ab_ligand_md_8complexes/computational_DMS_top_occupancy_poses/1G10__ddhC/surfaces_definition/custom_MOL_AMINO_FlexAID.def

$ /Users/nf477/anaconda3/envs/nrgsuite/bin/python /Users/nf477/Projects_Natalia/GROMACS/gromacs_ab_ligand_toolkit/ab_ligand_md_8complexes/Surfaces/surface_cont_lig.py -f /Users/nf477/Projects_Natalia/GROMACS/gromacs_ab_ligand_toolkit/ab_ligand_md_8complexes/computational_DMS_top_occupancy_poses/1G10__ddhC/mutants/clean_1G10_ddhC_P001_IH49E.pdb -c HL -lig MOL -o /Users/nf477/Projects_Natalia/GROMACS/gromacs_ab_ligand_toolkit/ab_ligand_md_8complexes/computational_DMS_top_occupancy_poses/1G10__ddhC/surfaces/IH49E_output.csv -def /Users/nf477/Projects_Natalia/GROMACS/gromacs_ab_ligand_toolkit/ab_ligand_md_8complexes/computational_DMS_top_occupancy_poses/1G10__ddhC/surfaces_definition/custom_MOL_AMINO_FlexAID.def -dat /Users/nf477/Projects_Natalia/GROMACS/gromacs_ab_ligand_toolkit/ab_ligand_md_8complexes/Surfaces/FlexAID.dat

$ /Users/nf477/anaconda3/envs/nrgsuite/bin/python /Users/nf477/Projects_Natalia/GROMACS/gromacs_ab_ligand_toolkit/ab_ligand_md_8complexes/Surfaces/clean_structure.py -f 1G10_ddhC_P001_IH49F.pdb -def /Users/nf477/Projects_Natalia/GROMACS/gromacs_ab_ligand_toolkit/ab_ligand_md_8complexes/computational_DMS_top_occupancy_poses/1G10__ddhC/surfaces_definition/custom_MOL_AMINO_FlexAID.def

$ /Users/nf477/anaconda3/envs/nrgsuite/bin/python /Users/nf477/Projects_Natalia/GROMACS/gromacs_ab_ligand_toolkit/ab_ligand_md_8complexes/Surfaces/surface_cont_lig.py -f /Users/nf477/Projects_Natalia/GROMACS/gromacs_ab_ligand_toolkit/ab_ligand_md_8complexes/computational_DMS_top_occupancy_poses/1G10__ddhC/mutants/clean_1G10_ddhC_P001_IH49F.pdb -c HL -lig MOL -o /Users/nf477/Projects_Natalia/GROMACS/gromacs_ab_ligand_toolkit/ab_ligand_md_8complexes/computational_DMS_top_occupancy_poses/1G10__ddhC/surfaces/IH49F_output.csv -def /Users/nf477/Projects_Natalia/GROMACS/gromacs_ab_ligand_toolkit/ab_ligand_md_8complexes/computational_DMS_top_occupancy_poses/1G10__ddhC/surfaces_definition/custom_MOL_AMINO_FlexAID.def -dat /Users/nf477/Projects_Natalia/GROMACS/gromacs_ab_ligand_toolkit/ab_ligand_md_8complexes/Surfaces/FlexAID.dat

$ /Users/nf477/anaconda3/envs/nrgsuite/bin/python /Users/nf477/Projects_Natalia/GROMACS/gromacs_ab_ligand_toolkit/ab_ligand_md_8complexes/Surfaces/clean_structure.py -f 1G10_ddhC_P001_IH49G.pdb -def /Users/nf477/Projects_Natalia/GROMACS/gromacs_ab_ligand_toolkit/ab_ligand_md_8complexes/computational_DMS_top_occupancy_poses/1G10__ddhC/surfaces_definition/custom_MOL_AMINO_FlexAID.def

$ /Users/nf477/anaconda3/envs/nrgsuite/bin/python /Users/nf477/Projects_Natalia/GROMACS/gromacs_ab_ligand_toolkit/ab_ligand_md_8complexes/Surfaces/surface_cont_lig.py -f /Users/nf477/Projects_Natalia/GROMACS/gromacs_ab_ligand_toolkit/ab_ligand_md_8complexes/computational_DMS_top_occupancy_poses/1G10__ddhC/mutants/clean_1G10_ddhC_P001_IH49G.pdb -c HL -lig MOL -o /Users/nf477/Projects_Natalia/GROMACS/gromacs_ab_ligand_toolkit/ab_ligand_md_8complexes/computational_DMS_top_occupancy_poses/1G10__ddhC/surfaces/IH49G_output.csv -def /Users/nf477/Projects_Natalia/GROMACS/gromacs_ab_ligand_toolkit/ab_ligand_md_8complexes/computational_DMS_top_occupancy_poses/1G10__ddhC/surfaces_definition/custom_MOL_AMINO_FlexAID.def -dat /Users/nf477/Projects_Natalia/GROMACS/gromacs_ab_ligand_toolkit/ab_ligand_md_8complexes/Surfaces/FlexAID.dat

$ /Users/nf477/anaconda3/envs/nrgsuite/bin/python /Users/nf477/Projects_Natalia/GROMACS/gromacs_ab_ligand_toolkit/ab_ligand_md_8complexes/Surfaces/clean_structure.py -f 1G10_ddhC_P001_IH49H.pdb -def /Users/nf477/Projects_Natalia/GROMACS/gromacs_ab_ligand_toolkit/ab_ligand_md_8complexes/computational_DMS_top_occupancy_poses/1G10__ddhC/surfaces_definition/custom_MOL_AMINO_FlexAID.def

$ /Users/nf477/anaconda3/envs/nrgsuite/bin/python /Users/nf477/Projects_Natalia/GROMACS/gromacs_ab_ligand_toolkit/ab_ligand_md_8complexes/Surfaces/surface_cont_lig.py -f /Users/nf477/Projects_Natalia/GROMACS/gromacs_ab_ligand_toolkit/ab_ligand_md_8complexes/computational_DMS_top_occupancy_poses/1G10__ddhC/mutants/clean_1G10_ddhC_P001_IH49H.pdb -c HL -lig MOL -o /Users/nf477/Projects_Natalia/GROMACS/gromacs_ab_ligand_toolkit/ab_ligand_md_8complexes/computational_DMS_top_occupancy_poses/1G10__ddhC/surfaces/IH49H_output.csv -def /Users/nf477/Projects_Natalia/GROMACS/gromacs_ab_ligand_toolkit/ab_ligand_md_8complexes/computational_DMS_top_occupancy_poses/1G10__ddhC/surfaces_definition/custom_MOL_AMINO_FlexAID.def -dat /Users/nf477/Projects_Natalia/GROMACS/gromacs_ab_ligand_toolkit/ab_ligand_md_8complexes/Surfaces/FlexAID.dat

$ /Users/nf477/anaconda3/envs/nrgsuite/bin/python /Users/nf477/Projects_Natalia/GROMACS/gromacs_ab_ligand_toolkit/ab_ligand_md_8complexes/Surfaces/clean_structure.py -f 1G10_ddhC_P001_IH49I.pdb -def /Users/nf477/Projects_Natalia/GROMACS/gromacs_ab_ligand_toolkit/ab_ligand_md_8complexes/computational_DMS_top_occupancy_poses/1G10__ddhC/surfaces_definition/custom_MOL_AMINO_FlexAID.def

$ /Users/nf477/anaconda3/envs/nrgsuite/bin/python /Users/nf477/Projects_Natalia/GROMACS/gromacs_ab_ligand_toolkit/ab_ligand_md_8complexes/Surfaces/surface_cont_lig.py -f /Users/nf477/Projects_Natalia/GROMACS/gromacs_ab_ligand_toolkit/ab_ligand_md_8complexes/computational_DMS_top_occupancy_poses/1G10__ddhC/mutants/clean_1G10_ddhC_P001_IH49I.pdb -c HL -lig MOL -o /Users/nf477/Projects_Natalia/GROMACS/gromacs_ab_ligand_toolkit/ab_ligand_md_8complexes/computational_DMS_top_occupancy_poses/1G10__ddhC/surfaces/IH49I_output.csv -def /Users/nf477/Projects_Natalia/GROMACS/gromacs_ab_ligand_toolkit/ab_ligand_md_8complexes/computational_DMS_top_occupancy_poses/1G10__ddhC/surfaces_definition/custom_MOL_AMINO_FlexAID.def -dat /Users/nf477/Projects_Natalia/GROMACS/gromacs_ab_ligand_toolkit/ab_ligand_md_8complexes/Surfaces/FlexAID.dat

$ /Users/nf477/anaconda3/envs/nrgsuite/bin/python /Users/nf477/Projects_Natalia/GROMACS/gromacs_ab_ligand_toolkit/ab_ligand_md_8complexes/Surfaces/clean_structure.py -f 1G10_ddhC_P001_IH49K.pdb -def /Users/nf477/Projects_Natalia/GROMACS/gromacs_ab_ligand_toolkit/ab_ligand_md_8complexes/computational_DMS_top_occupancy_poses/1G10__ddhC/surfaces_definition/custom_MOL_AMINO_FlexAID.def

$ /Users/nf477/anaconda3/envs/nrgsuite/bin/python /Users/nf477/Projects_Natalia/GROMACS/gromacs_ab_ligand_toolkit/ab_ligand_md_8complexes/Surfaces/surface_cont_lig.py -f /Users/nf477/Projects_Natalia/GROMACS/gromacs_ab_ligand_toolkit/ab_ligand_md_8complexes/computational_DMS_top_occupancy_poses/1G10__ddhC/mutants/clean_1G10_ddhC_P001_IH49K.pdb -c HL -lig MOL -o /Users/nf477/Projects_Natalia/GROMACS/gromacs_ab_ligand_toolkit/ab_ligand_md_8complexes/computational_DMS_top_occupancy_poses/1G10__ddhC/surfaces/IH49K_output.csv -def /Users/nf477/Projects_Natalia/GROMACS/gromacs_ab_ligand_toolkit/ab_ligand_md_8complexes/computational_DMS_top_occupancy_poses/1G10__ddhC/surfaces_definition/custom_MOL_AMINO_FlexAID.def -dat /Users/nf477/Projects_Natalia/GROMACS/gromacs_ab_ligand_toolkit/ab_ligand_md_8complexes/Surfaces/FlexAID.dat

$ /Users/nf477/anaconda3/envs/nrgsuite/bin/python /Users/nf477/Projects_Natalia/GROMACS/gromacs_ab_ligand_toolkit/ab_ligand_md_8complexes/Surfaces/clean_structure.py -f 1G10_ddhC_P001_IH49L.pdb -def /Users/nf477/Projects_Natalia/GROMACS/gromacs_ab_ligand_toolkit/ab_ligand_md_8complexes/computational_DMS_top_occupancy_poses/1G10__ddhC/surfaces_definition/custom_MOL_AMINO_FlexAID.def

$ /Users/nf477/anaconda3/envs/nrgsuite/bin/python /Users/nf477/Projects_Natalia/GROMACS/gromacs_ab_ligand_toolkit/ab_ligand_md_8complexes/Surfaces/surface_cont_lig.py -f /Users/nf477/Projects_Natalia/GROMACS/gromacs_ab_ligand_toolkit/ab_ligand_md_8complexes/computational_DMS_top_occupancy_poses/1G10__ddhC/mutants/clean_1G10_ddhC_P001_IH49L.pdb -c HL -lig MOL -o /Users/nf477/Projects_Natalia/GROMACS/gromacs_ab_ligand_toolkit/ab_ligand_md_8complexes/computational_DMS_top_occupancy_poses/1G10__ddhC/surfaces/IH49L_output.csv -def /Users/nf477/Projects_Natalia/GROMACS/gromacs_ab_ligand_toolkit/ab_ligand_md_8complexes/computational_DMS_top_occupancy_poses/1G10__ddhC/surfaces_definition/custom_MOL_AMINO_FlexAID.def -dat /Users/nf477/Projects_Natalia/GROMACS/gromacs_ab_ligand_toolkit/ab_ligand_md_8complexes/Surfaces/FlexAID.dat

$ /Users/nf477/anaconda3/envs/nrgsuite/bin/python /Users/nf477/Projects_Natalia/GROMACS/gromacs_ab_ligand_toolkit/ab_ligand_md_8complexes/Surfaces/clean_structure.py -f 1G10_ddhC_P001_IH49M.pdb -def /Users/nf477/Projects_Natalia/GROMACS/gromacs_ab_ligand_toolkit/ab_ligand_md_8complexes/computational_DMS_top_occupancy_poses/1G10__ddhC/surfaces_definition/custom_MOL_AMINO_FlexAID.def

$ /Users/nf477/anaconda3/envs/nrgsuite/bin/python /Users/nf477/Projects_Natalia/GROMACS/gromacs_ab_ligand_toolkit/ab_ligand_md_8complexes/Surfaces/surface_cont_lig.py -f /Users/nf477/Projects_Natalia/GROMACS/gromacs_ab_ligand_toolkit/ab_ligand_md_8complexes/computational_DMS_top_occupancy_poses/1G10__ddhC/mutants/clean_1G10_ddhC_P001_IH49M.pdb -c HL -lig MOL -o /Users/nf477/Projects_Natalia/GROMACS/gromacs_ab_ligand_toolkit/ab_ligand_md_8complexes/computational_DMS_top_occupancy_poses/1G10__ddhC/surfaces/IH49M_output.csv -def /Users/nf477/Projects_Natalia/GROMACS/gromacs_ab_ligand_toolkit/ab_ligand_md_8complexes/computational_DMS_top_occupancy_poses/1G10__ddhC/surfaces_definition/custom_MOL_AMINO_FlexAID.def -dat /Users/nf477/Projects_Natalia/GROMACS/gromacs_ab_ligand_toolkit/ab_ligand_md_8complexes/Surfaces/FlexAID.dat

$ /Users/nf477/anaconda3/envs/nrgsuite/bin/python /Users/nf477/Projects_Natalia/GROMACS/gromacs_ab_ligand_toolkit/ab_ligand_md_8complexes/Surfaces/clean_structure.py -f 1G10_ddhC_P001_IH49N.pdb -def /Users/nf477/Projects_Natalia/GROMACS/gromacs_ab_ligand_toolkit/ab_ligand_md_8complexes/computational_DMS_top_occupancy_poses/1G10__ddhC/surfaces_definition/custom_MOL_AMINO_FlexAID.def

$ /Users/nf477/anaconda3/envs/nrgsuite/bin/python /Users/nf477/Projects_Natalia/GROMACS/gromacs_ab_ligand_toolkit/ab_ligand_md_8complexes/Surfaces/surface_cont_lig.py -f /Users/nf477/Projects_Natalia/GROMACS/gromacs_ab_ligand_toolkit/ab_ligand_md_8complexes/computational_DMS_top_occupancy_poses/1G10__ddhC/mutants/clean_1G10_ddhC_P001_IH49N.pdb -c HL -lig MOL -o /Users/nf477/Projects_Natalia/GROMACS/gromacs_ab_ligand_toolkit/ab_ligand_md_8complexes/computational_DMS_top_occupancy_poses/1G10__ddhC/surfaces/IH49N_output.csv -def /Users/nf477/Projects_Natalia/GROMACS/gromacs_ab_ligand_toolkit/ab_ligand_md_8complexes/computational_DMS_top_occupancy_poses/1G10__ddhC/surfaces_definition/custom_MOL_AMINO_FlexAID.def -dat /Users/nf477/Projects_Natalia/GROMACS/gromacs_ab_ligand_toolkit/ab_ligand_md_8complexes/Surfaces/FlexAID.dat

$ /Users/nf477/anaconda3/envs/nrgsuite/bin/python /Users/nf477/Projects_Natalia/GROMACS/gromacs_ab_ligand_toolkit/ab_ligand_md_8complexes/Surfaces/clean_structure.py -f 1G10_ddhC_P001_IH49P.pdb -def /Users/nf477/Projects_Natalia/GROMACS/gromacs_ab_ligand_toolkit/ab_ligand_md_8complexes/computational_DMS_top_occupancy_poses/1G10__ddhC/surfaces_definition/custom_MOL_AMINO_FlexAID.def

$ /Users/nf477/anaconda3/envs/nrgsuite/bin/python /Users/nf477/Projects_Natalia/GROMACS/gromacs_ab_ligand_toolkit/ab_ligand_md_8complexes/Surfaces/surface_cont_lig.py -f /Users/nf477/Projects_Natalia/GROMACS/gromacs_ab_ligand_toolkit/ab_ligand_md_8complexes/computational_DMS_top_occupancy_poses/1G10__ddhC/mutants/clean_1G10_ddhC_P001_IH49P.pdb -c HL -lig MOL -o /Users/nf477/Projects_Natalia/GROMACS/gromacs_ab_ligand_toolkit/ab_ligand_md_8complexes/computational_DMS_top_occupancy_poses/1G10__ddhC/surfaces/IH49P_output.csv -def /Users/nf477/Projects_Natalia/GROMACS/gromacs_ab_ligand_toolkit/ab_ligand_md_8complexes/computational_DMS_top_occupancy_poses/1G10__ddhC/surfaces_definition/custom_MOL_AMINO_FlexAID.def -dat /Users/nf477/Projects_Natalia/GROMACS/gromacs_ab_ligand_toolkit/ab_ligand_md_8complexes/Surfaces/FlexAID.dat

$ /Users/nf477/anaconda3/envs/nrgsuite/bin/python /Users/nf477/Projects_Natalia/GROMACS/gromacs_ab_ligand_toolkit/ab_ligand_md_8complexes/Surfaces/clean_structure.py -f 1G10_ddhC_P001_IH49Q.pdb -def /Users/nf477/Projects_Natalia/GROMACS/gromacs_ab_ligand_toolkit/ab_ligand_md_8complexes/computational_DMS_top_occupancy_poses/1G10__ddhC/surfaces_definition/custom_MOL_AMINO_FlexAID.def

$ /Users/nf477/anaconda3/envs/nrgsuite/bin/python /Users/nf477/Projects_Natalia/GROMACS/gromacs_ab_ligand_toolkit/ab_ligand_md_8complexes/Surfaces/surface_cont_lig.py -f /Users/nf477/Projects_Natalia/GROMACS/gromacs_ab_ligand_toolkit/ab_ligand_md_8complexes/computational_DMS_top_occupancy_poses/1G10__ddhC/mutants/clean_1G10_ddhC_P001_IH49Q.pdb -c HL -lig MOL -o /Users/nf477/Projects_Natalia/GROMACS/gromacs_ab_ligand_toolkit/ab_ligand_md_8complexes/computational_DMS_top_occupancy_poses/1G10__ddhC/surfaces/IH49Q_output.csv -def /Users/nf477/Projects_Natalia/GROMACS/gromacs_ab_ligand_toolkit/ab_ligand_md_8complexes/computational_DMS_top_occupancy_poses/1G10__ddhC/surfaces_definition/custom_MOL_AMINO_FlexAID.def -dat /Users/nf477/Projects_Natalia/GROMACS/gromacs_ab_ligand_toolkit/ab_ligand_md_8complexes/Surfaces/FlexAID.dat

$ /Users/nf477/anaconda3/envs/nrgsuite/bin/python /Users/nf477/Projects_Natalia/GROMACS/gromacs_ab_ligand_toolkit/ab_ligand_md_8complexes/Surfaces/clean_structure.py -f 1G10_ddhC_P001_IH49R.pdb -def /Users/nf477/Projects_Natalia/GROMACS/gromacs_ab_ligand_toolkit/ab_ligand_md_8complexes/computational_DMS_top_occupancy_poses/1G10__ddhC/surfaces_definition/custom_MOL_AMINO_FlexAID.def

$ /Users/nf477/anaconda3/envs/nrgsuite/bin/python /Users/nf477/Projects_Natalia/GROMACS/gromacs_ab_ligand_toolkit/ab_ligand_md_8complexes/Surfaces/surface_cont_lig.py -f /Users/nf477/Projects_Natalia/GROMACS/gromacs_ab_ligand_toolkit/ab_ligand_md_8complexes/computational_DMS_top_occupancy_poses/1G10__ddhC/mutants/clean_1G10_ddhC_P001_IH49R.pdb -c HL -lig MOL -o /Users/nf477/Projects_Natalia/GROMACS/gromacs_ab_ligand_toolkit/ab_ligand_md_8complexes/computational_DMS_top_occupancy_poses/1G10__ddhC/surfaces/IH49R_output.csv -def /Users/nf477/Projects_Natalia/GROMACS/gromacs_ab_ligand_toolkit/ab_ligand_md_8complexes/computational_DMS_top_occupancy_poses/1G10__ddhC/surfaces_definition/custom_MOL_AMINO_FlexAID.def -dat /Users/nf477/Projects_Natalia/GROMACS/gromacs_ab_ligand_toolkit/ab_ligand_md_8complexes/Surfaces/FlexAID.dat

$ /Users/nf477/anaconda3/envs/nrgsuite/bin/python /Users/nf477/Projects_Natalia/GROMACS/gromacs_ab_ligand_toolkit/ab_ligand_md_8complexes/Surfaces/clean_structure.py -f 1G10_ddhC_P001_IH49S.pdb -def /Users/nf477/Projects_Natalia/GROMACS/gromacs_ab_ligand_toolkit/ab_ligand_md_8complexes/computational_DMS_top_occupancy_poses/1G10__ddhC/surfaces_definition/custom_MOL_AMINO_FlexAID.def

$ /Users/nf477/anaconda3/envs/nrgsuite/bin/python /Users/nf477/Projects_Natalia/GROMACS/gromacs_ab_ligand_toolkit/ab_ligand_md_8complexes/Surfaces/surface_cont_lig.py -f /Users/nf477/Projects_Natalia/GROMACS/gromacs_ab_ligand_toolkit/ab_ligand_md_8complexes/computational_DMS_top_occupancy_poses/1G10__ddhC/mutants/clean_1G10_ddhC_P001_IH49S.pdb -c HL -lig MOL -o /Users/nf477/Projects_Natalia/GROMACS/gromacs_ab_ligand_toolkit/ab_ligand_md_8complexes/computational_DMS_top_occupancy_poses/1G10__ddhC/surfaces/IH49S_output.csv -def /Users/nf477/Projects_Natalia/GROMACS/gromacs_ab_ligand_toolkit/ab_ligand_md_8complexes/computational_DMS_top_occupancy_poses/1G10__ddhC/surfaces_definition/custom_MOL_AMINO_FlexAID.def -dat /Users/nf477/Projects_Natalia/GROMACS/gromacs_ab_ligand_toolkit/ab_ligand_md_8complexes/Surfaces/FlexAID.dat

$ /Users/nf477/anaconda3/envs/nrgsuite/bin/python /Users/nf477/Projects_Natalia/GROMACS/gromacs_ab_ligand_toolkit/ab_ligand_md_8complexes/Surfaces/clean_structure.py -f 1G10_ddhC_P001_IH49T.pdb -def /Users/nf477/Projects_Natalia/GROMACS/gromacs_ab_ligand_toolkit/ab_ligand_md_8complexes/computational_DMS_top_occupancy_poses/1G10__ddhC/surfaces_definition/custom_MOL_AMINO_FlexAID.def

$ /Users/nf477/anaconda3/envs/nrgsuite/bin/python /Users/nf477/Projects_Natalia/GROMACS/gromacs_ab_ligand_toolkit/ab_ligand_md_8complexes/Surfaces/surface_cont_lig.py -f /Users/nf477/Projects_Natalia/GROMACS/gromacs_ab_ligand_toolkit/ab_ligand_md_8complexes/computational_DMS_top_occupancy_poses/1G10__ddhC/mutants/clean_1G10_ddhC_P001_IH49T.pdb -c HL -lig MOL -o /Users/nf477/Projects_Natalia/GROMACS/gromacs_ab_ligand_toolkit/ab_ligand_md_8complexes/computational_DMS_top_occupancy_poses/1G10__ddhC/surfaces/IH49T_output.csv -def /Users/nf477/Projects_Natalia/GROMACS/gromacs_ab_ligand_toolkit/ab_ligand_md_8complexes/computational_DMS_top_occupancy_poses/1G10__ddhC/surfaces_definition/custom_MOL_AMINO_FlexAID.def -dat /Users/nf477/Projects_Natalia/GROMACS/gromacs_ab_ligand_toolkit/ab_ligand_md_8complexes/Surfaces/FlexAID.dat

$ /Users/nf477/anaconda3/envs/nrgsuite/bin/python /Users/nf477/Projects_Natalia/GROMACS/gromacs_ab_ligand_toolkit/ab_ligand_md_8complexes/Surfaces/clean_structure.py -f 1G10_ddhC_P001_IH49V.pdb -def /Users/nf477/Projects_Natalia/GROMACS/gromacs_ab_ligand_toolkit/ab_ligand_md_8complexes/computational_DMS_top_occupancy_poses/1G10__ddhC/surfaces_definition/custom_MOL_AMINO_FlexAID.def

$ /Users/nf477/anaconda3/envs/nrgsuite/bin/python /Users/nf477/Projects_Natalia/GROMACS/gromacs_ab_ligand_toolkit/ab_ligand_md_8complexes/Surfaces/surface_cont_lig.py -f /Users/nf477/Projects_Natalia/GROMACS/gromacs_ab_ligand_toolkit/ab_ligand_md_8complexes/computational_DMS_top_occupancy_poses/1G10__ddhC/mutants/clean_1G10_ddhC_P001_IH49V.pdb -c HL -lig MOL -o /Users/nf477/Projects_Natalia/GROMACS/gromacs_ab_ligand_toolkit/ab_ligand_md_8complexes/computational_DMS_top_occupancy_poses/1G10__ddhC/surfaces/IH49V_output.csv -def /Users/nf477/Projects_Natalia/GROMACS/gromacs_ab_ligand_toolkit/ab_ligand_md_8complexes/computational_DMS_top_occupancy_poses/1G10__ddhC/surfaces_definition/custom_MOL_AMINO_FlexAID.def -dat /Users/nf477/Projects_Natalia/GROMACS/gromacs_ab_ligand_toolkit/ab_ligand_md_8complexes/Surfaces/FlexAID.dat

$ /Users/nf477/anaconda3/envs/nrgsuite/bin/python /Users/nf477/Projects_Natalia/GROMACS/gromacs_ab_ligand_toolkit/ab_ligand_md_8complexes/Surfaces/clean_structure.py -f 1G10_ddhC_P001_IH49W.pdb -def /Users/nf477/Projects_Natalia/GROMACS/gromacs_ab_ligand_toolkit/ab_ligand_md_8complexes/computational_DMS_top_occupancy_poses/1G10__ddhC/surfaces_definition/custom_MOL_AMINO_FlexAID.def

$ /Users/nf477/anaconda3/envs/nrgsuite/bin/python /Users/nf477/Projects_Natalia/GROMACS/gromacs_ab_ligand_toolkit/ab_ligand_md_8complexes/Surfaces/surface_cont_lig.py -f /Users/nf477/Projects_Natalia/GROMACS/gromacs_ab_ligand_toolkit/ab_ligand_md_8complexes/computational_DMS_top_occupancy_poses/1G10__ddhC/mutants/clean_1G10_ddhC_P001_IH49W.pdb -c HL -lig MOL -o /Users/nf477/Projects_Natalia/GROMACS/gromacs_ab_ligand_toolkit/ab_ligand_md_8complexes/computational_DMS_top_occupancy_poses/1G10__ddhC/surfaces/IH49W_output.csv -def /Users/nf477/Projects_Natalia/GROMACS/gromacs_ab_ligand_toolkit/ab_ligand_md_8complexes/computational_DMS_top_occupancy_poses/1G10__ddhC/surfaces_definition/custom_MOL_AMINO_FlexAID.def -dat /Users/nf477/Projects_Natalia/GROMACS/gromacs_ab_ligand_toolkit/ab_ligand_md_8complexes/Surfaces/FlexAID.dat

$ /Users/nf477/anaconda3/envs/nrgsuite/bin/python /Users/nf477/Projects_Natalia/GROMACS/gromacs_ab_ligand_toolkit/ab_ligand_md_8complexes/Surfaces/clean_structure.py -f 1G10_ddhC_P001_IH49Y.pdb -def /Users/nf477/Projects_Natalia/GROMACS/gromacs_ab_ligand_toolkit/ab_ligand_md_8complexes/computational_DMS_top_occupancy_poses/1G10__ddhC/surfaces_definition/custom_MOL_AMINO_FlexAID.def

$ /Users/nf477/anaconda3/envs/nrgsuite/bin/python /Users/nf477/Projects_Natalia/GROMACS/gromacs_ab_ligand_toolkit/ab_ligand_md_8complexes/Surfaces/surface_cont_lig.py -f /Users/nf477/Projects_Natalia/GROMACS/gromacs_ab_ligand_toolkit/ab_ligand_md_8complexes/computational_DMS_top_occupancy_poses/1G10__ddhC/mutants/clean_1G10_ddhC_P001_IH49Y.pdb -c HL -lig MOL -o /Users/nf477/Projects_Natalia/GROMACS/gromacs_ab_ligand_toolkit/ab_ligand_md_8complexes/computational_DMS_top_occupancy_poses/1G10__ddhC/surfaces/IH49Y_output.csv -def /Users/nf477/Projects_Natalia/GROMACS/gromacs_ab_ligand_toolkit/ab_ligand_md_8complexes/computational_DMS_top_occupancy_poses/1G10__ddhC/surfaces_definition/custom_MOL_AMINO_FlexAID.def -dat /Users/nf477/Projects_Natalia/GROMACS/gromacs_ab_ligand_toolkit/ab_ligand_md_8complexes/Surfaces/FlexAID.dat

$ /Users/nf477/anaconda3/envs/nrgsuite/bin/python /Users/nf477/Projects_Natalia/GROMACS/gromacs_ab_ligand_toolkit/ab_ligand_md_8complexes/Surfaces/clean_structure.py -f 1G10_ddhC_P001_TH51A.pdb -def /Users/nf477/Projects_Natalia/GROMACS/gromacs_ab_ligand_toolkit/ab_ligand_md_8complexes/computational_DMS_top_occupancy_poses/1G10__ddhC/surfaces_definition/custom_MOL_AMINO_FlexAID.def

$ /Users/nf477/anaconda3/envs/nrgsuite/bin/python /Users/nf477/Projects_Natalia/GROMACS/gromacs_ab_ligand_toolkit/ab_ligand_md_8complexes/Surfaces/surface_cont_lig.py -f /Users/nf477/Projects_Natalia/GROMACS/gromacs_ab_ligand_toolkit/ab_ligand_md_8complexes/computational_DMS_top_occupancy_poses/1G10__ddhC/mutants/clean_1G10_ddhC_P001_TH51A.pdb -c HL -lig MOL -o /Users/nf477/Projects_Natalia/GROMACS/gromacs_ab_ligand_toolkit/ab_ligand_md_8complexes/computational_DMS_top_occupancy_poses/1G10__ddhC/surfaces/TH51A_output.csv -def /Users/nf477/Projects_Natalia/GROMACS/gromacs_ab_ligand_toolkit/ab_ligand_md_8complexes/computational_DMS_top_occupancy_poses/1G10__ddhC/surfaces_definition/custom_MOL_AMINO_FlexAID.def -dat /Users/nf477/Projects_Natalia/GROMACS/gromacs_ab_ligand_toolkit/ab_ligand_md_8complexes/Surfaces/FlexAID.dat

$ /Users/nf477/anaconda3/envs/nrgsuite/bin/python /Users/nf477/Projects_Natalia/GROMACS/gromacs_ab_ligand_toolkit/ab_ligand_md_8complexes/Surfaces/clean_structure.py -f 1G10_ddhC_P001_TH51C.pdb -def /Users/nf477/Projects_Natalia/GROMACS/gromacs_ab_ligand_toolkit/ab_ligand_md_8complexes/computational_DMS_top_occupancy_poses/1G10__ddhC/surfaces_definition/custom_MOL_AMINO_FlexAID.def

$ /Users/nf477/anaconda3/envs/nrgsuite/bin/python /Users/nf477/Projects_Natalia/GROMACS/gromacs_ab_ligand_toolkit/ab_ligand_md_8complexes/Surfaces/surface_cont_lig.py -f /Users/nf477/Projects_Natalia/GROMACS/gromacs_ab_ligand_toolkit/ab_ligand_md_8complexes/computational_DMS_top_occupancy_poses/1G10__ddhC/mutants/clean_1G10_ddhC_P001_TH51C.pdb -c HL -lig MOL -o /Users/nf477/Projects_Natalia/GROMACS/gromacs_ab_ligand_toolkit/ab_ligand_md_8complexes/computational_DMS_top_occupancy_poses/1G10__ddhC/surfaces/TH51C_output.csv -def /Users/nf477/Projects_Natalia/GROMACS/gromacs_ab_ligand_toolkit/ab_ligand_md_8complexes/computational_DMS_top_occupancy_poses/1G10__ddhC/surfaces_definition/custom_MOL_AMINO_FlexAID.def -dat /Users/nf477/Projects_Natalia/GROMACS/gromacs_ab_ligand_toolkit/ab_ligand_md_8complexes/Surfaces/FlexAID.dat

$ /Users/nf477/anaconda3/envs/nrgsuite/bin/python /Users/nf477/Projects_Natalia/GROMACS/gromacs_ab_ligand_toolkit/ab_ligand_md_8complexes/Surfaces/clean_structure.py -f 1G10_ddhC_P001_TH51D.pdb -def /Users/nf477/Projects_Natalia/GROMACS/gromacs_ab_ligand_toolkit/ab_ligand_md_8complexes/computational_DMS_top_occupancy_poses/1G10__ddhC/surfaces_definition/custom_MOL_AMINO_FlexAID.def

$ /Users/nf477/anaconda3/envs/nrgsuite/bin/python /Users/nf477/Projects_Natalia/GROMACS/gromacs_ab_ligand_toolkit/ab_ligand_md_8complexes/Surfaces/surface_cont_lig.py -f /Users/nf477/Projects_Natalia/GROMACS/gromacs_ab_ligand_toolkit/ab_ligand_md_8complexes/computational_DMS_top_occupancy_poses/1G10__ddhC/mutants/clean_1G10_ddhC_P001_TH51D.pdb -c HL -lig MOL -o /Users/nf477/Projects_Natalia/GROMACS/gromacs_ab_ligand_toolkit/ab_ligand_md_8complexes/computational_DMS_top_occupancy_poses/1G10__ddhC/surfaces/TH51D_output.csv -def /Users/nf477/Projects_Natalia/GROMACS/gromacs_ab_ligand_toolkit/ab_ligand_md_8complexes/computational_DMS_top_occupancy_poses/1G10__ddhC/surfaces_definition/custom_MOL_AMINO_FlexAID.def -dat /Users/nf477/Projects_Natalia/GROMACS/gromacs_ab_ligand_toolkit/ab_ligand_md_8complexes/Surfaces/FlexAID.dat

$ /Users/nf477/anaconda3/envs/nrgsuite/bin/python /Users/nf477/Projects_Natalia/GROMACS/gromacs_ab_ligand_toolkit/ab_ligand_md_8complexes/Surfaces/clean_structure.py -f 1G10_ddhC_P001_TH51E.pdb -def /Users/nf477/Projects_Natalia/GROMACS/gromacs_ab_ligand_toolkit/ab_ligand_md_8complexes/computational_DMS_top_occupancy_poses/1G10__ddhC/surfaces_definition/custom_MOL_AMINO_FlexAID.def

$ /Users/nf477/anaconda3/envs/nrgsuite/bin/python /Users/nf477/Projects_Natalia/GROMACS/gromacs_ab_ligand_toolkit/ab_ligand_md_8complexes/Surfaces/surface_cont_lig.py -f /Users/nf477/Projects_Natalia/GROMACS/gromacs_ab_ligand_toolkit/ab_ligand_md_8complexes/computational_DMS_top_occupancy_poses/1G10__ddhC/mutants/clean_1G10_ddhC_P001_TH51E.pdb -c HL -lig MOL -o /Users/nf477/Projects_Natalia/GROMACS/gromacs_ab_ligand_toolkit/ab_ligand_md_8complexes/computational_DMS_top_occupancy_poses/1G10__ddhC/surfaces/TH51E_output.csv -def /Users/nf477/Projects_Natalia/GROMACS/gromacs_ab_ligand_toolkit/ab_ligand_md_8complexes/computational_DMS_top_occupancy_poses/1G10__ddhC/surfaces_definition/custom_MOL_AMINO_FlexAID.def -dat /Users/nf477/Projects_Natalia/GROMACS/gromacs_ab_ligand_toolkit/ab_ligand_md_8complexes/Surfaces/FlexAID.dat

$ /Users/nf477/anaconda3/envs/nrgsuite/bin/python /Users/nf477/Projects_Natalia/GROMACS/gromacs_ab_ligand_toolkit/ab_ligand_md_8complexes/Surfaces/clean_structure.py -f 1G10_ddhC_P001_TH51F.pdb -def /Users/nf477/Projects_Natalia/GROMACS/gromacs_ab_ligand_toolkit/ab_ligand_md_8complexes/computational_DMS_top_occupancy_poses/1G10__ddhC/surfaces_definition/custom_MOL_AMINO_FlexAID.def

$ /Users/nf477/anaconda3/envs/nrgsuite/bin/python /Users/nf477/Projects_Natalia/GROMACS/gromacs_ab_ligand_toolkit/ab_ligand_md_8complexes/Surfaces/surface_cont_lig.py -f /Users/nf477/Projects_Natalia/GROMACS/gromacs_ab_ligand_toolkit/ab_ligand_md_8complexes/computational_DMS_top_occupancy_poses/1G10__ddhC/mutants/clean_1G10_ddhC_P001_TH51F.pdb -c HL -lig MOL -o /Users/nf477/Projects_Natalia/GROMACS/gromacs_ab_ligand_toolkit/ab_ligand_md_8complexes/computational_DMS_top_occupancy_poses/1G10__ddhC/surfaces/TH51F_output.csv -def /Users/nf477/Projects_Natalia/GROMACS/gromacs_ab_ligand_toolkit/ab_ligand_md_8complexes/computational_DMS_top_occupancy_poses/1G10__ddhC/surfaces_definition/custom_MOL_AMINO_FlexAID.def -dat /Users/nf477/Projects_Natalia/GROMACS/gromacs_ab_ligand_toolkit/ab_ligand_md_8complexes/Surfaces/FlexAID.dat

$ /Users/nf477/anaconda3/envs/nrgsuite/bin/python /Users/nf477/Projects_Natalia/GROMACS/gromacs_ab_ligand_toolkit/ab_ligand_md_8complexes/Surfaces/clean_structure.py -f 1G10_ddhC_P001_TH51G.pdb -def /Users/nf477/Projects_Natalia/GROMACS/gromacs_ab_ligand_toolkit/ab_ligand_md_8complexes/computational_DMS_top_occupancy_poses/1G10__ddhC/surfaces_definition/custom_MOL_AMINO_FlexAID.def

$ /Users/nf477/anaconda3/envs/nrgsuite/bin/python /Users/nf477/Projects_Natalia/GROMACS/gromacs_ab_ligand_toolkit/ab_ligand_md_8complexes/Surfaces/surface_cont_lig.py -f /Users/nf477/Projects_Natalia/GROMACS/gromacs_ab_ligand_toolkit/ab_ligand_md_8complexes/computational_DMS_top_occupancy_poses/1G10__ddhC/mutants/clean_1G10_ddhC_P001_TH51G.pdb -c HL -lig MOL -o /Users/nf477/Projects_Natalia/GROMACS/gromacs_ab_ligand_toolkit/ab_ligand_md_8complexes/computational_DMS_top_occupancy_poses/1G10__ddhC/surfaces/TH51G_output.csv -def /Users/nf477/Projects_Natalia/GROMACS/gromacs_ab_ligand_toolkit/ab_ligand_md_8complexes/computational_DMS_top_occupancy_poses/1G10__ddhC/surfaces_definition/custom_MOL_AMINO_FlexAID.def -dat /Users/nf477/Projects_Natalia/GROMACS/gromacs_ab_ligand_toolkit/ab_ligand_md_8complexes/Surfaces/FlexAID.dat

$ /Users/nf477/anaconda3/envs/nrgsuite/bin/python /Users/nf477/Projects_Natalia/GROMACS/gromacs_ab_ligand_toolkit/ab_ligand_md_8complexes/Surfaces/clean_structure.py -f 1G10_ddhC_P001_TH51H.pdb -def /Users/nf477/Projects_Natalia/GROMACS/gromacs_ab_ligand_toolkit/ab_ligand_md_8complexes/computational_DMS_top_occupancy_poses/1G10__ddhC/surfaces_definition/custom_MOL_AMINO_FlexAID.def

$ /Users/nf477/anaconda3/envs/nrgsuite/bin/python /Users/nf477/Projects_Natalia/GROMACS/gromacs_ab_ligand_toolkit/ab_ligand_md_8complexes/Surfaces/surface_cont_lig.py -f /Users/nf477/Projects_Natalia/GROMACS/gromacs_ab_ligand_toolkit/ab_ligand_md_8complexes/computational_DMS_top_occupancy_poses/1G10__ddhC/mutants/clean_1G10_ddhC_P001_TH51H.pdb -c HL -lig MOL -o /Users/nf477/Projects_Natalia/GROMACS/gromacs_ab_ligand_toolkit/ab_ligand_md_8complexes/computational_DMS_top_occupancy_poses/1G10__ddhC/surfaces/TH51H_output.csv -def /Users/nf477/Projects_Natalia/GROMACS/gromacs_ab_ligand_toolkit/ab_ligand_md_8complexes/computational_DMS_top_occupancy_poses/1G10__ddhC/surfaces_definition/custom_MOL_AMINO_FlexAID.def -dat /Users/nf477/Projects_Natalia/GROMACS/gromacs_ab_ligand_toolkit/ab_ligand_md_8complexes/Surfaces/FlexAID.dat

$ /Users/nf477/anaconda3/envs/nrgsuite/bin/python /Users/nf477/Projects_Natalia/GROMACS/gromacs_ab_ligand_toolkit/ab_ligand_md_8complexes/Surfaces/clean_structure.py -f 1G10_ddhC_P001_TH51I.pdb -def /Users/nf477/Projects_Natalia/GROMACS/gromacs_ab_ligand_toolkit/ab_ligand_md_8complexes/computational_DMS_top_occupancy_poses/1G10__ddhC/surfaces_definition/custom_MOL_AMINO_FlexAID.def

$ /Users/nf477/anaconda3/envs/nrgsuite/bin/python /Users/nf477/Projects_Natalia/GROMACS/gromacs_ab_ligand_toolkit/ab_ligand_md_8complexes/Surfaces/surface_cont_lig.py -f /Users/nf477/Projects_Natalia/GROMACS/gromacs_ab_ligand_toolkit/ab_ligand_md_8complexes/computational_DMS_top_occupancy_poses/1G10__ddhC/mutants/clean_1G10_ddhC_P001_TH51I.pdb -c HL -lig MOL -o /Users/nf477/Projects_Natalia/GROMACS/gromacs_ab_ligand_toolkit/ab_ligand_md_8complexes/computational_DMS_top_occupancy_poses/1G10__ddhC/surfaces/TH51I_output.csv -def /Users/nf477/Projects_Natalia/GROMACS/gromacs_ab_ligand_toolkit/ab_ligand_md_8complexes/computational_DMS_top_occupancy_poses/1G10__ddhC/surfaces_definition/custom_MOL_AMINO_FlexAID.def -dat /Users/nf477/Projects_Natalia/GROMACS/gromacs_ab_ligand_toolkit/ab_ligand_md_8complexes/Surfaces/FlexAID.dat

$ /Users/nf477/anaconda3/envs/nrgsuite/bin/python /Users/nf477/Projects_Natalia/GROMACS/gromacs_ab_ligand_toolkit/ab_ligand_md_8complexes/Surfaces/clean_structure.py -f 1G10_ddhC_P001_TH51K.pdb -def /Users/nf477/Projects_Natalia/GROMACS/gromacs_ab_ligand_toolkit/ab_ligand_md_8complexes/computational_DMS_top_occupancy_poses/1G10__ddhC/surfaces_definition/custom_MOL_AMINO_FlexAID.def

$ /Users/nf477/anaconda3/envs/nrgsuite/bin/python /Users/nf477/Projects_Natalia/GROMACS/gromacs_ab_ligand_toolkit/ab_ligand_md_8complexes/Surfaces/surface_cont_lig.py -f /Users/nf477/Projects_Natalia/GROMACS/gromacs_ab_ligand_toolkit/ab_ligand_md_8complexes/computational_DMS_top_occupancy_poses/1G10__ddhC/mutants/clean_1G10_ddhC_P001_TH51K.pdb -c HL -lig MOL -o /Users/nf477/Projects_Natalia/GROMACS/gromacs_ab_ligand_toolkit/ab_ligand_md_8complexes/computational_DMS_top_occupancy_poses/1G10__ddhC/surfaces/TH51K_output.csv -def /Users/nf477/Projects_Natalia/GROMACS/gromacs_ab_ligand_toolkit/ab_ligand_md_8complexes/computational_DMS_top_occupancy_poses/1G10__ddhC/surfaces_definition/custom_MOL_AMINO_FlexAID.def -dat /Users/nf477/Projects_Natalia/GROMACS/gromacs_ab_ligand_toolkit/ab_ligand_md_8complexes/Surfaces/FlexAID.dat

$ /Users/nf477/anaconda3/envs/nrgsuite/bin/python /Users/nf477/Projects_Natalia/GROMACS/gromacs_ab_ligand_toolkit/ab_ligand_md_8complexes/Surfaces/clean_structure.py -f 1G10_ddhC_P001_TH51L.pdb -def /Users/nf477/Projects_Natalia/GROMACS/gromacs_ab_ligand_toolkit/ab_ligand_md_8complexes/computational_DMS_top_occupancy_poses/1G10__ddhC/surfaces_definition/custom_MOL_AMINO_FlexAID.def

$ /Users/nf477/anaconda3/envs/nrgsuite/bin/python /Users/nf477/Projects_Natalia/GROMACS/gromacs_ab_ligand_toolkit/ab_ligand_md_8complexes/Surfaces/surface_cont_lig.py -f /Users/nf477/Projects_Natalia/GROMACS/gromacs_ab_ligand_toolkit/ab_ligand_md_8complexes/computational_DMS_top_occupancy_poses/1G10__ddhC/mutants/clean_1G10_ddhC_P001_TH51L.pdb -c HL -lig MOL -o /Users/nf477/Projects_Natalia/GROMACS/gromacs_ab_ligand_toolkit/ab_ligand_md_8complexes/computational_DMS_top_occupancy_poses/1G10__ddhC/surfaces/TH51L_output.csv -def /Users/nf477/Projects_Natalia/GROMACS/gromacs_ab_ligand_toolkit/ab_ligand_md_8complexes/computational_DMS_top_occupancy_poses/1G10__ddhC/surfaces_definition/custom_MOL_AMINO_FlexAID.def -dat /Users/nf477/Projects_Natalia/GROMACS/gromacs_ab_ligand_toolkit/ab_ligand_md_8complexes/Surfaces/FlexAID.dat

$ /Users/nf477/anaconda3/envs/nrgsuite/bin/python /Users/nf477/Projects_Natalia/GROMACS/gromacs_ab_ligand_toolkit/ab_ligand_md_8complexes/Surfaces/clean_structure.py -f 1G10_ddhC_P001_TH51M.pdb -def /Users/nf477/Projects_Natalia/GROMACS/gromacs_ab_ligand_toolkit/ab_ligand_md_8complexes/computational_DMS_top_occupancy_poses/1G10__ddhC/surfaces_definition/custom_MOL_AMINO_FlexAID.def

$ /Users/nf477/anaconda3/envs/nrgsuite/bin/python /Users/nf477/Projects_Natalia/GROMACS/gromacs_ab_ligand_toolkit/ab_ligand_md_8complexes/Surfaces/surface_cont_lig.py -f /Users/nf477/Projects_Natalia/GROMACS/gromacs_ab_ligand_toolkit/ab_ligand_md_8complexes/computational_DMS_top_occupancy_poses/1G10__ddhC/mutants/clean_1G10_ddhC_P001_TH51M.pdb -c HL -lig MOL -o /Users/nf477/Projects_Natalia/GROMACS/gromacs_ab_ligand_toolkit/ab_ligand_md_8complexes/computational_DMS_top_occupancy_poses/1G10__ddhC/surfaces/TH51M_output.csv -def /Users/nf477/Projects_Natalia/GROMACS/gromacs_ab_ligand_toolkit/ab_ligand_md_8complexes/computational_DMS_top_occupancy_poses/1G10__ddhC/surfaces_definition/custom_MOL_AMINO_FlexAID.def -dat /Users/nf477/Projects_Natalia/GROMACS/gromacs_ab_ligand_toolkit/ab_ligand_md_8complexes/Surfaces/FlexAID.dat

$ /Users/nf477/anaconda3/envs/nrgsuite/bin/python /Users/nf477/Projects_Natalia/GROMACS/gromacs_ab_ligand_toolkit/ab_ligand_md_8complexes/Surfaces/clean_structure.py -f 1G10_ddhC_P001_TH51N.pdb -def /Users/nf477/Projects_Natalia/GROMACS/gromacs_ab_ligand_toolkit/ab_ligand_md_8complexes/computational_DMS_top_occupancy_poses/1G10__ddhC/surfaces_definition/custom_MOL_AMINO_FlexAID.def

$ /Users/nf477/anaconda3/envs/nrgsuite/bin/python /Users/nf477/Projects_Natalia/GROMACS/gromacs_ab_ligand_toolkit/ab_ligand_md_8complexes/Surfaces/surface_cont_lig.py -f /Users/nf477/Projects_Natalia/GROMACS/gromacs_ab_ligand_toolkit/ab_ligand_md_8complexes/computational_DMS_top_occupancy_poses/1G10__ddhC/mutants/clean_1G10_ddhC_P001_TH51N.pdb -c HL -lig MOL -o /Users/nf477/Projects_Natalia/GROMACS/gromacs_ab_ligand_toolkit/ab_ligand_md_8complexes/computational_DMS_top_occupancy_poses/1G10__ddhC/surfaces/TH51N_output.csv -def /Users/nf477/Projects_Natalia/GROMACS/gromacs_ab_ligand_toolkit/ab_ligand_md_8complexes/computational_DMS_top_occupancy_poses/1G10__ddhC/surfaces_definition/custom_MOL_AMINO_FlexAID.def -dat /Users/nf477/Projects_Natalia/GROMACS/gromacs_ab_ligand_toolkit/ab_ligand_md_8complexes/Surfaces/FlexAID.dat

$ /Users/nf477/anaconda3/envs/nrgsuite/bin/python /Users/nf477/Projects_Natalia/GROMACS/gromacs_ab_ligand_toolkit/ab_ligand_md_8complexes/Surfaces/clean_structure.py -f 1G10_ddhC_P001_TH51P.pdb -def /Users/nf477/Projects_Natalia/GROMACS/gromacs_ab_ligand_toolkit/ab_ligand_md_8complexes/computational_DMS_top_occupancy_poses/1G10__ddhC/surfaces_definition/custom_MOL_AMINO_FlexAID.def

$ /Users/nf477/anaconda3/envs/nrgsuite/bin/python /Users/nf477/Projects_Natalia/GROMACS/gromacs_ab_ligand_toolkit/ab_ligand_md_8complexes/Surfaces/surface_cont_lig.py -f /Users/nf477/Projects_Natalia/GROMACS/gromacs_ab_ligand_toolkit/ab_ligand_md_8complexes/computational_DMS_top_occupancy_poses/1G10__ddhC/mutants/clean_1G10_ddhC_P001_TH51P.pdb -c HL -lig MOL -o /Users/nf477/Projects_Natalia/GROMACS/gromacs_ab_ligand_toolkit/ab_ligand_md_8complexes/computational_DMS_top_occupancy_poses/1G10__ddhC/surfaces/TH51P_output.csv -def /Users/nf477/Projects_Natalia/GROMACS/gromacs_ab_ligand_toolkit/ab_ligand_md_8complexes/computational_DMS_top_occupancy_poses/1G10__ddhC/surfaces_definition/custom_MOL_AMINO_FlexAID.def -dat /Users/nf477/Projects_Natalia/GROMACS/gromacs_ab_ligand_toolkit/ab_ligand_md_8complexes/Surfaces/FlexAID.dat

$ /Users/nf477/anaconda3/envs/nrgsuite/bin/python /Users/nf477/Projects_Natalia/GROMACS/gromacs_ab_ligand_toolkit/ab_ligand_md_8complexes/Surfaces/clean_structure.py -f 1G10_ddhC_P001_TH51Q.pdb -def /Users/nf477/Projects_Natalia/GROMACS/gromacs_ab_ligand_toolkit/ab_ligand_md_8complexes/computational_DMS_top_occupancy_poses/1G10__ddhC/surfaces_definition/custom_MOL_AMINO_FlexAID.def

$ /Users/nf477/anaconda3/envs/nrgsuite/bin/python /Users/nf477/Projects_Natalia/GROMACS/gromacs_ab_ligand_toolkit/ab_ligand_md_8complexes/Surfaces/surface_cont_lig.py -f /Users/nf477/Projects_Natalia/GROMACS/gromacs_ab_ligand_toolkit/ab_ligand_md_8complexes/computational_DMS_top_occupancy_poses/1G10__ddhC/mutants/clean_1G10_ddhC_P001_TH51Q.pdb -c HL -lig MOL -o /Users/nf477/Projects_Natalia/GROMACS/gromacs_ab_ligand_toolkit/ab_ligand_md_8complexes/computational_DMS_top_occupancy_poses/1G10__ddhC/surfaces/TH51Q_output.csv -def /Users/nf477/Projects_Natalia/GROMACS/gromacs_ab_ligand_toolkit/ab_ligand_md_8complexes/computational_DMS_top_occupancy_poses/1G10__ddhC/surfaces_definition/custom_MOL_AMINO_FlexAID.def -dat /Users/nf477/Projects_Natalia/GROMACS/gromacs_ab_ligand_toolkit/ab_ligand_md_8complexes/Surfaces/FlexAID.dat

$ /Users/nf477/anaconda3/envs/nrgsuite/bin/python /Users/nf477/Projects_Natalia/GROMACS/gromacs_ab_ligand_toolkit/ab_ligand_md_8complexes/Surfaces/clean_structure.py -f 1G10_ddhC_P001_TH51R.pdb -def /Users/nf477/Projects_Natalia/GROMACS/gromacs_ab_ligand_toolkit/ab_ligand_md_8complexes/computational_DMS_top_occupancy_poses/1G10__ddhC/surfaces_definition/custom_MOL_AMINO_FlexAID.def

$ /Users/nf477/anaconda3/envs/nrgsuite/bin/python /Users/nf477/Projects_Natalia/GROMACS/gromacs_ab_ligand_toolkit/ab_ligand_md_8complexes/Surfaces/surface_cont_lig.py -f /Users/nf477/Projects_Natalia/GROMACS/gromacs_ab_ligand_toolkit/ab_ligand_md_8complexes/computational_DMS_top_occupancy_poses/1G10__ddhC/mutants/clean_1G10_ddhC_P001_TH51R.pdb -c HL -lig MOL -o /Users/nf477/Projects_Natalia/GROMACS/gromacs_ab_ligand_toolkit/ab_ligand_md_8complexes/computational_DMS_top_occupancy_poses/1G10__ddhC/surfaces/TH51R_output.csv -def /Users/nf477/Projects_Natalia/GROMACS/gromacs_ab_ligand_toolkit/ab_ligand_md_8complexes/computational_DMS_top_occupancy_poses/1G10__ddhC/surfaces_definition/custom_MOL_AMINO_FlexAID.def -dat /Users/nf477/Projects_Natalia/GROMACS/gromacs_ab_ligand_toolkit/ab_ligand_md_8complexes/Surfaces/FlexAID.dat

$ /Users/nf477/anaconda3/envs/nrgsuite/bin/python /Users/nf477/Projects_Natalia/GROMACS/gromacs_ab_ligand_toolkit/ab_ligand_md_8complexes/Surfaces/clean_structure.py -f 1G10_ddhC_P001_TH51S.pdb -def /Users/nf477/Projects_Natalia/GROMACS/gromacs_ab_ligand_toolkit/ab_ligand_md_8complexes/computational_DMS_top_occupancy_poses/1G10__ddhC/surfaces_definition/custom_MOL_AMINO_FlexAID.def

$ /Users/nf477/anaconda3/envs/nrgsuite/bin/python /Users/nf477/Projects_Natalia/GROMACS/gromacs_ab_ligand_toolkit/ab_ligand_md_8complexes/Surfaces/surface_cont_lig.py -f /Users/nf477/Projects_Natalia/GROMACS/gromacs_ab_ligand_toolkit/ab_ligand_md_8complexes/computational_DMS_top_occupancy_poses/1G10__ddhC/mutants/clean_1G10_ddhC_P001_TH51S.pdb -c HL -lig MOL -o /Users/nf477/Projects_Natalia/GROMACS/gromacs_ab_ligand_toolkit/ab_ligand_md_8complexes/computational_DMS_top_occupancy_poses/1G10__ddhC/surfaces/TH51S_output.csv -def /Users/nf477/Projects_Natalia/GROMACS/gromacs_ab_ligand_toolkit/ab_ligand_md_8complexes/computational_DMS_top_occupancy_poses/1G10__ddhC/surfaces_definition/custom_MOL_AMINO_FlexAID.def -dat /Users/nf477/Projects_Natalia/GROMACS/gromacs_ab_ligand_toolkit/ab_ligand_md_8complexes/Surfaces/FlexAID.dat

$ /Users/nf477/anaconda3/envs/nrgsuite/bin/python /Users/nf477/Projects_Natalia/GROMACS/gromacs_ab_ligand_toolkit/ab_ligand_md_8complexes/Surfaces/clean_structure.py -f 1G10_ddhC_P001_TH51T.pdb -def /Users/nf477/Projects_Natalia/GROMACS/gromacs_ab_ligand_toolkit/ab_ligand_md_8complexes/computational_DMS_top_occupancy_poses/1G10__ddhC/surfaces_definition/custom_MOL_AMINO_FlexAID.def

$ /Users/nf477/anaconda3/envs/nrgsuite/bin/python /Users/nf477/Projects_Natalia/GROMACS/gromacs_ab_ligand_toolkit/ab_ligand_md_8complexes/Surfaces/surface_cont_lig.py -f /Users/nf477/Projects_Natalia/GROMACS/gromacs_ab_ligand_toolkit/ab_ligand_md_8complexes/computational_DMS_top_occupancy_poses/1G10__ddhC/mutants/clean_1G10_ddhC_P001_TH51T.pdb -c HL -lig MOL -o /Users/nf477/Projects_Natalia/GROMACS/gromacs_ab_ligand_toolkit/ab_ligand_md_8complexes/computational_DMS_top_occupancy_poses/1G10__ddhC/surfaces/TH51T_output.csv -def /Users/nf477/Projects_Natalia/GROMACS/gromacs_ab_ligand_toolkit/ab_ligand_md_8complexes/computational_DMS_top_occupancy_poses/1G10__ddhC/surfaces_definition/custom_MOL_AMINO_FlexAID.def -dat /Users/nf477/Projects_Natalia/GROMACS/gromacs_ab_ligand_toolkit/ab_ligand_md_8complexes/Surfaces/FlexAID.dat

$ /Users/nf477/anaconda3/envs/nrgsuite/bin/python /Users/nf477/Projects_Natalia/GROMACS/gromacs_ab_ligand_toolkit/ab_ligand_md_8complexes/Surfaces/clean_structure.py -f 1G10_ddhC_P001_TH51V.pdb -def /Users/nf477/Projects_Natalia/GROMACS/gromacs_ab_ligand_toolkit/ab_ligand_md_8complexes/computational_DMS_top_occupancy_poses/1G10__ddhC/surfaces_definition/custom_MOL_AMINO_FlexAID.def

$ /Users/nf477/anaconda3/envs/nrgsuite/bin/python /Users/nf477/Projects_Natalia/GROMACS/gromacs_ab_ligand_toolkit/ab_ligand_md_8complexes/Surfaces/surface_cont_lig.py -f /Users/nf477/Projects_Natalia/GROMACS/gromacs_ab_ligand_toolkit/ab_ligand_md_8complexes/computational_DMS_top_occupancy_poses/1G10__ddhC/mutants/clean_1G10_ddhC_P001_TH51V.pdb -c HL -lig MOL -o /Users/nf477/Projects_Natalia/GROMACS/gromacs_ab_ligand_toolkit/ab_ligand_md_8complexes/computational_DMS_top_occupancy_poses/1G10__ddhC/surfaces/TH51V_output.csv -def /Users/nf477/Projects_Natalia/GROMACS/gromacs_ab_ligand_toolkit/ab_ligand_md_8complexes/computational_DMS_top_occupancy_poses/1G10__ddhC/surfaces_definition/custom_MOL_AMINO_FlexAID.def -dat /Users/nf477/Projects_Natalia/GROMACS/gromacs_ab_ligand_toolkit/ab_ligand_md_8complexes/Surfaces/FlexAID.dat

$ /Users/nf477/anaconda3/envs/nrgsuite/bin/python /Users/nf477/Projects_Natalia/GROMACS/gromacs_ab_ligand_toolkit/ab_ligand_md_8complexes/Surfaces/clean_structure.py -f 1G10_ddhC_P001_TH51W.pdb -def /Users/nf477/Projects_Natalia/GROMACS/gromacs_ab_ligand_toolkit/ab_ligand_md_8complexes/computational_DMS_top_occupancy_poses/1G10__ddhC/surfaces_definition/custom_MOL_AMINO_FlexAID.def

$ /Users/nf477/anaconda3/envs/nrgsuite/bin/python /Users/nf477/Projects_Natalia/GROMACS/gromacs_ab_ligand_toolkit/ab_ligand_md_8complexes/Surfaces/surface_cont_lig.py -f /Users/nf477/Projects_Natalia/GROMACS/gromacs_ab_ligand_toolkit/ab_ligand_md_8complexes/computational_DMS_top_occupancy_poses/1G10__ddhC/mutants/clean_1G10_ddhC_P001_TH51W.pdb -c HL -lig MOL -o /Users/nf477/Projects_Natalia/GROMACS/gromacs_ab_ligand_toolkit/ab_ligand_md_8complexes/computational_DMS_top_occupancy_poses/1G10__ddhC/surfaces/TH51W_output.csv -def /Users/nf477/Projects_Natalia/GROMACS/gromacs_ab_ligand_toolkit/ab_ligand_md_8complexes/computational_DMS_top_occupancy_poses/1G10__ddhC/surfaces_definition/custom_MOL_AMINO_FlexAID.def -dat /Users/nf477/Projects_Natalia/GROMACS/gromacs_ab_ligand_toolkit/ab_ligand_md_8complexes/Surfaces/FlexAID.dat

$ /Users/nf477/anaconda3/envs/nrgsuite/bin/python /Users/nf477/Projects_Natalia/GROMACS/gromacs_ab_ligand_toolkit/ab_ligand_md_8complexes/Surfaces/clean_structure.py -f 1G10_ddhC_P001_TH51Y.pdb -def /Users/nf477/Projects_Natalia/GROMACS/gromacs_ab_ligand_toolkit/ab_ligand_md_8complexes/computational_DMS_top_occupancy_poses/1G10__ddhC/surfaces_definition/custom_MOL_AMINO_FlexAID.def

$ /Users/nf477/anaconda3/envs/nrgsuite/bin/python /Users/nf477/Projects_Natalia/GROMACS/gromacs_ab_ligand_toolkit/ab_ligand_md_8complexes/Surfaces/surface_cont_lig.py -f /Users/nf477/Projects_Natalia/GROMACS/gromacs_ab_ligand_toolkit/ab_ligand_md_8complexes/computational_DMS_top_occupancy_poses/1G10__ddhC/mutants/clean_1G10_ddhC_P001_TH51Y.pdb -c HL -lig MOL -o /Users/nf477/Projects_Natalia/GROMACS/gromacs_ab_ligand_toolkit/ab_ligand_md_8complexes/computational_DMS_top_occupancy_poses/1G10__ddhC/surfaces/TH51Y_output.csv -def /Users/nf477/Projects_Natalia/GROMACS/gromacs_ab_ligand_toolkit/ab_ligand_md_8complexes/computational_DMS_top_occupancy_poses/1G10__ddhC/surfaces_definition/custom_MOL_AMINO_FlexAID.def -dat /Users/nf477/Projects_Natalia/GROMACS/gromacs_ab_ligand_toolkit/ab_ligand_md_8complexes/Surfaces/FlexAID.dat

$ /Users/nf477/anaconda3/envs/nrgsuite/bin/python /Users/nf477/Projects_Natalia/GROMACS/gromacs_ab_ligand_toolkit/ab_ligand_md_8complexes/Surfaces/clean_structure.py -f 1G10_ddhC_P001_YH52A.pdb -def /Users/nf477/Projects_Natalia/GROMACS/gromacs_ab_ligand_toolkit/ab_ligand_md_8complexes/computational_DMS_top_occupancy_poses/1G10__ddhC/surfaces_definition/custom_MOL_AMINO_FlexAID.def

$ /Users/nf477/anaconda3/envs/nrgsuite/bin/python /Users/nf477/Projects_Natalia/GROMACS/gromacs_ab_ligand_toolkit/ab_ligand_md_8complexes/Surfaces/surface_cont_lig.py -f /Users/nf477/Projects_Natalia/GROMACS/gromacs_ab_ligand_toolkit/ab_ligand_md_8complexes/computational_DMS_top_occupancy_poses/1G10__ddhC/mutants/clean_1G10_ddhC_P001_YH52A.pdb -c HL -lig MOL -o /Users/nf477/Projects_Natalia/GROMACS/gromacs_ab_ligand_toolkit/ab_ligand_md_8complexes/computational_DMS_top_occupancy_poses/1G10__ddhC/surfaces/YH52A_output.csv -def /Users/nf477/Projects_Natalia/GROMACS/gromacs_ab_ligand_toolkit/ab_ligand_md_8complexes/computational_DMS_top_occupancy_poses/1G10__ddhC/surfaces_definition/custom_MOL_AMINO_FlexAID.def -dat /Users/nf477/Projects_Natalia/GROMACS/gromacs_ab_ligand_toolkit/ab_ligand_md_8complexes/Surfaces/FlexAID.dat

$ /Users/nf477/anaconda3/envs/nrgsuite/bin/python /Users/nf477/Projects_Natalia/GROMACS/gromacs_ab_ligand_toolkit/ab_ligand_md_8complexes/Surfaces/clean_structure.py -f 1G10_ddhC_P001_YH52C.pdb -def /Users/nf477/Projects_Natalia/GROMACS/gromacs_ab_ligand_toolkit/ab_ligand_md_8complexes/computational_DMS_top_occupancy_poses/1G10__ddhC/surfaces_definition/custom_MOL_AMINO_FlexAID.def

$ /Users/nf477/anaconda3/envs/nrgsuite/bin/python /Users/nf477/Projects_Natalia/GROMACS/gromacs_ab_ligand_toolkit/ab_ligand_md_8complexes/Surfaces/surface_cont_lig.py -f /Users/nf477/Projects_Natalia/GROMACS/gromacs_ab_ligand_toolkit/ab_ligand_md_8complexes/computational_DMS_top_occupancy_poses/1G10__ddhC/mutants/clean_1G10_ddhC_P001_YH52C.pdb -c HL -lig MOL -o /Users/nf477/Projects_Natalia/GROMACS/gromacs_ab_ligand_toolkit/ab_ligand_md_8complexes/computational_DMS_top_occupancy_poses/1G10__ddhC/surfaces/YH52C_output.csv -def /Users/nf477/Projects_Natalia/GROMACS/gromacs_ab_ligand_toolkit/ab_ligand_md_8complexes/computational_DMS_top_occupancy_poses/1G10__ddhC/surfaces_definition/custom_MOL_AMINO_FlexAID.def -dat /Users/nf477/Projects_Natalia/GROMACS/gromacs_ab_ligand_toolkit/ab_ligand_md_8complexes/Surfaces/FlexAID.dat

$ /Users/nf477/anaconda3/envs/nrgsuite/bin/python /Users/nf477/Projects_Natalia/GROMACS/gromacs_ab_ligand_toolkit/ab_ligand_md_8complexes/Surfaces/clean_structure.py -f 1G10_ddhC_P001_YH52D.pdb -def /Users/nf477/Projects_Natalia/GROMACS/gromacs_ab_ligand_toolkit/ab_ligand_md_8complexes/computational_DMS_top_occupancy_poses/1G10__ddhC/surfaces_definition/custom_MOL_AMINO_FlexAID.def

$ /Users/nf477/anaconda3/envs/nrgsuite/bin/python /Users/nf477/Projects_Natalia/GROMACS/gromacs_ab_ligand_toolkit/ab_ligand_md_8complexes/Surfaces/surface_cont_lig.py -f /Users/nf477/Projects_Natalia/GROMACS/gromacs_ab_ligand_toolkit/ab_ligand_md_8complexes/computational_DMS_top_occupancy_poses/1G10__ddhC/mutants/clean_1G10_ddhC_P001_YH52D.pdb -c HL -lig MOL -o /Users/nf477/Projects_Natalia/GROMACS/gromacs_ab_ligand_toolkit/ab_ligand_md_8complexes/computational_DMS_top_occupancy_poses/1G10__ddhC/surfaces/YH52D_output.csv -def /Users/nf477/Projects_Natalia/GROMACS/gromacs_ab_ligand_toolkit/ab_ligand_md_8complexes/computational_DMS_top_occupancy_poses/1G10__ddhC/surfaces_definition/custom_MOL_AMINO_FlexAID.def -dat /Users/nf477/Projects_Natalia/GROMACS/gromacs_ab_ligand_toolkit/ab_ligand_md_8complexes/Surfaces/FlexAID.dat

$ /Users/nf477/anaconda3/envs/nrgsuite/bin/python /Users/nf477/Projects_Natalia/GROMACS/gromacs_ab_ligand_toolkit/ab_ligand_md_8complexes/Surfaces/clean_structure.py -f 1G10_ddhC_P001_YH52E.pdb -def /Users/nf477/Projects_Natalia/GROMACS/gromacs_ab_ligand_toolkit/ab_ligand_md_8complexes/computational_DMS_top_occupancy_poses/1G10__ddhC/surfaces_definition/custom_MOL_AMINO_FlexAID.def

$ /Users/nf477/anaconda3/envs/nrgsuite/bin/python /Users/nf477/Projects_Natalia/GROMACS/gromacs_ab_ligand_toolkit/ab_ligand_md_8complexes/Surfaces/surface_cont_lig.py -f /Users/nf477/Projects_Natalia/GROMACS/gromacs_ab_ligand_toolkit/ab_ligand_md_8complexes/computational_DMS_top_occupancy_poses/1G10__ddhC/mutants/clean_1G10_ddhC_P001_YH52E.pdb -c HL -lig MOL -o /Users/nf477/Projects_Natalia/GROMACS/gromacs_ab_ligand_toolkit/ab_ligand_md_8complexes/computational_DMS_top_occupancy_poses/1G10__ddhC/surfaces/YH52E_output.csv -def /Users/nf477/Projects_Natalia/GROMACS/gromacs_ab_ligand_toolkit/ab_ligand_md_8complexes/computational_DMS_top_occupancy_poses/1G10__ddhC/surfaces_definition/custom_MOL_AMINO_FlexAID.def -dat /Users/nf477/Projects_Natalia/GROMACS/gromacs_ab_ligand_toolkit/ab_ligand_md_8complexes/Surfaces/FlexAID.dat

$ /Users/nf477/anaconda3/envs/nrgsuite/bin/python /Users/nf477/Projects_Natalia/GROMACS/gromacs_ab_ligand_toolkit/ab_ligand_md_8complexes/Surfaces/clean_structure.py -f 1G10_ddhC_P001_YH52F.pdb -def /Users/nf477/Projects_Natalia/GROMACS/gromacs_ab_ligand_toolkit/ab_ligand_md_8complexes/computational_DMS_top_occupancy_poses/1G10__ddhC/surfaces_definition/custom_MOL_AMINO_FlexAID.def

$ /Users/nf477/anaconda3/envs/nrgsuite/bin/python /Users/nf477/Projects_Natalia/GROMACS/gromacs_ab_ligand_toolkit/ab_ligand_md_8complexes/Surfaces/surface_cont_lig.py -f /Users/nf477/Projects_Natalia/GROMACS/gromacs_ab_ligand_toolkit/ab_ligand_md_8complexes/computational_DMS_top_occupancy_poses/1G10__ddhC/mutants/clean_1G10_ddhC_P001_YH52F.pdb -c HL -lig MOL -o /Users/nf477/Projects_Natalia/GROMACS/gromacs_ab_ligand_toolkit/ab_ligand_md_8complexes/computational_DMS_top_occupancy_poses/1G10__ddhC/surfaces/YH52F_output.csv -def /Users/nf477/Projects_Natalia/GROMACS/gromacs_ab_ligand_toolkit/ab_ligand_md_8complexes/computational_DMS_top_occupancy_poses/1G10__ddhC/surfaces_definition/custom_MOL_AMINO_FlexAID.def -dat /Users/nf477/Projects_Natalia/GROMACS/gromacs_ab_ligand_toolkit/ab_ligand_md_8complexes/Surfaces/FlexAID.dat

$ /Users/nf477/anaconda3/envs/nrgsuite/bin/python /Users/nf477/Projects_Natalia/GROMACS/gromacs_ab_ligand_toolkit/ab_ligand_md_8complexes/Surfaces/clean_structure.py -f 1G10_ddhC_P001_YH52G.pdb -def /Users/nf477/Projects_Natalia/GROMACS/gromacs_ab_ligand_toolkit/ab_ligand_md_8complexes/computational_DMS_top_occupancy_poses/1G10__ddhC/surfaces_definition/custom_MOL_AMINO_FlexAID.def

$ /Users/nf477/anaconda3/envs/nrgsuite/bin/python /Users/nf477/Projects_Natalia/GROMACS/gromacs_ab_ligand_toolkit/ab_ligand_md_8complexes/Surfaces/surface_cont_lig.py -f /Users/nf477/Projects_Natalia/GROMACS/gromacs_ab_ligand_toolkit/ab_ligand_md_8complexes/computational_DMS_top_occupancy_poses/1G10__ddhC/mutants/clean_1G10_ddhC_P001_YH52G.pdb -c HL -lig MOL -o /Users/nf477/Projects_Natalia/GROMACS/gromacs_ab_ligand_toolkit/ab_ligand_md_8complexes/computational_DMS_top_occupancy_poses/1G10__ddhC/surfaces/YH52G_output.csv -def /Users/nf477/Projects_Natalia/GROMACS/gromacs_ab_ligand_toolkit/ab_ligand_md_8complexes/computational_DMS_top_occupancy_poses/1G10__ddhC/surfaces_definition/custom_MOL_AMINO_FlexAID.def -dat /Users/nf477/Projects_Natalia/GROMACS/gromacs_ab_ligand_toolkit/ab_ligand_md_8complexes/Surfaces/FlexAID.dat

$ /Users/nf477/anaconda3/envs/nrgsuite/bin/python /Users/nf477/Projects_Natalia/GROMACS/gromacs_ab_ligand_toolkit/ab_ligand_md_8complexes/Surfaces/clean_structure.py -f 1G10_ddhC_P001_YH52H.pdb -def /Users/nf477/Projects_Natalia/GROMACS/gromacs_ab_ligand_toolkit/ab_ligand_md_8complexes/computational_DMS_top_occupancy_poses/1G10__ddhC/surfaces_definition/custom_MOL_AMINO_FlexAID.def

$ /Users/nf477/anaconda3/envs/nrgsuite/bin/python /Users/nf477/Projects_Natalia/GROMACS/gromacs_ab_ligand_toolkit/ab_ligand_md_8complexes/Surfaces/surface_cont_lig.py -f /Users/nf477/Projects_Natalia/GROMACS/gromacs_ab_ligand_toolkit/ab_ligand_md_8complexes/computational_DMS_top_occupancy_poses/1G10__ddhC/mutants/clean_1G10_ddhC_P001_YH52H.pdb -c HL -lig MOL -o /Users/nf477/Projects_Natalia/GROMACS/gromacs_ab_ligand_toolkit/ab_ligand_md_8complexes/computational_DMS_top_occupancy_poses/1G10__ddhC/surfaces/YH52H_output.csv -def /Users/nf477/Projects_Natalia/GROMACS/gromacs_ab_ligand_toolkit/ab_ligand_md_8complexes/computational_DMS_top_occupancy_poses/1G10__ddhC/surfaces_definition/custom_MOL_AMINO_FlexAID.def -dat /Users/nf477/Projects_Natalia/GROMACS/gromacs_ab_ligand_toolkit/ab_ligand_md_8complexes/Surfaces/FlexAID.dat

$ /Users/nf477/anaconda3/envs/nrgsuite/bin/python /Users/nf477/Projects_Natalia/GROMACS/gromacs_ab_ligand_toolkit/ab_ligand_md_8complexes/Surfaces/clean_structure.py -f 1G10_ddhC_P001_YH52I.pdb -def /Users/nf477/Projects_Natalia/GROMACS/gromacs_ab_ligand_toolkit/ab_ligand_md_8complexes/computational_DMS_top_occupancy_poses/1G10__ddhC/surfaces_definition/custom_MOL_AMINO_FlexAID.def

$ /Users/nf477/anaconda3/envs/nrgsuite/bin/python /Users/nf477/Projects_Natalia/GROMACS/gromacs_ab_ligand_toolkit/ab_ligand_md_8complexes/Surfaces/surface_cont_lig.py -f /Users/nf477/Projects_Natalia/GROMACS/gromacs_ab_ligand_toolkit/ab_ligand_md_8complexes/computational_DMS_top_occupancy_poses/1G10__ddhC/mutants/clean_1G10_ddhC_P001_YH52I.pdb -c HL -lig MOL -o /Users/nf477/Projects_Natalia/GROMACS/gromacs_ab_ligand_toolkit/ab_ligand_md_8complexes/computational_DMS_top_occupancy_poses/1G10__ddhC/surfaces/YH52I_output.csv -def /Users/nf477/Projects_Natalia/GROMACS/gromacs_ab_ligand_toolkit/ab_ligand_md_8complexes/computational_DMS_top_occupancy_poses/1G10__ddhC/surfaces_definition/custom_MOL_AMINO_FlexAID.def -dat /Users/nf477/Projects_Natalia/GROMACS/gromacs_ab_ligand_toolkit/ab_ligand_md_8complexes/Surfaces/FlexAID.dat

$ /Users/nf477/anaconda3/envs/nrgsuite/bin/python /Users/nf477/Projects_Natalia/GROMACS/gromacs_ab_ligand_toolkit/ab_ligand_md_8complexes/Surfaces/clean_structure.py -f 1G10_ddhC_P001_YH52K.pdb -def /Users/nf477/Projects_Natalia/GROMACS/gromacs_ab_ligand_toolkit/ab_ligand_md_8complexes/computational_DMS_top_occupancy_poses/1G10__ddhC/surfaces_definition/custom_MOL_AMINO_FlexAID.def

$ /Users/nf477/anaconda3/envs/nrgsuite/bin/python /Users/nf477/Projects_Natalia/GROMACS/gromacs_ab_ligand_toolkit/ab_ligand_md_8complexes/Surfaces/surface_cont_lig.py -f /Users/nf477/Projects_Natalia/GROMACS/gromacs_ab_ligand_toolkit/ab_ligand_md_8complexes/computational_DMS_top_occupancy_poses/1G10__ddhC/mutants/clean_1G10_ddhC_P001_YH52K.pdb -c HL -lig MOL -o /Users/nf477/Projects_Natalia/GROMACS/gromacs_ab_ligand_toolkit/ab_ligand_md_8complexes/computational_DMS_top_occupancy_poses/1G10__ddhC/surfaces/YH52K_output.csv -def /Users/nf477/Projects_Natalia/GROMACS/gromacs_ab_ligand_toolkit/ab_ligand_md_8complexes/computational_DMS_top_occupancy_poses/1G10__ddhC/surfaces_definition/custom_MOL_AMINO_FlexAID.def -dat /Users/nf477/Projects_Natalia/GROMACS/gromacs_ab_ligand_toolkit/ab_ligand_md_8complexes/Surfaces/FlexAID.dat

$ /Users/nf477/anaconda3/envs/nrgsuite/bin/python /Users/nf477/Projects_Natalia/GROMACS/gromacs_ab_ligand_toolkit/ab_ligand_md_8complexes/Surfaces/clean_structure.py -f 1G10_ddhC_P001_YH52L.pdb -def /Users/nf477/Projects_Natalia/GROMACS/gromacs_ab_ligand_toolkit/ab_ligand_md_8complexes/computational_DMS_top_occupancy_poses/1G10__ddhC/surfaces_definition/custom_MOL_AMINO_FlexAID.def

$ /Users/nf477/anaconda3/envs/nrgsuite/bin/python /Users/nf477/Projects_Natalia/GROMACS/gromacs_ab_ligand_toolkit/ab_ligand_md_8complexes/Surfaces/surface_cont_lig.py -f /Users/nf477/Projects_Natalia/GROMACS/gromacs_ab_ligand_toolkit/ab_ligand_md_8complexes/computational_DMS_top_occupancy_poses/1G10__ddhC/mutants/clean_1G10_ddhC_P001_YH52L.pdb -c HL -lig MOL -o /Users/nf477/Projects_Natalia/GROMACS/gromacs_ab_ligand_toolkit/ab_ligand_md_8complexes/computational_DMS_top_occupancy_poses/1G10__ddhC/surfaces/YH52L_output.csv -def /Users/nf477/Projects_Natalia/GROMACS/gromacs_ab_ligand_toolkit/ab_ligand_md_8complexes/computational_DMS_top_occupancy_poses/1G10__ddhC/surfaces_definition/custom_MOL_AMINO_FlexAID.def -dat /Users/nf477/Projects_Natalia/GROMACS/gromacs_ab_ligand_toolkit/ab_ligand_md_8complexes/Surfaces/FlexAID.dat

$ /Users/nf477/anaconda3/envs/nrgsuite/bin/python /Users/nf477/Projects_Natalia/GROMACS/gromacs_ab_ligand_toolkit/ab_ligand_md_8complexes/Surfaces/clean_structure.py -f 1G10_ddhC_P001_YH52M.pdb -def /Users/nf477/Projects_Natalia/GROMACS/gromacs_ab_ligand_toolkit/ab_ligand_md_8complexes/computational_DMS_top_occupancy_poses/1G10__ddhC/surfaces_definition/custom_MOL_AMINO_FlexAID.def

$ /Users/nf477/anaconda3/envs/nrgsuite/bin/python /Users/nf477/Projects_Natalia/GROMACS/gromacs_ab_ligand_toolkit/ab_ligand_md_8complexes/Surfaces/surface_cont_lig.py -f /Users/nf477/Projects_Natalia/GROMACS/gromacs_ab_ligand_toolkit/ab_ligand_md_8complexes/computational_DMS_top_occupancy_poses/1G10__ddhC/mutants/clean_1G10_ddhC_P001_YH52M.pdb -c HL -lig MOL -o /Users/nf477/Projects_Natalia/GROMACS/gromacs_ab_ligand_toolkit/ab_ligand_md_8complexes/computational_DMS_top_occupancy_poses/1G10__ddhC/surfaces/YH52M_output.csv -def /Users/nf477/Projects_Natalia/GROMACS/gromacs_ab_ligand_toolkit/ab_ligand_md_8complexes/computational_DMS_top_occupancy_poses/1G10__ddhC/surfaces_definition/custom_MOL_AMINO_FlexAID.def -dat /Users/nf477/Projects_Natalia/GROMACS/gromacs_ab_ligand_toolkit/ab_ligand_md_8complexes/Surfaces/FlexAID.dat

$ /Users/nf477/anaconda3/envs/nrgsuite/bin/python /Users/nf477/Projects_Natalia/GROMACS/gromacs_ab_ligand_toolkit/ab_ligand_md_8complexes/Surfaces/clean_structure.py -f 1G10_ddhC_P001_YH52N.pdb -def /Users/nf477/Projects_Natalia/GROMACS/gromacs_ab_ligand_toolkit/ab_ligand_md_8complexes/computational_DMS_top_occupancy_poses/1G10__ddhC/surfaces_definition/custom_MOL_AMINO_FlexAID.def

$ /Users/nf477/anaconda3/envs/nrgsuite/bin/python /Users/nf477/Projects_Natalia/GROMACS/gromacs_ab_ligand_toolkit/ab_ligand_md_8complexes/Surfaces/surface_cont_lig.py -f /Users/nf477/Projects_Natalia/GROMACS/gromacs_ab_ligand_toolkit/ab_ligand_md_8complexes/computational_DMS_top_occupancy_poses/1G10__ddhC/mutants/clean_1G10_ddhC_P001_YH52N.pdb -c HL -lig MOL -o /Users/nf477/Projects_Natalia/GROMACS/gromacs_ab_ligand_toolkit/ab_ligand_md_8complexes/computational_DMS_top_occupancy_poses/1G10__ddhC/surfaces/YH52N_output.csv -def /Users/nf477/Projects_Natalia/GROMACS/gromacs_ab_ligand_toolkit/ab_ligand_md_8complexes/computational_DMS_top_occupancy_poses/1G10__ddhC/surfaces_definition/custom_MOL_AMINO_FlexAID.def -dat /Users/nf477/Projects_Natalia/GROMACS/gromacs_ab_ligand_toolkit/ab_ligand_md_8complexes/Surfaces/FlexAID.dat

$ /Users/nf477/anaconda3/envs/nrgsuite/bin/python /Users/nf477/Projects_Natalia/GROMACS/gromacs_ab_ligand_toolkit/ab_ligand_md_8complexes/Surfaces/clean_structure.py -f 1G10_ddhC_P001_YH52P.pdb -def /Users/nf477/Projects_Natalia/GROMACS/gromacs_ab_ligand_toolkit/ab_ligand_md_8complexes/computational_DMS_top_occupancy_poses/1G10__ddhC/surfaces_definition/custom_MOL_AMINO_FlexAID.def

$ /Users/nf477/anaconda3/envs/nrgsuite/bin/python /Users/nf477/Projects_Natalia/GROMACS/gromacs_ab_ligand_toolkit/ab_ligand_md_8complexes/Surfaces/surface_cont_lig.py -f /Users/nf477/Projects_Natalia/GROMACS/gromacs_ab_ligand_toolkit/ab_ligand_md_8complexes/computational_DMS_top_occupancy_poses/1G10__ddhC/mutants/clean_1G10_ddhC_P001_YH52P.pdb -c HL -lig MOL -o /Users/nf477/Projects_Natalia/GROMACS/gromacs_ab_ligand_toolkit/ab_ligand_md_8complexes/computational_DMS_top_occupancy_poses/1G10__ddhC/surfaces/YH52P_output.csv -def /Users/nf477/Projects_Natalia/GROMACS/gromacs_ab_ligand_toolkit/ab_ligand_md_8complexes/computational_DMS_top_occupancy_poses/1G10__ddhC/surfaces_definition/custom_MOL_AMINO_FlexAID.def -dat /Users/nf477/Projects_Natalia/GROMACS/gromacs_ab_ligand_toolkit/ab_ligand_md_8complexes/Surfaces/FlexAID.dat

$ /Users/nf477/anaconda3/envs/nrgsuite/bin/python /Users/nf477/Projects_Natalia/GROMACS/gromacs_ab_ligand_toolkit/ab_ligand_md_8complexes/Surfaces/clean_structure.py -f 1G10_ddhC_P001_YH52Q.pdb -def /Users/nf477/Projects_Natalia/GROMACS/gromacs_ab_ligand_toolkit/ab_ligand_md_8complexes/computational_DMS_top_occupancy_poses/1G10__ddhC/surfaces_definition/custom_MOL_AMINO_FlexAID.def

$ /Users/nf477/anaconda3/envs/nrgsuite/bin/python /Users/nf477/Projects_Natalia/GROMACS/gromacs_ab_ligand_toolkit/ab_ligand_md_8complexes/Surfaces/surface_cont_lig.py -f /Users/nf477/Projects_Natalia/GROMACS/gromacs_ab_ligand_toolkit/ab_ligand_md_8complexes/computational_DMS_top_occupancy_poses/1G10__ddhC/mutants/clean_1G10_ddhC_P001_YH52Q.pdb -c HL -lig MOL -o /Users/nf477/Projects_Natalia/GROMACS/gromacs_ab_ligand_toolkit/ab_ligand_md_8complexes/computational_DMS_top_occupancy_poses/1G10__ddhC/surfaces/YH52Q_output.csv -def /Users/nf477/Projects_Natalia/GROMACS/gromacs_ab_ligand_toolkit/ab_ligand_md_8complexes/computational_DMS_top_occupancy_poses/1G10__ddhC/surfaces_definition/custom_MOL_AMINO_FlexAID.def -dat /Users/nf477/Projects_Natalia/GROMACS/gromacs_ab_ligand_toolkit/ab_ligand_md_8complexes/Surfaces/FlexAID.dat

$ /Users/nf477/anaconda3/envs/nrgsuite/bin/python /Users/nf477/Projects_Natalia/GROMACS/gromacs_ab_ligand_toolkit/ab_ligand_md_8complexes/Surfaces/clean_structure.py -f 1G10_ddhC_P001_YH52R.pdb -def /Users/nf477/Projects_Natalia/GROMACS/gromacs_ab_ligand_toolkit/ab_ligand_md_8complexes/computational_DMS_top_occupancy_poses/1G10__ddhC/surfaces_definition/custom_MOL_AMINO_FlexAID.def

$ /Users/nf477/anaconda3/envs/nrgsuite/bin/python /Users/nf477/Projects_Natalia/GROMACS/gromacs_ab_ligand_toolkit/ab_ligand_md_8complexes/Surfaces/surface_cont_lig.py -f /Users/nf477/Projects_Natalia/GROMACS/gromacs_ab_ligand_toolkit/ab_ligand_md_8complexes/computational_DMS_top_occupancy_poses/1G10__ddhC/mutants/clean_1G10_ddhC_P001_YH52R.pdb -c HL -lig MOL -o /Users/nf477/Projects_Natalia/GROMACS/gromacs_ab_ligand_toolkit/ab_ligand_md_8complexes/computational_DMS_top_occupancy_poses/1G10__ddhC/surfaces/YH52R_output.csv -def /Users/nf477/Projects_Natalia/GROMACS/gromacs_ab_ligand_toolkit/ab_ligand_md_8complexes/computational_DMS_top_occupancy_poses/1G10__ddhC/surfaces_definition/custom_MOL_AMINO_FlexAID.def -dat /Users/nf477/Projects_Natalia/GROMACS/gromacs_ab_ligand_toolkit/ab_ligand_md_8complexes/Surfaces/FlexAID.dat

$ /Users/nf477/anaconda3/envs/nrgsuite/bin/python /Users/nf477/Projects_Natalia/GROMACS/gromacs_ab_ligand_toolkit/ab_ligand_md_8complexes/Surfaces/clean_structure.py -f 1G10_ddhC_P001_YH52S.pdb -def /Users/nf477/Projects_Natalia/GROMACS/gromacs_ab_ligand_toolkit/ab_ligand_md_8complexes/computational_DMS_top_occupancy_poses/1G10__ddhC/surfaces_definition/custom_MOL_AMINO_FlexAID.def

$ /Users/nf477/anaconda3/envs/nrgsuite/bin/python /Users/nf477/Projects_Natalia/GROMACS/gromacs_ab_ligand_toolkit/ab_ligand_md_8complexes/Surfaces/surface_cont_lig.py -f /Users/nf477/Projects_Natalia/GROMACS/gromacs_ab_ligand_toolkit/ab_ligand_md_8complexes/computational_DMS_top_occupancy_poses/1G10__ddhC/mutants/clean_1G10_ddhC_P001_YH52S.pdb -c HL -lig MOL -o /Users/nf477/Projects_Natalia/GROMACS/gromacs_ab_ligand_toolkit/ab_ligand_md_8complexes/computational_DMS_top_occupancy_poses/1G10__ddhC/surfaces/YH52S_output.csv -def /Users/nf477/Projects_Natalia/GROMACS/gromacs_ab_ligand_toolkit/ab_ligand_md_8complexes/computational_DMS_top_occupancy_poses/1G10__ddhC/surfaces_definition/custom_MOL_AMINO_FlexAID.def -dat /Users/nf477/Projects_Natalia/GROMACS/gromacs_ab_ligand_toolkit/ab_ligand_md_8complexes/Surfaces/FlexAID.dat

$ /Users/nf477/anaconda3/envs/nrgsuite/bin/python /Users/nf477/Projects_Natalia/GROMACS/gromacs_ab_ligand_toolkit/ab_ligand_md_8complexes/Surfaces/clean_structure.py -f 1G10_ddhC_P001_YH52T.pdb -def /Users/nf477/Projects_Natalia/GROMACS/gromacs_ab_ligand_toolkit/ab_ligand_md_8complexes/computational_DMS_top_occupancy_poses/1G10__ddhC/surfaces_definition/custom_MOL_AMINO_FlexAID.def

$ /Users/nf477/anaconda3/envs/nrgsuite/bin/python /Users/nf477/Projects_Natalia/GROMACS/gromacs_ab_ligand_toolkit/ab_ligand_md_8complexes/Surfaces/surface_cont_lig.py -f /Users/nf477/Projects_Natalia/GROMACS/gromacs_ab_ligand_toolkit/ab_ligand_md_8complexes/computational_DMS_top_occupancy_poses/1G10__ddhC/mutants/clean_1G10_ddhC_P001_YH52T.pdb -c HL -lig MOL -o /Users/nf477/Projects_Natalia/GROMACS/gromacs_ab_ligand_toolkit/ab_ligand_md_8complexes/computational_DMS_top_occupancy_poses/1G10__ddhC/surfaces/YH52T_output.csv -def /Users/nf477/Projects_Natalia/GROMACS/gromacs_ab_ligand_toolkit/ab_ligand_md_8complexes/computational_DMS_top_occupancy_poses/1G10__ddhC/surfaces_definition/custom_MOL_AMINO_FlexAID.def -dat /Users/nf477/Projects_Natalia/GROMACS/gromacs_ab_ligand_toolkit/ab_ligand_md_8complexes/Surfaces/FlexAID.dat

$ /Users/nf477/anaconda3/envs/nrgsuite/bin/python /Users/nf477/Projects_Natalia/GROMACS/gromacs_ab_ligand_toolkit/ab_ligand_md_8complexes/Surfaces/clean_structure.py -f 1G10_ddhC_P001_YH52V.pdb -def /Users/nf477/Projects_Natalia/GROMACS/gromacs_ab_ligand_toolkit/ab_ligand_md_8complexes/computational_DMS_top_occupancy_poses/1G10__ddhC/surfaces_definition/custom_MOL_AMINO_FlexAID.def

$ /Users/nf477/anaconda3/envs/nrgsuite/bin/python /Users/nf477/Projects_Natalia/GROMACS/gromacs_ab_ligand_toolkit/ab_ligand_md_8complexes/Surfaces/surface_cont_lig.py -f /Users/nf477/Projects_Natalia/GROMACS/gromacs_ab_ligand_toolkit/ab_ligand_md_8complexes/computational_DMS_top_occupancy_poses/1G10__ddhC/mutants/clean_1G10_ddhC_P001_YH52V.pdb -c HL -lig MOL -o /Users/nf477/Projects_Natalia/GROMACS/gromacs_ab_ligand_toolkit/ab_ligand_md_8complexes/computational_DMS_top_occupancy_poses/1G10__ddhC/surfaces/YH52V_output.csv -def /Users/nf477/Projects_Natalia/GROMACS/gromacs_ab_ligand_toolkit/ab_ligand_md_8complexes/computational_DMS_top_occupancy_poses/1G10__ddhC/surfaces_definition/custom_MOL_AMINO_FlexAID.def -dat /Users/nf477/Projects_Natalia/GROMACS/gromacs_ab_ligand_toolkit/ab_ligand_md_8complexes/Surfaces/FlexAID.dat

$ /Users/nf477/anaconda3/envs/nrgsuite/bin/python /Users/nf477/Projects_Natalia/GROMACS/gromacs_ab_ligand_toolkit/ab_ligand_md_8complexes/Surfaces/clean_structure.py -f 1G10_ddhC_P001_YH52W.pdb -def /Users/nf477/Projects_Natalia/GROMACS/gromacs_ab_ligand_toolkit/ab_ligand_md_8complexes/computational_DMS_top_occupancy_poses/1G10__ddhC/surfaces_definition/custom_MOL_AMINO_FlexAID.def

$ /Users/nf477/anaconda3/envs/nrgsuite/bin/python /Users/nf477/Projects_Natalia/GROMACS/gromacs_ab_ligand_toolkit/ab_ligand_md_8complexes/Surfaces/surface_cont_lig.py -f /Users/nf477/Projects_Natalia/GROMACS/gromacs_ab_ligand_toolkit/ab_ligand_md_8complexes/computational_DMS_top_occupancy_poses/1G10__ddhC/mutants/clean_1G10_ddhC_P001_YH52W.pdb -c HL -lig MOL -o /Users/nf477/Projects_Natalia/GROMACS/gromacs_ab_ligand_toolkit/ab_ligand_md_8complexes/computational_DMS_top_occupancy_poses/1G10__ddhC/surfaces/YH52W_output.csv -def /Users/nf477/Projects_Natalia/GROMACS/gromacs_ab_ligand_toolkit/ab_ligand_md_8complexes/computational_DMS_top_occupancy_poses/1G10__ddhC/surfaces_definition/custom_MOL_AMINO_FlexAID.def -dat /Users/nf477/Projects_Natalia/GROMACS/gromacs_ab_ligand_toolkit/ab_ligand_md_8complexes/Surfaces/FlexAID.dat

$ /Users/nf477/anaconda3/envs/nrgsuite/bin/python /Users/nf477/Projects_Natalia/GROMACS/gromacs_ab_ligand_toolkit/ab_ligand_md_8complexes/Surfaces/clean_structure.py -f 1G10_ddhC_P001_YH52Y.pdb -def /Users/nf477/Projects_Natalia/GROMACS/gromacs_ab_ligand_toolkit/ab_ligand_md_8complexes/computational_DMS_top_occupancy_poses/1G10__ddhC/surfaces_definition/custom_MOL_AMINO_FlexAID.def

$ /Users/nf477/anaconda3/envs/nrgsuite/bin/python /Users/nf477/Projects_Natalia/GROMACS/gromacs_ab_ligand_toolkit/ab_ligand_md_8complexes/Surfaces/surface_cont_lig.py -f /Users/nf477/Projects_Natalia/GROMACS/gromacs_ab_ligand_toolkit/ab_ligand_md_8complexes/computational_DMS_top_occupancy_poses/1G10__ddhC/mutants/clean_1G10_ddhC_P001_YH52Y.pdb -c HL -lig MOL -o /Users/nf477/Projects_Natalia/GROMACS/gromacs_ab_ligand_toolkit/ab_ligand_md_8complexes/computational_DMS_top_occupancy_poses/1G10__ddhC/surfaces/YH52Y_output.csv -def /Users/nf477/Projects_Natalia/GROMACS/gromacs_ab_ligand_toolkit/ab_ligand_md_8complexes/computational_DMS_top_occupancy_poses/1G10__ddhC/surfaces_definition/custom_MOL_AMINO_FlexAID.def -dat /Users/nf477/Projects_Natalia/GROMACS/gromacs_ab_ligand_toolkit/ab_ligand_md_8complexes/Surfaces/FlexAID.dat

$ /Users/nf477/anaconda3/envs/nrgsuite/bin/python /Users/nf477/Projects_Natalia/GROMACS/gromacs_ab_ligand_toolkit/ab_ligand_md_8complexes/Surfaces/clean_structure.py -f 1G10_ddhC_P001_YH57A.pdb -def /Users/nf477/Projects_Natalia/GROMACS/gromacs_ab_ligand_toolkit/ab_ligand_md_8complexes/computational_DMS_top_occupancy_poses/1G10__ddhC/surfaces_definition/custom_MOL_AMINO_FlexAID.def

$ /Users/nf477/anaconda3/envs/nrgsuite/bin/python /Users/nf477/Projects_Natalia/GROMACS/gromacs_ab_ligand_toolkit/ab_ligand_md_8complexes/Surfaces/surface_cont_lig.py -f /Users/nf477/Projects_Natalia/GROMACS/gromacs_ab_ligand_toolkit/ab_ligand_md_8complexes/computational_DMS_top_occupancy_poses/1G10__ddhC/mutants/clean_1G10_ddhC_P001_YH57A.pdb -c HL -lig MOL -o /Users/nf477/Projects_Natalia/GROMACS/gromacs_ab_ligand_toolkit/ab_ligand_md_8complexes/computational_DMS_top_occupancy_poses/1G10__ddhC/surfaces/YH57A_output.csv -def /Users/nf477/Projects_Natalia/GROMACS/gromacs_ab_ligand_toolkit/ab_ligand_md_8complexes/computational_DMS_top_occupancy_poses/1G10__ddhC/surfaces_definition/custom_MOL_AMINO_FlexAID.def -dat /Users/nf477/Projects_Natalia/GROMACS/gromacs_ab_ligand_toolkit/ab_ligand_md_8complexes/Surfaces/FlexAID.dat

$ /Users/nf477/anaconda3/envs/nrgsuite/bin/python /Users/nf477/Projects_Natalia/GROMACS/gromacs_ab_ligand_toolkit/ab_ligand_md_8complexes/Surfaces/clean_structure.py -f 1G10_ddhC_P001_YH57C.pdb -def /Users/nf477/Projects_Natalia/GROMACS/gromacs_ab_ligand_toolkit/ab_ligand_md_8complexes/computational_DMS_top_occupancy_poses/1G10__ddhC/surfaces_definition/custom_MOL_AMINO_FlexAID.def

$ /Users/nf477/anaconda3/envs/nrgsuite/bin/python /Users/nf477/Projects_Natalia/GROMACS/gromacs_ab_ligand_toolkit/ab_ligand_md_8complexes/Surfaces/surface_cont_lig.py -f /Users/nf477/Projects_Natalia/GROMACS/gromacs_ab_ligand_toolkit/ab_ligand_md_8complexes/computational_DMS_top_occupancy_poses/1G10__ddhC/mutants/clean_1G10_ddhC_P001_YH57C.pdb -c HL -lig MOL -o /Users/nf477/Projects_Natalia/GROMACS/gromacs_ab_ligand_toolkit/ab_ligand_md_8complexes/computational_DMS_top_occupancy_poses/1G10__ddhC/surfaces/YH57C_output.csv -def /Users/nf477/Projects_Natalia/GROMACS/gromacs_ab_ligand_toolkit/ab_ligand_md_8complexes/computational_DMS_top_occupancy_poses/1G10__ddhC/surfaces_definition/custom_MOL_AMINO_FlexAID.def -dat /Users/nf477/Projects_Natalia/GROMACS/gromacs_ab_ligand_toolkit/ab_ligand_md_8complexes/Surfaces/FlexAID.dat

$ /Users/nf477/anaconda3/envs/nrgsuite/bin/python /Users/nf477/Projects_Natalia/GROMACS/gromacs_ab_ligand_toolkit/ab_ligand_md_8complexes/Surfaces/clean_structure.py -f 1G10_ddhC_P001_YH57D.pdb -def /Users/nf477/Projects_Natalia/GROMACS/gromacs_ab_ligand_toolkit/ab_ligand_md_8complexes/computational_DMS_top_occupancy_poses/1G10__ddhC/surfaces_definition/custom_MOL_AMINO_FlexAID.def

$ /Users/nf477/anaconda3/envs/nrgsuite/bin/python /Users/nf477/Projects_Natalia/GROMACS/gromacs_ab_ligand_toolkit/ab_ligand_md_8complexes/Surfaces/surface_cont_lig.py -f /Users/nf477/Projects_Natalia/GROMACS/gromacs_ab_ligand_toolkit/ab_ligand_md_8complexes/computational_DMS_top_occupancy_poses/1G10__ddhC/mutants/clean_1G10_ddhC_P001_YH57D.pdb -c HL -lig MOL -o /Users/nf477/Projects_Natalia/GROMACS/gromacs_ab_ligand_toolkit/ab_ligand_md_8complexes/computational_DMS_top_occupancy_poses/1G10__ddhC/surfaces/YH57D_output.csv -def /Users/nf477/Projects_Natalia/GROMACS/gromacs_ab_ligand_toolkit/ab_ligand_md_8complexes/computational_DMS_top_occupancy_poses/1G10__ddhC/surfaces_definition/custom_MOL_AMINO_FlexAID.def -dat /Users/nf477/Projects_Natalia/GROMACS/gromacs_ab_ligand_toolkit/ab_ligand_md_8complexes/Surfaces/FlexAID.dat

$ /Users/nf477/anaconda3/envs/nrgsuite/bin/python /Users/nf477/Projects_Natalia/GROMACS/gromacs_ab_ligand_toolkit/ab_ligand_md_8complexes/Surfaces/clean_structure.py -f 1G10_ddhC_P001_YH57E.pdb -def /Users/nf477/Projects_Natalia/GROMACS/gromacs_ab_ligand_toolkit/ab_ligand_md_8complexes/computational_DMS_top_occupancy_poses/1G10__ddhC/surfaces_definition/custom_MOL_AMINO_FlexAID.def

$ /Users/nf477/anaconda3/envs/nrgsuite/bin/python /Users/nf477/Projects_Natalia/GROMACS/gromacs_ab_ligand_toolkit/ab_ligand_md_8complexes/Surfaces/surface_cont_lig.py -f /Users/nf477/Projects_Natalia/GROMACS/gromacs_ab_ligand_toolkit/ab_ligand_md_8complexes/computational_DMS_top_occupancy_poses/1G10__ddhC/mutants/clean_1G10_ddhC_P001_YH57E.pdb -c HL -lig MOL -o /Users/nf477/Projects_Natalia/GROMACS/gromacs_ab_ligand_toolkit/ab_ligand_md_8complexes/computational_DMS_top_occupancy_poses/1G10__ddhC/surfaces/YH57E_output.csv -def /Users/nf477/Projects_Natalia/GROMACS/gromacs_ab_ligand_toolkit/ab_ligand_md_8complexes/computational_DMS_top_occupancy_poses/1G10__ddhC/surfaces_definition/custom_MOL_AMINO_FlexAID.def -dat /Users/nf477/Projects_Natalia/GROMACS/gromacs_ab_ligand_toolkit/ab_ligand_md_8complexes/Surfaces/FlexAID.dat

$ /Users/nf477/anaconda3/envs/nrgsuite/bin/python /Users/nf477/Projects_Natalia/GROMACS/gromacs_ab_ligand_toolkit/ab_ligand_md_8complexes/Surfaces/clean_structure.py -f 1G10_ddhC_P001_YH57F.pdb -def /Users/nf477/Projects_Natalia/GROMACS/gromacs_ab_ligand_toolkit/ab_ligand_md_8complexes/computational_DMS_top_occupancy_poses/1G10__ddhC/surfaces_definition/custom_MOL_AMINO_FlexAID.def

$ /Users/nf477/anaconda3/envs/nrgsuite/bin/python /Users/nf477/Projects_Natalia/GROMACS/gromacs_ab_ligand_toolkit/ab_ligand_md_8complexes/Surfaces/surface_cont_lig.py -f /Users/nf477/Projects_Natalia/GROMACS/gromacs_ab_ligand_toolkit/ab_ligand_md_8complexes/computational_DMS_top_occupancy_poses/1G10__ddhC/mutants/clean_1G10_ddhC_P001_YH57F.pdb -c HL -lig MOL -o /Users/nf477/Projects_Natalia/GROMACS/gromacs_ab_ligand_toolkit/ab_ligand_md_8complexes/computational_DMS_top_occupancy_poses/1G10__ddhC/surfaces/YH57F_output.csv -def /Users/nf477/Projects_Natalia/GROMACS/gromacs_ab_ligand_toolkit/ab_ligand_md_8complexes/computational_DMS_top_occupancy_poses/1G10__ddhC/surfaces_definition/custom_MOL_AMINO_FlexAID.def -dat /Users/nf477/Projects_Natalia/GROMACS/gromacs_ab_ligand_toolkit/ab_ligand_md_8complexes/Surfaces/FlexAID.dat

$ /Users/nf477/anaconda3/envs/nrgsuite/bin/python /Users/nf477/Projects_Natalia/GROMACS/gromacs_ab_ligand_toolkit/ab_ligand_md_8complexes/Surfaces/clean_structure.py -f 1G10_ddhC_P001_YH57G.pdb -def /Users/nf477/Projects_Natalia/GROMACS/gromacs_ab_ligand_toolkit/ab_ligand_md_8complexes/computational_DMS_top_occupancy_poses/1G10__ddhC/surfaces_definition/custom_MOL_AMINO_FlexAID.def

$ /Users/nf477/anaconda3/envs/nrgsuite/bin/python /Users/nf477/Projects_Natalia/GROMACS/gromacs_ab_ligand_toolkit/ab_ligand_md_8complexes/Surfaces/surface_cont_lig.py -f /Users/nf477/Projects_Natalia/GROMACS/gromacs_ab_ligand_toolkit/ab_ligand_md_8complexes/computational_DMS_top_occupancy_poses/1G10__ddhC/mutants/clean_1G10_ddhC_P001_YH57G.pdb -c HL -lig MOL -o /Users/nf477/Projects_Natalia/GROMACS/gromacs_ab_ligand_toolkit/ab_ligand_md_8complexes/computational_DMS_top_occupancy_poses/1G10__ddhC/surfaces/YH57G_output.csv -def /Users/nf477/Projects_Natalia/GROMACS/gromacs_ab_ligand_toolkit/ab_ligand_md_8complexes/computational_DMS_top_occupancy_poses/1G10__ddhC/surfaces_definition/custom_MOL_AMINO_FlexAID.def -dat /Users/nf477/Projects_Natalia/GROMACS/gromacs_ab_ligand_toolkit/ab_ligand_md_8complexes/Surfaces/FlexAID.dat

$ /Users/nf477/anaconda3/envs/nrgsuite/bin/python /Users/nf477/Projects_Natalia/GROMACS/gromacs_ab_ligand_toolkit/ab_ligand_md_8complexes/Surfaces/clean_structure.py -f 1G10_ddhC_P001_YH57H.pdb -def /Users/nf477/Projects_Natalia/GROMACS/gromacs_ab_ligand_toolkit/ab_ligand_md_8complexes/computational_DMS_top_occupancy_poses/1G10__ddhC/surfaces_definition/custom_MOL_AMINO_FlexAID.def

$ /Users/nf477/anaconda3/envs/nrgsuite/bin/python /Users/nf477/Projects_Natalia/GROMACS/gromacs_ab_ligand_toolkit/ab_ligand_md_8complexes/Surfaces/surface_cont_lig.py -f /Users/nf477/Projects_Natalia/GROMACS/gromacs_ab_ligand_toolkit/ab_ligand_md_8complexes/computational_DMS_top_occupancy_poses/1G10__ddhC/mutants/clean_1G10_ddhC_P001_YH57H.pdb -c HL -lig MOL -o /Users/nf477/Projects_Natalia/GROMACS/gromacs_ab_ligand_toolkit/ab_ligand_md_8complexes/computational_DMS_top_occupancy_poses/1G10__ddhC/surfaces/YH57H_output.csv -def /Users/nf477/Projects_Natalia/GROMACS/gromacs_ab_ligand_toolkit/ab_ligand_md_8complexes/computational_DMS_top_occupancy_poses/1G10__ddhC/surfaces_definition/custom_MOL_AMINO_FlexAID.def -dat /Users/nf477/Projects_Natalia/GROMACS/gromacs_ab_ligand_toolkit/ab_ligand_md_8complexes/Surfaces/FlexAID.dat

$ /Users/nf477/anaconda3/envs/nrgsuite/bin/python /Users/nf477/Projects_Natalia/GROMACS/gromacs_ab_ligand_toolkit/ab_ligand_md_8complexes/Surfaces/clean_structure.py -f 1G10_ddhC_P001_YH57I.pdb -def /Users/nf477/Projects_Natalia/GROMACS/gromacs_ab_ligand_toolkit/ab_ligand_md_8complexes/computational_DMS_top_occupancy_poses/1G10__ddhC/surfaces_definition/custom_MOL_AMINO_FlexAID.def

$ /Users/nf477/anaconda3/envs/nrgsuite/bin/python /Users/nf477/Projects_Natalia/GROMACS/gromacs_ab_ligand_toolkit/ab_ligand_md_8complexes/Surfaces/surface_cont_lig.py -f /Users/nf477/Projects_Natalia/GROMACS/gromacs_ab_ligand_toolkit/ab_ligand_md_8complexes/computational_DMS_top_occupancy_poses/1G10__ddhC/mutants/clean_1G10_ddhC_P001_YH57I.pdb -c HL -lig MOL -o /Users/nf477/Projects_Natalia/GROMACS/gromacs_ab_ligand_toolkit/ab_ligand_md_8complexes/computational_DMS_top_occupancy_poses/1G10__ddhC/surfaces/YH57I_output.csv -def /Users/nf477/Projects_Natalia/GROMACS/gromacs_ab_ligand_toolkit/ab_ligand_md_8complexes/computational_DMS_top_occupancy_poses/1G10__ddhC/surfaces_definition/custom_MOL_AMINO_FlexAID.def -dat /Users/nf477/Projects_Natalia/GROMACS/gromacs_ab_ligand_toolkit/ab_ligand_md_8complexes/Surfaces/FlexAID.dat

$ /Users/nf477/anaconda3/envs/nrgsuite/bin/python /Users/nf477/Projects_Natalia/GROMACS/gromacs_ab_ligand_toolkit/ab_ligand_md_8complexes/Surfaces/clean_structure.py -f 1G10_ddhC_P001_YH57K.pdb -def /Users/nf477/Projects_Natalia/GROMACS/gromacs_ab_ligand_toolkit/ab_ligand_md_8complexes/computational_DMS_top_occupancy_poses/1G10__ddhC/surfaces_definition/custom_MOL_AMINO_FlexAID.def

$ /Users/nf477/anaconda3/envs/nrgsuite/bin/python /Users/nf477/Projects_Natalia/GROMACS/gromacs_ab_ligand_toolkit/ab_ligand_md_8complexes/Surfaces/surface_cont_lig.py -f /Users/nf477/Projects_Natalia/GROMACS/gromacs_ab_ligand_toolkit/ab_ligand_md_8complexes/computational_DMS_top_occupancy_poses/1G10__ddhC/mutants/clean_1G10_ddhC_P001_YH57K.pdb -c HL -lig MOL -o /Users/nf477/Projects_Natalia/GROMACS/gromacs_ab_ligand_toolkit/ab_ligand_md_8complexes/computational_DMS_top_occupancy_poses/1G10__ddhC/surfaces/YH57K_output.csv -def /Users/nf477/Projects_Natalia/GROMACS/gromacs_ab_ligand_toolkit/ab_ligand_md_8complexes/computational_DMS_top_occupancy_poses/1G10__ddhC/surfaces_definition/custom_MOL_AMINO_FlexAID.def -dat /Users/nf477/Projects_Natalia/GROMACS/gromacs_ab_ligand_toolkit/ab_ligand_md_8complexes/Surfaces/FlexAID.dat

$ /Users/nf477/anaconda3/envs/nrgsuite/bin/python /Users/nf477/Projects_Natalia/GROMACS/gromacs_ab_ligand_toolkit/ab_ligand_md_8complexes/Surfaces/clean_structure.py -f 1G10_ddhC_P001_YH57L.pdb -def /Users/nf477/Projects_Natalia/GROMACS/gromacs_ab_ligand_toolkit/ab_ligand_md_8complexes/computational_DMS_top_occupancy_poses/1G10__ddhC/surfaces_definition/custom_MOL_AMINO_FlexAID.def

$ /Users/nf477/anaconda3/envs/nrgsuite/bin/python /Users/nf477/Projects_Natalia/GROMACS/gromacs_ab_ligand_toolkit/ab_ligand_md_8complexes/Surfaces/surface_cont_lig.py -f /Users/nf477/Projects_Natalia/GROMACS/gromacs_ab_ligand_toolkit/ab_ligand_md_8complexes/computational_DMS_top_occupancy_poses/1G10__ddhC/mutants/clean_1G10_ddhC_P001_YH57L.pdb -c HL -lig MOL -o /Users/nf477/Projects_Natalia/GROMACS/gromacs_ab_ligand_toolkit/ab_ligand_md_8complexes/computational_DMS_top_occupancy_poses/1G10__ddhC/surfaces/YH57L_output.csv -def /Users/nf477/Projects_Natalia/GROMACS/gromacs_ab_ligand_toolkit/ab_ligand_md_8complexes/computational_DMS_top_occupancy_poses/1G10__ddhC/surfaces_definition/custom_MOL_AMINO_FlexAID.def -dat /Users/nf477/Projects_Natalia/GROMACS/gromacs_ab_ligand_toolkit/ab_ligand_md_8complexes/Surfaces/FlexAID.dat

$ /Users/nf477/anaconda3/envs/nrgsuite/bin/python /Users/nf477/Projects_Natalia/GROMACS/gromacs_ab_ligand_toolkit/ab_ligand_md_8complexes/Surfaces/clean_structure.py -f 1G10_ddhC_P001_YH57M.pdb -def /Users/nf477/Projects_Natalia/GROMACS/gromacs_ab_ligand_toolkit/ab_ligand_md_8complexes/computational_DMS_top_occupancy_poses/1G10__ddhC/surfaces_definition/custom_MOL_AMINO_FlexAID.def

$ /Users/nf477/anaconda3/envs/nrgsuite/bin/python /Users/nf477/Projects_Natalia/GROMACS/gromacs_ab_ligand_toolkit/ab_ligand_md_8complexes/Surfaces/surface_cont_lig.py -f /Users/nf477/Projects_Natalia/GROMACS/gromacs_ab_ligand_toolkit/ab_ligand_md_8complexes/computational_DMS_top_occupancy_poses/1G10__ddhC/mutants/clean_1G10_ddhC_P001_YH57M.pdb -c HL -lig MOL -o /Users/nf477/Projects_Natalia/GROMACS/gromacs_ab_ligand_toolkit/ab_ligand_md_8complexes/computational_DMS_top_occupancy_poses/1G10__ddhC/surfaces/YH57M_output.csv -def /Users/nf477/Projects_Natalia/GROMACS/gromacs_ab_ligand_toolkit/ab_ligand_md_8complexes/computational_DMS_top_occupancy_poses/1G10__ddhC/surfaces_definition/custom_MOL_AMINO_FlexAID.def -dat /Users/nf477/Projects_Natalia/GROMACS/gromacs_ab_ligand_toolkit/ab_ligand_md_8complexes/Surfaces/FlexAID.dat

$ /Users/nf477/anaconda3/envs/nrgsuite/bin/python /Users/nf477/Projects_Natalia/GROMACS/gromacs_ab_ligand_toolkit/ab_ligand_md_8complexes/Surfaces/clean_structure.py -f 1G10_ddhC_P001_YH57N.pdb -def /Users/nf477/Projects_Natalia/GROMACS/gromacs_ab_ligand_toolkit/ab_ligand_md_8complexes/computational_DMS_top_occupancy_poses/1G10__ddhC/surfaces_definition/custom_MOL_AMINO_FlexAID.def

$ /Users/nf477/anaconda3/envs/nrgsuite/bin/python /Users/nf477/Projects_Natalia/GROMACS/gromacs_ab_ligand_toolkit/ab_ligand_md_8complexes/Surfaces/surface_cont_lig.py -f /Users/nf477/Projects_Natalia/GROMACS/gromacs_ab_ligand_toolkit/ab_ligand_md_8complexes/computational_DMS_top_occupancy_poses/1G10__ddhC/mutants/clean_1G10_ddhC_P001_YH57N.pdb -c HL -lig MOL -o /Users/nf477/Projects_Natalia/GROMACS/gromacs_ab_ligand_toolkit/ab_ligand_md_8complexes/computational_DMS_top_occupancy_poses/1G10__ddhC/surfaces/YH57N_output.csv -def /Users/nf477/Projects_Natalia/GROMACS/gromacs_ab_ligand_toolkit/ab_ligand_md_8complexes/computational_DMS_top_occupancy_poses/1G10__ddhC/surfaces_definition/custom_MOL_AMINO_FlexAID.def -dat /Users/nf477/Projects_Natalia/GROMACS/gromacs_ab_ligand_toolkit/ab_ligand_md_8complexes/Surfaces/FlexAID.dat

$ /Users/nf477/anaconda3/envs/nrgsuite/bin/python /Users/nf477/Projects_Natalia/GROMACS/gromacs_ab_ligand_toolkit/ab_ligand_md_8complexes/Surfaces/clean_structure.py -f 1G10_ddhC_P001_YH57P.pdb -def /Users/nf477/Projects_Natalia/GROMACS/gromacs_ab_ligand_toolkit/ab_ligand_md_8complexes/computational_DMS_top_occupancy_poses/1G10__ddhC/surfaces_definition/custom_MOL_AMINO_FlexAID.def

$ /Users/nf477/anaconda3/envs/nrgsuite/bin/python /Users/nf477/Projects_Natalia/GROMACS/gromacs_ab_ligand_toolkit/ab_ligand_md_8complexes/Surfaces/surface_cont_lig.py -f /Users/nf477/Projects_Natalia/GROMACS/gromacs_ab_ligand_toolkit/ab_ligand_md_8complexes/computational_DMS_top_occupancy_poses/1G10__ddhC/mutants/clean_1G10_ddhC_P001_YH57P.pdb -c HL -lig MOL -o /Users/nf477/Projects_Natalia/GROMACS/gromacs_ab_ligand_toolkit/ab_ligand_md_8complexes/computational_DMS_top_occupancy_poses/1G10__ddhC/surfaces/YH57P_output.csv -def /Users/nf477/Projects_Natalia/GROMACS/gromacs_ab_ligand_toolkit/ab_ligand_md_8complexes/computational_DMS_top_occupancy_poses/1G10__ddhC/surfaces_definition/custom_MOL_AMINO_FlexAID.def -dat /Users/nf477/Projects_Natalia/GROMACS/gromacs_ab_ligand_toolkit/ab_ligand_md_8complexes/Surfaces/FlexAID.dat

$ /Users/nf477/anaconda3/envs/nrgsuite/bin/python /Users/nf477/Projects_Natalia/GROMACS/gromacs_ab_ligand_toolkit/ab_ligand_md_8complexes/Surfaces/clean_structure.py -f 1G10_ddhC_P001_YH57Q.pdb -def /Users/nf477/Projects_Natalia/GROMACS/gromacs_ab_ligand_toolkit/ab_ligand_md_8complexes/computational_DMS_top_occupancy_poses/1G10__ddhC/surfaces_definition/custom_MOL_AMINO_FlexAID.def

$ /Users/nf477/anaconda3/envs/nrgsuite/bin/python /Users/nf477/Projects_Natalia/GROMACS/gromacs_ab_ligand_toolkit/ab_ligand_md_8complexes/Surfaces/surface_cont_lig.py -f /Users/nf477/Projects_Natalia/GROMACS/gromacs_ab_ligand_toolkit/ab_ligand_md_8complexes/computational_DMS_top_occupancy_poses/1G10__ddhC/mutants/clean_1G10_ddhC_P001_YH57Q.pdb -c HL -lig MOL -o /Users/nf477/Projects_Natalia/GROMACS/gromacs_ab_ligand_toolkit/ab_ligand_md_8complexes/computational_DMS_top_occupancy_poses/1G10__ddhC/surfaces/YH57Q_output.csv -def /Users/nf477/Projects_Natalia/GROMACS/gromacs_ab_ligand_toolkit/ab_ligand_md_8complexes/computational_DMS_top_occupancy_poses/1G10__ddhC/surfaces_definition/custom_MOL_AMINO_FlexAID.def -dat /Users/nf477/Projects_Natalia/GROMACS/gromacs_ab_ligand_toolkit/ab_ligand_md_8complexes/Surfaces/FlexAID.dat

$ /Users/nf477/anaconda3/envs/nrgsuite/bin/python /Users/nf477/Projects_Natalia/GROMACS/gromacs_ab_ligand_toolkit/ab_ligand_md_8complexes/Surfaces/clean_structure.py -f 1G10_ddhC_P001_YH57R.pdb -def /Users/nf477/Projects_Natalia/GROMACS/gromacs_ab_ligand_toolkit/ab_ligand_md_8complexes/computational_DMS_top_occupancy_poses/1G10__ddhC/surfaces_definition/custom_MOL_AMINO_FlexAID.def

$ /Users/nf477/anaconda3/envs/nrgsuite/bin/python /Users/nf477/Projects_Natalia/GROMACS/gromacs_ab_ligand_toolkit/ab_ligand_md_8complexes/Surfaces/surface_cont_lig.py -f /Users/nf477/Projects_Natalia/GROMACS/gromacs_ab_ligand_toolkit/ab_ligand_md_8complexes/computational_DMS_top_occupancy_poses/1G10__ddhC/mutants/clean_1G10_ddhC_P001_YH57R.pdb -c HL -lig MOL -o /Users/nf477/Projects_Natalia/GROMACS/gromacs_ab_ligand_toolkit/ab_ligand_md_8complexes/computational_DMS_top_occupancy_poses/1G10__ddhC/surfaces/YH57R_output.csv -def /Users/nf477/Projects_Natalia/GROMACS/gromacs_ab_ligand_toolkit/ab_ligand_md_8complexes/computational_DMS_top_occupancy_poses/1G10__ddhC/surfaces_definition/custom_MOL_AMINO_FlexAID.def -dat /Users/nf477/Projects_Natalia/GROMACS/gromacs_ab_ligand_toolkit/ab_ligand_md_8complexes/Surfaces/FlexAID.dat

$ /Users/nf477/anaconda3/envs/nrgsuite/bin/python /Users/nf477/Projects_Natalia/GROMACS/gromacs_ab_ligand_toolkit/ab_ligand_md_8complexes/Surfaces/clean_structure.py -f 1G10_ddhC_P001_YH57S.pdb -def /Users/nf477/Projects_Natalia/GROMACS/gromacs_ab_ligand_toolkit/ab_ligand_md_8complexes/computational_DMS_top_occupancy_poses/1G10__ddhC/surfaces_definition/custom_MOL_AMINO_FlexAID.def

$ /Users/nf477/anaconda3/envs/nrgsuite/bin/python /Users/nf477/Projects_Natalia/GROMACS/gromacs_ab_ligand_toolkit/ab_ligand_md_8complexes/Surfaces/surface_cont_lig.py -f /Users/nf477/Projects_Natalia/GROMACS/gromacs_ab_ligand_toolkit/ab_ligand_md_8complexes/computational_DMS_top_occupancy_poses/1G10__ddhC/mutants/clean_1G10_ddhC_P001_YH57S.pdb -c HL -lig MOL -o /Users/nf477/Projects_Natalia/GROMACS/gromacs_ab_ligand_toolkit/ab_ligand_md_8complexes/computational_DMS_top_occupancy_poses/1G10__ddhC/surfaces/YH57S_output.csv -def /Users/nf477/Projects_Natalia/GROMACS/gromacs_ab_ligand_toolkit/ab_ligand_md_8complexes/computational_DMS_top_occupancy_poses/1G10__ddhC/surfaces_definition/custom_MOL_AMINO_FlexAID.def -dat /Users/nf477/Projects_Natalia/GROMACS/gromacs_ab_ligand_toolkit/ab_ligand_md_8complexes/Surfaces/FlexAID.dat

$ /Users/nf477/anaconda3/envs/nrgsuite/bin/python /Users/nf477/Projects_Natalia/GROMACS/gromacs_ab_ligand_toolkit/ab_ligand_md_8complexes/Surfaces/clean_structure.py -f 1G10_ddhC_P001_YH57T.pdb -def /Users/nf477/Projects_Natalia/GROMACS/gromacs_ab_ligand_toolkit/ab_ligand_md_8complexes/computational_DMS_top_occupancy_poses/1G10__ddhC/surfaces_definition/custom_MOL_AMINO_FlexAID.def

$ /Users/nf477/anaconda3/envs/nrgsuite/bin/python /Users/nf477/Projects_Natalia/GROMACS/gromacs_ab_ligand_toolkit/ab_ligand_md_8complexes/Surfaces/surface_cont_lig.py -f /Users/nf477/Projects_Natalia/GROMACS/gromacs_ab_ligand_toolkit/ab_ligand_md_8complexes/computational_DMS_top_occupancy_poses/1G10__ddhC/mutants/clean_1G10_ddhC_P001_YH57T.pdb -c HL -lig MOL -o /Users/nf477/Projects_Natalia/GROMACS/gromacs_ab_ligand_toolkit/ab_ligand_md_8complexes/computational_DMS_top_occupancy_poses/1G10__ddhC/surfaces/YH57T_output.csv -def /Users/nf477/Projects_Natalia/GROMACS/gromacs_ab_ligand_toolkit/ab_ligand_md_8complexes/computational_DMS_top_occupancy_poses/1G10__ddhC/surfaces_definition/custom_MOL_AMINO_FlexAID.def -dat /Users/nf477/Projects_Natalia/GROMACS/gromacs_ab_ligand_toolkit/ab_ligand_md_8complexes/Surfaces/FlexAID.dat

$ /Users/nf477/anaconda3/envs/nrgsuite/bin/python /Users/nf477/Projects_Natalia/GROMACS/gromacs_ab_ligand_toolkit/ab_ligand_md_8complexes/Surfaces/clean_structure.py -f 1G10_ddhC_P001_YH57V.pdb -def /Users/nf477/Projects_Natalia/GROMACS/gromacs_ab_ligand_toolkit/ab_ligand_md_8complexes/computational_DMS_top_occupancy_poses/1G10__ddhC/surfaces_definition/custom_MOL_AMINO_FlexAID.def

$ /Users/nf477/anaconda3/envs/nrgsuite/bin/python /Users/nf477/Projects_Natalia/GROMACS/gromacs_ab_ligand_toolkit/ab_ligand_md_8complexes/Surfaces/surface_cont_lig.py -f /Users/nf477/Projects_Natalia/GROMACS/gromacs_ab_ligand_toolkit/ab_ligand_md_8complexes/computational_DMS_top_occupancy_poses/1G10__ddhC/mutants/clean_1G10_ddhC_P001_YH57V.pdb -c HL -lig MOL -o /Users/nf477/Projects_Natalia/GROMACS/gromacs_ab_ligand_toolkit/ab_ligand_md_8complexes/computational_DMS_top_occupancy_poses/1G10__ddhC/surfaces/YH57V_output.csv -def /Users/nf477/Projects_Natalia/GROMACS/gromacs_ab_ligand_toolkit/ab_ligand_md_8complexes/computational_DMS_top_occupancy_poses/1G10__ddhC/surfaces_definition/custom_MOL_AMINO_FlexAID.def -dat /Users/nf477/Projects_Natalia/GROMACS/gromacs_ab_ligand_toolkit/ab_ligand_md_8complexes/Surfaces/FlexAID.dat

$ /Users/nf477/anaconda3/envs/nrgsuite/bin/python /Users/nf477/Projects_Natalia/GROMACS/gromacs_ab_ligand_toolkit/ab_ligand_md_8complexes/Surfaces/clean_structure.py -f 1G10_ddhC_P001_YH57W.pdb -def /Users/nf477/Projects_Natalia/GROMACS/gromacs_ab_ligand_toolkit/ab_ligand_md_8complexes/computational_DMS_top_occupancy_poses/1G10__ddhC/surfaces_definition/custom_MOL_AMINO_FlexAID.def

$ /Users/nf477/anaconda3/envs/nrgsuite/bin/python /Users/nf477/Projects_Natalia/GROMACS/gromacs_ab_ligand_toolkit/ab_ligand_md_8complexes/Surfaces/surface_cont_lig.py -f /Users/nf477/Projects_Natalia/GROMACS/gromacs_ab_ligand_toolkit/ab_ligand_md_8complexes/computational_DMS_top_occupancy_poses/1G10__ddhC/mutants/clean_1G10_ddhC_P001_YH57W.pdb -c HL -lig MOL -o /Users/nf477/Projects_Natalia/GROMACS/gromacs_ab_ligand_toolkit/ab_ligand_md_8complexes/computational_DMS_top_occupancy_poses/1G10__ddhC/surfaces/YH57W_output.csv -def /Users/nf477/Projects_Natalia/GROMACS/gromacs_ab_ligand_toolkit/ab_ligand_md_8complexes/computational_DMS_top_occupancy_poses/1G10__ddhC/surfaces_definition/custom_MOL_AMINO_FlexAID.def -dat /Users/nf477/Projects_Natalia/GROMACS/gromacs_ab_ligand_toolkit/ab_ligand_md_8complexes/Surfaces/FlexAID.dat

$ /Users/nf477/anaconda3/envs/nrgsuite/bin/python /Users/nf477/Projects_Natalia/GROMACS/gromacs_ab_ligand_toolkit/ab_ligand_md_8complexes/Surfaces/clean_structure.py -f 1G10_ddhC_P001_YH57Y.pdb -def /Users/nf477/Projects_Natalia/GROMACS/gromacs_ab_ligand_toolkit/ab_ligand_md_8complexes/computational_DMS_top_occupancy_poses/1G10__ddhC/surfaces_definition/custom_MOL_AMINO_FlexAID.def

$ /Users/nf477/anaconda3/envs/nrgsuite/bin/python /Users/nf477/Projects_Natalia/GROMACS/gromacs_ab_ligand_toolkit/ab_ligand_md_8complexes/Surfaces/surface_cont_lig.py -f /Users/nf477/Projects_Natalia/GROMACS/gromacs_ab_ligand_toolkit/ab_ligand_md_8complexes/computational_DMS_top_occupancy_poses/1G10__ddhC/mutants/clean_1G10_ddhC_P001_YH57Y.pdb -c HL -lig MOL -o /Users/nf477/Projects_Natalia/GROMACS/gromacs_ab_ligand_toolkit/ab_ligand_md_8complexes/computational_DMS_top_occupancy_poses/1G10__ddhC/surfaces/YH57Y_output.csv -def /Users/nf477/Projects_Natalia/GROMACS/gromacs_ab_ligand_toolkit/ab_ligand_md_8complexes/computational_DMS_top_occupancy_poses/1G10__ddhC/surfaces_definition/custom_MOL_AMINO_FlexAID.def -dat /Users/nf477/Projects_Natalia/GROMACS/gromacs_ab_ligand_toolkit/ab_ligand_md_8complexes/Surfaces/FlexAID.dat

$ /Users/nf477/anaconda3/envs/nrgsuite/bin/python /Users/nf477/Projects_Natalia/GROMACS/gromacs_ab_ligand_toolkit/ab_ligand_md_8complexes/Surfaces/clean_structure.py -f 1G10_ddhC_P001_NH99A.pdb -def /Users/nf477/Projects_Natalia/GROMACS/gromacs_ab_ligand_toolkit/ab_ligand_md_8complexes/computational_DMS_top_occupancy_poses/1G10__ddhC/surfaces_definition/custom_MOL_AMINO_FlexAID.def

$ /Users/nf477/anaconda3/envs/nrgsuite/bin/python /Users/nf477/Projects_Natalia/GROMACS/gromacs_ab_ligand_toolkit/ab_ligand_md_8complexes/Surfaces/surface_cont_lig.py -f /Users/nf477/Projects_Natalia/GROMACS/gromacs_ab_ligand_toolkit/ab_ligand_md_8complexes/computational_DMS_top_occupancy_poses/1G10__ddhC/mutants/clean_1G10_ddhC_P001_NH99A.pdb -c HL -lig MOL -o /Users/nf477/Projects_Natalia/GROMACS/gromacs_ab_ligand_toolkit/ab_ligand_md_8complexes/computational_DMS_top_occupancy_poses/1G10__ddhC/surfaces/NH99A_output.csv -def /Users/nf477/Projects_Natalia/GROMACS/gromacs_ab_ligand_toolkit/ab_ligand_md_8complexes/computational_DMS_top_occupancy_poses/1G10__ddhC/surfaces_definition/custom_MOL_AMINO_FlexAID.def -dat /Users/nf477/Projects_Natalia/GROMACS/gromacs_ab_ligand_toolkit/ab_ligand_md_8complexes/Surfaces/FlexAID.dat

$ /Users/nf477/anaconda3/envs/nrgsuite/bin/python /Users/nf477/Projects_Natalia/GROMACS/gromacs_ab_ligand_toolkit/ab_ligand_md_8complexes/Surfaces/clean_structure.py -f 1G10_ddhC_P001_NH99C.pdb -def /Users/nf477/Projects_Natalia/GROMACS/gromacs_ab_ligand_toolkit/ab_ligand_md_8complexes/computational_DMS_top_occupancy_poses/1G10__ddhC/surfaces_definition/custom_MOL_AMINO_FlexAID.def

$ /Users/nf477/anaconda3/envs/nrgsuite/bin/python /Users/nf477/Projects_Natalia/GROMACS/gromacs_ab_ligand_toolkit/ab_ligand_md_8complexes/Surfaces/surface_cont_lig.py -f /Users/nf477/Projects_Natalia/GROMACS/gromacs_ab_ligand_toolkit/ab_ligand_md_8complexes/computational_DMS_top_occupancy_poses/1G10__ddhC/mutants/clean_1G10_ddhC_P001_NH99C.pdb -c HL -lig MOL -o /Users/nf477/Projects_Natalia/GROMACS/gromacs_ab_ligand_toolkit/ab_ligand_md_8complexes/computational_DMS_top_occupancy_poses/1G10__ddhC/surfaces/NH99C_output.csv -def /Users/nf477/Projects_Natalia/GROMACS/gromacs_ab_ligand_toolkit/ab_ligand_md_8complexes/computational_DMS_top_occupancy_poses/1G10__ddhC/surfaces_definition/custom_MOL_AMINO_FlexAID.def -dat /Users/nf477/Projects_Natalia/GROMACS/gromacs_ab_ligand_toolkit/ab_ligand_md_8complexes/Surfaces/FlexAID.dat

$ /Users/nf477/anaconda3/envs/nrgsuite/bin/python /Users/nf477/Projects_Natalia/GROMACS/gromacs_ab_ligand_toolkit/ab_ligand_md_8complexes/Surfaces/clean_structure.py -f 1G10_ddhC_P001_NH99D.pdb -def /Users/nf477/Projects_Natalia/GROMACS/gromacs_ab_ligand_toolkit/ab_ligand_md_8complexes/computational_DMS_top_occupancy_poses/1G10__ddhC/surfaces_definition/custom_MOL_AMINO_FlexAID.def

$ /Users/nf477/anaconda3/envs/nrgsuite/bin/python /Users/nf477/Projects_Natalia/GROMACS/gromacs_ab_ligand_toolkit/ab_ligand_md_8complexes/Surfaces/surface_cont_lig.py -f /Users/nf477/Projects_Natalia/GROMACS/gromacs_ab_ligand_toolkit/ab_ligand_md_8complexes/computational_DMS_top_occupancy_poses/1G10__ddhC/mutants/clean_1G10_ddhC_P001_NH99D.pdb -c HL -lig MOL -o /Users/nf477/Projects_Natalia/GROMACS/gromacs_ab_ligand_toolkit/ab_ligand_md_8complexes/computational_DMS_top_occupancy_poses/1G10__ddhC/surfaces/NH99D_output.csv -def /Users/nf477/Projects_Natalia/GROMACS/gromacs_ab_ligand_toolkit/ab_ligand_md_8complexes/computational_DMS_top_occupancy_poses/1G10__ddhC/surfaces_definition/custom_MOL_AMINO_FlexAID.def -dat /Users/nf477/Projects_Natalia/GROMACS/gromacs_ab_ligand_toolkit/ab_ligand_md_8complexes/Surfaces/FlexAID.dat

$ /Users/nf477/anaconda3/envs/nrgsuite/bin/python /Users/nf477/Projects_Natalia/GROMACS/gromacs_ab_ligand_toolkit/ab_ligand_md_8complexes/Surfaces/clean_structure.py -f 1G10_ddhC_P001_NH99E.pdb -def /Users/nf477/Projects_Natalia/GROMACS/gromacs_ab_ligand_toolkit/ab_ligand_md_8complexes/computational_DMS_top_occupancy_poses/1G10__ddhC/surfaces_definition/custom_MOL_AMINO_FlexAID.def

$ /Users/nf477/anaconda3/envs/nrgsuite/bin/python /Users/nf477/Projects_Natalia/GROMACS/gromacs_ab_ligand_toolkit/ab_ligand_md_8complexes/Surfaces/surface_cont_lig.py -f /Users/nf477/Projects_Natalia/GROMACS/gromacs_ab_ligand_toolkit/ab_ligand_md_8complexes/computational_DMS_top_occupancy_poses/1G10__ddhC/mutants/clean_1G10_ddhC_P001_NH99E.pdb -c HL -lig MOL -o /Users/nf477/Projects_Natalia/GROMACS/gromacs_ab_ligand_toolkit/ab_ligand_md_8complexes/computational_DMS_top_occupancy_poses/1G10__ddhC/surfaces/NH99E_output.csv -def /Users/nf477/Projects_Natalia/GROMACS/gromacs_ab_ligand_toolkit/ab_ligand_md_8complexes/computational_DMS_top_occupancy_poses/1G10__ddhC/surfaces_definition/custom_MOL_AMINO_FlexAID.def -dat /Users/nf477/Projects_Natalia/GROMACS/gromacs_ab_ligand_toolkit/ab_ligand_md_8complexes/Surfaces/FlexAID.dat

$ /Users/nf477/anaconda3/envs/nrgsuite/bin/python /Users/nf477/Projects_Natalia/GROMACS/gromacs_ab_ligand_toolkit/ab_ligand_md_8complexes/Surfaces/clean_structure.py -f 1G10_ddhC_P001_NH99F.pdb -def /Users/nf477/Projects_Natalia/GROMACS/gromacs_ab_ligand_toolkit/ab_ligand_md_8complexes/computational_DMS_top_occupancy_poses/1G10__ddhC/surfaces_definition/custom_MOL_AMINO_FlexAID.def

$ /Users/nf477/anaconda3/envs/nrgsuite/bin/python /Users/nf477/Projects_Natalia/GROMACS/gromacs_ab_ligand_toolkit/ab_ligand_md_8complexes/Surfaces/surface_cont_lig.py -f /Users/nf477/Projects_Natalia/GROMACS/gromacs_ab_ligand_toolkit/ab_ligand_md_8complexes/computational_DMS_top_occupancy_poses/1G10__ddhC/mutants/clean_1G10_ddhC_P001_NH99F.pdb -c HL -lig MOL -o /Users/nf477/Projects_Natalia/GROMACS/gromacs_ab_ligand_toolkit/ab_ligand_md_8complexes/computational_DMS_top_occupancy_poses/1G10__ddhC/surfaces/NH99F_output.csv -def /Users/nf477/Projects_Natalia/GROMACS/gromacs_ab_ligand_toolkit/ab_ligand_md_8complexes/computational_DMS_top_occupancy_poses/1G10__ddhC/surfaces_definition/custom_MOL_AMINO_FlexAID.def -dat /Users/nf477/Projects_Natalia/GROMACS/gromacs_ab_ligand_toolkit/ab_ligand_md_8complexes/Surfaces/FlexAID.dat

$ /Users/nf477/anaconda3/envs/nrgsuite/bin/python /Users/nf477/Projects_Natalia/GROMACS/gromacs_ab_ligand_toolkit/ab_ligand_md_8complexes/Surfaces/clean_structure.py -f 1G10_ddhC_P001_NH99G.pdb -def /Users/nf477/Projects_Natalia/GROMACS/gromacs_ab_ligand_toolkit/ab_ligand_md_8complexes/computational_DMS_top_occupancy_poses/1G10__ddhC/surfaces_definition/custom_MOL_AMINO_FlexAID.def

$ /Users/nf477/anaconda3/envs/nrgsuite/bin/python /Users/nf477/Projects_Natalia/GROMACS/gromacs_ab_ligand_toolkit/ab_ligand_md_8complexes/Surfaces/surface_cont_lig.py -f /Users/nf477/Projects_Natalia/GROMACS/gromacs_ab_ligand_toolkit/ab_ligand_md_8complexes/computational_DMS_top_occupancy_poses/1G10__ddhC/mutants/clean_1G10_ddhC_P001_NH99G.pdb -c HL -lig MOL -o /Users/nf477/Projects_Natalia/GROMACS/gromacs_ab_ligand_toolkit/ab_ligand_md_8complexes/computational_DMS_top_occupancy_poses/1G10__ddhC/surfaces/NH99G_output.csv -def /Users/nf477/Projects_Natalia/GROMACS/gromacs_ab_ligand_toolkit/ab_ligand_md_8complexes/computational_DMS_top_occupancy_poses/1G10__ddhC/surfaces_definition/custom_MOL_AMINO_FlexAID.def -dat /Users/nf477/Projects_Natalia/GROMACS/gromacs_ab_ligand_toolkit/ab_ligand_md_8complexes/Surfaces/FlexAID.dat

$ /Users/nf477/anaconda3/envs/nrgsuite/bin/python /Users/nf477/Projects_Natalia/GROMACS/gromacs_ab_ligand_toolkit/ab_ligand_md_8complexes/Surfaces/clean_structure.py -f 1G10_ddhC_P001_NH99H.pdb -def /Users/nf477/Projects_Natalia/GROMACS/gromacs_ab_ligand_toolkit/ab_ligand_md_8complexes/computational_DMS_top_occupancy_poses/1G10__ddhC/surfaces_definition/custom_MOL_AMINO_FlexAID.def

$ /Users/nf477/anaconda3/envs/nrgsuite/bin/python /Users/nf477/Projects_Natalia/GROMACS/gromacs_ab_ligand_toolkit/ab_ligand_md_8complexes/Surfaces/surface_cont_lig.py -f /Users/nf477/Projects_Natalia/GROMACS/gromacs_ab_ligand_toolkit/ab_ligand_md_8complexes/computational_DMS_top_occupancy_poses/1G10__ddhC/mutants/clean_1G10_ddhC_P001_NH99H.pdb -c HL -lig MOL -o /Users/nf477/Projects_Natalia/GROMACS/gromacs_ab_ligand_toolkit/ab_ligand_md_8complexes/computational_DMS_top_occupancy_poses/1G10__ddhC/surfaces/NH99H_output.csv -def /Users/nf477/Projects_Natalia/GROMACS/gromacs_ab_ligand_toolkit/ab_ligand_md_8complexes/computational_DMS_top_occupancy_poses/1G10__ddhC/surfaces_definition/custom_MOL_AMINO_FlexAID.def -dat /Users/nf477/Projects_Natalia/GROMACS/gromacs_ab_ligand_toolkit/ab_ligand_md_8complexes/Surfaces/FlexAID.dat

$ /Users/nf477/anaconda3/envs/nrgsuite/bin/python /Users/nf477/Projects_Natalia/GROMACS/gromacs_ab_ligand_toolkit/ab_ligand_md_8complexes/Surfaces/clean_structure.py -f 1G10_ddhC_P001_NH99I.pdb -def /Users/nf477/Projects_Natalia/GROMACS/gromacs_ab_ligand_toolkit/ab_ligand_md_8complexes/computational_DMS_top_occupancy_poses/1G10__ddhC/surfaces_definition/custom_MOL_AMINO_FlexAID.def

$ /Users/nf477/anaconda3/envs/nrgsuite/bin/python /Users/nf477/Projects_Natalia/GROMACS/gromacs_ab_ligand_toolkit/ab_ligand_md_8complexes/Surfaces/surface_cont_lig.py -f /Users/nf477/Projects_Natalia/GROMACS/gromacs_ab_ligand_toolkit/ab_ligand_md_8complexes/computational_DMS_top_occupancy_poses/1G10__ddhC/mutants/clean_1G10_ddhC_P001_NH99I.pdb -c HL -lig MOL -o /Users/nf477/Projects_Natalia/GROMACS/gromacs_ab_ligand_toolkit/ab_ligand_md_8complexes/computational_DMS_top_occupancy_poses/1G10__ddhC/surfaces/NH99I_output.csv -def /Users/nf477/Projects_Natalia/GROMACS/gromacs_ab_ligand_toolkit/ab_ligand_md_8complexes/computational_DMS_top_occupancy_poses/1G10__ddhC/surfaces_definition/custom_MOL_AMINO_FlexAID.def -dat /Users/nf477/Projects_Natalia/GROMACS/gromacs_ab_ligand_toolkit/ab_ligand_md_8complexes/Surfaces/FlexAID.dat

$ /Users/nf477/anaconda3/envs/nrgsuite/bin/python /Users/nf477/Projects_Natalia/GROMACS/gromacs_ab_ligand_toolkit/ab_ligand_md_8complexes/Surfaces/clean_structure.py -f 1G10_ddhC_P001_NH99K.pdb -def /Users/nf477/Projects_Natalia/GROMACS/gromacs_ab_ligand_toolkit/ab_ligand_md_8complexes/computational_DMS_top_occupancy_poses/1G10__ddhC/surfaces_definition/custom_MOL_AMINO_FlexAID.def

$ /Users/nf477/anaconda3/envs/nrgsuite/bin/python /Users/nf477/Projects_Natalia/GROMACS/gromacs_ab_ligand_toolkit/ab_ligand_md_8complexes/Surfaces/surface_cont_lig.py -f /Users/nf477/Projects_Natalia/GROMACS/gromacs_ab_ligand_toolkit/ab_ligand_md_8complexes/computational_DMS_top_occupancy_poses/1G10__ddhC/mutants/clean_1G10_ddhC_P001_NH99K.pdb -c HL -lig MOL -o /Users/nf477/Projects_Natalia/GROMACS/gromacs_ab_ligand_toolkit/ab_ligand_md_8complexes/computational_DMS_top_occupancy_poses/1G10__ddhC/surfaces/NH99K_output.csv -def /Users/nf477/Projects_Natalia/GROMACS/gromacs_ab_ligand_toolkit/ab_ligand_md_8complexes/computational_DMS_top_occupancy_poses/1G10__ddhC/surfaces_definition/custom_MOL_AMINO_FlexAID.def -dat /Users/nf477/Projects_Natalia/GROMACS/gromacs_ab_ligand_toolkit/ab_ligand_md_8complexes/Surfaces/FlexAID.dat

$ /Users/nf477/anaconda3/envs/nrgsuite/bin/python /Users/nf477/Projects_Natalia/GROMACS/gromacs_ab_ligand_toolkit/ab_ligand_md_8complexes/Surfaces/clean_structure.py -f 1G10_ddhC_P001_NH99L.pdb -def /Users/nf477/Projects_Natalia/GROMACS/gromacs_ab_ligand_toolkit/ab_ligand_md_8complexes/computational_DMS_top_occupancy_poses/1G10__ddhC/surfaces_definition/custom_MOL_AMINO_FlexAID.def

$ /Users/nf477/anaconda3/envs/nrgsuite/bin/python /Users/nf477/Projects_Natalia/GROMACS/gromacs_ab_ligand_toolkit/ab_ligand_md_8complexes/Surfaces/surface_cont_lig.py -f /Users/nf477/Projects_Natalia/GROMACS/gromacs_ab_ligand_toolkit/ab_ligand_md_8complexes/computational_DMS_top_occupancy_poses/1G10__ddhC/mutants/clean_1G10_ddhC_P001_NH99L.pdb -c HL -lig MOL -o /Users/nf477/Projects_Natalia/GROMACS/gromacs_ab_ligand_toolkit/ab_ligand_md_8complexes/computational_DMS_top_occupancy_poses/1G10__ddhC/surfaces/NH99L_output.csv -def /Users/nf477/Projects_Natalia/GROMACS/gromacs_ab_ligand_toolkit/ab_ligand_md_8complexes/computational_DMS_top_occupancy_poses/1G10__ddhC/surfaces_definition/custom_MOL_AMINO_FlexAID.def -dat /Users/nf477/Projects_Natalia/GROMACS/gromacs_ab_ligand_toolkit/ab_ligand_md_8complexes/Surfaces/FlexAID.dat

$ /Users/nf477/anaconda3/envs/nrgsuite/bin/python /Users/nf477/Projects_Natalia/GROMACS/gromacs_ab_ligand_toolkit/ab_ligand_md_8complexes/Surfaces/clean_structure.py -f 1G10_ddhC_P001_NH99M.pdb -def /Users/nf477/Projects_Natalia/GROMACS/gromacs_ab_ligand_toolkit/ab_ligand_md_8complexes/computational_DMS_top_occupancy_poses/1G10__ddhC/surfaces_definition/custom_MOL_AMINO_FlexAID.def

$ /Users/nf477/anaconda3/envs/nrgsuite/bin/python /Users/nf477/Projects_Natalia/GROMACS/gromacs_ab_ligand_toolkit/ab_ligand_md_8complexes/Surfaces/surface_cont_lig.py -f /Users/nf477/Projects_Natalia/GROMACS/gromacs_ab_ligand_toolkit/ab_ligand_md_8complexes/computational_DMS_top_occupancy_poses/1G10__ddhC/mutants/clean_1G10_ddhC_P001_NH99M.pdb -c HL -lig MOL -o /Users/nf477/Projects_Natalia/GROMACS/gromacs_ab_ligand_toolkit/ab_ligand_md_8complexes/computational_DMS_top_occupancy_poses/1G10__ddhC/surfaces/NH99M_output.csv -def /Users/nf477/Projects_Natalia/GROMACS/gromacs_ab_ligand_toolkit/ab_ligand_md_8complexes/computational_DMS_top_occupancy_poses/1G10__ddhC/surfaces_definition/custom_MOL_AMINO_FlexAID.def -dat /Users/nf477/Projects_Natalia/GROMACS/gromacs_ab_ligand_toolkit/ab_ligand_md_8complexes/Surfaces/FlexAID.dat

$ /Users/nf477/anaconda3/envs/nrgsuite/bin/python /Users/nf477/Projects_Natalia/GROMACS/gromacs_ab_ligand_toolkit/ab_ligand_md_8complexes/Surfaces/clean_structure.py -f 1G10_ddhC_P001_NH99N.pdb -def /Users/nf477/Projects_Natalia/GROMACS/gromacs_ab_ligand_toolkit/ab_ligand_md_8complexes/computational_DMS_top_occupancy_poses/1G10__ddhC/surfaces_definition/custom_MOL_AMINO_FlexAID.def

$ /Users/nf477/anaconda3/envs/nrgsuite/bin/python /Users/nf477/Projects_Natalia/GROMACS/gromacs_ab_ligand_toolkit/ab_ligand_md_8complexes/Surfaces/surface_cont_lig.py -f /Users/nf477/Projects_Natalia/GROMACS/gromacs_ab_ligand_toolkit/ab_ligand_md_8complexes/computational_DMS_top_occupancy_poses/1G10__ddhC/mutants/clean_1G10_ddhC_P001_NH99N.pdb -c HL -lig MOL -o /Users/nf477/Projects_Natalia/GROMACS/gromacs_ab_ligand_toolkit/ab_ligand_md_8complexes/computational_DMS_top_occupancy_poses/1G10__ddhC/surfaces/NH99N_output.csv -def /Users/nf477/Projects_Natalia/GROMACS/gromacs_ab_ligand_toolkit/ab_ligand_md_8complexes/computational_DMS_top_occupancy_poses/1G10__ddhC/surfaces_definition/custom_MOL_AMINO_FlexAID.def -dat /Users/nf477/Projects_Natalia/GROMACS/gromacs_ab_ligand_toolkit/ab_ligand_md_8complexes/Surfaces/FlexAID.dat

$ /Users/nf477/anaconda3/envs/nrgsuite/bin/python /Users/nf477/Projects_Natalia/GROMACS/gromacs_ab_ligand_toolkit/ab_ligand_md_8complexes/Surfaces/clean_structure.py -f 1G10_ddhC_P001_NH99P.pdb -def /Users/nf477/Projects_Natalia/GROMACS/gromacs_ab_ligand_toolkit/ab_ligand_md_8complexes/computational_DMS_top_occupancy_poses/1G10__ddhC/surfaces_definition/custom_MOL_AMINO_FlexAID.def

$ /Users/nf477/anaconda3/envs/nrgsuite/bin/python /Users/nf477/Projects_Natalia/GROMACS/gromacs_ab_ligand_toolkit/ab_ligand_md_8complexes/Surfaces/surface_cont_lig.py -f /Users/nf477/Projects_Natalia/GROMACS/gromacs_ab_ligand_toolkit/ab_ligand_md_8complexes/computational_DMS_top_occupancy_poses/1G10__ddhC/mutants/clean_1G10_ddhC_P001_NH99P.pdb -c HL -lig MOL -o /Users/nf477/Projects_Natalia/GROMACS/gromacs_ab_ligand_toolkit/ab_ligand_md_8complexes/computational_DMS_top_occupancy_poses/1G10__ddhC/surfaces/NH99P_output.csv -def /Users/nf477/Projects_Natalia/GROMACS/gromacs_ab_ligand_toolkit/ab_ligand_md_8complexes/computational_DMS_top_occupancy_poses/1G10__ddhC/surfaces_definition/custom_MOL_AMINO_FlexAID.def -dat /Users/nf477/Projects_Natalia/GROMACS/gromacs_ab_ligand_toolkit/ab_ligand_md_8complexes/Surfaces/FlexAID.dat

$ /Users/nf477/anaconda3/envs/nrgsuite/bin/python /Users/nf477/Projects_Natalia/GROMACS/gromacs_ab_ligand_toolkit/ab_ligand_md_8complexes/Surfaces/clean_structure.py -f 1G10_ddhC_P001_NH99Q.pdb -def /Users/nf477/Projects_Natalia/GROMACS/gromacs_ab_ligand_toolkit/ab_ligand_md_8complexes/computational_DMS_top_occupancy_poses/1G10__ddhC/surfaces_definition/custom_MOL_AMINO_FlexAID.def

$ /Users/nf477/anaconda3/envs/nrgsuite/bin/python /Users/nf477/Projects_Natalia/GROMACS/gromacs_ab_ligand_toolkit/ab_ligand_md_8complexes/Surfaces/surface_cont_lig.py -f /Users/nf477/Projects_Natalia/GROMACS/gromacs_ab_ligand_toolkit/ab_ligand_md_8complexes/computational_DMS_top_occupancy_poses/1G10__ddhC/mutants/clean_1G10_ddhC_P001_NH99Q.pdb -c HL -lig MOL -o /Users/nf477/Projects_Natalia/GROMACS/gromacs_ab_ligand_toolkit/ab_ligand_md_8complexes/computational_DMS_top_occupancy_poses/1G10__ddhC/surfaces/NH99Q_output.csv -def /Users/nf477/Projects_Natalia/GROMACS/gromacs_ab_ligand_toolkit/ab_ligand_md_8complexes/computational_DMS_top_occupancy_poses/1G10__ddhC/surfaces_definition/custom_MOL_AMINO_FlexAID.def -dat /Users/nf477/Projects_Natalia/GROMACS/gromacs_ab_ligand_toolkit/ab_ligand_md_8complexes/Surfaces/FlexAID.dat

$ /Users/nf477/anaconda3/envs/nrgsuite/bin/python /Users/nf477/Projects_Natalia/GROMACS/gromacs_ab_ligand_toolkit/ab_ligand_md_8complexes/Surfaces/clean_structure.py -f 1G10_ddhC_P001_NH99R.pdb -def /Users/nf477/Projects_Natalia/GROMACS/gromacs_ab_ligand_toolkit/ab_ligand_md_8complexes/computational_DMS_top_occupancy_poses/1G10__ddhC/surfaces_definition/custom_MOL_AMINO_FlexAID.def

$ /Users/nf477/anaconda3/envs/nrgsuite/bin/python /Users/nf477/Projects_Natalia/GROMACS/gromacs_ab_ligand_toolkit/ab_ligand_md_8complexes/Surfaces/surface_cont_lig.py -f /Users/nf477/Projects_Natalia/GROMACS/gromacs_ab_ligand_toolkit/ab_ligand_md_8complexes/computational_DMS_top_occupancy_poses/1G10__ddhC/mutants/clean_1G10_ddhC_P001_NH99R.pdb -c HL -lig MOL -o /Users/nf477/Projects_Natalia/GROMACS/gromacs_ab_ligand_toolkit/ab_ligand_md_8complexes/computational_DMS_top_occupancy_poses/1G10__ddhC/surfaces/NH99R_output.csv -def /Users/nf477/Projects_Natalia/GROMACS/gromacs_ab_ligand_toolkit/ab_ligand_md_8complexes/computational_DMS_top_occupancy_poses/1G10__ddhC/surfaces_definition/custom_MOL_AMINO_FlexAID.def -dat /Users/nf477/Projects_Natalia/GROMACS/gromacs_ab_ligand_toolkit/ab_ligand_md_8complexes/Surfaces/FlexAID.dat

$ /Users/nf477/anaconda3/envs/nrgsuite/bin/python /Users/nf477/Projects_Natalia/GROMACS/gromacs_ab_ligand_toolkit/ab_ligand_md_8complexes/Surfaces/clean_structure.py -f 1G10_ddhC_P001_NH99S.pdb -def /Users/nf477/Projects_Natalia/GROMACS/gromacs_ab_ligand_toolkit/ab_ligand_md_8complexes/computational_DMS_top_occupancy_poses/1G10__ddhC/surfaces_definition/custom_MOL_AMINO_FlexAID.def

$ /Users/nf477/anaconda3/envs/nrgsuite/bin/python /Users/nf477/Projects_Natalia/GROMACS/gromacs_ab_ligand_toolkit/ab_ligand_md_8complexes/Surfaces/surface_cont_lig.py -f /Users/nf477/Projects_Natalia/GROMACS/gromacs_ab_ligand_toolkit/ab_ligand_md_8complexes/computational_DMS_top_occupancy_poses/1G10__ddhC/mutants/clean_1G10_ddhC_P001_NH99S.pdb -c HL -lig MOL -o /Users/nf477/Projects_Natalia/GROMACS/gromacs_ab_ligand_toolkit/ab_ligand_md_8complexes/computational_DMS_top_occupancy_poses/1G10__ddhC/surfaces/NH99S_output.csv -def /Users/nf477/Projects_Natalia/GROMACS/gromacs_ab_ligand_toolkit/ab_ligand_md_8complexes/computational_DMS_top_occupancy_poses/1G10__ddhC/surfaces_definition/custom_MOL_AMINO_FlexAID.def -dat /Users/nf477/Projects_Natalia/GROMACS/gromacs_ab_ligand_toolkit/ab_ligand_md_8complexes/Surfaces/FlexAID.dat

$ /Users/nf477/anaconda3/envs/nrgsuite/bin/python /Users/nf477/Projects_Natalia/GROMACS/gromacs_ab_ligand_toolkit/ab_ligand_md_8complexes/Surfaces/clean_structure.py -f 1G10_ddhC_P001_NH99T.pdb -def /Users/nf477/Projects_Natalia/GROMACS/gromacs_ab_ligand_toolkit/ab_ligand_md_8complexes/computational_DMS_top_occupancy_poses/1G10__ddhC/surfaces_definition/custom_MOL_AMINO_FlexAID.def

$ /Users/nf477/anaconda3/envs/nrgsuite/bin/python /Users/nf477/Projects_Natalia/GROMACS/gromacs_ab_ligand_toolkit/ab_ligand_md_8complexes/Surfaces/surface_cont_lig.py -f /Users/nf477/Projects_Natalia/GROMACS/gromacs_ab_ligand_toolkit/ab_ligand_md_8complexes/computational_DMS_top_occupancy_poses/1G10__ddhC/mutants/clean_1G10_ddhC_P001_NH99T.pdb -c HL -lig MOL -o /Users/nf477/Projects_Natalia/GROMACS/gromacs_ab_ligand_toolkit/ab_ligand_md_8complexes/computational_DMS_top_occupancy_poses/1G10__ddhC/surfaces/NH99T_output.csv -def /Users/nf477/Projects_Natalia/GROMACS/gromacs_ab_ligand_toolkit/ab_ligand_md_8complexes/computational_DMS_top_occupancy_poses/1G10__ddhC/surfaces_definition/custom_MOL_AMINO_FlexAID.def -dat /Users/nf477/Projects_Natalia/GROMACS/gromacs_ab_ligand_toolkit/ab_ligand_md_8complexes/Surfaces/FlexAID.dat

$ /Users/nf477/anaconda3/envs/nrgsuite/bin/python /Users/nf477/Projects_Natalia/GROMACS/gromacs_ab_ligand_toolkit/ab_ligand_md_8complexes/Surfaces/clean_structure.py -f 1G10_ddhC_P001_NH99V.pdb -def /Users/nf477/Projects_Natalia/GROMACS/gromacs_ab_ligand_toolkit/ab_ligand_md_8complexes/computational_DMS_top_occupancy_poses/1G10__ddhC/surfaces_definition/custom_MOL_AMINO_FlexAID.def

$ /Users/nf477/anaconda3/envs/nrgsuite/bin/python /Users/nf477/Projects_Natalia/GROMACS/gromacs_ab_ligand_toolkit/ab_ligand_md_8complexes/Surfaces/surface_cont_lig.py -f /Users/nf477/Projects_Natalia/GROMACS/gromacs_ab_ligand_toolkit/ab_ligand_md_8complexes/computational_DMS_top_occupancy_poses/1G10__ddhC/mutants/clean_1G10_ddhC_P001_NH99V.pdb -c HL -lig MOL -o /Users/nf477/Projects_Natalia/GROMACS/gromacs_ab_ligand_toolkit/ab_ligand_md_8complexes/computational_DMS_top_occupancy_poses/1G10__ddhC/surfaces/NH99V_output.csv -def /Users/nf477/Projects_Natalia/GROMACS/gromacs_ab_ligand_toolkit/ab_ligand_md_8complexes/computational_DMS_top_occupancy_poses/1G10__ddhC/surfaces_definition/custom_MOL_AMINO_FlexAID.def -dat /Users/nf477/Projects_Natalia/GROMACS/gromacs_ab_ligand_toolkit/ab_ligand_md_8complexes/Surfaces/FlexAID.dat

$ /Users/nf477/anaconda3/envs/nrgsuite/bin/python /Users/nf477/Projects_Natalia/GROMACS/gromacs_ab_ligand_toolkit/ab_ligand_md_8complexes/Surfaces/clean_structure.py -f 1G10_ddhC_P001_NH99W.pdb -def /Users/nf477/Projects_Natalia/GROMACS/gromacs_ab_ligand_toolkit/ab_ligand_md_8complexes/computational_DMS_top_occupancy_poses/1G10__ddhC/surfaces_definition/custom_MOL_AMINO_FlexAID.def

$ /Users/nf477/anaconda3/envs/nrgsuite/bin/python /Users/nf477/Projects_Natalia/GROMACS/gromacs_ab_ligand_toolkit/ab_ligand_md_8complexes/Surfaces/surface_cont_lig.py -f /Users/nf477/Projects_Natalia/GROMACS/gromacs_ab_ligand_toolkit/ab_ligand_md_8complexes/computational_DMS_top_occupancy_poses/1G10__ddhC/mutants/clean_1G10_ddhC_P001_NH99W.pdb -c HL -lig MOL -o /Users/nf477/Projects_Natalia/GROMACS/gromacs_ab_ligand_toolkit/ab_ligand_md_8complexes/computational_DMS_top_occupancy_poses/1G10__ddhC/surfaces/NH99W_output.csv -def /Users/nf477/Projects_Natalia/GROMACS/gromacs_ab_ligand_toolkit/ab_ligand_md_8complexes/computational_DMS_top_occupancy_poses/1G10__ddhC/surfaces_definition/custom_MOL_AMINO_FlexAID.def -dat /Users/nf477/Projects_Natalia/GROMACS/gromacs_ab_ligand_toolkit/ab_ligand_md_8complexes/Surfaces/FlexAID.dat

$ /Users/nf477/anaconda3/envs/nrgsuite/bin/python /Users/nf477/Projects_Natalia/GROMACS/gromacs_ab_ligand_toolkit/ab_ligand_md_8complexes/Surfaces/clean_structure.py -f 1G10_ddhC_P001_NH99Y.pdb -def /Users/nf477/Projects_Natalia/GROMACS/gromacs_ab_ligand_toolkit/ab_ligand_md_8complexes/computational_DMS_top_occupancy_poses/1G10__ddhC/surfaces_definition/custom_MOL_AMINO_FlexAID.def

$ /Users/nf477/anaconda3/envs/nrgsuite/bin/python /Users/nf477/Projects_Natalia/GROMACS/gromacs_ab_ligand_toolkit/ab_ligand_md_8complexes/Surfaces/surface_cont_lig.py -f /Users/nf477/Projects_Natalia/GROMACS/gromacs_ab_ligand_toolkit/ab_ligand_md_8complexes/computational_DMS_top_occupancy_poses/1G10__ddhC/mutants/clean_1G10_ddhC_P001_NH99Y.pdb -c HL -lig MOL -o /Users/nf477/Projects_Natalia/GROMACS/gromacs_ab_ligand_toolkit/ab_ligand_md_8complexes/computational_DMS_top_occupancy_poses/1G10__ddhC/surfaces/NH99Y_output.csv -def /Users/nf477/Projects_Natalia/GROMACS/gromacs_ab_ligand_toolkit/ab_ligand_md_8complexes/computational_DMS_top_occupancy_poses/1G10__ddhC/surfaces_definition/custom_MOL_AMINO_FlexAID.def -dat /Users/nf477/Projects_Natalia/GROMACS/gromacs_ab_ligand_toolkit/ab_ligand_md_8complexes/Surfaces/FlexAID.dat

$ /Users/nf477/anaconda3/envs/nrgsuite/bin/python /Users/nf477/Projects_Natalia/GROMACS/gromacs_ab_ligand_toolkit/ab_ligand_md_8complexes/Surfaces/clean_structure.py -f 1G10_ddhC_P001_YH100A.pdb -def /Users/nf477/Projects_Natalia/GROMACS/gromacs_ab_ligand_toolkit/ab_ligand_md_8complexes/computational_DMS_top_occupancy_poses/1G10__ddhC/surfaces_definition/custom_MOL_AMINO_FlexAID.def

$ /Users/nf477/anaconda3/envs/nrgsuite/bin/python /Users/nf477/Projects_Natalia/GROMACS/gromacs_ab_ligand_toolkit/ab_ligand_md_8complexes/Surfaces/surface_cont_lig.py -f /Users/nf477/Projects_Natalia/GROMACS/gromacs_ab_ligand_toolkit/ab_ligand_md_8complexes/computational_DMS_top_occupancy_poses/1G10__ddhC/mutants/clean_1G10_ddhC_P001_YH100A.pdb -c HL -lig MOL -o /Users/nf477/Projects_Natalia/GROMACS/gromacs_ab_ligand_toolkit/ab_ligand_md_8complexes/computational_DMS_top_occupancy_poses/1G10__ddhC/surfaces/YH100A_output.csv -def /Users/nf477/Projects_Natalia/GROMACS/gromacs_ab_ligand_toolkit/ab_ligand_md_8complexes/computational_DMS_top_occupancy_poses/1G10__ddhC/surfaces_definition/custom_MOL_AMINO_FlexAID.def -dat /Users/nf477/Projects_Natalia/GROMACS/gromacs_ab_ligand_toolkit/ab_ligand_md_8complexes/Surfaces/FlexAID.dat

$ /Users/nf477/anaconda3/envs/nrgsuite/bin/python /Users/nf477/Projects_Natalia/GROMACS/gromacs_ab_ligand_toolkit/ab_ligand_md_8complexes/Surfaces/clean_structure.py -f 1G10_ddhC_P001_YH100C.pdb -def /Users/nf477/Projects_Natalia/GROMACS/gromacs_ab_ligand_toolkit/ab_ligand_md_8complexes/computational_DMS_top_occupancy_poses/1G10__ddhC/surfaces_definition/custom_MOL_AMINO_FlexAID.def

$ /Users/nf477/anaconda3/envs/nrgsuite/bin/python /Users/nf477/Projects_Natalia/GROMACS/gromacs_ab_ligand_toolkit/ab_ligand_md_8complexes/Surfaces/surface_cont_lig.py -f /Users/nf477/Projects_Natalia/GROMACS/gromacs_ab_ligand_toolkit/ab_ligand_md_8complexes/computational_DMS_top_occupancy_poses/1G10__ddhC/mutants/clean_1G10_ddhC_P001_YH100C.pdb -c HL -lig MOL -o /Users/nf477/Projects_Natalia/GROMACS/gromacs_ab_ligand_toolkit/ab_ligand_md_8complexes/computational_DMS_top_occupancy_poses/1G10__ddhC/surfaces/YH100C_output.csv -def /Users/nf477/Projects_Natalia/GROMACS/gromacs_ab_ligand_toolkit/ab_ligand_md_8complexes/computational_DMS_top_occupancy_poses/1G10__ddhC/surfaces_definition/custom_MOL_AMINO_FlexAID.def -dat /Users/nf477/Projects_Natalia/GROMACS/gromacs_ab_ligand_toolkit/ab_ligand_md_8complexes/Surfaces/FlexAID.dat

$ /Users/nf477/anaconda3/envs/nrgsuite/bin/python /Users/nf477/Projects_Natalia/GROMACS/gromacs_ab_ligand_toolkit/ab_ligand_md_8complexes/Surfaces/clean_structure.py -f 1G10_ddhC_P001_YH100D.pdb -def /Users/nf477/Projects_Natalia/GROMACS/gromacs_ab_ligand_toolkit/ab_ligand_md_8complexes/computational_DMS_top_occupancy_poses/1G10__ddhC/surfaces_definition/custom_MOL_AMINO_FlexAID.def

$ /Users/nf477/anaconda3/envs/nrgsuite/bin/python /Users/nf477/Projects_Natalia/GROMACS/gromacs_ab_ligand_toolkit/ab_ligand_md_8complexes/Surfaces/surface_cont_lig.py -f /Users/nf477/Projects_Natalia/GROMACS/gromacs_ab_ligand_toolkit/ab_ligand_md_8complexes/computational_DMS_top_occupancy_poses/1G10__ddhC/mutants/clean_1G10_ddhC_P001_YH100D.pdb -c HL -lig MOL -o /Users/nf477/Projects_Natalia/GROMACS/gromacs_ab_ligand_toolkit/ab_ligand_md_8complexes/computational_DMS_top_occupancy_poses/1G10__ddhC/surfaces/YH100D_output.csv -def /Users/nf477/Projects_Natalia/GROMACS/gromacs_ab_ligand_toolkit/ab_ligand_md_8complexes/computational_DMS_top_occupancy_poses/1G10__ddhC/surfaces_definition/custom_MOL_AMINO_FlexAID.def -dat /Users/nf477/Projects_Natalia/GROMACS/gromacs_ab_ligand_toolkit/ab_ligand_md_8complexes/Surfaces/FlexAID.dat

$ /Users/nf477/anaconda3/envs/nrgsuite/bin/python /Users/nf477/Projects_Natalia/GROMACS/gromacs_ab_ligand_toolkit/ab_ligand_md_8complexes/Surfaces/clean_structure.py -f 1G10_ddhC_P001_YH100E.pdb -def /Users/nf477/Projects_Natalia/GROMACS/gromacs_ab_ligand_toolkit/ab_ligand_md_8complexes/computational_DMS_top_occupancy_poses/1G10__ddhC/surfaces_definition/custom_MOL_AMINO_FlexAID.def

$ /Users/nf477/anaconda3/envs/nrgsuite/bin/python /Users/nf477/Projects_Natalia/GROMACS/gromacs_ab_ligand_toolkit/ab_ligand_md_8complexes/Surfaces/surface_cont_lig.py -f /Users/nf477/Projects_Natalia/GROMACS/gromacs_ab_ligand_toolkit/ab_ligand_md_8complexes/computational_DMS_top_occupancy_poses/1G10__ddhC/mutants/clean_1G10_ddhC_P001_YH100E.pdb -c HL -lig MOL -o /Users/nf477/Projects_Natalia/GROMACS/gromacs_ab_ligand_toolkit/ab_ligand_md_8complexes/computational_DMS_top_occupancy_poses/1G10__ddhC/surfaces/YH100E_output.csv -def /Users/nf477/Projects_Natalia/GROMACS/gromacs_ab_ligand_toolkit/ab_ligand_md_8complexes/computational_DMS_top_occupancy_poses/1G10__ddhC/surfaces_definition/custom_MOL_AMINO_FlexAID.def -dat /Users/nf477/Projects_Natalia/GROMACS/gromacs_ab_ligand_toolkit/ab_ligand_md_8complexes/Surfaces/FlexAID.dat

$ /Users/nf477/anaconda3/envs/nrgsuite/bin/python /Users/nf477/Projects_Natalia/GROMACS/gromacs_ab_ligand_toolkit/ab_ligand_md_8complexes/Surfaces/clean_structure.py -f 1G10_ddhC_P001_YH100F.pdb -def /Users/nf477/Projects_Natalia/GROMACS/gromacs_ab_ligand_toolkit/ab_ligand_md_8complexes/computational_DMS_top_occupancy_poses/1G10__ddhC/surfaces_definition/custom_MOL_AMINO_FlexAID.def

$ /Users/nf477/anaconda3/envs/nrgsuite/bin/python /Users/nf477/Projects_Natalia/GROMACS/gromacs_ab_ligand_toolkit/ab_ligand_md_8complexes/Surfaces/surface_cont_lig.py -f /Users/nf477/Projects_Natalia/GROMACS/gromacs_ab_ligand_toolkit/ab_ligand_md_8complexes/computational_DMS_top_occupancy_poses/1G10__ddhC/mutants/clean_1G10_ddhC_P001_YH100F.pdb -c HL -lig MOL -o /Users/nf477/Projects_Natalia/GROMACS/gromacs_ab_ligand_toolkit/ab_ligand_md_8complexes/computational_DMS_top_occupancy_poses/1G10__ddhC/surfaces/YH100F_output.csv -def /Users/nf477/Projects_Natalia/GROMACS/gromacs_ab_ligand_toolkit/ab_ligand_md_8complexes/computational_DMS_top_occupancy_poses/1G10__ddhC/surfaces_definition/custom_MOL_AMINO_FlexAID.def -dat /Users/nf477/Projects_Natalia/GROMACS/gromacs_ab_ligand_toolkit/ab_ligand_md_8complexes/Surfaces/FlexAID.dat

$ /Users/nf477/anaconda3/envs/nrgsuite/bin/python /Users/nf477/Projects_Natalia/GROMACS/gromacs_ab_ligand_toolkit/ab_ligand_md_8complexes/Surfaces/clean_structure.py -f 1G10_ddhC_P001_YH100G.pdb -def /Users/nf477/Projects_Natalia/GROMACS/gromacs_ab_ligand_toolkit/ab_ligand_md_8complexes/computational_DMS_top_occupancy_poses/1G10__ddhC/surfaces_definition/custom_MOL_AMINO_FlexAID.def

$ /Users/nf477/anaconda3/envs/nrgsuite/bin/python /Users/nf477/Projects_Natalia/GROMACS/gromacs_ab_ligand_toolkit/ab_ligand_md_8complexes/Surfaces/surface_cont_lig.py -f /Users/nf477/Projects_Natalia/GROMACS/gromacs_ab_ligand_toolkit/ab_ligand_md_8complexes/computational_DMS_top_occupancy_poses/1G10__ddhC/mutants/clean_1G10_ddhC_P001_YH100G.pdb -c HL -lig MOL -o /Users/nf477/Projects_Natalia/GROMACS/gromacs_ab_ligand_toolkit/ab_ligand_md_8complexes/computational_DMS_top_occupancy_poses/1G10__ddhC/surfaces/YH100G_output.csv -def /Users/nf477/Projects_Natalia/GROMACS/gromacs_ab_ligand_toolkit/ab_ligand_md_8complexes/computational_DMS_top_occupancy_poses/1G10__ddhC/surfaces_definition/custom_MOL_AMINO_FlexAID.def -dat /Users/nf477/Projects_Natalia/GROMACS/gromacs_ab_ligand_toolkit/ab_ligand_md_8complexes/Surfaces/FlexAID.dat

$ /Users/nf477/anaconda3/envs/nrgsuite/bin/python /Users/nf477/Projects_Natalia/GROMACS/gromacs_ab_ligand_toolkit/ab_ligand_md_8complexes/Surfaces/clean_structure.py -f 1G10_ddhC_P001_YH100H.pdb -def /Users/nf477/Projects_Natalia/GROMACS/gromacs_ab_ligand_toolkit/ab_ligand_md_8complexes/computational_DMS_top_occupancy_poses/1G10__ddhC/surfaces_definition/custom_MOL_AMINO_FlexAID.def

$ /Users/nf477/anaconda3/envs/nrgsuite/bin/python /Users/nf477/Projects_Natalia/GROMACS/gromacs_ab_ligand_toolkit/ab_ligand_md_8complexes/Surfaces/surface_cont_lig.py -f /Users/nf477/Projects_Natalia/GROMACS/gromacs_ab_ligand_toolkit/ab_ligand_md_8complexes/computational_DMS_top_occupancy_poses/1G10__ddhC/mutants/clean_1G10_ddhC_P001_YH100H.pdb -c HL -lig MOL -o /Users/nf477/Projects_Natalia/GROMACS/gromacs_ab_ligand_toolkit/ab_ligand_md_8complexes/computational_DMS_top_occupancy_poses/1G10__ddhC/surfaces/YH100H_output.csv -def /Users/nf477/Projects_Natalia/GROMACS/gromacs_ab_ligand_toolkit/ab_ligand_md_8complexes/computational_DMS_top_occupancy_poses/1G10__ddhC/surfaces_definition/custom_MOL_AMINO_FlexAID.def -dat /Users/nf477/Projects_Natalia/GROMACS/gromacs_ab_ligand_toolkit/ab_ligand_md_8complexes/Surfaces/FlexAID.dat

$ /Users/nf477/anaconda3/envs/nrgsuite/bin/python /Users/nf477/Projects_Natalia/GROMACS/gromacs_ab_ligand_toolkit/ab_ligand_md_8complexes/Surfaces/clean_structure.py -f 1G10_ddhC_P001_YH100I.pdb -def /Users/nf477/Projects_Natalia/GROMACS/gromacs_ab_ligand_toolkit/ab_ligand_md_8complexes/computational_DMS_top_occupancy_poses/1G10__ddhC/surfaces_definition/custom_MOL_AMINO_FlexAID.def

$ /Users/nf477/anaconda3/envs/nrgsuite/bin/python /Users/nf477/Projects_Natalia/GROMACS/gromacs_ab_ligand_toolkit/ab_ligand_md_8complexes/Surfaces/surface_cont_lig.py -f /Users/nf477/Projects_Natalia/GROMACS/gromacs_ab_ligand_toolkit/ab_ligand_md_8complexes/computational_DMS_top_occupancy_poses/1G10__ddhC/mutants/clean_1G10_ddhC_P001_YH100I.pdb -c HL -lig MOL -o /Users/nf477/Projects_Natalia/GROMACS/gromacs_ab_ligand_toolkit/ab_ligand_md_8complexes/computational_DMS_top_occupancy_poses/1G10__ddhC/surfaces/YH100I_output.csv -def /Users/nf477/Projects_Natalia/GROMACS/gromacs_ab_ligand_toolkit/ab_ligand_md_8complexes/computational_DMS_top_occupancy_poses/1G10__ddhC/surfaces_definition/custom_MOL_AMINO_FlexAID.def -dat /Users/nf477/Projects_Natalia/GROMACS/gromacs_ab_ligand_toolkit/ab_ligand_md_8complexes/Surfaces/FlexAID.dat

$ /Users/nf477/anaconda3/envs/nrgsuite/bin/python /Users/nf477/Projects_Natalia/GROMACS/gromacs_ab_ligand_toolkit/ab_ligand_md_8complexes/Surfaces/clean_structure.py -f 1G10_ddhC_P001_YH100K.pdb -def /Users/nf477/Projects_Natalia/GROMACS/gromacs_ab_ligand_toolkit/ab_ligand_md_8complexes/computational_DMS_top_occupancy_poses/1G10__ddhC/surfaces_definition/custom_MOL_AMINO_FlexAID.def

$ /Users/nf477/anaconda3/envs/nrgsuite/bin/python /Users/nf477/Projects_Natalia/GROMACS/gromacs_ab_ligand_toolkit/ab_ligand_md_8complexes/Surfaces/surface_cont_lig.py -f /Users/nf477/Projects_Natalia/GROMACS/gromacs_ab_ligand_toolkit/ab_ligand_md_8complexes/computational_DMS_top_occupancy_poses/1G10__ddhC/mutants/clean_1G10_ddhC_P001_YH100K.pdb -c HL -lig MOL -o /Users/nf477/Projects_Natalia/GROMACS/gromacs_ab_ligand_toolkit/ab_ligand_md_8complexes/computational_DMS_top_occupancy_poses/1G10__ddhC/surfaces/YH100K_output.csv -def /Users/nf477/Projects_Natalia/GROMACS/gromacs_ab_ligand_toolkit/ab_ligand_md_8complexes/computational_DMS_top_occupancy_poses/1G10__ddhC/surfaces_definition/custom_MOL_AMINO_FlexAID.def -dat /Users/nf477/Projects_Natalia/GROMACS/gromacs_ab_ligand_toolkit/ab_ligand_md_8complexes/Surfaces/FlexAID.dat

$ /Users/nf477/anaconda3/envs/nrgsuite/bin/python /Users/nf477/Projects_Natalia/GROMACS/gromacs_ab_ligand_toolkit/ab_ligand_md_8complexes/Surfaces/clean_structure.py -f 1G10_ddhC_P001_YH100L.pdb -def /Users/nf477/Projects_Natalia/GROMACS/gromacs_ab_ligand_toolkit/ab_ligand_md_8complexes/computational_DMS_top_occupancy_poses/1G10__ddhC/surfaces_definition/custom_MOL_AMINO_FlexAID.def

$ /Users/nf477/anaconda3/envs/nrgsuite/bin/python /Users/nf477/Projects_Natalia/GROMACS/gromacs_ab_ligand_toolkit/ab_ligand_md_8complexes/Surfaces/surface_cont_lig.py -f /Users/nf477/Projects_Natalia/GROMACS/gromacs_ab_ligand_toolkit/ab_ligand_md_8complexes/computational_DMS_top_occupancy_poses/1G10__ddhC/mutants/clean_1G10_ddhC_P001_YH100L.pdb -c HL -lig MOL -o /Users/nf477/Projects_Natalia/GROMACS/gromacs_ab_ligand_toolkit/ab_ligand_md_8complexes/computational_DMS_top_occupancy_poses/1G10__ddhC/surfaces/YH100L_output.csv -def /Users/nf477/Projects_Natalia/GROMACS/gromacs_ab_ligand_toolkit/ab_ligand_md_8complexes/computational_DMS_top_occupancy_poses/1G10__ddhC/surfaces_definition/custom_MOL_AMINO_FlexAID.def -dat /Users/nf477/Projects_Natalia/GROMACS/gromacs_ab_ligand_toolkit/ab_ligand_md_8complexes/Surfaces/FlexAID.dat

$ /Users/nf477/anaconda3/envs/nrgsuite/bin/python /Users/nf477/Projects_Natalia/GROMACS/gromacs_ab_ligand_toolkit/ab_ligand_md_8complexes/Surfaces/clean_structure.py -f 1G10_ddhC_P001_YH100M.pdb -def /Users/nf477/Projects_Natalia/GROMACS/gromacs_ab_ligand_toolkit/ab_ligand_md_8complexes/computational_DMS_top_occupancy_poses/1G10__ddhC/surfaces_definition/custom_MOL_AMINO_FlexAID.def

$ /Users/nf477/anaconda3/envs/nrgsuite/bin/python /Users/nf477/Projects_Natalia/GROMACS/gromacs_ab_ligand_toolkit/ab_ligand_md_8complexes/Surfaces/surface_cont_lig.py -f /Users/nf477/Projects_Natalia/GROMACS/gromacs_ab_ligand_toolkit/ab_ligand_md_8complexes/computational_DMS_top_occupancy_poses/1G10__ddhC/mutants/clean_1G10_ddhC_P001_YH100M.pdb -c HL -lig MOL -o /Users/nf477/Projects_Natalia/GROMACS/gromacs_ab_ligand_toolkit/ab_ligand_md_8complexes/computational_DMS_top_occupancy_poses/1G10__ddhC/surfaces/YH100M_output.csv -def /Users/nf477/Projects_Natalia/GROMACS/gromacs_ab_ligand_toolkit/ab_ligand_md_8complexes/computational_DMS_top_occupancy_poses/1G10__ddhC/surfaces_definition/custom_MOL_AMINO_FlexAID.def -dat /Users/nf477/Projects_Natalia/GROMACS/gromacs_ab_ligand_toolkit/ab_ligand_md_8complexes/Surfaces/FlexAID.dat

$ /Users/nf477/anaconda3/envs/nrgsuite/bin/python /Users/nf477/Projects_Natalia/GROMACS/gromacs_ab_ligand_toolkit/ab_ligand_md_8complexes/Surfaces/clean_structure.py -f 1G10_ddhC_P001_YH100N.pdb -def /Users/nf477/Projects_Natalia/GROMACS/gromacs_ab_ligand_toolkit/ab_ligand_md_8complexes/computational_DMS_top_occupancy_poses/1G10__ddhC/surfaces_definition/custom_MOL_AMINO_FlexAID.def

$ /Users/nf477/anaconda3/envs/nrgsuite/bin/python /Users/nf477/Projects_Natalia/GROMACS/gromacs_ab_ligand_toolkit/ab_ligand_md_8complexes/Surfaces/surface_cont_lig.py -f /Users/nf477/Projects_Natalia/GROMACS/gromacs_ab_ligand_toolkit/ab_ligand_md_8complexes/computational_DMS_top_occupancy_poses/1G10__ddhC/mutants/clean_1G10_ddhC_P001_YH100N.pdb -c HL -lig MOL -o /Users/nf477/Projects_Natalia/GROMACS/gromacs_ab_ligand_toolkit/ab_ligand_md_8complexes/computational_DMS_top_occupancy_poses/1G10__ddhC/surfaces/YH100N_output.csv -def /Users/nf477/Projects_Natalia/GROMACS/gromacs_ab_ligand_toolkit/ab_ligand_md_8complexes/computational_DMS_top_occupancy_poses/1G10__ddhC/surfaces_definition/custom_MOL_AMINO_FlexAID.def -dat /Users/nf477/Projects_Natalia/GROMACS/gromacs_ab_ligand_toolkit/ab_ligand_md_8complexes/Surfaces/FlexAID.dat

$ /Users/nf477/anaconda3/envs/nrgsuite/bin/python /Users/nf477/Projects_Natalia/GROMACS/gromacs_ab_ligand_toolkit/ab_ligand_md_8complexes/Surfaces/clean_structure.py -f 1G10_ddhC_P001_YH100P.pdb -def /Users/nf477/Projects_Natalia/GROMACS/gromacs_ab_ligand_toolkit/ab_ligand_md_8complexes/computational_DMS_top_occupancy_poses/1G10__ddhC/surfaces_definition/custom_MOL_AMINO_FlexAID.def

$ /Users/nf477/anaconda3/envs/nrgsuite/bin/python /Users/nf477/Projects_Natalia/GROMACS/gromacs_ab_ligand_toolkit/ab_ligand_md_8complexes/Surfaces/surface_cont_lig.py -f /Users/nf477/Projects_Natalia/GROMACS/gromacs_ab_ligand_toolkit/ab_ligand_md_8complexes/computational_DMS_top_occupancy_poses/1G10__ddhC/mutants/clean_1G10_ddhC_P001_YH100P.pdb -c HL -lig MOL -o /Users/nf477/Projects_Natalia/GROMACS/gromacs_ab_ligand_toolkit/ab_ligand_md_8complexes/computational_DMS_top_occupancy_poses/1G10__ddhC/surfaces/YH100P_output.csv -def /Users/nf477/Projects_Natalia/GROMACS/gromacs_ab_ligand_toolkit/ab_ligand_md_8complexes/computational_DMS_top_occupancy_poses/1G10__ddhC/surfaces_definition/custom_MOL_AMINO_FlexAID.def -dat /Users/nf477/Projects_Natalia/GROMACS/gromacs_ab_ligand_toolkit/ab_ligand_md_8complexes/Surfaces/FlexAID.dat

$ /Users/nf477/anaconda3/envs/nrgsuite/bin/python /Users/nf477/Projects_Natalia/GROMACS/gromacs_ab_ligand_toolkit/ab_ligand_md_8complexes/Surfaces/clean_structure.py -f 1G10_ddhC_P001_YH100Q.pdb -def /Users/nf477/Projects_Natalia/GROMACS/gromacs_ab_ligand_toolkit/ab_ligand_md_8complexes/computational_DMS_top_occupancy_poses/1G10__ddhC/surfaces_definition/custom_MOL_AMINO_FlexAID.def

$ /Users/nf477/anaconda3/envs/nrgsuite/bin/python /Users/nf477/Projects_Natalia/GROMACS/gromacs_ab_ligand_toolkit/ab_ligand_md_8complexes/Surfaces/surface_cont_lig.py -f /Users/nf477/Projects_Natalia/GROMACS/gromacs_ab_ligand_toolkit/ab_ligand_md_8complexes/computational_DMS_top_occupancy_poses/1G10__ddhC/mutants/clean_1G10_ddhC_P001_YH100Q.pdb -c HL -lig MOL -o /Users/nf477/Projects_Natalia/GROMACS/gromacs_ab_ligand_toolkit/ab_ligand_md_8complexes/computational_DMS_top_occupancy_poses/1G10__ddhC/surfaces/YH100Q_output.csv -def /Users/nf477/Projects_Natalia/GROMACS/gromacs_ab_ligand_toolkit/ab_ligand_md_8complexes/computational_DMS_top_occupancy_poses/1G10__ddhC/surfaces_definition/custom_MOL_AMINO_FlexAID.def -dat /Users/nf477/Projects_Natalia/GROMACS/gromacs_ab_ligand_toolkit/ab_ligand_md_8complexes/Surfaces/FlexAID.dat

$ /Users/nf477/anaconda3/envs/nrgsuite/bin/python /Users/nf477/Projects_Natalia/GROMACS/gromacs_ab_ligand_toolkit/ab_ligand_md_8complexes/Surfaces/clean_structure.py -f 1G10_ddhC_P001_YH100R.pdb -def /Users/nf477/Projects_Natalia/GROMACS/gromacs_ab_ligand_toolkit/ab_ligand_md_8complexes/computational_DMS_top_occupancy_poses/1G10__ddhC/surfaces_definition/custom_MOL_AMINO_FlexAID.def

$ /Users/nf477/anaconda3/envs/nrgsuite/bin/python /Users/nf477/Projects_Natalia/GROMACS/gromacs_ab_ligand_toolkit/ab_ligand_md_8complexes/Surfaces/surface_cont_lig.py -f /Users/nf477/Projects_Natalia/GROMACS/gromacs_ab_ligand_toolkit/ab_ligand_md_8complexes/computational_DMS_top_occupancy_poses/1G10__ddhC/mutants/clean_1G10_ddhC_P001_YH100R.pdb -c HL -lig MOL -o /Users/nf477/Projects_Natalia/GROMACS/gromacs_ab_ligand_toolkit/ab_ligand_md_8complexes/computational_DMS_top_occupancy_poses/1G10__ddhC/surfaces/YH100R_output.csv -def /Users/nf477/Projects_Natalia/GROMACS/gromacs_ab_ligand_toolkit/ab_ligand_md_8complexes/computational_DMS_top_occupancy_poses/1G10__ddhC/surfaces_definition/custom_MOL_AMINO_FlexAID.def -dat /Users/nf477/Projects_Natalia/GROMACS/gromacs_ab_ligand_toolkit/ab_ligand_md_8complexes/Surfaces/FlexAID.dat

$ /Users/nf477/anaconda3/envs/nrgsuite/bin/python /Users/nf477/Projects_Natalia/GROMACS/gromacs_ab_ligand_toolkit/ab_ligand_md_8complexes/Surfaces/clean_structure.py -f 1G10_ddhC_P001_YH100S.pdb -def /Users/nf477/Projects_Natalia/GROMACS/gromacs_ab_ligand_toolkit/ab_ligand_md_8complexes/computational_DMS_top_occupancy_poses/1G10__ddhC/surfaces_definition/custom_MOL_AMINO_FlexAID.def

$ /Users/nf477/anaconda3/envs/nrgsuite/bin/python /Users/nf477/Projects_Natalia/GROMACS/gromacs_ab_ligand_toolkit/ab_ligand_md_8complexes/Surfaces/surface_cont_lig.py -f /Users/nf477/Projects_Natalia/GROMACS/gromacs_ab_ligand_toolkit/ab_ligand_md_8complexes/computational_DMS_top_occupancy_poses/1G10__ddhC/mutants/clean_1G10_ddhC_P001_YH100S.pdb -c HL -lig MOL -o /Users/nf477/Projects_Natalia/GROMACS/gromacs_ab_ligand_toolkit/ab_ligand_md_8complexes/computational_DMS_top_occupancy_poses/1G10__ddhC/surfaces/YH100S_output.csv -def /Users/nf477/Projects_Natalia/GROMACS/gromacs_ab_ligand_toolkit/ab_ligand_md_8complexes/computational_DMS_top_occupancy_poses/1G10__ddhC/surfaces_definition/custom_MOL_AMINO_FlexAID.def -dat /Users/nf477/Projects_Natalia/GROMACS/gromacs_ab_ligand_toolkit/ab_ligand_md_8complexes/Surfaces/FlexAID.dat

$ /Users/nf477/anaconda3/envs/nrgsuite/bin/python /Users/nf477/Projects_Natalia/GROMACS/gromacs_ab_ligand_toolkit/ab_ligand_md_8complexes/Surfaces/clean_structure.py -f 1G10_ddhC_P001_YH100T.pdb -def /Users/nf477/Projects_Natalia/GROMACS/gromacs_ab_ligand_toolkit/ab_ligand_md_8complexes/computational_DMS_top_occupancy_poses/1G10__ddhC/surfaces_definition/custom_MOL_AMINO_FlexAID.def

$ /Users/nf477/anaconda3/envs/nrgsuite/bin/python /Users/nf477/Projects_Natalia/GROMACS/gromacs_ab_ligand_toolkit/ab_ligand_md_8complexes/Surfaces/surface_cont_lig.py -f /Users/nf477/Projects_Natalia/GROMACS/gromacs_ab_ligand_toolkit/ab_ligand_md_8complexes/computational_DMS_top_occupancy_poses/1G10__ddhC/mutants/clean_1G10_ddhC_P001_YH100T.pdb -c HL -lig MOL -o /Users/nf477/Projects_Natalia/GROMACS/gromacs_ab_ligand_toolkit/ab_ligand_md_8complexes/computational_DMS_top_occupancy_poses/1G10__ddhC/surfaces/YH100T_output.csv -def /Users/nf477/Projects_Natalia/GROMACS/gromacs_ab_ligand_toolkit/ab_ligand_md_8complexes/computational_DMS_top_occupancy_poses/1G10__ddhC/surfaces_definition/custom_MOL_AMINO_FlexAID.def -dat /Users/nf477/Projects_Natalia/GROMACS/gromacs_ab_ligand_toolkit/ab_ligand_md_8complexes/Surfaces/FlexAID.dat

$ /Users/nf477/anaconda3/envs/nrgsuite/bin/python /Users/nf477/Projects_Natalia/GROMACS/gromacs_ab_ligand_toolkit/ab_ligand_md_8complexes/Surfaces/clean_structure.py -f 1G10_ddhC_P001_YH100V.pdb -def /Users/nf477/Projects_Natalia/GROMACS/gromacs_ab_ligand_toolkit/ab_ligand_md_8complexes/computational_DMS_top_occupancy_poses/1G10__ddhC/surfaces_definition/custom_MOL_AMINO_FlexAID.def

$ /Users/nf477/anaconda3/envs/nrgsuite/bin/python /Users/nf477/Projects_Natalia/GROMACS/gromacs_ab_ligand_toolkit/ab_ligand_md_8complexes/Surfaces/surface_cont_lig.py -f /Users/nf477/Projects_Natalia/GROMACS/gromacs_ab_ligand_toolkit/ab_ligand_md_8complexes/computational_DMS_top_occupancy_poses/1G10__ddhC/mutants/clean_1G10_ddhC_P001_YH100V.pdb -c HL -lig MOL -o /Users/nf477/Projects_Natalia/GROMACS/gromacs_ab_ligand_toolkit/ab_ligand_md_8complexes/computational_DMS_top_occupancy_poses/1G10__ddhC/surfaces/YH100V_output.csv -def /Users/nf477/Projects_Natalia/GROMACS/gromacs_ab_ligand_toolkit/ab_ligand_md_8complexes/computational_DMS_top_occupancy_poses/1G10__ddhC/surfaces_definition/custom_MOL_AMINO_FlexAID.def -dat /Users/nf477/Projects_Natalia/GROMACS/gromacs_ab_ligand_toolkit/ab_ligand_md_8complexes/Surfaces/FlexAID.dat

$ /Users/nf477/anaconda3/envs/nrgsuite/bin/python /Users/nf477/Projects_Natalia/GROMACS/gromacs_ab_ligand_toolkit/ab_ligand_md_8complexes/Surfaces/clean_structure.py -f 1G10_ddhC_P001_YH100W.pdb -def /Users/nf477/Projects_Natalia/GROMACS/gromacs_ab_ligand_toolkit/ab_ligand_md_8complexes/computational_DMS_top_occupancy_poses/1G10__ddhC/surfaces_definition/custom_MOL_AMINO_FlexAID.def

$ /Users/nf477/anaconda3/envs/nrgsuite/bin/python /Users/nf477/Projects_Natalia/GROMACS/gromacs_ab_ligand_toolkit/ab_ligand_md_8complexes/Surfaces/surface_cont_lig.py -f /Users/nf477/Projects_Natalia/GROMACS/gromacs_ab_ligand_toolkit/ab_ligand_md_8complexes/computational_DMS_top_occupancy_poses/1G10__ddhC/mutants/clean_1G10_ddhC_P001_YH100W.pdb -c HL -lig MOL -o /Users/nf477/Projects_Natalia/GROMACS/gromacs_ab_ligand_toolkit/ab_ligand_md_8complexes/computational_DMS_top_occupancy_poses/1G10__ddhC/surfaces/YH100W_output.csv -def /Users/nf477/Projects_Natalia/GROMACS/gromacs_ab_ligand_toolkit/ab_ligand_md_8complexes/computational_DMS_top_occupancy_poses/1G10__ddhC/surfaces_definition/custom_MOL_AMINO_FlexAID.def -dat /Users/nf477/Projects_Natalia/GROMACS/gromacs_ab_ligand_toolkit/ab_ligand_md_8complexes/Surfaces/FlexAID.dat

$ /Users/nf477/anaconda3/envs/nrgsuite/bin/python /Users/nf477/Projects_Natalia/GROMACS/gromacs_ab_ligand_toolkit/ab_ligand_md_8complexes/Surfaces/clean_structure.py -f 1G10_ddhC_P001_YH100Y.pdb -def /Users/nf477/Projects_Natalia/GROMACS/gromacs_ab_ligand_toolkit/ab_ligand_md_8complexes/computational_DMS_top_occupancy_poses/1G10__ddhC/surfaces_definition/custom_MOL_AMINO_FlexAID.def

$ /Users/nf477/anaconda3/envs/nrgsuite/bin/python /Users/nf477/Projects_Natalia/GROMACS/gromacs_ab_ligand_toolkit/ab_ligand_md_8complexes/Surfaces/surface_cont_lig.py -f /Users/nf477/Projects_Natalia/GROMACS/gromacs_ab_ligand_toolkit/ab_ligand_md_8complexes/computational_DMS_top_occupancy_poses/1G10__ddhC/mutants/clean_1G10_ddhC_P001_YH100Y.pdb -c HL -lig MOL -o /Users/nf477/Projects_Natalia/GROMACS/gromacs_ab_ligand_toolkit/ab_ligand_md_8complexes/computational_DMS_top_occupancy_poses/1G10__ddhC/surfaces/YH100Y_output.csv -def /Users/nf477/Projects_Natalia/GROMACS/gromacs_ab_ligand_toolkit/ab_ligand_md_8complexes/computational_DMS_top_occupancy_poses/1G10__ddhC/surfaces_definition/custom_MOL_AMINO_FlexAID.def -dat /Users/nf477/Projects_Natalia/GROMACS/gromacs_ab_ligand_toolkit/ab_ligand_md_8complexes/Surfaces/FlexAID.dat

$ /Users/nf477/anaconda3/envs/nrgsuite/bin/python /Users/nf477/Projects_Natalia/GROMACS/gromacs_ab_ligand_toolkit/ab_ligand_md_8complexes/Surfaces/clean_structure.py -f 1G10_ddhC_P001_VH101A.pdb -def /Users/nf477/Projects_Natalia/GROMACS/gromacs_ab_ligand_toolkit/ab_ligand_md_8complexes/computational_DMS_top_occupancy_poses/1G10__ddhC/surfaces_definition/custom_MOL_AMINO_FlexAID.def

$ /Users/nf477/anaconda3/envs/nrgsuite/bin/python /Users/nf477/Projects_Natalia/GROMACS/gromacs_ab_ligand_toolkit/ab_ligand_md_8complexes/Surfaces/surface_cont_lig.py -f /Users/nf477/Projects_Natalia/GROMACS/gromacs_ab_ligand_toolkit/ab_ligand_md_8complexes/computational_DMS_top_occupancy_poses/1G10__ddhC/mutants/clean_1G10_ddhC_P001_VH101A.pdb -c HL -lig MOL -o /Users/nf477/Projects_Natalia/GROMACS/gromacs_ab_ligand_toolkit/ab_ligand_md_8complexes/computational_DMS_top_occupancy_poses/1G10__ddhC/surfaces/VH101A_output.csv -def /Users/nf477/Projects_Natalia/GROMACS/gromacs_ab_ligand_toolkit/ab_ligand_md_8complexes/computational_DMS_top_occupancy_poses/1G10__ddhC/surfaces_definition/custom_MOL_AMINO_FlexAID.def -dat /Users/nf477/Projects_Natalia/GROMACS/gromacs_ab_ligand_toolkit/ab_ligand_md_8complexes/Surfaces/FlexAID.dat

$ /Users/nf477/anaconda3/envs/nrgsuite/bin/python /Users/nf477/Projects_Natalia/GROMACS/gromacs_ab_ligand_toolkit/ab_ligand_md_8complexes/Surfaces/clean_structure.py -f 1G10_ddhC_P001_VH101C.pdb -def /Users/nf477/Projects_Natalia/GROMACS/gromacs_ab_ligand_toolkit/ab_ligand_md_8complexes/computational_DMS_top_occupancy_poses/1G10__ddhC/surfaces_definition/custom_MOL_AMINO_FlexAID.def

$ /Users/nf477/anaconda3/envs/nrgsuite/bin/python /Users/nf477/Projects_Natalia/GROMACS/gromacs_ab_ligand_toolkit/ab_ligand_md_8complexes/Surfaces/surface_cont_lig.py -f /Users/nf477/Projects_Natalia/GROMACS/gromacs_ab_ligand_toolkit/ab_ligand_md_8complexes/computational_DMS_top_occupancy_poses/1G10__ddhC/mutants/clean_1G10_ddhC_P001_VH101C.pdb -c HL -lig MOL -o /Users/nf477/Projects_Natalia/GROMACS/gromacs_ab_ligand_toolkit/ab_ligand_md_8complexes/computational_DMS_top_occupancy_poses/1G10__ddhC/surfaces/VH101C_output.csv -def /Users/nf477/Projects_Natalia/GROMACS/gromacs_ab_ligand_toolkit/ab_ligand_md_8complexes/computational_DMS_top_occupancy_poses/1G10__ddhC/surfaces_definition/custom_MOL_AMINO_FlexAID.def -dat /Users/nf477/Projects_Natalia/GROMACS/gromacs_ab_ligand_toolkit/ab_ligand_md_8complexes/Surfaces/FlexAID.dat

$ /Users/nf477/anaconda3/envs/nrgsuite/bin/python /Users/nf477/Projects_Natalia/GROMACS/gromacs_ab_ligand_toolkit/ab_ligand_md_8complexes/Surfaces/clean_structure.py -f 1G10_ddhC_P001_VH101D.pdb -def /Users/nf477/Projects_Natalia/GROMACS/gromacs_ab_ligand_toolkit/ab_ligand_md_8complexes/computational_DMS_top_occupancy_poses/1G10__ddhC/surfaces_definition/custom_MOL_AMINO_FlexAID.def

$ /Users/nf477/anaconda3/envs/nrgsuite/bin/python /Users/nf477/Projects_Natalia/GROMACS/gromacs_ab_ligand_toolkit/ab_ligand_md_8complexes/Surfaces/surface_cont_lig.py -f /Users/nf477/Projects_Natalia/GROMACS/gromacs_ab_ligand_toolkit/ab_ligand_md_8complexes/computational_DMS_top_occupancy_poses/1G10__ddhC/mutants/clean_1G10_ddhC_P001_VH101D.pdb -c HL -lig MOL -o /Users/nf477/Projects_Natalia/GROMACS/gromacs_ab_ligand_toolkit/ab_ligand_md_8complexes/computational_DMS_top_occupancy_poses/1G10__ddhC/surfaces/VH101D_output.csv -def /Users/nf477/Projects_Natalia/GROMACS/gromacs_ab_ligand_toolkit/ab_ligand_md_8complexes/computational_DMS_top_occupancy_poses/1G10__ddhC/surfaces_definition/custom_MOL_AMINO_FlexAID.def -dat /Users/nf477/Projects_Natalia/GROMACS/gromacs_ab_ligand_toolkit/ab_ligand_md_8complexes/Surfaces/FlexAID.dat

$ /Users/nf477/anaconda3/envs/nrgsuite/bin/python /Users/nf477/Projects_Natalia/GROMACS/gromacs_ab_ligand_toolkit/ab_ligand_md_8complexes/Surfaces/clean_structure.py -f 1G10_ddhC_P001_VH101E.pdb -def /Users/nf477/Projects_Natalia/GROMACS/gromacs_ab_ligand_toolkit/ab_ligand_md_8complexes/computational_DMS_top_occupancy_poses/1G10__ddhC/surfaces_definition/custom_MOL_AMINO_FlexAID.def

$ /Users/nf477/anaconda3/envs/nrgsuite/bin/python /Users/nf477/Projects_Natalia/GROMACS/gromacs_ab_ligand_toolkit/ab_ligand_md_8complexes/Surfaces/surface_cont_lig.py -f /Users/nf477/Projects_Natalia/GROMACS/gromacs_ab_ligand_toolkit/ab_ligand_md_8complexes/computational_DMS_top_occupancy_poses/1G10__ddhC/mutants/clean_1G10_ddhC_P001_VH101E.pdb -c HL -lig MOL -o /Users/nf477/Projects_Natalia/GROMACS/gromacs_ab_ligand_toolkit/ab_ligand_md_8complexes/computational_DMS_top_occupancy_poses/1G10__ddhC/surfaces/VH101E_output.csv -def /Users/nf477/Projects_Natalia/GROMACS/gromacs_ab_ligand_toolkit/ab_ligand_md_8complexes/computational_DMS_top_occupancy_poses/1G10__ddhC/surfaces_definition/custom_MOL_AMINO_FlexAID.def -dat /Users/nf477/Projects_Natalia/GROMACS/gromacs_ab_ligand_toolkit/ab_ligand_md_8complexes/Surfaces/FlexAID.dat

$ /Users/nf477/anaconda3/envs/nrgsuite/bin/python /Users/nf477/Projects_Natalia/GROMACS/gromacs_ab_ligand_toolkit/ab_ligand_md_8complexes/Surfaces/clean_structure.py -f 1G10_ddhC_P001_VH101F.pdb -def /Users/nf477/Projects_Natalia/GROMACS/gromacs_ab_ligand_toolkit/ab_ligand_md_8complexes/computational_DMS_top_occupancy_poses/1G10__ddhC/surfaces_definition/custom_MOL_AMINO_FlexAID.def

$ /Users/nf477/anaconda3/envs/nrgsuite/bin/python /Users/nf477/Projects_Natalia/GROMACS/gromacs_ab_ligand_toolkit/ab_ligand_md_8complexes/Surfaces/surface_cont_lig.py -f /Users/nf477/Projects_Natalia/GROMACS/gromacs_ab_ligand_toolkit/ab_ligand_md_8complexes/computational_DMS_top_occupancy_poses/1G10__ddhC/mutants/clean_1G10_ddhC_P001_VH101F.pdb -c HL -lig MOL -o /Users/nf477/Projects_Natalia/GROMACS/gromacs_ab_ligand_toolkit/ab_ligand_md_8complexes/computational_DMS_top_occupancy_poses/1G10__ddhC/surfaces/VH101F_output.csv -def /Users/nf477/Projects_Natalia/GROMACS/gromacs_ab_ligand_toolkit/ab_ligand_md_8complexes/computational_DMS_top_occupancy_poses/1G10__ddhC/surfaces_definition/custom_MOL_AMINO_FlexAID.def -dat /Users/nf477/Projects_Natalia/GROMACS/gromacs_ab_ligand_toolkit/ab_ligand_md_8complexes/Surfaces/FlexAID.dat

$ /Users/nf477/anaconda3/envs/nrgsuite/bin/python /Users/nf477/Projects_Natalia/GROMACS/gromacs_ab_ligand_toolkit/ab_ligand_md_8complexes/Surfaces/clean_structure.py -f 1G10_ddhC_P001_VH101G.pdb -def /Users/nf477/Projects_Natalia/GROMACS/gromacs_ab_ligand_toolkit/ab_ligand_md_8complexes/computational_DMS_top_occupancy_poses/1G10__ddhC/surfaces_definition/custom_MOL_AMINO_FlexAID.def

$ /Users/nf477/anaconda3/envs/nrgsuite/bin/python /Users/nf477/Projects_Natalia/GROMACS/gromacs_ab_ligand_toolkit/ab_ligand_md_8complexes/Surfaces/surface_cont_lig.py -f /Users/nf477/Projects_Natalia/GROMACS/gromacs_ab_ligand_toolkit/ab_ligand_md_8complexes/computational_DMS_top_occupancy_poses/1G10__ddhC/mutants/clean_1G10_ddhC_P001_VH101G.pdb -c HL -lig MOL -o /Users/nf477/Projects_Natalia/GROMACS/gromacs_ab_ligand_toolkit/ab_ligand_md_8complexes/computational_DMS_top_occupancy_poses/1G10__ddhC/surfaces/VH101G_output.csv -def /Users/nf477/Projects_Natalia/GROMACS/gromacs_ab_ligand_toolkit/ab_ligand_md_8complexes/computational_DMS_top_occupancy_poses/1G10__ddhC/surfaces_definition/custom_MOL_AMINO_FlexAID.def -dat /Users/nf477/Projects_Natalia/GROMACS/gromacs_ab_ligand_toolkit/ab_ligand_md_8complexes/Surfaces/FlexAID.dat

$ /Users/nf477/anaconda3/envs/nrgsuite/bin/python /Users/nf477/Projects_Natalia/GROMACS/gromacs_ab_ligand_toolkit/ab_ligand_md_8complexes/Surfaces/clean_structure.py -f 1G10_ddhC_P001_VH101H.pdb -def /Users/nf477/Projects_Natalia/GROMACS/gromacs_ab_ligand_toolkit/ab_ligand_md_8complexes/computational_DMS_top_occupancy_poses/1G10__ddhC/surfaces_definition/custom_MOL_AMINO_FlexAID.def

$ /Users/nf477/anaconda3/envs/nrgsuite/bin/python /Users/nf477/Projects_Natalia/GROMACS/gromacs_ab_ligand_toolkit/ab_ligand_md_8complexes/Surfaces/surface_cont_lig.py -f /Users/nf477/Projects_Natalia/GROMACS/gromacs_ab_ligand_toolkit/ab_ligand_md_8complexes/computational_DMS_top_occupancy_poses/1G10__ddhC/mutants/clean_1G10_ddhC_P001_VH101H.pdb -c HL -lig MOL -o /Users/nf477/Projects_Natalia/GROMACS/gromacs_ab_ligand_toolkit/ab_ligand_md_8complexes/computational_DMS_top_occupancy_poses/1G10__ddhC/surfaces/VH101H_output.csv -def /Users/nf477/Projects_Natalia/GROMACS/gromacs_ab_ligand_toolkit/ab_ligand_md_8complexes/computational_DMS_top_occupancy_poses/1G10__ddhC/surfaces_definition/custom_MOL_AMINO_FlexAID.def -dat /Users/nf477/Projects_Natalia/GROMACS/gromacs_ab_ligand_toolkit/ab_ligand_md_8complexes/Surfaces/FlexAID.dat

$ /Users/nf477/anaconda3/envs/nrgsuite/bin/python /Users/nf477/Projects_Natalia/GROMACS/gromacs_ab_ligand_toolkit/ab_ligand_md_8complexes/Surfaces/clean_structure.py -f 1G10_ddhC_P001_VH101I.pdb -def /Users/nf477/Projects_Natalia/GROMACS/gromacs_ab_ligand_toolkit/ab_ligand_md_8complexes/computational_DMS_top_occupancy_poses/1G10__ddhC/surfaces_definition/custom_MOL_AMINO_FlexAID.def

$ /Users/nf477/anaconda3/envs/nrgsuite/bin/python /Users/nf477/Projects_Natalia/GROMACS/gromacs_ab_ligand_toolkit/ab_ligand_md_8complexes/Surfaces/surface_cont_lig.py -f /Users/nf477/Projects_Natalia/GROMACS/gromacs_ab_ligand_toolkit/ab_ligand_md_8complexes/computational_DMS_top_occupancy_poses/1G10__ddhC/mutants/clean_1G10_ddhC_P001_VH101I.pdb -c HL -lig MOL -o /Users/nf477/Projects_Natalia/GROMACS/gromacs_ab_ligand_toolkit/ab_ligand_md_8complexes/computational_DMS_top_occupancy_poses/1G10__ddhC/surfaces/VH101I_output.csv -def /Users/nf477/Projects_Natalia/GROMACS/gromacs_ab_ligand_toolkit/ab_ligand_md_8complexes/computational_DMS_top_occupancy_poses/1G10__ddhC/surfaces_definition/custom_MOL_AMINO_FlexAID.def -dat /Users/nf477/Projects_Natalia/GROMACS/gromacs_ab_ligand_toolkit/ab_ligand_md_8complexes/Surfaces/FlexAID.dat

$ /Users/nf477/anaconda3/envs/nrgsuite/bin/python /Users/nf477/Projects_Natalia/GROMACS/gromacs_ab_ligand_toolkit/ab_ligand_md_8complexes/Surfaces/clean_structure.py -f 1G10_ddhC_P001_VH101K.pdb -def /Users/nf477/Projects_Natalia/GROMACS/gromacs_ab_ligand_toolkit/ab_ligand_md_8complexes/computational_DMS_top_occupancy_poses/1G10__ddhC/surfaces_definition/custom_MOL_AMINO_FlexAID.def

$ /Users/nf477/anaconda3/envs/nrgsuite/bin/python /Users/nf477/Projects_Natalia/GROMACS/gromacs_ab_ligand_toolkit/ab_ligand_md_8complexes/Surfaces/surface_cont_lig.py -f /Users/nf477/Projects_Natalia/GROMACS/gromacs_ab_ligand_toolkit/ab_ligand_md_8complexes/computational_DMS_top_occupancy_poses/1G10__ddhC/mutants/clean_1G10_ddhC_P001_VH101K.pdb -c HL -lig MOL -o /Users/nf477/Projects_Natalia/GROMACS/gromacs_ab_ligand_toolkit/ab_ligand_md_8complexes/computational_DMS_top_occupancy_poses/1G10__ddhC/surfaces/VH101K_output.csv -def /Users/nf477/Projects_Natalia/GROMACS/gromacs_ab_ligand_toolkit/ab_ligand_md_8complexes/computational_DMS_top_occupancy_poses/1G10__ddhC/surfaces_definition/custom_MOL_AMINO_FlexAID.def -dat /Users/nf477/Projects_Natalia/GROMACS/gromacs_ab_ligand_toolkit/ab_ligand_md_8complexes/Surfaces/FlexAID.dat

$ /Users/nf477/anaconda3/envs/nrgsuite/bin/python /Users/nf477/Projects_Natalia/GROMACS/gromacs_ab_ligand_toolkit/ab_ligand_md_8complexes/Surfaces/clean_structure.py -f 1G10_ddhC_P001_VH101L.pdb -def /Users/nf477/Projects_Natalia/GROMACS/gromacs_ab_ligand_toolkit/ab_ligand_md_8complexes/computational_DMS_top_occupancy_poses/1G10__ddhC/surfaces_definition/custom_MOL_AMINO_FlexAID.def

$ /Users/nf477/anaconda3/envs/nrgsuite/bin/python /Users/nf477/Projects_Natalia/GROMACS/gromacs_ab_ligand_toolkit/ab_ligand_md_8complexes/Surfaces/surface_cont_lig.py -f /Users/nf477/Projects_Natalia/GROMACS/gromacs_ab_ligand_toolkit/ab_ligand_md_8complexes/computational_DMS_top_occupancy_poses/1G10__ddhC/mutants/clean_1G10_ddhC_P001_VH101L.pdb -c HL -lig MOL -o /Users/nf477/Projects_Natalia/GROMACS/gromacs_ab_ligand_toolkit/ab_ligand_md_8complexes/computational_DMS_top_occupancy_poses/1G10__ddhC/surfaces/VH101L_output.csv -def /Users/nf477/Projects_Natalia/GROMACS/gromacs_ab_ligand_toolkit/ab_ligand_md_8complexes/computational_DMS_top_occupancy_poses/1G10__ddhC/surfaces_definition/custom_MOL_AMINO_FlexAID.def -dat /Users/nf477/Projects_Natalia/GROMACS/gromacs_ab_ligand_toolkit/ab_ligand_md_8complexes/Surfaces/FlexAID.dat

$ /Users/nf477/anaconda3/envs/nrgsuite/bin/python /Users/nf477/Projects_Natalia/GROMACS/gromacs_ab_ligand_toolkit/ab_ligand_md_8complexes/Surfaces/clean_structure.py -f 1G10_ddhC_P001_VH101M.pdb -def /Users/nf477/Projects_Natalia/GROMACS/gromacs_ab_ligand_toolkit/ab_ligand_md_8complexes/computational_DMS_top_occupancy_poses/1G10__ddhC/surfaces_definition/custom_MOL_AMINO_FlexAID.def

$ /Users/nf477/anaconda3/envs/nrgsuite/bin/python /Users/nf477/Projects_Natalia/GROMACS/gromacs_ab_ligand_toolkit/ab_ligand_md_8complexes/Surfaces/surface_cont_lig.py -f /Users/nf477/Projects_Natalia/GROMACS/gromacs_ab_ligand_toolkit/ab_ligand_md_8complexes/computational_DMS_top_occupancy_poses/1G10__ddhC/mutants/clean_1G10_ddhC_P001_VH101M.pdb -c HL -lig MOL -o /Users/nf477/Projects_Natalia/GROMACS/gromacs_ab_ligand_toolkit/ab_ligand_md_8complexes/computational_DMS_top_occupancy_poses/1G10__ddhC/surfaces/VH101M_output.csv -def /Users/nf477/Projects_Natalia/GROMACS/gromacs_ab_ligand_toolkit/ab_ligand_md_8complexes/computational_DMS_top_occupancy_poses/1G10__ddhC/surfaces_definition/custom_MOL_AMINO_FlexAID.def -dat /Users/nf477/Projects_Natalia/GROMACS/gromacs_ab_ligand_toolkit/ab_ligand_md_8complexes/Surfaces/FlexAID.dat

$ /Users/nf477/anaconda3/envs/nrgsuite/bin/python /Users/nf477/Projects_Natalia/GROMACS/gromacs_ab_ligand_toolkit/ab_ligand_md_8complexes/Surfaces/clean_structure.py -f 1G10_ddhC_P001_VH101N.pdb -def /Users/nf477/Projects_Natalia/GROMACS/gromacs_ab_ligand_toolkit/ab_ligand_md_8complexes/computational_DMS_top_occupancy_poses/1G10__ddhC/surfaces_definition/custom_MOL_AMINO_FlexAID.def

$ /Users/nf477/anaconda3/envs/nrgsuite/bin/python /Users/nf477/Projects_Natalia/GROMACS/gromacs_ab_ligand_toolkit/ab_ligand_md_8complexes/Surfaces/surface_cont_lig.py -f /Users/nf477/Projects_Natalia/GROMACS/gromacs_ab_ligand_toolkit/ab_ligand_md_8complexes/computational_DMS_top_occupancy_poses/1G10__ddhC/mutants/clean_1G10_ddhC_P001_VH101N.pdb -c HL -lig MOL -o /Users/nf477/Projects_Natalia/GROMACS/gromacs_ab_ligand_toolkit/ab_ligand_md_8complexes/computational_DMS_top_occupancy_poses/1G10__ddhC/surfaces/VH101N_output.csv -def /Users/nf477/Projects_Natalia/GROMACS/gromacs_ab_ligand_toolkit/ab_ligand_md_8complexes/computational_DMS_top_occupancy_poses/1G10__ddhC/surfaces_definition/custom_MOL_AMINO_FlexAID.def -dat /Users/nf477/Projects_Natalia/GROMACS/gromacs_ab_ligand_toolkit/ab_ligand_md_8complexes/Surfaces/FlexAID.dat

$ /Users/nf477/anaconda3/envs/nrgsuite/bin/python /Users/nf477/Projects_Natalia/GROMACS/gromacs_ab_ligand_toolkit/ab_ligand_md_8complexes/Surfaces/clean_structure.py -f 1G10_ddhC_P001_VH101P.pdb -def /Users/nf477/Projects_Natalia/GROMACS/gromacs_ab_ligand_toolkit/ab_ligand_md_8complexes/computational_DMS_top_occupancy_poses/1G10__ddhC/surfaces_definition/custom_MOL_AMINO_FlexAID.def

$ /Users/nf477/anaconda3/envs/nrgsuite/bin/python /Users/nf477/Projects_Natalia/GROMACS/gromacs_ab_ligand_toolkit/ab_ligand_md_8complexes/Surfaces/surface_cont_lig.py -f /Users/nf477/Projects_Natalia/GROMACS/gromacs_ab_ligand_toolkit/ab_ligand_md_8complexes/computational_DMS_top_occupancy_poses/1G10__ddhC/mutants/clean_1G10_ddhC_P001_VH101P.pdb -c HL -lig MOL -o /Users/nf477/Projects_Natalia/GROMACS/gromacs_ab_ligand_toolkit/ab_ligand_md_8complexes/computational_DMS_top_occupancy_poses/1G10__ddhC/surfaces/VH101P_output.csv -def /Users/nf477/Projects_Natalia/GROMACS/gromacs_ab_ligand_toolkit/ab_ligand_md_8complexes/computational_DMS_top_occupancy_poses/1G10__ddhC/surfaces_definition/custom_MOL_AMINO_FlexAID.def -dat /Users/nf477/Projects_Natalia/GROMACS/gromacs_ab_ligand_toolkit/ab_ligand_md_8complexes/Surfaces/FlexAID.dat

$ /Users/nf477/anaconda3/envs/nrgsuite/bin/python /Users/nf477/Projects_Natalia/GROMACS/gromacs_ab_ligand_toolkit/ab_ligand_md_8complexes/Surfaces/clean_structure.py -f 1G10_ddhC_P001_VH101Q.pdb -def /Users/nf477/Projects_Natalia/GROMACS/gromacs_ab_ligand_toolkit/ab_ligand_md_8complexes/computational_DMS_top_occupancy_poses/1G10__ddhC/surfaces_definition/custom_MOL_AMINO_FlexAID.def

$ /Users/nf477/anaconda3/envs/nrgsuite/bin/python /Users/nf477/Projects_Natalia/GROMACS/gromacs_ab_ligand_toolkit/ab_ligand_md_8complexes/Surfaces/surface_cont_lig.py -f /Users/nf477/Projects_Natalia/GROMACS/gromacs_ab_ligand_toolkit/ab_ligand_md_8complexes/computational_DMS_top_occupancy_poses/1G10__ddhC/mutants/clean_1G10_ddhC_P001_VH101Q.pdb -c HL -lig MOL -o /Users/nf477/Projects_Natalia/GROMACS/gromacs_ab_ligand_toolkit/ab_ligand_md_8complexes/computational_DMS_top_occupancy_poses/1G10__ddhC/surfaces/VH101Q_output.csv -def /Users/nf477/Projects_Natalia/GROMACS/gromacs_ab_ligand_toolkit/ab_ligand_md_8complexes/computational_DMS_top_occupancy_poses/1G10__ddhC/surfaces_definition/custom_MOL_AMINO_FlexAID.def -dat /Users/nf477/Projects_Natalia/GROMACS/gromacs_ab_ligand_toolkit/ab_ligand_md_8complexes/Surfaces/FlexAID.dat

$ /Users/nf477/anaconda3/envs/nrgsuite/bin/python /Users/nf477/Projects_Natalia/GROMACS/gromacs_ab_ligand_toolkit/ab_ligand_md_8complexes/Surfaces/clean_structure.py -f 1G10_ddhC_P001_VH101R.pdb -def /Users/nf477/Projects_Natalia/GROMACS/gromacs_ab_ligand_toolkit/ab_ligand_md_8complexes/computational_DMS_top_occupancy_poses/1G10__ddhC/surfaces_definition/custom_MOL_AMINO_FlexAID.def

$ /Users/nf477/anaconda3/envs/nrgsuite/bin/python /Users/nf477/Projects_Natalia/GROMACS/gromacs_ab_ligand_toolkit/ab_ligand_md_8complexes/Surfaces/surface_cont_lig.py -f /Users/nf477/Projects_Natalia/GROMACS/gromacs_ab_ligand_toolkit/ab_ligand_md_8complexes/computational_DMS_top_occupancy_poses/1G10__ddhC/mutants/clean_1G10_ddhC_P001_VH101R.pdb -c HL -lig MOL -o /Users/nf477/Projects_Natalia/GROMACS/gromacs_ab_ligand_toolkit/ab_ligand_md_8complexes/computational_DMS_top_occupancy_poses/1G10__ddhC/surfaces/VH101R_output.csv -def /Users/nf477/Projects_Natalia/GROMACS/gromacs_ab_ligand_toolkit/ab_ligand_md_8complexes/computational_DMS_top_occupancy_poses/1G10__ddhC/surfaces_definition/custom_MOL_AMINO_FlexAID.def -dat /Users/nf477/Projects_Natalia/GROMACS/gromacs_ab_ligand_toolkit/ab_ligand_md_8complexes/Surfaces/FlexAID.dat

$ /Users/nf477/anaconda3/envs/nrgsuite/bin/python /Users/nf477/Projects_Natalia/GROMACS/gromacs_ab_ligand_toolkit/ab_ligand_md_8complexes/Surfaces/clean_structure.py -f 1G10_ddhC_P001_VH101S.pdb -def /Users/nf477/Projects_Natalia/GROMACS/gromacs_ab_ligand_toolkit/ab_ligand_md_8complexes/computational_DMS_top_occupancy_poses/1G10__ddhC/surfaces_definition/custom_MOL_AMINO_FlexAID.def

$ /Users/nf477/anaconda3/envs/nrgsuite/bin/python /Users/nf477/Projects_Natalia/GROMACS/gromacs_ab_ligand_toolkit/ab_ligand_md_8complexes/Surfaces/surface_cont_lig.py -f /Users/nf477/Projects_Natalia/GROMACS/gromacs_ab_ligand_toolkit/ab_ligand_md_8complexes/computational_DMS_top_occupancy_poses/1G10__ddhC/mutants/clean_1G10_ddhC_P001_VH101S.pdb -c HL -lig MOL -o /Users/nf477/Projects_Natalia/GROMACS/gromacs_ab_ligand_toolkit/ab_ligand_md_8complexes/computational_DMS_top_occupancy_poses/1G10__ddhC/surfaces/VH101S_output.csv -def /Users/nf477/Projects_Natalia/GROMACS/gromacs_ab_ligand_toolkit/ab_ligand_md_8complexes/computational_DMS_top_occupancy_poses/1G10__ddhC/surfaces_definition/custom_MOL_AMINO_FlexAID.def -dat /Users/nf477/Projects_Natalia/GROMACS/gromacs_ab_ligand_toolkit/ab_ligand_md_8complexes/Surfaces/FlexAID.dat

$ /Users/nf477/anaconda3/envs/nrgsuite/bin/python /Users/nf477/Projects_Natalia/GROMACS/gromacs_ab_ligand_toolkit/ab_ligand_md_8complexes/Surfaces/clean_structure.py -f 1G10_ddhC_P001_VH101T.pdb -def /Users/nf477/Projects_Natalia/GROMACS/gromacs_ab_ligand_toolkit/ab_ligand_md_8complexes/computational_DMS_top_occupancy_poses/1G10__ddhC/surfaces_definition/custom_MOL_AMINO_FlexAID.def

$ /Users/nf477/anaconda3/envs/nrgsuite/bin/python /Users/nf477/Projects_Natalia/GROMACS/gromacs_ab_ligand_toolkit/ab_ligand_md_8complexes/Surfaces/surface_cont_lig.py -f /Users/nf477/Projects_Natalia/GROMACS/gromacs_ab_ligand_toolkit/ab_ligand_md_8complexes/computational_DMS_top_occupancy_poses/1G10__ddhC/mutants/clean_1G10_ddhC_P001_VH101T.pdb -c HL -lig MOL -o /Users/nf477/Projects_Natalia/GROMACS/gromacs_ab_ligand_toolkit/ab_ligand_md_8complexes/computational_DMS_top_occupancy_poses/1G10__ddhC/surfaces/VH101T_output.csv -def /Users/nf477/Projects_Natalia/GROMACS/gromacs_ab_ligand_toolkit/ab_ligand_md_8complexes/computational_DMS_top_occupancy_poses/1G10__ddhC/surfaces_definition/custom_MOL_AMINO_FlexAID.def -dat /Users/nf477/Projects_Natalia/GROMACS/gromacs_ab_ligand_toolkit/ab_ligand_md_8complexes/Surfaces/FlexAID.dat

$ /Users/nf477/anaconda3/envs/nrgsuite/bin/python /Users/nf477/Projects_Natalia/GROMACS/gromacs_ab_ligand_toolkit/ab_ligand_md_8complexes/Surfaces/clean_structure.py -f 1G10_ddhC_P001_VH101V.pdb -def /Users/nf477/Projects_Natalia/GROMACS/gromacs_ab_ligand_toolkit/ab_ligand_md_8complexes/computational_DMS_top_occupancy_poses/1G10__ddhC/surfaces_definition/custom_MOL_AMINO_FlexAID.def

$ /Users/nf477/anaconda3/envs/nrgsuite/bin/python /Users/nf477/Projects_Natalia/GROMACS/gromacs_ab_ligand_toolkit/ab_ligand_md_8complexes/Surfaces/surface_cont_lig.py -f /Users/nf477/Projects_Natalia/GROMACS/gromacs_ab_ligand_toolkit/ab_ligand_md_8complexes/computational_DMS_top_occupancy_poses/1G10__ddhC/mutants/clean_1G10_ddhC_P001_VH101V.pdb -c HL -lig MOL -o /Users/nf477/Projects_Natalia/GROMACS/gromacs_ab_ligand_toolkit/ab_ligand_md_8complexes/computational_DMS_top_occupancy_poses/1G10__ddhC/surfaces/VH101V_output.csv -def /Users/nf477/Projects_Natalia/GROMACS/gromacs_ab_ligand_toolkit/ab_ligand_md_8complexes/computational_DMS_top_occupancy_poses/1G10__ddhC/surfaces_definition/custom_MOL_AMINO_FlexAID.def -dat /Users/nf477/Projects_Natalia/GROMACS/gromacs_ab_ligand_toolkit/ab_ligand_md_8complexes/Surfaces/FlexAID.dat

$ /Users/nf477/anaconda3/envs/nrgsuite/bin/python /Users/nf477/Projects_Natalia/GROMACS/gromacs_ab_ligand_toolkit/ab_ligand_md_8complexes/Surfaces/clean_structure.py -f 1G10_ddhC_P001_VH101W.pdb -def /Users/nf477/Projects_Natalia/GROMACS/gromacs_ab_ligand_toolkit/ab_ligand_md_8complexes/computational_DMS_top_occupancy_poses/1G10__ddhC/surfaces_definition/custom_MOL_AMINO_FlexAID.def

$ /Users/nf477/anaconda3/envs/nrgsuite/bin/python /Users/nf477/Projects_Natalia/GROMACS/gromacs_ab_ligand_toolkit/ab_ligand_md_8complexes/Surfaces/surface_cont_lig.py -f /Users/nf477/Projects_Natalia/GROMACS/gromacs_ab_ligand_toolkit/ab_ligand_md_8complexes/computational_DMS_top_occupancy_poses/1G10__ddhC/mutants/clean_1G10_ddhC_P001_VH101W.pdb -c HL -lig MOL -o /Users/nf477/Projects_Natalia/GROMACS/gromacs_ab_ligand_toolkit/ab_ligand_md_8complexes/computational_DMS_top_occupancy_poses/1G10__ddhC/surfaces/VH101W_output.csv -def /Users/nf477/Projects_Natalia/GROMACS/gromacs_ab_ligand_toolkit/ab_ligand_md_8complexes/computational_DMS_top_occupancy_poses/1G10__ddhC/surfaces_definition/custom_MOL_AMINO_FlexAID.def -dat /Users/nf477/Projects_Natalia/GROMACS/gromacs_ab_ligand_toolkit/ab_ligand_md_8complexes/Surfaces/FlexAID.dat

$ /Users/nf477/anaconda3/envs/nrgsuite/bin/python /Users/nf477/Projects_Natalia/GROMACS/gromacs_ab_ligand_toolkit/ab_ligand_md_8complexes/Surfaces/clean_structure.py -f 1G10_ddhC_P001_VH101Y.pdb -def /Users/nf477/Projects_Natalia/GROMACS/gromacs_ab_ligand_toolkit/ab_ligand_md_8complexes/computational_DMS_top_occupancy_poses/1G10__ddhC/surfaces_definition/custom_MOL_AMINO_FlexAID.def

$ /Users/nf477/anaconda3/envs/nrgsuite/bin/python /Users/nf477/Projects_Natalia/GROMACS/gromacs_ab_ligand_toolkit/ab_ligand_md_8complexes/Surfaces/surface_cont_lig.py -f /Users/nf477/Projects_Natalia/GROMACS/gromacs_ab_ligand_toolkit/ab_ligand_md_8complexes/computational_DMS_top_occupancy_poses/1G10__ddhC/mutants/clean_1G10_ddhC_P001_VH101Y.pdb -c HL -lig MOL -o /Users/nf477/Projects_Natalia/GROMACS/gromacs_ab_ligand_toolkit/ab_ligand_md_8complexes/computational_DMS_top_occupancy_poses/1G10__ddhC/surfaces/VH101Y_output.csv -def /Users/nf477/Projects_Natalia/GROMACS/gromacs_ab_ligand_toolkit/ab_ligand_md_8complexes/computational_DMS_top_occupancy_poses/1G10__ddhC/surfaces_definition/custom_MOL_AMINO_FlexAID.def -dat /Users/nf477/Projects_Natalia/GROMACS/gromacs_ab_ligand_toolkit/ab_ligand_md_8complexes/Surfaces/FlexAID.dat

$ /Users/nf477/anaconda3/envs/nrgsuite/bin/python /Users/nf477/Projects_Natalia/GROMACS/gromacs_ab_ligand_toolkit/ab_ligand_md_8complexes/Surfaces/clean_structure.py -f 1G10_ddhC_P001_YL96A.pdb -def /Users/nf477/Projects_Natalia/GROMACS/gromacs_ab_ligand_toolkit/ab_ligand_md_8complexes/computational_DMS_top_occupancy_poses/1G10__ddhC/surfaces_definition/custom_MOL_AMINO_FlexAID.def

$ /Users/nf477/anaconda3/envs/nrgsuite/bin/python /Users/nf477/Projects_Natalia/GROMACS/gromacs_ab_ligand_toolkit/ab_ligand_md_8complexes/Surfaces/surface_cont_lig.py -f /Users/nf477/Projects_Natalia/GROMACS/gromacs_ab_ligand_toolkit/ab_ligand_md_8complexes/computational_DMS_top_occupancy_poses/1G10__ddhC/mutants/clean_1G10_ddhC_P001_YL96A.pdb -c HL -lig MOL -o /Users/nf477/Projects_Natalia/GROMACS/gromacs_ab_ligand_toolkit/ab_ligand_md_8complexes/computational_DMS_top_occupancy_poses/1G10__ddhC/surfaces/YL96A_output.csv -def /Users/nf477/Projects_Natalia/GROMACS/gromacs_ab_ligand_toolkit/ab_ligand_md_8complexes/computational_DMS_top_occupancy_poses/1G10__ddhC/surfaces_definition/custom_MOL_AMINO_FlexAID.def -dat /Users/nf477/Projects_Natalia/GROMACS/gromacs_ab_ligand_toolkit/ab_ligand_md_8complexes/Surfaces/FlexAID.dat

$ /Users/nf477/anaconda3/envs/nrgsuite/bin/python /Users/nf477/Projects_Natalia/GROMACS/gromacs_ab_ligand_toolkit/ab_ligand_md_8complexes/Surfaces/clean_structure.py -f 1G10_ddhC_P001_YL96C.pdb -def /Users/nf477/Projects_Natalia/GROMACS/gromacs_ab_ligand_toolkit/ab_ligand_md_8complexes/computational_DMS_top_occupancy_poses/1G10__ddhC/surfaces_definition/custom_MOL_AMINO_FlexAID.def

$ /Users/nf477/anaconda3/envs/nrgsuite/bin/python /Users/nf477/Projects_Natalia/GROMACS/gromacs_ab_ligand_toolkit/ab_ligand_md_8complexes/Surfaces/surface_cont_lig.py -f /Users/nf477/Projects_Natalia/GROMACS/gromacs_ab_ligand_toolkit/ab_ligand_md_8complexes/computational_DMS_top_occupancy_poses/1G10__ddhC/mutants/clean_1G10_ddhC_P001_YL96C.pdb -c HL -lig MOL -o /Users/nf477/Projects_Natalia/GROMACS/gromacs_ab_ligand_toolkit/ab_ligand_md_8complexes/computational_DMS_top_occupancy_poses/1G10__ddhC/surfaces/YL96C_output.csv -def /Users/nf477/Projects_Natalia/GROMACS/gromacs_ab_ligand_toolkit/ab_ligand_md_8complexes/computational_DMS_top_occupancy_poses/1G10__ddhC/surfaces_definition/custom_MOL_AMINO_FlexAID.def -dat /Users/nf477/Projects_Natalia/GROMACS/gromacs_ab_ligand_toolkit/ab_ligand_md_8complexes/Surfaces/FlexAID.dat

$ /Users/nf477/anaconda3/envs/nrgsuite/bin/python /Users/nf477/Projects_Natalia/GROMACS/gromacs_ab_ligand_toolkit/ab_ligand_md_8complexes/Surfaces/clean_structure.py -f 1G10_ddhC_P001_YL96D.pdb -def /Users/nf477/Projects_Natalia/GROMACS/gromacs_ab_ligand_toolkit/ab_ligand_md_8complexes/computational_DMS_top_occupancy_poses/1G10__ddhC/surfaces_definition/custom_MOL_AMINO_FlexAID.def

$ /Users/nf477/anaconda3/envs/nrgsuite/bin/python /Users/nf477/Projects_Natalia/GROMACS/gromacs_ab_ligand_toolkit/ab_ligand_md_8complexes/Surfaces/surface_cont_lig.py -f /Users/nf477/Projects_Natalia/GROMACS/gromacs_ab_ligand_toolkit/ab_ligand_md_8complexes/computational_DMS_top_occupancy_poses/1G10__ddhC/mutants/clean_1G10_ddhC_P001_YL96D.pdb -c HL -lig MOL -o /Users/nf477/Projects_Natalia/GROMACS/gromacs_ab_ligand_toolkit/ab_ligand_md_8complexes/computational_DMS_top_occupancy_poses/1G10__ddhC/surfaces/YL96D_output.csv -def /Users/nf477/Projects_Natalia/GROMACS/gromacs_ab_ligand_toolkit/ab_ligand_md_8complexes/computational_DMS_top_occupancy_poses/1G10__ddhC/surfaces_definition/custom_MOL_AMINO_FlexAID.def -dat /Users/nf477/Projects_Natalia/GROMACS/gromacs_ab_ligand_toolkit/ab_ligand_md_8complexes/Surfaces/FlexAID.dat

$ /Users/nf477/anaconda3/envs/nrgsuite/bin/python /Users/nf477/Projects_Natalia/GROMACS/gromacs_ab_ligand_toolkit/ab_ligand_md_8complexes/Surfaces/clean_structure.py -f 1G10_ddhC_P001_YL96E.pdb -def /Users/nf477/Projects_Natalia/GROMACS/gromacs_ab_ligand_toolkit/ab_ligand_md_8complexes/computational_DMS_top_occupancy_poses/1G10__ddhC/surfaces_definition/custom_MOL_AMINO_FlexAID.def

$ /Users/nf477/anaconda3/envs/nrgsuite/bin/python /Users/nf477/Projects_Natalia/GROMACS/gromacs_ab_ligand_toolkit/ab_ligand_md_8complexes/Surfaces/surface_cont_lig.py -f /Users/nf477/Projects_Natalia/GROMACS/gromacs_ab_ligand_toolkit/ab_ligand_md_8complexes/computational_DMS_top_occupancy_poses/1G10__ddhC/mutants/clean_1G10_ddhC_P001_YL96E.pdb -c HL -lig MOL -o /Users/nf477/Projects_Natalia/GROMACS/gromacs_ab_ligand_toolkit/ab_ligand_md_8complexes/computational_DMS_top_occupancy_poses/1G10__ddhC/surfaces/YL96E_output.csv -def /Users/nf477/Projects_Natalia/GROMACS/gromacs_ab_ligand_toolkit/ab_ligand_md_8complexes/computational_DMS_top_occupancy_poses/1G10__ddhC/surfaces_definition/custom_MOL_AMINO_FlexAID.def -dat /Users/nf477/Projects_Natalia/GROMACS/gromacs_ab_ligand_toolkit/ab_ligand_md_8complexes/Surfaces/FlexAID.dat

$ /Users/nf477/anaconda3/envs/nrgsuite/bin/python /Users/nf477/Projects_Natalia/GROMACS/gromacs_ab_ligand_toolkit/ab_ligand_md_8complexes/Surfaces/clean_structure.py -f 1G10_ddhC_P001_YL96F.pdb -def /Users/nf477/Projects_Natalia/GROMACS/gromacs_ab_ligand_toolkit/ab_ligand_md_8complexes/computational_DMS_top_occupancy_poses/1G10__ddhC/surfaces_definition/custom_MOL_AMINO_FlexAID.def

$ /Users/nf477/anaconda3/envs/nrgsuite/bin/python /Users/nf477/Projects_Natalia/GROMACS/gromacs_ab_ligand_toolkit/ab_ligand_md_8complexes/Surfaces/surface_cont_lig.py -f /Users/nf477/Projects_Natalia/GROMACS/gromacs_ab_ligand_toolkit/ab_ligand_md_8complexes/computational_DMS_top_occupancy_poses/1G10__ddhC/mutants/clean_1G10_ddhC_P001_YL96F.pdb -c HL -lig MOL -o /Users/nf477/Projects_Natalia/GROMACS/gromacs_ab_ligand_toolkit/ab_ligand_md_8complexes/computational_DMS_top_occupancy_poses/1G10__ddhC/surfaces/YL96F_output.csv -def /Users/nf477/Projects_Natalia/GROMACS/gromacs_ab_ligand_toolkit/ab_ligand_md_8complexes/computational_DMS_top_occupancy_poses/1G10__ddhC/surfaces_definition/custom_MOL_AMINO_FlexAID.def -dat /Users/nf477/Projects_Natalia/GROMACS/gromacs_ab_ligand_toolkit/ab_ligand_md_8complexes/Surfaces/FlexAID.dat

$ /Users/nf477/anaconda3/envs/nrgsuite/bin/python /Users/nf477/Projects_Natalia/GROMACS/gromacs_ab_ligand_toolkit/ab_ligand_md_8complexes/Surfaces/clean_structure.py -f 1G10_ddhC_P001_YL96G.pdb -def /Users/nf477/Projects_Natalia/GROMACS/gromacs_ab_ligand_toolkit/ab_ligand_md_8complexes/computational_DMS_top_occupancy_poses/1G10__ddhC/surfaces_definition/custom_MOL_AMINO_FlexAID.def

$ /Users/nf477/anaconda3/envs/nrgsuite/bin/python /Users/nf477/Projects_Natalia/GROMACS/gromacs_ab_ligand_toolkit/ab_ligand_md_8complexes/Surfaces/surface_cont_lig.py -f /Users/nf477/Projects_Natalia/GROMACS/gromacs_ab_ligand_toolkit/ab_ligand_md_8complexes/computational_DMS_top_occupancy_poses/1G10__ddhC/mutants/clean_1G10_ddhC_P001_YL96G.pdb -c HL -lig MOL -o /Users/nf477/Projects_Natalia/GROMACS/gromacs_ab_ligand_toolkit/ab_ligand_md_8complexes/computational_DMS_top_occupancy_poses/1G10__ddhC/surfaces/YL96G_output.csv -def /Users/nf477/Projects_Natalia/GROMACS/gromacs_ab_ligand_toolkit/ab_ligand_md_8complexes/computational_DMS_top_occupancy_poses/1G10__ddhC/surfaces_definition/custom_MOL_AMINO_FlexAID.def -dat /Users/nf477/Projects_Natalia/GROMACS/gromacs_ab_ligand_toolkit/ab_ligand_md_8complexes/Surfaces/FlexAID.dat

$ /Users/nf477/anaconda3/envs/nrgsuite/bin/python /Users/nf477/Projects_Natalia/GROMACS/gromacs_ab_ligand_toolkit/ab_ligand_md_8complexes/Surfaces/clean_structure.py -f 1G10_ddhC_P001_YL96H.pdb -def /Users/nf477/Projects_Natalia/GROMACS/gromacs_ab_ligand_toolkit/ab_ligand_md_8complexes/computational_DMS_top_occupancy_poses/1G10__ddhC/surfaces_definition/custom_MOL_AMINO_FlexAID.def

$ /Users/nf477/anaconda3/envs/nrgsuite/bin/python /Users/nf477/Projects_Natalia/GROMACS/gromacs_ab_ligand_toolkit/ab_ligand_md_8complexes/Surfaces/surface_cont_lig.py -f /Users/nf477/Projects_Natalia/GROMACS/gromacs_ab_ligand_toolkit/ab_ligand_md_8complexes/computational_DMS_top_occupancy_poses/1G10__ddhC/mutants/clean_1G10_ddhC_P001_YL96H.pdb -c HL -lig MOL -o /Users/nf477/Projects_Natalia/GROMACS/gromacs_ab_ligand_toolkit/ab_ligand_md_8complexes/computational_DMS_top_occupancy_poses/1G10__ddhC/surfaces/YL96H_output.csv -def /Users/nf477/Projects_Natalia/GROMACS/gromacs_ab_ligand_toolkit/ab_ligand_md_8complexes/computational_DMS_top_occupancy_poses/1G10__ddhC/surfaces_definition/custom_MOL_AMINO_FlexAID.def -dat /Users/nf477/Projects_Natalia/GROMACS/gromacs_ab_ligand_toolkit/ab_ligand_md_8complexes/Surfaces/FlexAID.dat

$ /Users/nf477/anaconda3/envs/nrgsuite/bin/python /Users/nf477/Projects_Natalia/GROMACS/gromacs_ab_ligand_toolkit/ab_ligand_md_8complexes/Surfaces/clean_structure.py -f 1G10_ddhC_P001_YL96I.pdb -def /Users/nf477/Projects_Natalia/GROMACS/gromacs_ab_ligand_toolkit/ab_ligand_md_8complexes/computational_DMS_top_occupancy_poses/1G10__ddhC/surfaces_definition/custom_MOL_AMINO_FlexAID.def

$ /Users/nf477/anaconda3/envs/nrgsuite/bin/python /Users/nf477/Projects_Natalia/GROMACS/gromacs_ab_ligand_toolkit/ab_ligand_md_8complexes/Surfaces/surface_cont_lig.py -f /Users/nf477/Projects_Natalia/GROMACS/gromacs_ab_ligand_toolkit/ab_ligand_md_8complexes/computational_DMS_top_occupancy_poses/1G10__ddhC/mutants/clean_1G10_ddhC_P001_YL96I.pdb -c HL -lig MOL -o /Users/nf477/Projects_Natalia/GROMACS/gromacs_ab_ligand_toolkit/ab_ligand_md_8complexes/computational_DMS_top_occupancy_poses/1G10__ddhC/surfaces/YL96I_output.csv -def /Users/nf477/Projects_Natalia/GROMACS/gromacs_ab_ligand_toolkit/ab_ligand_md_8complexes/computational_DMS_top_occupancy_poses/1G10__ddhC/surfaces_definition/custom_MOL_AMINO_FlexAID.def -dat /Users/nf477/Projects_Natalia/GROMACS/gromacs_ab_ligand_toolkit/ab_ligand_md_8complexes/Surfaces/FlexAID.dat

$ /Users/nf477/anaconda3/envs/nrgsuite/bin/python /Users/nf477/Projects_Natalia/GROMACS/gromacs_ab_ligand_toolkit/ab_ligand_md_8complexes/Surfaces/clean_structure.py -f 1G10_ddhC_P001_YL96K.pdb -def /Users/nf477/Projects_Natalia/GROMACS/gromacs_ab_ligand_toolkit/ab_ligand_md_8complexes/computational_DMS_top_occupancy_poses/1G10__ddhC/surfaces_definition/custom_MOL_AMINO_FlexAID.def

$ /Users/nf477/anaconda3/envs/nrgsuite/bin/python /Users/nf477/Projects_Natalia/GROMACS/gromacs_ab_ligand_toolkit/ab_ligand_md_8complexes/Surfaces/surface_cont_lig.py -f /Users/nf477/Projects_Natalia/GROMACS/gromacs_ab_ligand_toolkit/ab_ligand_md_8complexes/computational_DMS_top_occupancy_poses/1G10__ddhC/mutants/clean_1G10_ddhC_P001_YL96K.pdb -c HL -lig MOL -o /Users/nf477/Projects_Natalia/GROMACS/gromacs_ab_ligand_toolkit/ab_ligand_md_8complexes/computational_DMS_top_occupancy_poses/1G10__ddhC/surfaces/YL96K_output.csv -def /Users/nf477/Projects_Natalia/GROMACS/gromacs_ab_ligand_toolkit/ab_ligand_md_8complexes/computational_DMS_top_occupancy_poses/1G10__ddhC/surfaces_definition/custom_MOL_AMINO_FlexAID.def -dat /Users/nf477/Projects_Natalia/GROMACS/gromacs_ab_ligand_toolkit/ab_ligand_md_8complexes/Surfaces/FlexAID.dat

$ /Users/nf477/anaconda3/envs/nrgsuite/bin/python /Users/nf477/Projects_Natalia/GROMACS/gromacs_ab_ligand_toolkit/ab_ligand_md_8complexes/Surfaces/clean_structure.py -f 1G10_ddhC_P001_YL96L.pdb -def /Users/nf477/Projects_Natalia/GROMACS/gromacs_ab_ligand_toolkit/ab_ligand_md_8complexes/computational_DMS_top_occupancy_poses/1G10__ddhC/surfaces_definition/custom_MOL_AMINO_FlexAID.def

$ /Users/nf477/anaconda3/envs/nrgsuite/bin/python /Users/nf477/Projects_Natalia/GROMACS/gromacs_ab_ligand_toolkit/ab_ligand_md_8complexes/Surfaces/surface_cont_lig.py -f /Users/nf477/Projects_Natalia/GROMACS/gromacs_ab_ligand_toolkit/ab_ligand_md_8complexes/computational_DMS_top_occupancy_poses/1G10__ddhC/mutants/clean_1G10_ddhC_P001_YL96L.pdb -c HL -lig MOL -o /Users/nf477/Projects_Natalia/GROMACS/gromacs_ab_ligand_toolkit/ab_ligand_md_8complexes/computational_DMS_top_occupancy_poses/1G10__ddhC/surfaces/YL96L_output.csv -def /Users/nf477/Projects_Natalia/GROMACS/gromacs_ab_ligand_toolkit/ab_ligand_md_8complexes/computational_DMS_top_occupancy_poses/1G10__ddhC/surfaces_definition/custom_MOL_AMINO_FlexAID.def -dat /Users/nf477/Projects_Natalia/GROMACS/gromacs_ab_ligand_toolkit/ab_ligand_md_8complexes/Surfaces/FlexAID.dat

$ /Users/nf477/anaconda3/envs/nrgsuite/bin/python /Users/nf477/Projects_Natalia/GROMACS/gromacs_ab_ligand_toolkit/ab_ligand_md_8complexes/Surfaces/clean_structure.py -f 1G10_ddhC_P001_YL96M.pdb -def /Users/nf477/Projects_Natalia/GROMACS/gromacs_ab_ligand_toolkit/ab_ligand_md_8complexes/computational_DMS_top_occupancy_poses/1G10__ddhC/surfaces_definition/custom_MOL_AMINO_FlexAID.def

$ /Users/nf477/anaconda3/envs/nrgsuite/bin/python /Users/nf477/Projects_Natalia/GROMACS/gromacs_ab_ligand_toolkit/ab_ligand_md_8complexes/Surfaces/surface_cont_lig.py -f /Users/nf477/Projects_Natalia/GROMACS/gromacs_ab_ligand_toolkit/ab_ligand_md_8complexes/computational_DMS_top_occupancy_poses/1G10__ddhC/mutants/clean_1G10_ddhC_P001_YL96M.pdb -c HL -lig MOL -o /Users/nf477/Projects_Natalia/GROMACS/gromacs_ab_ligand_toolkit/ab_ligand_md_8complexes/computational_DMS_top_occupancy_poses/1G10__ddhC/surfaces/YL96M_output.csv -def /Users/nf477/Projects_Natalia/GROMACS/gromacs_ab_ligand_toolkit/ab_ligand_md_8complexes/computational_DMS_top_occupancy_poses/1G10__ddhC/surfaces_definition/custom_MOL_AMINO_FlexAID.def -dat /Users/nf477/Projects_Natalia/GROMACS/gromacs_ab_ligand_toolkit/ab_ligand_md_8complexes/Surfaces/FlexAID.dat

$ /Users/nf477/anaconda3/envs/nrgsuite/bin/python /Users/nf477/Projects_Natalia/GROMACS/gromacs_ab_ligand_toolkit/ab_ligand_md_8complexes/Surfaces/clean_structure.py -f 1G10_ddhC_P001_YL96N.pdb -def /Users/nf477/Projects_Natalia/GROMACS/gromacs_ab_ligand_toolkit/ab_ligand_md_8complexes/computational_DMS_top_occupancy_poses/1G10__ddhC/surfaces_definition/custom_MOL_AMINO_FlexAID.def

$ /Users/nf477/anaconda3/envs/nrgsuite/bin/python /Users/nf477/Projects_Natalia/GROMACS/gromacs_ab_ligand_toolkit/ab_ligand_md_8complexes/Surfaces/surface_cont_lig.py -f /Users/nf477/Projects_Natalia/GROMACS/gromacs_ab_ligand_toolkit/ab_ligand_md_8complexes/computational_DMS_top_occupancy_poses/1G10__ddhC/mutants/clean_1G10_ddhC_P001_YL96N.pdb -c HL -lig MOL -o /Users/nf477/Projects_Natalia/GROMACS/gromacs_ab_ligand_toolkit/ab_ligand_md_8complexes/computational_DMS_top_occupancy_poses/1G10__ddhC/surfaces/YL96N_output.csv -def /Users/nf477/Projects_Natalia/GROMACS/gromacs_ab_ligand_toolkit/ab_ligand_md_8complexes/computational_DMS_top_occupancy_poses/1G10__ddhC/surfaces_definition/custom_MOL_AMINO_FlexAID.def -dat /Users/nf477/Projects_Natalia/GROMACS/gromacs_ab_ligand_toolkit/ab_ligand_md_8complexes/Surfaces/FlexAID.dat

$ /Users/nf477/anaconda3/envs/nrgsuite/bin/python /Users/nf477/Projects_Natalia/GROMACS/gromacs_ab_ligand_toolkit/ab_ligand_md_8complexes/Surfaces/clean_structure.py -f 1G10_ddhC_P001_YL96P.pdb -def /Users/nf477/Projects_Natalia/GROMACS/gromacs_ab_ligand_toolkit/ab_ligand_md_8complexes/computational_DMS_top_occupancy_poses/1G10__ddhC/surfaces_definition/custom_MOL_AMINO_FlexAID.def

$ /Users/nf477/anaconda3/envs/nrgsuite/bin/python /Users/nf477/Projects_Natalia/GROMACS/gromacs_ab_ligand_toolkit/ab_ligand_md_8complexes/Surfaces/surface_cont_lig.py -f /Users/nf477/Projects_Natalia/GROMACS/gromacs_ab_ligand_toolkit/ab_ligand_md_8complexes/computational_DMS_top_occupancy_poses/1G10__ddhC/mutants/clean_1G10_ddhC_P001_YL96P.pdb -c HL -lig MOL -o /Users/nf477/Projects_Natalia/GROMACS/gromacs_ab_ligand_toolkit/ab_ligand_md_8complexes/computational_DMS_top_occupancy_poses/1G10__ddhC/surfaces/YL96P_output.csv -def /Users/nf477/Projects_Natalia/GROMACS/gromacs_ab_ligand_toolkit/ab_ligand_md_8complexes/computational_DMS_top_occupancy_poses/1G10__ddhC/surfaces_definition/custom_MOL_AMINO_FlexAID.def -dat /Users/nf477/Projects_Natalia/GROMACS/gromacs_ab_ligand_toolkit/ab_ligand_md_8complexes/Surfaces/FlexAID.dat

$ /Users/nf477/anaconda3/envs/nrgsuite/bin/python /Users/nf477/Projects_Natalia/GROMACS/gromacs_ab_ligand_toolkit/ab_ligand_md_8complexes/Surfaces/clean_structure.py -f 1G10_ddhC_P001_YL96Q.pdb -def /Users/nf477/Projects_Natalia/GROMACS/gromacs_ab_ligand_toolkit/ab_ligand_md_8complexes/computational_DMS_top_occupancy_poses/1G10__ddhC/surfaces_definition/custom_MOL_AMINO_FlexAID.def

$ /Users/nf477/anaconda3/envs/nrgsuite/bin/python /Users/nf477/Projects_Natalia/GROMACS/gromacs_ab_ligand_toolkit/ab_ligand_md_8complexes/Surfaces/surface_cont_lig.py -f /Users/nf477/Projects_Natalia/GROMACS/gromacs_ab_ligand_toolkit/ab_ligand_md_8complexes/computational_DMS_top_occupancy_poses/1G10__ddhC/mutants/clean_1G10_ddhC_P001_YL96Q.pdb -c HL -lig MOL -o /Users/nf477/Projects_Natalia/GROMACS/gromacs_ab_ligand_toolkit/ab_ligand_md_8complexes/computational_DMS_top_occupancy_poses/1G10__ddhC/surfaces/YL96Q_output.csv -def /Users/nf477/Projects_Natalia/GROMACS/gromacs_ab_ligand_toolkit/ab_ligand_md_8complexes/computational_DMS_top_occupancy_poses/1G10__ddhC/surfaces_definition/custom_MOL_AMINO_FlexAID.def -dat /Users/nf477/Projects_Natalia/GROMACS/gromacs_ab_ligand_toolkit/ab_ligand_md_8complexes/Surfaces/FlexAID.dat

$ /Users/nf477/anaconda3/envs/nrgsuite/bin/python /Users/nf477/Projects_Natalia/GROMACS/gromacs_ab_ligand_toolkit/ab_ligand_md_8complexes/Surfaces/clean_structure.py -f 1G10_ddhC_P001_YL96R.pdb -def /Users/nf477/Projects_Natalia/GROMACS/gromacs_ab_ligand_toolkit/ab_ligand_md_8complexes/computational_DMS_top_occupancy_poses/1G10__ddhC/surfaces_definition/custom_MOL_AMINO_FlexAID.def

$ /Users/nf477/anaconda3/envs/nrgsuite/bin/python /Users/nf477/Projects_Natalia/GROMACS/gromacs_ab_ligand_toolkit/ab_ligand_md_8complexes/Surfaces/surface_cont_lig.py -f /Users/nf477/Projects_Natalia/GROMACS/gromacs_ab_ligand_toolkit/ab_ligand_md_8complexes/computational_DMS_top_occupancy_poses/1G10__ddhC/mutants/clean_1G10_ddhC_P001_YL96R.pdb -c HL -lig MOL -o /Users/nf477/Projects_Natalia/GROMACS/gromacs_ab_ligand_toolkit/ab_ligand_md_8complexes/computational_DMS_top_occupancy_poses/1G10__ddhC/surfaces/YL96R_output.csv -def /Users/nf477/Projects_Natalia/GROMACS/gromacs_ab_ligand_toolkit/ab_ligand_md_8complexes/computational_DMS_top_occupancy_poses/1G10__ddhC/surfaces_definition/custom_MOL_AMINO_FlexAID.def -dat /Users/nf477/Projects_Natalia/GROMACS/gromacs_ab_ligand_toolkit/ab_ligand_md_8complexes/Surfaces/FlexAID.dat

$ /Users/nf477/anaconda3/envs/nrgsuite/bin/python /Users/nf477/Projects_Natalia/GROMACS/gromacs_ab_ligand_toolkit/ab_ligand_md_8complexes/Surfaces/clean_structure.py -f 1G10_ddhC_P001_YL96S.pdb -def /Users/nf477/Projects_Natalia/GROMACS/gromacs_ab_ligand_toolkit/ab_ligand_md_8complexes/computational_DMS_top_occupancy_poses/1G10__ddhC/surfaces_definition/custom_MOL_AMINO_FlexAID.def

$ /Users/nf477/anaconda3/envs/nrgsuite/bin/python /Users/nf477/Projects_Natalia/GROMACS/gromacs_ab_ligand_toolkit/ab_ligand_md_8complexes/Surfaces/surface_cont_lig.py -f /Users/nf477/Projects_Natalia/GROMACS/gromacs_ab_ligand_toolkit/ab_ligand_md_8complexes/computational_DMS_top_occupancy_poses/1G10__ddhC/mutants/clean_1G10_ddhC_P001_YL96S.pdb -c HL -lig MOL -o /Users/nf477/Projects_Natalia/GROMACS/gromacs_ab_ligand_toolkit/ab_ligand_md_8complexes/computational_DMS_top_occupancy_poses/1G10__ddhC/surfaces/YL96S_output.csv -def /Users/nf477/Projects_Natalia/GROMACS/gromacs_ab_ligand_toolkit/ab_ligand_md_8complexes/computational_DMS_top_occupancy_poses/1G10__ddhC/surfaces_definition/custom_MOL_AMINO_FlexAID.def -dat /Users/nf477/Projects_Natalia/GROMACS/gromacs_ab_ligand_toolkit/ab_ligand_md_8complexes/Surfaces/FlexAID.dat

$ /Users/nf477/anaconda3/envs/nrgsuite/bin/python /Users/nf477/Projects_Natalia/GROMACS/gromacs_ab_ligand_toolkit/ab_ligand_md_8complexes/Surfaces/clean_structure.py -f 1G10_ddhC_P001_YL96T.pdb -def /Users/nf477/Projects_Natalia/GROMACS/gromacs_ab_ligand_toolkit/ab_ligand_md_8complexes/computational_DMS_top_occupancy_poses/1G10__ddhC/surfaces_definition/custom_MOL_AMINO_FlexAID.def

$ /Users/nf477/anaconda3/envs/nrgsuite/bin/python /Users/nf477/Projects_Natalia/GROMACS/gromacs_ab_ligand_toolkit/ab_ligand_md_8complexes/Surfaces/surface_cont_lig.py -f /Users/nf477/Projects_Natalia/GROMACS/gromacs_ab_ligand_toolkit/ab_ligand_md_8complexes/computational_DMS_top_occupancy_poses/1G10__ddhC/mutants/clean_1G10_ddhC_P001_YL96T.pdb -c HL -lig MOL -o /Users/nf477/Projects_Natalia/GROMACS/gromacs_ab_ligand_toolkit/ab_ligand_md_8complexes/computational_DMS_top_occupancy_poses/1G10__ddhC/surfaces/YL96T_output.csv -def /Users/nf477/Projects_Natalia/GROMACS/gromacs_ab_ligand_toolkit/ab_ligand_md_8complexes/computational_DMS_top_occupancy_poses/1G10__ddhC/surfaces_definition/custom_MOL_AMINO_FlexAID.def -dat /Users/nf477/Projects_Natalia/GROMACS/gromacs_ab_ligand_toolkit/ab_ligand_md_8complexes/Surfaces/FlexAID.dat

$ /Users/nf477/anaconda3/envs/nrgsuite/bin/python /Users/nf477/Projects_Natalia/GROMACS/gromacs_ab_ligand_toolkit/ab_ligand_md_8complexes/Surfaces/clean_structure.py -f 1G10_ddhC_P001_YL96V.pdb -def /Users/nf477/Projects_Natalia/GROMACS/gromacs_ab_ligand_toolkit/ab_ligand_md_8complexes/computational_DMS_top_occupancy_poses/1G10__ddhC/surfaces_definition/custom_MOL_AMINO_FlexAID.def

$ /Users/nf477/anaconda3/envs/nrgsuite/bin/python /Users/nf477/Projects_Natalia/GROMACS/gromacs_ab_ligand_toolkit/ab_ligand_md_8complexes/Surfaces/surface_cont_lig.py -f /Users/nf477/Projects_Natalia/GROMACS/gromacs_ab_ligand_toolkit/ab_ligand_md_8complexes/computational_DMS_top_occupancy_poses/1G10__ddhC/mutants/clean_1G10_ddhC_P001_YL96V.pdb -c HL -lig MOL -o /Users/nf477/Projects_Natalia/GROMACS/gromacs_ab_ligand_toolkit/ab_ligand_md_8complexes/computational_DMS_top_occupancy_poses/1G10__ddhC/surfaces/YL96V_output.csv -def /Users/nf477/Projects_Natalia/GROMACS/gromacs_ab_ligand_toolkit/ab_ligand_md_8complexes/computational_DMS_top_occupancy_poses/1G10__ddhC/surfaces_definition/custom_MOL_AMINO_FlexAID.def -dat /Users/nf477/Projects_Natalia/GROMACS/gromacs_ab_ligand_toolkit/ab_ligand_md_8complexes/Surfaces/FlexAID.dat

$ /Users/nf477/anaconda3/envs/nrgsuite/bin/python /Users/nf477/Projects_Natalia/GROMACS/gromacs_ab_ligand_toolkit/ab_ligand_md_8complexes/Surfaces/clean_structure.py -f 1G10_ddhC_P001_YL96W.pdb -def /Users/nf477/Projects_Natalia/GROMACS/gromacs_ab_ligand_toolkit/ab_ligand_md_8complexes/computational_DMS_top_occupancy_poses/1G10__ddhC/surfaces_definition/custom_MOL_AMINO_FlexAID.def

$ /Users/nf477/anaconda3/envs/nrgsuite/bin/python /Users/nf477/Projects_Natalia/GROMACS/gromacs_ab_ligand_toolkit/ab_ligand_md_8complexes/Surfaces/surface_cont_lig.py -f /Users/nf477/Projects_Natalia/GROMACS/gromacs_ab_ligand_toolkit/ab_ligand_md_8complexes/computational_DMS_top_occupancy_poses/1G10__ddhC/mutants/clean_1G10_ddhC_P001_YL96W.pdb -c HL -lig MOL -o /Users/nf477/Projects_Natalia/GROMACS/gromacs_ab_ligand_toolkit/ab_ligand_md_8complexes/computational_DMS_top_occupancy_poses/1G10__ddhC/surfaces/YL96W_output.csv -def /Users/nf477/Projects_Natalia/GROMACS/gromacs_ab_ligand_toolkit/ab_ligand_md_8complexes/computational_DMS_top_occupancy_poses/1G10__ddhC/surfaces_definition/custom_MOL_AMINO_FlexAID.def -dat /Users/nf477/Projects_Natalia/GROMACS/gromacs_ab_ligand_toolkit/ab_ligand_md_8complexes/Surfaces/FlexAID.dat

$ /Users/nf477/anaconda3/envs/nrgsuite/bin/python /Users/nf477/Projects_Natalia/GROMACS/gromacs_ab_ligand_toolkit/ab_ligand_md_8complexes/Surfaces/clean_structure.py -f 1G10_ddhC_P001_YL96Y.pdb -def /Users/nf477/Projects_Natalia/GROMACS/gromacs_ab_ligand_toolkit/ab_ligand_md_8complexes/computational_DMS_top_occupancy_poses/1G10__ddhC/surfaces_definition/custom_MOL_AMINO_FlexAID.def

$ /Users/nf477/anaconda3/envs/nrgsuite/bin/python /Users/nf477/Projects_Natalia/GROMACS/gromacs_ab_ligand_toolkit/ab_ligand_md_8complexes/Surfaces/surface_cont_lig.py -f /Users/nf477/Projects_Natalia/GROMACS/gromacs_ab_ligand_toolkit/ab_ligand_md_8complexes/computational_DMS_top_occupancy_poses/1G10__ddhC/mutants/clean_1G10_ddhC_P001_YL96Y.pdb -c HL -lig MOL -o /Users/nf477/Projects_Natalia/GROMACS/gromacs_ab_ligand_toolkit/ab_ligand_md_8complexes/computational_DMS_top_occupancy_poses/1G10__ddhC/surfaces/YL96Y_output.csv -def /Users/nf477/Projects_Natalia/GROMACS/gromacs_ab_ligand_toolkit/ab_ligand_md_8complexes/computational_DMS_top_occupancy_poses/1G10__ddhC/surfaces_definition/custom_MOL_AMINO_FlexAID.def -dat /Users/nf477/Projects_Natalia/GROMACS/gromacs_ab_ligand_toolkit/ab_ligand_md_8complexes/Surfaces/FlexAID.dat

$ /Users/nf477/anaconda3/envs/nrgsuite/bin/python /Users/nf477/Projects_Natalia/GROMACS/gromacs_ab_ligand_toolkit/ab_ligand_md_8complexes/Surfaces/clean_structure.py -f 1G10_ddhC_P001_WL97A.pdb -def /Users/nf477/Projects_Natalia/GROMACS/gromacs_ab_ligand_toolkit/ab_ligand_md_8complexes/computational_DMS_top_occupancy_poses/1G10__ddhC/surfaces_definition/custom_MOL_AMINO_FlexAID.def

$ /Users/nf477/anaconda3/envs/nrgsuite/bin/python /Users/nf477/Projects_Natalia/GROMACS/gromacs_ab_ligand_toolkit/ab_ligand_md_8complexes/Surfaces/surface_cont_lig.py -f /Users/nf477/Projects_Natalia/GROMACS/gromacs_ab_ligand_toolkit/ab_ligand_md_8complexes/computational_DMS_top_occupancy_poses/1G10__ddhC/mutants/clean_1G10_ddhC_P001_WL97A.pdb -c HL -lig MOL -o /Users/nf477/Projects_Natalia/GROMACS/gromacs_ab_ligand_toolkit/ab_ligand_md_8complexes/computational_DMS_top_occupancy_poses/1G10__ddhC/surfaces/WL97A_output.csv -def /Users/nf477/Projects_Natalia/GROMACS/gromacs_ab_ligand_toolkit/ab_ligand_md_8complexes/computational_DMS_top_occupancy_poses/1G10__ddhC/surfaces_definition/custom_MOL_AMINO_FlexAID.def -dat /Users/nf477/Projects_Natalia/GROMACS/gromacs_ab_ligand_toolkit/ab_ligand_md_8complexes/Surfaces/FlexAID.dat

$ /Users/nf477/anaconda3/envs/nrgsuite/bin/python /Users/nf477/Projects_Natalia/GROMACS/gromacs_ab_ligand_toolkit/ab_ligand_md_8complexes/Surfaces/clean_structure.py -f 1G10_ddhC_P001_WL97C.pdb -def /Users/nf477/Projects_Natalia/GROMACS/gromacs_ab_ligand_toolkit/ab_ligand_md_8complexes/computational_DMS_top_occupancy_poses/1G10__ddhC/surfaces_definition/custom_MOL_AMINO_FlexAID.def

$ /Users/nf477/anaconda3/envs/nrgsuite/bin/python /Users/nf477/Projects_Natalia/GROMACS/gromacs_ab_ligand_toolkit/ab_ligand_md_8complexes/Surfaces/surface_cont_lig.py -f /Users/nf477/Projects_Natalia/GROMACS/gromacs_ab_ligand_toolkit/ab_ligand_md_8complexes/computational_DMS_top_occupancy_poses/1G10__ddhC/mutants/clean_1G10_ddhC_P001_WL97C.pdb -c HL -lig MOL -o /Users/nf477/Projects_Natalia/GROMACS/gromacs_ab_ligand_toolkit/ab_ligand_md_8complexes/computational_DMS_top_occupancy_poses/1G10__ddhC/surfaces/WL97C_output.csv -def /Users/nf477/Projects_Natalia/GROMACS/gromacs_ab_ligand_toolkit/ab_ligand_md_8complexes/computational_DMS_top_occupancy_poses/1G10__ddhC/surfaces_definition/custom_MOL_AMINO_FlexAID.def -dat /Users/nf477/Projects_Natalia/GROMACS/gromacs_ab_ligand_toolkit/ab_ligand_md_8complexes/Surfaces/FlexAID.dat

$ /Users/nf477/anaconda3/envs/nrgsuite/bin/python /Users/nf477/Projects_Natalia/GROMACS/gromacs_ab_ligand_toolkit/ab_ligand_md_8complexes/Surfaces/clean_structure.py -f 1G10_ddhC_P001_WL97D.pdb -def /Users/nf477/Projects_Natalia/GROMACS/gromacs_ab_ligand_toolkit/ab_ligand_md_8complexes/computational_DMS_top_occupancy_poses/1G10__ddhC/surfaces_definition/custom_MOL_AMINO_FlexAID.def

$ /Users/nf477/anaconda3/envs/nrgsuite/bin/python /Users/nf477/Projects_Natalia/GROMACS/gromacs_ab_ligand_toolkit/ab_ligand_md_8complexes/Surfaces/surface_cont_lig.py -f /Users/nf477/Projects_Natalia/GROMACS/gromacs_ab_ligand_toolkit/ab_ligand_md_8complexes/computational_DMS_top_occupancy_poses/1G10__ddhC/mutants/clean_1G10_ddhC_P001_WL97D.pdb -c HL -lig MOL -o /Users/nf477/Projects_Natalia/GROMACS/gromacs_ab_ligand_toolkit/ab_ligand_md_8complexes/computational_DMS_top_occupancy_poses/1G10__ddhC/surfaces/WL97D_output.csv -def /Users/nf477/Projects_Natalia/GROMACS/gromacs_ab_ligand_toolkit/ab_ligand_md_8complexes/computational_DMS_top_occupancy_poses/1G10__ddhC/surfaces_definition/custom_MOL_AMINO_FlexAID.def -dat /Users/nf477/Projects_Natalia/GROMACS/gromacs_ab_ligand_toolkit/ab_ligand_md_8complexes/Surfaces/FlexAID.dat

$ /Users/nf477/anaconda3/envs/nrgsuite/bin/python /Users/nf477/Projects_Natalia/GROMACS/gromacs_ab_ligand_toolkit/ab_ligand_md_8complexes/Surfaces/clean_structure.py -f 1G10_ddhC_P001_WL97E.pdb -def /Users/nf477/Projects_Natalia/GROMACS/gromacs_ab_ligand_toolkit/ab_ligand_md_8complexes/computational_DMS_top_occupancy_poses/1G10__ddhC/surfaces_definition/custom_MOL_AMINO_FlexAID.def

$ /Users/nf477/anaconda3/envs/nrgsuite/bin/python /Users/nf477/Projects_Natalia/GROMACS/gromacs_ab_ligand_toolkit/ab_ligand_md_8complexes/Surfaces/surface_cont_lig.py -f /Users/nf477/Projects_Natalia/GROMACS/gromacs_ab_ligand_toolkit/ab_ligand_md_8complexes/computational_DMS_top_occupancy_poses/1G10__ddhC/mutants/clean_1G10_ddhC_P001_WL97E.pdb -c HL -lig MOL -o /Users/nf477/Projects_Natalia/GROMACS/gromacs_ab_ligand_toolkit/ab_ligand_md_8complexes/computational_DMS_top_occupancy_poses/1G10__ddhC/surfaces/WL97E_output.csv -def /Users/nf477/Projects_Natalia/GROMACS/gromacs_ab_ligand_toolkit/ab_ligand_md_8complexes/computational_DMS_top_occupancy_poses/1G10__ddhC/surfaces_definition/custom_MOL_AMINO_FlexAID.def -dat /Users/nf477/Projects_Natalia/GROMACS/gromacs_ab_ligand_toolkit/ab_ligand_md_8complexes/Surfaces/FlexAID.dat

$ /Users/nf477/anaconda3/envs/nrgsuite/bin/python /Users/nf477/Projects_Natalia/GROMACS/gromacs_ab_ligand_toolkit/ab_ligand_md_8complexes/Surfaces/clean_structure.py -f 1G10_ddhC_P001_WL97F.pdb -def /Users/nf477/Projects_Natalia/GROMACS/gromacs_ab_ligand_toolkit/ab_ligand_md_8complexes/computational_DMS_top_occupancy_poses/1G10__ddhC/surfaces_definition/custom_MOL_AMINO_FlexAID.def

$ /Users/nf477/anaconda3/envs/nrgsuite/bin/python /Users/nf477/Projects_Natalia/GROMACS/gromacs_ab_ligand_toolkit/ab_ligand_md_8complexes/Surfaces/surface_cont_lig.py -f /Users/nf477/Projects_Natalia/GROMACS/gromacs_ab_ligand_toolkit/ab_ligand_md_8complexes/computational_DMS_top_occupancy_poses/1G10__ddhC/mutants/clean_1G10_ddhC_P001_WL97F.pdb -c HL -lig MOL -o /Users/nf477/Projects_Natalia/GROMACS/gromacs_ab_ligand_toolkit/ab_ligand_md_8complexes/computational_DMS_top_occupancy_poses/1G10__ddhC/surfaces/WL97F_output.csv -def /Users/nf477/Projects_Natalia/GROMACS/gromacs_ab_ligand_toolkit/ab_ligand_md_8complexes/computational_DMS_top_occupancy_poses/1G10__ddhC/surfaces_definition/custom_MOL_AMINO_FlexAID.def -dat /Users/nf477/Projects_Natalia/GROMACS/gromacs_ab_ligand_toolkit/ab_ligand_md_8complexes/Surfaces/FlexAID.dat

$ /Users/nf477/anaconda3/envs/nrgsuite/bin/python /Users/nf477/Projects_Natalia/GROMACS/gromacs_ab_ligand_toolkit/ab_ligand_md_8complexes/Surfaces/clean_structure.py -f 1G10_ddhC_P001_WL97G.pdb -def /Users/nf477/Projects_Natalia/GROMACS/gromacs_ab_ligand_toolkit/ab_ligand_md_8complexes/computational_DMS_top_occupancy_poses/1G10__ddhC/surfaces_definition/custom_MOL_AMINO_FlexAID.def

$ /Users/nf477/anaconda3/envs/nrgsuite/bin/python /Users/nf477/Projects_Natalia/GROMACS/gromacs_ab_ligand_toolkit/ab_ligand_md_8complexes/Surfaces/surface_cont_lig.py -f /Users/nf477/Projects_Natalia/GROMACS/gromacs_ab_ligand_toolkit/ab_ligand_md_8complexes/computational_DMS_top_occupancy_poses/1G10__ddhC/mutants/clean_1G10_ddhC_P001_WL97G.pdb -c HL -lig MOL -o /Users/nf477/Projects_Natalia/GROMACS/gromacs_ab_ligand_toolkit/ab_ligand_md_8complexes/computational_DMS_top_occupancy_poses/1G10__ddhC/surfaces/WL97G_output.csv -def /Users/nf477/Projects_Natalia/GROMACS/gromacs_ab_ligand_toolkit/ab_ligand_md_8complexes/computational_DMS_top_occupancy_poses/1G10__ddhC/surfaces_definition/custom_MOL_AMINO_FlexAID.def -dat /Users/nf477/Projects_Natalia/GROMACS/gromacs_ab_ligand_toolkit/ab_ligand_md_8complexes/Surfaces/FlexAID.dat

$ /Users/nf477/anaconda3/envs/nrgsuite/bin/python /Users/nf477/Projects_Natalia/GROMACS/gromacs_ab_ligand_toolkit/ab_ligand_md_8complexes/Surfaces/clean_structure.py -f 1G10_ddhC_P001_WL97H.pdb -def /Users/nf477/Projects_Natalia/GROMACS/gromacs_ab_ligand_toolkit/ab_ligand_md_8complexes/computational_DMS_top_occupancy_poses/1G10__ddhC/surfaces_definition/custom_MOL_AMINO_FlexAID.def

$ /Users/nf477/anaconda3/envs/nrgsuite/bin/python /Users/nf477/Projects_Natalia/GROMACS/gromacs_ab_ligand_toolkit/ab_ligand_md_8complexes/Surfaces/surface_cont_lig.py -f /Users/nf477/Projects_Natalia/GROMACS/gromacs_ab_ligand_toolkit/ab_ligand_md_8complexes/computational_DMS_top_occupancy_poses/1G10__ddhC/mutants/clean_1G10_ddhC_P001_WL97H.pdb -c HL -lig MOL -o /Users/nf477/Projects_Natalia/GROMACS/gromacs_ab_ligand_toolkit/ab_ligand_md_8complexes/computational_DMS_top_occupancy_poses/1G10__ddhC/surfaces/WL97H_output.csv -def /Users/nf477/Projects_Natalia/GROMACS/gromacs_ab_ligand_toolkit/ab_ligand_md_8complexes/computational_DMS_top_occupancy_poses/1G10__ddhC/surfaces_definition/custom_MOL_AMINO_FlexAID.def -dat /Users/nf477/Projects_Natalia/GROMACS/gromacs_ab_ligand_toolkit/ab_ligand_md_8complexes/Surfaces/FlexAID.dat

$ /Users/nf477/anaconda3/envs/nrgsuite/bin/python /Users/nf477/Projects_Natalia/GROMACS/gromacs_ab_ligand_toolkit/ab_ligand_md_8complexes/Surfaces/clean_structure.py -f 1G10_ddhC_P001_WL97I.pdb -def /Users/nf477/Projects_Natalia/GROMACS/gromacs_ab_ligand_toolkit/ab_ligand_md_8complexes/computational_DMS_top_occupancy_poses/1G10__ddhC/surfaces_definition/custom_MOL_AMINO_FlexAID.def

$ /Users/nf477/anaconda3/envs/nrgsuite/bin/python /Users/nf477/Projects_Natalia/GROMACS/gromacs_ab_ligand_toolkit/ab_ligand_md_8complexes/Surfaces/surface_cont_lig.py -f /Users/nf477/Projects_Natalia/GROMACS/gromacs_ab_ligand_toolkit/ab_ligand_md_8complexes/computational_DMS_top_occupancy_poses/1G10__ddhC/mutants/clean_1G10_ddhC_P001_WL97I.pdb -c HL -lig MOL -o /Users/nf477/Projects_Natalia/GROMACS/gromacs_ab_ligand_toolkit/ab_ligand_md_8complexes/computational_DMS_top_occupancy_poses/1G10__ddhC/surfaces/WL97I_output.csv -def /Users/nf477/Projects_Natalia/GROMACS/gromacs_ab_ligand_toolkit/ab_ligand_md_8complexes/computational_DMS_top_occupancy_poses/1G10__ddhC/surfaces_definition/custom_MOL_AMINO_FlexAID.def -dat /Users/nf477/Projects_Natalia/GROMACS/gromacs_ab_ligand_toolkit/ab_ligand_md_8complexes/Surfaces/FlexAID.dat

$ /Users/nf477/anaconda3/envs/nrgsuite/bin/python /Users/nf477/Projects_Natalia/GROMACS/gromacs_ab_ligand_toolkit/ab_ligand_md_8complexes/Surfaces/clean_structure.py -f 1G10_ddhC_P001_WL97K.pdb -def /Users/nf477/Projects_Natalia/GROMACS/gromacs_ab_ligand_toolkit/ab_ligand_md_8complexes/computational_DMS_top_occupancy_poses/1G10__ddhC/surfaces_definition/custom_MOL_AMINO_FlexAID.def

$ /Users/nf477/anaconda3/envs/nrgsuite/bin/python /Users/nf477/Projects_Natalia/GROMACS/gromacs_ab_ligand_toolkit/ab_ligand_md_8complexes/Surfaces/surface_cont_lig.py -f /Users/nf477/Projects_Natalia/GROMACS/gromacs_ab_ligand_toolkit/ab_ligand_md_8complexes/computational_DMS_top_occupancy_poses/1G10__ddhC/mutants/clean_1G10_ddhC_P001_WL97K.pdb -c HL -lig MOL -o /Users/nf477/Projects_Natalia/GROMACS/gromacs_ab_ligand_toolkit/ab_ligand_md_8complexes/computational_DMS_top_occupancy_poses/1G10__ddhC/surfaces/WL97K_output.csv -def /Users/nf477/Projects_Natalia/GROMACS/gromacs_ab_ligand_toolkit/ab_ligand_md_8complexes/computational_DMS_top_occupancy_poses/1G10__ddhC/surfaces_definition/custom_MOL_AMINO_FlexAID.def -dat /Users/nf477/Projects_Natalia/GROMACS/gromacs_ab_ligand_toolkit/ab_ligand_md_8complexes/Surfaces/FlexAID.dat

$ /Users/nf477/anaconda3/envs/nrgsuite/bin/python /Users/nf477/Projects_Natalia/GROMACS/gromacs_ab_ligand_toolkit/ab_ligand_md_8complexes/Surfaces/clean_structure.py -f 1G10_ddhC_P001_WL97L.pdb -def /Users/nf477/Projects_Natalia/GROMACS/gromacs_ab_ligand_toolkit/ab_ligand_md_8complexes/computational_DMS_top_occupancy_poses/1G10__ddhC/surfaces_definition/custom_MOL_AMINO_FlexAID.def

$ /Users/nf477/anaconda3/envs/nrgsuite/bin/python /Users/nf477/Projects_Natalia/GROMACS/gromacs_ab_ligand_toolkit/ab_ligand_md_8complexes/Surfaces/surface_cont_lig.py -f /Users/nf477/Projects_Natalia/GROMACS/gromacs_ab_ligand_toolkit/ab_ligand_md_8complexes/computational_DMS_top_occupancy_poses/1G10__ddhC/mutants/clean_1G10_ddhC_P001_WL97L.pdb -c HL -lig MOL -o /Users/nf477/Projects_Natalia/GROMACS/gromacs_ab_ligand_toolkit/ab_ligand_md_8complexes/computational_DMS_top_occupancy_poses/1G10__ddhC/surfaces/WL97L_output.csv -def /Users/nf477/Projects_Natalia/GROMACS/gromacs_ab_ligand_toolkit/ab_ligand_md_8complexes/computational_DMS_top_occupancy_poses/1G10__ddhC/surfaces_definition/custom_MOL_AMINO_FlexAID.def -dat /Users/nf477/Projects_Natalia/GROMACS/gromacs_ab_ligand_toolkit/ab_ligand_md_8complexes/Surfaces/FlexAID.dat

$ /Users/nf477/anaconda3/envs/nrgsuite/bin/python /Users/nf477/Projects_Natalia/GROMACS/gromacs_ab_ligand_toolkit/ab_ligand_md_8complexes/Surfaces/clean_structure.py -f 1G10_ddhC_P001_WL97M.pdb -def /Users/nf477/Projects_Natalia/GROMACS/gromacs_ab_ligand_toolkit/ab_ligand_md_8complexes/computational_DMS_top_occupancy_poses/1G10__ddhC/surfaces_definition/custom_MOL_AMINO_FlexAID.def

$ /Users/nf477/anaconda3/envs/nrgsuite/bin/python /Users/nf477/Projects_Natalia/GROMACS/gromacs_ab_ligand_toolkit/ab_ligand_md_8complexes/Surfaces/surface_cont_lig.py -f /Users/nf477/Projects_Natalia/GROMACS/gromacs_ab_ligand_toolkit/ab_ligand_md_8complexes/computational_DMS_top_occupancy_poses/1G10__ddhC/mutants/clean_1G10_ddhC_P001_WL97M.pdb -c HL -lig MOL -o /Users/nf477/Projects_Natalia/GROMACS/gromacs_ab_ligand_toolkit/ab_ligand_md_8complexes/computational_DMS_top_occupancy_poses/1G10__ddhC/surfaces/WL97M_output.csv -def /Users/nf477/Projects_Natalia/GROMACS/gromacs_ab_ligand_toolkit/ab_ligand_md_8complexes/computational_DMS_top_occupancy_poses/1G10__ddhC/surfaces_definition/custom_MOL_AMINO_FlexAID.def -dat /Users/nf477/Projects_Natalia/GROMACS/gromacs_ab_ligand_toolkit/ab_ligand_md_8complexes/Surfaces/FlexAID.dat

$ /Users/nf477/anaconda3/envs/nrgsuite/bin/python /Users/nf477/Projects_Natalia/GROMACS/gromacs_ab_ligand_toolkit/ab_ligand_md_8complexes/Surfaces/clean_structure.py -f 1G10_ddhC_P001_WL97N.pdb -def /Users/nf477/Projects_Natalia/GROMACS/gromacs_ab_ligand_toolkit/ab_ligand_md_8complexes/computational_DMS_top_occupancy_poses/1G10__ddhC/surfaces_definition/custom_MOL_AMINO_FlexAID.def

$ /Users/nf477/anaconda3/envs/nrgsuite/bin/python /Users/nf477/Projects_Natalia/GROMACS/gromacs_ab_ligand_toolkit/ab_ligand_md_8complexes/Surfaces/surface_cont_lig.py -f /Users/nf477/Projects_Natalia/GROMACS/gromacs_ab_ligand_toolkit/ab_ligand_md_8complexes/computational_DMS_top_occupancy_poses/1G10__ddhC/mutants/clean_1G10_ddhC_P001_WL97N.pdb -c HL -lig MOL -o /Users/nf477/Projects_Natalia/GROMACS/gromacs_ab_ligand_toolkit/ab_ligand_md_8complexes/computational_DMS_top_occupancy_poses/1G10__ddhC/surfaces/WL97N_output.csv -def /Users/nf477/Projects_Natalia/GROMACS/gromacs_ab_ligand_toolkit/ab_ligand_md_8complexes/computational_DMS_top_occupancy_poses/1G10__ddhC/surfaces_definition/custom_MOL_AMINO_FlexAID.def -dat /Users/nf477/Projects_Natalia/GROMACS/gromacs_ab_ligand_toolkit/ab_ligand_md_8complexes/Surfaces/FlexAID.dat

$ /Users/nf477/anaconda3/envs/nrgsuite/bin/python /Users/nf477/Projects_Natalia/GROMACS/gromacs_ab_ligand_toolkit/ab_ligand_md_8complexes/Surfaces/clean_structure.py -f 1G10_ddhC_P001_WL97P.pdb -def /Users/nf477/Projects_Natalia/GROMACS/gromacs_ab_ligand_toolkit/ab_ligand_md_8complexes/computational_DMS_top_occupancy_poses/1G10__ddhC/surfaces_definition/custom_MOL_AMINO_FlexAID.def

$ /Users/nf477/anaconda3/envs/nrgsuite/bin/python /Users/nf477/Projects_Natalia/GROMACS/gromacs_ab_ligand_toolkit/ab_ligand_md_8complexes/Surfaces/surface_cont_lig.py -f /Users/nf477/Projects_Natalia/GROMACS/gromacs_ab_ligand_toolkit/ab_ligand_md_8complexes/computational_DMS_top_occupancy_poses/1G10__ddhC/mutants/clean_1G10_ddhC_P001_WL97P.pdb -c HL -lig MOL -o /Users/nf477/Projects_Natalia/GROMACS/gromacs_ab_ligand_toolkit/ab_ligand_md_8complexes/computational_DMS_top_occupancy_poses/1G10__ddhC/surfaces/WL97P_output.csv -def /Users/nf477/Projects_Natalia/GROMACS/gromacs_ab_ligand_toolkit/ab_ligand_md_8complexes/computational_DMS_top_occupancy_poses/1G10__ddhC/surfaces_definition/custom_MOL_AMINO_FlexAID.def -dat /Users/nf477/Projects_Natalia/GROMACS/gromacs_ab_ligand_toolkit/ab_ligand_md_8complexes/Surfaces/FlexAID.dat

$ /Users/nf477/anaconda3/envs/nrgsuite/bin/python /Users/nf477/Projects_Natalia/GROMACS/gromacs_ab_ligand_toolkit/ab_ligand_md_8complexes/Surfaces/clean_structure.py -f 1G10_ddhC_P001_WL97Q.pdb -def /Users/nf477/Projects_Natalia/GROMACS/gromacs_ab_ligand_toolkit/ab_ligand_md_8complexes/computational_DMS_top_occupancy_poses/1G10__ddhC/surfaces_definition/custom_MOL_AMINO_FlexAID.def

$ /Users/nf477/anaconda3/envs/nrgsuite/bin/python /Users/nf477/Projects_Natalia/GROMACS/gromacs_ab_ligand_toolkit/ab_ligand_md_8complexes/Surfaces/surface_cont_lig.py -f /Users/nf477/Projects_Natalia/GROMACS/gromacs_ab_ligand_toolkit/ab_ligand_md_8complexes/computational_DMS_top_occupancy_poses/1G10__ddhC/mutants/clean_1G10_ddhC_P001_WL97Q.pdb -c HL -lig MOL -o /Users/nf477/Projects_Natalia/GROMACS/gromacs_ab_ligand_toolkit/ab_ligand_md_8complexes/computational_DMS_top_occupancy_poses/1G10__ddhC/surfaces/WL97Q_output.csv -def /Users/nf477/Projects_Natalia/GROMACS/gromacs_ab_ligand_toolkit/ab_ligand_md_8complexes/computational_DMS_top_occupancy_poses/1G10__ddhC/surfaces_definition/custom_MOL_AMINO_FlexAID.def -dat /Users/nf477/Projects_Natalia/GROMACS/gromacs_ab_ligand_toolkit/ab_ligand_md_8complexes/Surfaces/FlexAID.dat

$ /Users/nf477/anaconda3/envs/nrgsuite/bin/python /Users/nf477/Projects_Natalia/GROMACS/gromacs_ab_ligand_toolkit/ab_ligand_md_8complexes/Surfaces/clean_structure.py -f 1G10_ddhC_P001_WL97R.pdb -def /Users/nf477/Projects_Natalia/GROMACS/gromacs_ab_ligand_toolkit/ab_ligand_md_8complexes/computational_DMS_top_occupancy_poses/1G10__ddhC/surfaces_definition/custom_MOL_AMINO_FlexAID.def

$ /Users/nf477/anaconda3/envs/nrgsuite/bin/python /Users/nf477/Projects_Natalia/GROMACS/gromacs_ab_ligand_toolkit/ab_ligand_md_8complexes/Surfaces/surface_cont_lig.py -f /Users/nf477/Projects_Natalia/GROMACS/gromacs_ab_ligand_toolkit/ab_ligand_md_8complexes/computational_DMS_top_occupancy_poses/1G10__ddhC/mutants/clean_1G10_ddhC_P001_WL97R.pdb -c HL -lig MOL -o /Users/nf477/Projects_Natalia/GROMACS/gromacs_ab_ligand_toolkit/ab_ligand_md_8complexes/computational_DMS_top_occupancy_poses/1G10__ddhC/surfaces/WL97R_output.csv -def /Users/nf477/Projects_Natalia/GROMACS/gromacs_ab_ligand_toolkit/ab_ligand_md_8complexes/computational_DMS_top_occupancy_poses/1G10__ddhC/surfaces_definition/custom_MOL_AMINO_FlexAID.def -dat /Users/nf477/Projects_Natalia/GROMACS/gromacs_ab_ligand_toolkit/ab_ligand_md_8complexes/Surfaces/FlexAID.dat

$ /Users/nf477/anaconda3/envs/nrgsuite/bin/python /Users/nf477/Projects_Natalia/GROMACS/gromacs_ab_ligand_toolkit/ab_ligand_md_8complexes/Surfaces/clean_structure.py -f 1G10_ddhC_P001_WL97S.pdb -def /Users/nf477/Projects_Natalia/GROMACS/gromacs_ab_ligand_toolkit/ab_ligand_md_8complexes/computational_DMS_top_occupancy_poses/1G10__ddhC/surfaces_definition/custom_MOL_AMINO_FlexAID.def

$ /Users/nf477/anaconda3/envs/nrgsuite/bin/python /Users/nf477/Projects_Natalia/GROMACS/gromacs_ab_ligand_toolkit/ab_ligand_md_8complexes/Surfaces/surface_cont_lig.py -f /Users/nf477/Projects_Natalia/GROMACS/gromacs_ab_ligand_toolkit/ab_ligand_md_8complexes/computational_DMS_top_occupancy_poses/1G10__ddhC/mutants/clean_1G10_ddhC_P001_WL97S.pdb -c HL -lig MOL -o /Users/nf477/Projects_Natalia/GROMACS/gromacs_ab_ligand_toolkit/ab_ligand_md_8complexes/computational_DMS_top_occupancy_poses/1G10__ddhC/surfaces/WL97S_output.csv -def /Users/nf477/Projects_Natalia/GROMACS/gromacs_ab_ligand_toolkit/ab_ligand_md_8complexes/computational_DMS_top_occupancy_poses/1G10__ddhC/surfaces_definition/custom_MOL_AMINO_FlexAID.def -dat /Users/nf477/Projects_Natalia/GROMACS/gromacs_ab_ligand_toolkit/ab_ligand_md_8complexes/Surfaces/FlexAID.dat

$ /Users/nf477/anaconda3/envs/nrgsuite/bin/python /Users/nf477/Projects_Natalia/GROMACS/gromacs_ab_ligand_toolkit/ab_ligand_md_8complexes/Surfaces/clean_structure.py -f 1G10_ddhC_P001_WL97T.pdb -def /Users/nf477/Projects_Natalia/GROMACS/gromacs_ab_ligand_toolkit/ab_ligand_md_8complexes/computational_DMS_top_occupancy_poses/1G10__ddhC/surfaces_definition/custom_MOL_AMINO_FlexAID.def

$ /Users/nf477/anaconda3/envs/nrgsuite/bin/python /Users/nf477/Projects_Natalia/GROMACS/gromacs_ab_ligand_toolkit/ab_ligand_md_8complexes/Surfaces/surface_cont_lig.py -f /Users/nf477/Projects_Natalia/GROMACS/gromacs_ab_ligand_toolkit/ab_ligand_md_8complexes/computational_DMS_top_occupancy_poses/1G10__ddhC/mutants/clean_1G10_ddhC_P001_WL97T.pdb -c HL -lig MOL -o /Users/nf477/Projects_Natalia/GROMACS/gromacs_ab_ligand_toolkit/ab_ligand_md_8complexes/computational_DMS_top_occupancy_poses/1G10__ddhC/surfaces/WL97T_output.csv -def /Users/nf477/Projects_Natalia/GROMACS/gromacs_ab_ligand_toolkit/ab_ligand_md_8complexes/computational_DMS_top_occupancy_poses/1G10__ddhC/surfaces_definition/custom_MOL_AMINO_FlexAID.def -dat /Users/nf477/Projects_Natalia/GROMACS/gromacs_ab_ligand_toolkit/ab_ligand_md_8complexes/Surfaces/FlexAID.dat

$ /Users/nf477/anaconda3/envs/nrgsuite/bin/python /Users/nf477/Projects_Natalia/GROMACS/gromacs_ab_ligand_toolkit/ab_ligand_md_8complexes/Surfaces/clean_structure.py -f 1G10_ddhC_P001_WL97V.pdb -def /Users/nf477/Projects_Natalia/GROMACS/gromacs_ab_ligand_toolkit/ab_ligand_md_8complexes/computational_DMS_top_occupancy_poses/1G10__ddhC/surfaces_definition/custom_MOL_AMINO_FlexAID.def

$ /Users/nf477/anaconda3/envs/nrgsuite/bin/python /Users/nf477/Projects_Natalia/GROMACS/gromacs_ab_ligand_toolkit/ab_ligand_md_8complexes/Surfaces/surface_cont_lig.py -f /Users/nf477/Projects_Natalia/GROMACS/gromacs_ab_ligand_toolkit/ab_ligand_md_8complexes/computational_DMS_top_occupancy_poses/1G10__ddhC/mutants/clean_1G10_ddhC_P001_WL97V.pdb -c HL -lig MOL -o /Users/nf477/Projects_Natalia/GROMACS/gromacs_ab_ligand_toolkit/ab_ligand_md_8complexes/computational_DMS_top_occupancy_poses/1G10__ddhC/surfaces/WL97V_output.csv -def /Users/nf477/Projects_Natalia/GROMACS/gromacs_ab_ligand_toolkit/ab_ligand_md_8complexes/computational_DMS_top_occupancy_poses/1G10__ddhC/surfaces_definition/custom_MOL_AMINO_FlexAID.def -dat /Users/nf477/Projects_Natalia/GROMACS/gromacs_ab_ligand_toolkit/ab_ligand_md_8complexes/Surfaces/FlexAID.dat

$ /Users/nf477/anaconda3/envs/nrgsuite/bin/python /Users/nf477/Projects_Natalia/GROMACS/gromacs_ab_ligand_toolkit/ab_ligand_md_8complexes/Surfaces/clean_structure.py -f 1G10_ddhC_P001_WL97W.pdb -def /Users/nf477/Projects_Natalia/GROMACS/gromacs_ab_ligand_toolkit/ab_ligand_md_8complexes/computational_DMS_top_occupancy_poses/1G10__ddhC/surfaces_definition/custom_MOL_AMINO_FlexAID.def

$ /Users/nf477/anaconda3/envs/nrgsuite/bin/python /Users/nf477/Projects_Natalia/GROMACS/gromacs_ab_ligand_toolkit/ab_ligand_md_8complexes/Surfaces/surface_cont_lig.py -f /Users/nf477/Projects_Natalia/GROMACS/gromacs_ab_ligand_toolkit/ab_ligand_md_8complexes/computational_DMS_top_occupancy_poses/1G10__ddhC/mutants/clean_1G10_ddhC_P001_WL97W.pdb -c HL -lig MOL -o /Users/nf477/Projects_Natalia/GROMACS/gromacs_ab_ligand_toolkit/ab_ligand_md_8complexes/computational_DMS_top_occupancy_poses/1G10__ddhC/surfaces/WL97W_output.csv -def /Users/nf477/Projects_Natalia/GROMACS/gromacs_ab_ligand_toolkit/ab_ligand_md_8complexes/computational_DMS_top_occupancy_poses/1G10__ddhC/surfaces_definition/custom_MOL_AMINO_FlexAID.def -dat /Users/nf477/Projects_Natalia/GROMACS/gromacs_ab_ligand_toolkit/ab_ligand_md_8complexes/Surfaces/FlexAID.dat

$ /Users/nf477/anaconda3/envs/nrgsuite/bin/python /Users/nf477/Projects_Natalia/GROMACS/gromacs_ab_ligand_toolkit/ab_ligand_md_8complexes/Surfaces/clean_structure.py -f 1G10_ddhC_P001_WL97Y.pdb -def /Users/nf477/Projects_Natalia/GROMACS/gromacs_ab_ligand_toolkit/ab_ligand_md_8complexes/computational_DMS_top_occupancy_poses/1G10__ddhC/surfaces_definition/custom_MOL_AMINO_FlexAID.def

$ /Users/nf477/anaconda3/envs/nrgsuite/bin/python /Users/nf477/Projects_Natalia/GROMACS/gromacs_ab_ligand_toolkit/ab_ligand_md_8complexes/Surfaces/surface_cont_lig.py -f /Users/nf477/Projects_Natalia/GROMACS/gromacs_ab_ligand_toolkit/ab_ligand_md_8complexes/computational_DMS_top_occupancy_poses/1G10__ddhC/mutants/clean_1G10_ddhC_P001_WL97Y.pdb -c HL -lig MOL -o /Users/nf477/Projects_Natalia/GROMACS/gromacs_ab_ligand_toolkit/ab_ligand_md_8complexes/computational_DMS_top_occupancy_poses/1G10__ddhC/surfaces/WL97Y_output.csv -def /Users/nf477/Projects_Natalia/GROMACS/gromacs_ab_ligand_toolkit/ab_ligand_md_8complexes/computational_DMS_top_occupancy_poses/1G10__ddhC/surfaces_definition/custom_MOL_AMINO_FlexAID.def -dat /Users/nf477/Projects_Natalia/GROMACS/gromacs_ab_ligand_toolkit/ab_ligand_md_8complexes/Surfaces/FlexAID.dat

