$ /Users/nf477/anaconda3/envs/nrgsuite/bin/python /Users/nf477/Projects_Natalia/GROMACS/gromacs_ab_ligand_toolkit/ab_ligand_md_8complexes/Surfaces/clean_structure.py -f 4E2_ddhC_P001_WT_top_pose.pdb -def /Users/nf477/Projects_Natalia/GROMACS/gromacs_ab_ligand_toolkit/ab_ligand_md_8complexes/computational_DMS_top_occupancy_poses/4E2__ddhC/surfaces_definition/custom_MOL_AMINO_FlexAID.def
WARNING: ATOM H1 NOT DEFINED FOR CYS
WARNING: ATOM H2 NOT DEFINED FOR CYS
WARNING: ATOM H3 NOT DEFINED FOR CYS
WARNING: ATOM HA NOT DEFINED FOR CYS
WARNING: ATOM HB1 NOT DEFINED FOR CYS
WARNING: ATOM HB2 NOT DEFINED FOR CYS
WARNING: ATOM HG NOT DEFINED FOR CYS
WARNING: ATOM H NOT DEFINED FOR GLN
WARNING: ATOM HA NOT DEFINED FOR GLN
WARNING: ATOM HB1 NOT DEFINED FOR GLN
WARNING: ATOM HB2 NOT DEFINED FOR GLN
WARNING: ATOM HG1 NOT DEFINED FOR GLN
WARNING: ATOM HG2 NOT DEFINED FOR GLN
WARNING: ATOM HE21 NOT DEFINED FOR GLN
WARNING: ATOM HE22 NOT DEFINED FOR GLN
WARNING: ATOM H NOT DEFINED FOR SER
WARNING: ATOM HA NOT DEFINED FOR SER
WARNING: ATOM HB1 NOT DEFINED FOR SER
WARNING: ATOM HB2 NOT DEFINED FOR SER
WARNING: ATOM HG NOT DEFINED FOR SER
WARNING: ATOM H NOT DEFINED FOR LEU
WARNING: ATOM HA NOT DEFINED FOR LEU
WARNING: ATOM HB1 NOT DEFINED FOR LEU
WARNING: ATOM HB2 NOT DEFINED FOR LEU
WARNING: ATOM HG NOT DEFINED FOR LEU
WARNING: ATOM HD11 NOT DEFINED FOR LEU
WARNING: ATOM HD12 NOT DEFINED FOR LEU
WARNING: ATOM HD13 NOT DEFINED FOR LEU
WARNING: ATOM HD21 NOT DEFINED FOR LEU
WARNING: ATOM HD22 NOT DEFINED FOR LEU
WARNING: ATOM HD23 NOT DEFINED FOR LEU
WARNING: ATOM H NOT DEFINED FOR GLU
WARNING: ATOM HA NOT DEFINED FOR GLU
WARNING: ATOM HB1 NOT DEFINED FOR GLU
WARNING: ATOM HB2 NOT DEFINED FOR GLU
WARNING: ATOM HG1 NOT DEFINED FOR GLU
WARNING: ATOM HG2 NOT DEFINED FOR GLU
WARNING: ATOM H NOT DEFINED FOR GLU
WARNING: ATOM HA NOT DEFINED FOR GLU
WARNING: ATOM HB1 NOT DEFINED FOR GLU
WARNING: ATOM HB2 NOT DEFINED FOR GLU
WARNING: ATOM HG1 NOT DEFINED FOR GLU
WARNING: ATOM HG2 NOT DEFINED FOR GLU
WARNING: ATOM H NOT DEFINED FOR SER
WARNING: ATOM HA NOT DEFINED FOR SER
WARNING: ATOM HB1 NOT DEFINED FOR SER
WARNING: ATOM HB2 NOT DEFINED FOR SER
WARNING: ATOM HG NOT DEFINED FOR SER
WARNING: ATOM H NOT DEFINED FOR GLY
WARNING: ATOM HA1 NOT DEFINED FOR GLY
WARNING: ATOM HA2 NOT DEFINED FOR GLY
WARNING: ATOM H NOT DEFINED FOR GLY
WARNING: ATOM HA1 NOT DEFINED FOR GLY
WARNING: ATOM HA2 NOT DEFINED FOR GLY
WARNING: ATOM H NOT DEFINED FOR ARG
WARNING: ATOM HA NOT DEFINED FOR ARG
WARNING: ATOM HB1 NOT DEFINED FOR ARG
WARNING: ATOM HB2 NOT DEFINED FOR ARG
WARNING: ATOM HG1 NOT DEFINED FOR ARG
WARNING: ATOM HG2 NOT DEFINED FOR ARG
WARNING: ATOM HD1 NOT DEFINED FOR ARG
WARNING: ATOM HD2 NOT DEFINED FOR ARG
WARNING: ATOM HE NOT DEFINED FOR ARG
WARNING: ATOM HH11 NOT DEFINED FOR ARG
WARNING: ATOM HH12 NOT DEFINED FOR ARG
WARNING: ATOM HH21 NOT DEFINED FOR ARG
WARNING: ATOM HH22 NOT DEFINED FOR ARG
WARNING: ATOM H NOT DEFINED FOR LEU
WARNING: ATOM HA NOT DEFINED FOR LEU
WARNING: ATOM HB1 NOT DEFINED FOR LEU
WARNING: ATOM HB2 NOT DEFINED FOR LEU
WARNING: ATOM HG NOT DEFINED FOR LEU
WARNING: ATOM HD11 NOT DEFINED FOR LEU
WARNING: ATOM HD12 NOT DEFINED FOR LEU
WARNING: ATOM HD13 NOT DEFINED FOR LEU
WARNING: ATOM HD21 NOT DEFINED FOR LEU
WARNING: ATOM HD22 NOT DEFINED FOR LEU
WARNING: ATOM HD23 NOT DEFINED FOR LEU
WARNING: ATOM H NOT DEFINED FOR VAL
WARNING: ATOM HA NOT DEFINED FOR VAL
WARNING: ATOM HB NOT DEFINED FOR VAL
WARNING: ATOM HG11 NOT DEFINED FOR VAL
WARNING: ATOM HG12 NOT DEFINED FOR VAL
WARNING: ATOM HG13 NOT DEFINED FOR VAL
WARNING: ATOM HG21 NOT DEFINED FOR VAL
WARNING: ATOM HG22 NOT DEFINED FOR VAL
WARNING: ATOM HG23 NOT DEFINED FOR VAL
WARNING: ATOM H NOT DEFINED FOR THR
WARNING: ATOM HA NOT DEFINED FOR THR
WARNING: ATOM HB NOT DEFINED FOR THR
WARNING: ATOM HG21 NOT DEFINED FOR THR
WARNING: ATOM HG22 NOT DEFINED FOR THR
WARNING: ATOM HG23 NOT DEFINED FOR THR
WARNING: ATOM HG1 NOT DEFINED FOR THR
WARNING: ATOM HD1 NOT DEFINED FOR PRO
WARNING: ATOM HD2 NOT DEFINED FOR PRO
WARNING: ATOM HG1 NOT DEFINED FOR PRO
WARNING: ATOM HG2 NOT DEFINED FOR PRO
WARNING: ATOM HB1 NOT DEFINED FOR PRO
WARNING: ATOM HB2 NOT DEFINED FOR PRO
WARNING: ATOM HA NOT DEFINED FOR PRO
WARNING: ATOM H NOT DEFINED FOR GLY
WARNING: ATOM HA1 NOT DEFINED FOR GLY
WARNING: ATOM HA2 NOT DEFINED FOR GLY
WARNING: ATOM H NOT DEFINED FOR THR
WARNING: ATOM HA NOT DEFINED FOR THR
WARNING: ATOM HB NOT DEFINED FOR THR
WARNING: ATOM HG21 NOT DEFINED FOR THR
WARNING: ATOM HG22 NOT DEFINED FOR THR
WARNING: ATOM HG23 NOT DEFINED FOR THR
WARNING: ATOM HG1 NOT DEFINED FOR THR
WARNING: ATOM HD1 NOT DEFINED FOR PRO
WARNING: ATOM HD2 NOT DEFINED FOR PRO
WARNING: ATOM HG1 NOT DEFINED FOR PRO
WARNING: ATOM HG2 NOT DEFINED FOR PRO
WARNING: ATOM HB1 NOT DEFINED FOR PRO
WARNING: ATOM HB2 NOT DEFINED FOR PRO
WARNING: ATOM HA NOT DEFINED FOR PRO
WARNING: ATOM H NOT DEFINED FOR LEU
WARNING: ATOM HA NOT DEFINED FOR LEU
WARNING: ATOM HB1 NOT DEFINED FOR LEU
WARNING: ATOM HB2 NOT DEFINED FOR LEU
WARNING: ATOM HG NOT DEFINED FOR LEU
WARNING: ATOM HD11 NOT DEFINED FOR LEU
WARNING: ATOM HD12 NOT DEFINED FOR LEU
WARNING: ATOM HD13 NOT DEFINED FOR LEU
WARNING: ATOM HD21 NOT DEFINED FOR LEU
WARNING: ATOM HD22 NOT DEFINED FOR LEU
WARNING: ATOM HD23 NOT DEFINED FOR LEU
WARNING: ATOM H NOT DEFINED FOR THR
WARNING: ATOM HA NOT DEFINED FOR THR
WARNING: ATOM HB NOT DEFINED FOR THR
WARNING: ATOM HG21 NOT DEFINED FOR THR
WARNING: ATOM HG22 NOT DEFINED FOR THR
WARNING: ATOM HG23 NOT DEFINED FOR THR
WARNING: ATOM HG1 NOT DEFINED FOR THR
WARNING: ATOM H NOT DEFINED FOR LEU
WARNING: ATOM HA NOT DEFINED FOR LEU
WARNING: ATOM HB1 NOT DEFINED FOR LEU
WARNING: ATOM HB2 NOT DEFINED FOR LEU
WARNING: ATOM HG NOT DEFINED FOR LEU
WARNING: ATOM HD11 NOT DEFINED FOR LEU
WARNING: ATOM HD12 NOT DEFINED FOR LEU
WARNING: ATOM HD13 NOT DEFINED FOR LEU
WARNING: ATOM HD21 NOT DEFINED FOR LEU
WARNING: ATOM HD22 NOT DEFINED FOR LEU
WARNING: ATOM HD23 NOT DEFINED FOR LEU
WARNING: ATOM H NOT DEFINED FOR THR
WARNING: ATOM HA NOT DEFINED FOR THR
WARNING: ATOM HB NOT DEFINED FOR THR
WARNING: ATOM HG21 NOT DEFINED FOR THR
WARNING: ATOM HG22 NOT DEFINED FOR THR
WARNING: ATOM HG23 NOT DEFINED FOR THR
WARNING: ATOM HG1 NOT DEFINED FOR THR
WARNING: ATOM H NOT DEFINED FOR CYS
WARNING: ATOM HA NOT DEFINED FOR CYS
WARNING: ATOM HB1 NOT DEFINED FOR CYS
WARNING: ATOM HB2 NOT DEFINED FOR CYS
WARNING: ATOM H NOT DEFINED FOR THR
WARNING: ATOM HA NOT DEFINED FOR THR
WARNING: ATOM HB NOT DEFINED FOR THR
WARNING: ATOM HG21 NOT DEFINED FOR THR
WARNING: ATOM HG22 NOT DEFINED FOR THR
WARNING: ATOM HG23 NOT DEFINED FOR THR
WARNING: ATOM HG1 NOT DEFINED FOR THR
WARNING: ATOM H NOT DEFINED FOR ALA
WARNING: ATOM HA NOT DEFINED FOR ALA
WARNING: ATOM HB1 NOT DEFINED FOR ALA
WARNING: ATOM HB2 NOT DEFINED FOR ALA
WARNING: ATOM HB3 NOT DEFINED FOR ALA
WARNING: ATOM H NOT DEFINED FOR SER
WARNING: ATOM HA NOT DEFINED FOR SER
WARNING: ATOM HB1 NOT DEFINED FOR SER
WARNING: ATOM HB2 NOT DEFINED FOR SER
WARNING: ATOM HG NOT DEFINED FOR SER
WARNING: ATOM H NOT DEFINED FOR GLY
WARNING: ATOM HA1 NOT DEFINED FOR GLY
WARNING: ATOM HA2 NOT DEFINED FOR GLY
WARNING: ATOM H NOT DEFINED FOR PHE
WARNING: ATOM HA NOT DEFINED FOR PHE
WARNING: ATOM HB1 NOT DEFINED FOR PHE
WARNING: ATOM HB2 NOT DEFINED FOR PHE
WARNING: ATOM HD1 NOT DEFINED FOR PHE
WARNING: ATOM HE1 NOT DEFINED FOR PHE
WARNING: ATOM HZ NOT DEFINED FOR PHE
WARNING: ATOM HE2 NOT DEFINED FOR PHE
WARNING: ATOM HD2 NOT DEFINED FOR PHE
WARNING: ATOM H NOT DEFINED FOR ASP
WARNING: ATOM HA NOT DEFINED FOR ASP
WARNING: ATOM HB1 NOT DEFINED FOR ASP
WARNING: ATOM HB2 NOT DEFINED FOR ASP
WARNING: ATOM H NOT DEFINED FOR ILE
WARNING: ATOM HA NOT DEFINED FOR ILE
WARNING: ATOM HB NOT DEFINED FOR ILE
WARNING: ATOM HG21 NOT DEFINED FOR ILE
WARNING: ATOM HG22 NOT DEFINED FOR ILE
WARNING: ATOM HG23 NOT DEFINED FOR ILE
WARNING: ATOM HG11 NOT DEFINED FOR ILE
WARNING: ATOM HG12 NOT DEFINED FOR ILE
WARNING: ATOM HD1 NOT DEFINED FOR ILE
WARNING: ATOM HD2 NOT DEFINED FOR ILE
WARNING: ATOM HD3 NOT DEFINED FOR ILE
WARNING: ATOM H NOT DEFINED FOR SER
WARNING: ATOM HA NOT DEFINED FOR SER
WARNING: ATOM HB1 NOT DEFINED FOR SER
WARNING: ATOM HB2 NOT DEFINED FOR SER
WARNING: ATOM HG NOT DEFINED FOR SER
WARNING: ATOM H NOT DEFINED FOR THR
WARNING: ATOM HA NOT DEFINED FOR THR
WARNING: ATOM HB NOT DEFINED FOR THR
WARNING: ATOM HG21 NOT DEFINED FOR THR
WARNING: ATOM HG22 NOT DEFINED FOR THR
WARNING: ATOM HG23 NOT DEFINED FOR THR
WARNING: ATOM HG1 NOT DEFINED FOR THR
WARNING: ATOM H NOT DEFINED FOR TYR
WARNING: ATOM HA NOT DEFINED FOR TYR
WARNING: ATOM HB1 NOT DEFINED FOR TYR
WARNING: ATOM HB2 NOT DEFINED FOR TYR
WARNING: ATOM HD1 NOT DEFINED FOR TYR
WARNING: ATOM HE1 NOT DEFINED FOR TYR
WARNING: ATOM HH NOT DEFINED FOR TYR
WARNING: ATOM HE2 NOT DEFINED FOR TYR
WARNING: ATOM HD2 NOT DEFINED FOR TYR
WARNING: ATOM H NOT DEFINED FOR ASN
WARNING: ATOM HA NOT DEFINED FOR ASN
WARNING: ATOM HB1 NOT DEFINED FOR ASN
WARNING: ATOM HB2 NOT DEFINED FOR ASN
WARNING: ATOM HD21 NOT DEFINED FOR ASN
WARNING: ATOM HD22 NOT DEFINED FOR ASN
WARNING: ATOM H NOT DEFINED FOR ILE
WARNING: ATOM HA NOT DEFINED FOR ILE
WARNING: ATOM HB NOT DEFINED FOR ILE
WARNING: ATOM HG21 NOT DEFINED FOR ILE
WARNING: ATOM HG22 NOT DEFINED FOR ILE
WARNING: ATOM HG23 NOT DEFINED FOR ILE
WARNING: ATOM HG11 NOT DEFINED FOR ILE
WARNING: ATOM HG12 NOT DEFINED FOR ILE
WARNING: ATOM HD1 NOT DEFINED FOR ILE
WARNING: ATOM HD2 NOT DEFINED FOR ILE
WARNING: ATOM HD3 NOT DEFINED FOR ILE
WARNING: ATOM H NOT DEFINED FOR GLN
WARNING: ATOM HA NOT DEFINED FOR GLN
WARNING: ATOM HB1 NOT DEFINED FOR GLN
WARNING: ATOM HB2 NOT DEFINED FOR GLN
WARNING: ATOM HG1 NOT DEFINED FOR GLN
WARNING: ATOM HG2 NOT DEFINED FOR GLN
WARNING: ATOM HE21 NOT DEFINED FOR GLN
WARNING: ATOM HE22 NOT DEFINED FOR GLN
WARNING: ATOM H NOT DEFINED FOR TRP
WARNING: ATOM HA NOT DEFINED FOR TRP
WARNING: ATOM HB1 NOT DEFINED FOR TRP
WARNING: ATOM HB2 NOT DEFINED FOR TRP
WARNING: ATOM HD1 NOT DEFINED FOR TRP
WARNING: ATOM HE1 NOT DEFINED FOR TRP
WARNING: ATOM HZ2 NOT DEFINED FOR TRP
WARNING: ATOM HH2 NOT DEFINED FOR TRP
WARNING: ATOM HZ3 NOT DEFINED FOR TRP
WARNING: ATOM HE3 NOT DEFINED FOR TRP
WARNING: ATOM H NOT DEFINED FOR VAL
WARNING: ATOM HA NOT DEFINED FOR VAL
WARNING: ATOM HB NOT DEFINED FOR VAL
WARNING: ATOM HG11 NOT DEFINED FOR VAL
WARNING: ATOM HG12 NOT DEFINED FOR VAL
WARNING: ATOM HG13 NOT DEFINED FOR VAL
WARNING: ATOM HG21 NOT DEFINED FOR VAL
WARNING: ATOM HG22 NOT DEFINED FOR VAL
WARNING: ATOM HG23 NOT DEFINED FOR VAL
WARNING: ATOM H NOT DEFINED FOR ARG
WARNING: ATOM HA NOT DEFINED FOR ARG
WARNING: ATOM HB1 NOT DEFINED FOR ARG
WARNING: ATOM HB2 NOT DEFINED FOR ARG
WARNING: ATOM HG1 NOT DEFINED FOR ARG
WARNING: ATOM HG2 NOT DEFINED FOR ARG
WARNING: ATOM HD1 NOT DEFINED FOR ARG
WARNING: ATOM HD2 NOT DEFINED FOR ARG
WARNING: ATOM HE NOT DEFINED FOR ARG
WARNING: ATOM HH11 NOT DEFINED FOR ARG
WARNING: ATOM HH12 NOT DEFINED FOR ARG
WARNING: ATOM HH21 NOT DEFINED FOR ARG
WARNING: ATOM HH22 NOT DEFINED FOR ARG
WARNING: ATOM H NOT DEFINED FOR GLN
WARNING: ATOM HA NOT DEFINED FOR GLN
WARNING: ATOM HB1 NOT DEFINED FOR GLN
WARNING: ATOM HB2 NOT DEFINED FOR GLN
WARNING: ATOM HG1 NOT DEFINED FOR GLN
WARNING: ATOM HG2 NOT DEFINED FOR GLN
WARNING: ATOM HE21 NOT DEFINED FOR GLN
WARNING: ATOM HE22 NOT DEFINED FOR GLN
WARNING: ATOM H NOT DEFINED FOR ALA
WARNING: ATOM HA NOT DEFINED FOR ALA
WARNING: ATOM HB1 NOT DEFINED FOR ALA
WARNING: ATOM HB2 NOT DEFINED FOR ALA
WARNING: ATOM HB3 NOT DEFINED FOR ALA
WARNING: ATOM HD1 NOT DEFINED FOR PRO
WARNING: ATOM HD2 NOT DEFINED FOR PRO
WARNING: ATOM HG1 NOT DEFINED FOR PRO
WARNING: ATOM HG2 NOT DEFINED FOR PRO
WARNING: ATOM HB1 NOT DEFINED FOR PRO
WARNING: ATOM HB2 NOT DEFINED FOR PRO
WARNING: ATOM HA NOT DEFINED FOR PRO
WARNING: ATOM H NOT DEFINED FOR GLY
WARNING: ATOM HA1 NOT DEFINED FOR GLY
WARNING: ATOM HA2 NOT DEFINED FOR GLY
WARNING: ATOM H NOT DEFINED FOR LYS
WARNING: ATOM HA NOT DEFINED FOR LYS
WARNING: ATOM HB1 NOT DEFINED FOR LYS
WARNING: ATOM HB2 NOT DEFINED FOR LYS
WARNING: ATOM HG1 NOT DEFINED FOR LYS
WARNING: ATOM HG2 NOT DEFINED FOR LYS
WARNING: ATOM HD1 NOT DEFINED FOR LYS
WARNING: ATOM HD2 NOT DEFINED FOR LYS
WARNING: ATOM HE1 NOT DEFINED FOR LYS
WARNING: ATOM HE2 NOT DEFINED FOR LYS
WARNING: ATOM HZ1 NOT DEFINED FOR LYS
WARNING: ATOM HZ2 NOT DEFINED FOR LYS
WARNING: ATOM HZ3 NOT DEFINED FOR LYS
WARNING: ATOM H NOT DEFINED FOR GLY
WARNING: ATOM HA1 NOT DEFINED FOR GLY
WARNING: ATOM HA2 NOT DEFINED FOR GLY
WARNING: ATOM H NOT DEFINED FOR LEU
WARNING: ATOM HA NOT DEFINED FOR LEU
WARNING: ATOM HB1 NOT DEFINED FOR LEU
WARNING: ATOM HB2 NOT DEFINED FOR LEU
WARNING: ATOM HG NOT DEFINED FOR LEU
WARNING: ATOM HD11 NOT DEFINED FOR LEU
WARNING: ATOM HD12 NOT DEFINED FOR LEU
WARNING: ATOM HD13 NOT DEFINED FOR LEU
WARNING: ATOM HD21 NOT DEFINED FOR LEU
WARNING: ATOM HD22 NOT DEFINED FOR LEU
WARNING: ATOM HD23 NOT DEFINED FOR LEU
WARNING: ATOM H NOT DEFINED FOR GLU
WARNING: ATOM HA NOT DEFINED FOR GLU
WARNING: ATOM HB1 NOT DEFINED FOR GLU
WARNING: ATOM HB2 NOT DEFINED FOR GLU
WARNING: ATOM HG1 NOT DEFINED FOR GLU
WARNING: ATOM HG2 NOT DEFINED FOR GLU
WARNING: ATOM H NOT DEFINED FOR TRP
WARNING: ATOM HA NOT DEFINED FOR TRP
WARNING: ATOM HB1 NOT DEFINED FOR TRP
WARNING: ATOM HB2 NOT DEFINED FOR TRP
WARNING: ATOM HD1 NOT DEFINED FOR TRP
WARNING: ATOM HE1 NOT DEFINED FOR TRP
WARNING: ATOM HZ2 NOT DEFINED FOR TRP
WARNING: ATOM HH2 NOT DEFINED FOR TRP
WARNING: ATOM HZ3 NOT DEFINED FOR TRP
WARNING: ATOM HE3 NOT DEFINED FOR TRP
WARNING: ATOM H NOT DEFINED FOR ILE
WARNING: ATOM HA NOT DEFINED FOR ILE
WARNING: ATOM HB NOT DEFINED FOR ILE
WARNING: ATOM HG21 NOT DEFINED FOR ILE
WARNING: ATOM HG22 NOT DEFINED FOR ILE
WARNING: ATOM HG23 NOT DEFINED FOR ILE
WARNING: ATOM HG11 NOT DEFINED FOR ILE
WARNING: ATOM HG12 NOT DEFINED FOR ILE
WARNING: ATOM HD1 NOT DEFINED FOR ILE
WARNING: ATOM HD2 NOT DEFINED FOR ILE
WARNING: ATOM HD3 NOT DEFINED FOR ILE
WARNING: ATOM H NOT DEFINED FOR GLY
WARNING: ATOM HA1 NOT DEFINED FOR GLY
WARNING: ATOM HA2 NOT DEFINED FOR GLY
WARNING: ATOM H NOT DEFINED FOR ILE
WARNING: ATOM HA NOT DEFINED FOR ILE
WARNING: ATOM HB NOT DEFINED FOR ILE
WARNING: ATOM HG21 NOT DEFINED FOR ILE
WARNING: ATOM HG22 NOT DEFINED FOR ILE
WARNING: ATOM HG23 NOT DEFINED FOR ILE
WARNING: ATOM HG11 NOT DEFINED FOR ILE
WARNING: ATOM HG12 NOT DEFINED FOR ILE
WARNING: ATOM HD1 NOT DEFINED FOR ILE
WARNING: ATOM HD2 NOT DEFINED FOR ILE
WARNING: ATOM HD3 NOT DEFINED FOR ILE
WARNING: ATOM H NOT DEFINED FOR ILE
WARNING: ATOM HA NOT DEFINED FOR ILE
WARNING: ATOM HB NOT DEFINED FOR ILE
WARNING: ATOM HG21 NOT DEFINED FOR ILE
WARNING: ATOM HG22 NOT DEFINED FOR ILE
WARNING: ATOM HG23 NOT DEFINED FOR ILE
WARNING: ATOM HG11 NOT DEFINED FOR ILE
WARNING: ATOM HG12 NOT DEFINED FOR ILE
WARNING: ATOM HD1 NOT DEFINED FOR ILE
WARNING: ATOM HD2 NOT DEFINED FOR ILE
WARNING: ATOM HD3 NOT DEFINED FOR ILE
WARNING: ATOM H NOT DEFINED FOR ASN
WARNING: ATOM HA NOT DEFINED FOR ASN
WARNING: ATOM HB1 NOT DEFINED FOR ASN
WARNING: ATOM HB2 NOT DEFINED FOR ASN
WARNING: ATOM HD21 NOT DEFINED FOR ASN
WARNING: ATOM HD22 NOT DEFINED FOR ASN
WARNING: ATOM H NOT DEFINED FOR SER
WARNING: ATOM HA NOT DEFINED FOR SER
WARNING: ATOM HB1 NOT DEFINED FOR SER
WARNING: ATOM HB2 NOT DEFINED FOR SER
WARNING: ATOM HG NOT DEFINED FOR SER
WARNING: ATOM H NOT DEFINED FOR VAL
WARNING: ATOM HA NOT DEFINED FOR VAL
WARNING: ATOM HB NOT DEFINED FOR VAL
WARNING: ATOM HG11 NOT DEFINED FOR VAL
WARNING: ATOM HG12 NOT DEFINED FOR VAL
WARNING: ATOM HG13 NOT DEFINED FOR VAL
WARNING: ATOM HG21 NOT DEFINED FOR VAL
WARNING: ATOM HG22 NOT DEFINED FOR VAL
WARNING: ATOM HG23 NOT DEFINED FOR VAL
WARNING: ATOM H NOT DEFINED FOR GLY
WARNING: ATOM HA1 NOT DEFINED FOR GLY
WARNING: ATOM HA2 NOT DEFINED FOR GLY
WARNING: ATOM H NOT DEFINED FOR SER
WARNING: ATOM HA NOT DEFINED FOR SER
WARNING: ATOM HB1 NOT DEFINED FOR SER
WARNING: ATOM HB2 NOT DEFINED FOR SER
WARNING: ATOM HG NOT DEFINED FOR SER
WARNING: ATOM H NOT DEFINED FOR ALA
WARNING: ATOM HA NOT DEFINED FOR ALA
WARNING: ATOM HB1 NOT DEFINED FOR ALA
WARNING: ATOM HB2 NOT DEFINED FOR ALA
WARNING: ATOM HB3 NOT DEFINED FOR ALA
WARNING: ATOM H NOT DEFINED FOR TYR
WARNING: ATOM HA NOT DEFINED FOR TYR
WARNING: ATOM HB1 NOT DEFINED FOR TYR
WARNING: ATOM HB2 NOT DEFINED FOR TYR
WARNING: ATOM HD1 NOT DEFINED FOR TYR
WARNING: ATOM HE1 NOT DEFINED FOR TYR
WARNING: ATOM HH NOT DEFINED FOR TYR
WARNING: ATOM HE2 NOT DEFINED FOR TYR
WARNING: ATOM HD2 NOT DEFINED FOR TYR
WARNING: ATOM H NOT DEFINED FOR HIS
WARNING: ATOM HA NOT DEFINED FOR HIS
WARNING: ATOM HB1 NOT DEFINED FOR HIS
WARNING: ATOM HB2 NOT DEFINED FOR HIS
WARNING: ATOM HE1 NOT DEFINED FOR HIS
WARNING: ATOM HE2 NOT DEFINED FOR HIS
WARNING: ATOM HD2 NOT DEFINED FOR HIS
WARNING: ATOM H NOT DEFINED FOR ALA
WARNING: ATOM HA NOT DEFINED FOR ALA
WARNING: ATOM HB1 NOT DEFINED FOR ALA
WARNING: ATOM HB2 NOT DEFINED FOR ALA
WARNING: ATOM HB3 NOT DEFINED FOR ALA
WARNING: ATOM H NOT DEFINED FOR SER
WARNING: ATOM HA NOT DEFINED FOR SER
WARNING: ATOM HB1 NOT DEFINED FOR SER
WARNING: ATOM HB2 NOT DEFINED FOR SER
WARNING: ATOM HG NOT DEFINED FOR SER
WARNING: ATOM H NOT DEFINED FOR TRP
WARNING: ATOM HA NOT DEFINED FOR TRP
WARNING: ATOM HB1 NOT DEFINED FOR TRP
WARNING: ATOM HB2 NOT DEFINED FOR TRP
WARNING: ATOM HD1 NOT DEFINED FOR TRP
WARNING: ATOM HE1 NOT DEFINED FOR TRP
WARNING: ATOM HZ2 NOT DEFINED FOR TRP
WARNING: ATOM HH2 NOT DEFINED FOR TRP
WARNING: ATOM HZ3 NOT DEFINED FOR TRP
WARNING: ATOM HE3 NOT DEFINED FOR TRP
WARNING: ATOM H NOT DEFINED FOR ALA
WARNING: ATOM HA NOT DEFINED FOR ALA
WARNING: ATOM HB1 NOT DEFINED FOR ALA
WARNING: ATOM HB2 NOT DEFINED FOR ALA
WARNING: ATOM HB3 NOT DEFINED FOR ALA
WARNING: ATOM H NOT DEFINED FOR LYS
WARNING: ATOM HA NOT DEFINED FOR LYS
WARNING: ATOM HB1 NOT DEFINED FOR LYS
WARNING: ATOM HB2 NOT DEFINED FOR LYS
WARNING: ATOM HG1 NOT DEFINED FOR LYS
WARNING: ATOM HG2 NOT DEFINED FOR LYS
WARNING: ATOM HD1 NOT DEFINED FOR LYS
WARNING: ATOM HD2 NOT DEFINED FOR LYS
WARNING: ATOM HE1 NOT DEFINED FOR LYS
WARNING: ATOM HE2 NOT DEFINED FOR LYS
WARNING: ATOM HZ1 NOT DEFINED FOR LYS
WARNING: ATOM HZ2 NOT DEFINED FOR LYS
WARNING: ATOM HZ3 NOT DEFINED FOR LYS
WARNING: ATOM H NOT DEFINED FOR GLY
WARNING: ATOM HA1 NOT DEFINED FOR GLY
WARNING: ATOM HA2 NOT DEFINED FOR GLY
WARNING: ATOM H NOT DEFINED FOR ARG
WARNING: ATOM HA NOT DEFINED FOR ARG
WARNING: ATOM HB1 NOT DEFINED FOR ARG
WARNING: ATOM HB2 NOT DEFINED FOR ARG
WARNING: ATOM HG1 NOT DEFINED FOR ARG
WARNING: ATOM HG2 NOT DEFINED FOR ARG
WARNING: ATOM HD1 NOT DEFINED FOR ARG
WARNING: ATOM HD2 NOT DEFINED FOR ARG
WARNING: ATOM HE NOT DEFINED FOR ARG
WARNING: ATOM HH11 NOT DEFINED FOR ARG
WARNING: ATOM HH12 NOT DEFINED FOR ARG
WARNING: ATOM HH21 NOT DEFINED FOR ARG
WARNING: ATOM HH22 NOT DEFINED FOR ARG
WARNING: ATOM H NOT DEFINED FOR PHE
WARNING: ATOM HA NOT DEFINED FOR PHE
WARNING: ATOM HB1 NOT DEFINED FOR PHE
WARNING: ATOM HB2 NOT DEFINED FOR PHE
WARNING: ATOM HD1 NOT DEFINED FOR PHE
WARNING: ATOM HE1 NOT DEFINED FOR PHE
WARNING: ATOM HZ NOT DEFINED FOR PHE
WARNING: ATOM HE2 NOT DEFINED FOR PHE
WARNING: ATOM HD2 NOT DEFINED FOR PHE
WARNING: ATOM H NOT DEFINED FOR THR
WARNING: ATOM HA NOT DEFINED FOR THR
WARNING: ATOM HB NOT DEFINED FOR THR
WARNING: ATOM HG21 NOT DEFINED FOR THR
WARNING: ATOM HG22 NOT DEFINED FOR THR
WARNING: ATOM HG23 NOT DEFINED FOR THR
WARNING: ATOM HG1 NOT DEFINED FOR THR
WARNING: ATOM H NOT DEFINED FOR ILE
WARNING: ATOM HA NOT DEFINED FOR ILE
WARNING: ATOM HB NOT DEFINED FOR ILE
WARNING: ATOM HG21 NOT DEFINED FOR ILE
WARNING: ATOM HG22 NOT DEFINED FOR ILE
WARNING: ATOM HG23 NOT DEFINED FOR ILE
WARNING: ATOM HG11 NOT DEFINED FOR ILE
WARNING: ATOM HG12 NOT DEFINED FOR ILE
WARNING: ATOM HD1 NOT DEFINED FOR ILE
WARNING: ATOM HD2 NOT DEFINED FOR ILE
WARNING: ATOM HD3 NOT DEFINED FOR ILE
WARNING: ATOM H NOT DEFINED FOR SER
WARNING: ATOM HA NOT DEFINED FOR SER
WARNING: ATOM HB1 NOT DEFINED FOR SER
WARNING: ATOM HB2 NOT DEFINED FOR SER
WARNING: ATOM HG NOT DEFINED FOR SER
WARNING: ATOM H NOT DEFINED FOR ARG
WARNING: ATOM HA NOT DEFINED FOR ARG
WARNING: ATOM HB1 NOT DEFINED FOR ARG
WARNING: ATOM HB2 NOT DEFINED FOR ARG
WARNING: ATOM HG1 NOT DEFINED FOR ARG
WARNING: ATOM HG2 NOT DEFINED FOR ARG
WARNING: ATOM HD1 NOT DEFINED FOR ARG
WARNING: ATOM HD2 NOT DEFINED FOR ARG
WARNING: ATOM HE NOT DEFINED FOR ARG
WARNING: ATOM HH11 NOT DEFINED FOR ARG
WARNING: ATOM HH12 NOT DEFINED FOR ARG
WARNING: ATOM HH21 NOT DEFINED FOR ARG
WARNING: ATOM HH22 NOT DEFINED FOR ARG
WARNING: ATOM H NOT DEFINED FOR THR
WARNING: ATOM HA NOT DEFINED FOR THR
WARNING: ATOM HB NOT DEFINED FOR THR
WARNING: ATOM HG21 NOT DEFINED FOR THR
WARNING: ATOM HG22 NOT DEFINED FOR THR
WARNING: ATOM HG23 NOT DEFINED FOR THR
WARNING: ATOM HG1 NOT DEFINED FOR THR
WARNING: ATOM HD1 NOT DEFINED FOR PRO
WARNING: ATOM HD2 NOT DEFINED FOR PRO
WARNING: ATOM HG1 NOT DEFINED FOR PRO
WARNING: ATOM HG2 NOT DEFINED FOR PRO
WARNING: ATOM HB1 NOT DEFINED FOR PRO
WARNING: ATOM HB2 NOT DEFINED FOR PRO
WARNING: ATOM HA NOT DEFINED FOR PRO
WARNING: ATOM H NOT DEFINED FOR THR
WARNING: ATOM HA NOT DEFINED FOR THR
WARNING: ATOM HB NOT DEFINED FOR THR
WARNING: ATOM HG21 NOT DEFINED FOR THR
WARNING: ATOM HG22 NOT DEFINED FOR THR
WARNING: ATOM HG23 NOT DEFINED FOR THR
WARNING: ATOM HG1 NOT DEFINED FOR THR
WARNING: ATOM H NOT DEFINED FOR THR
WARNING: ATOM HA NOT DEFINED FOR THR
WARNING: ATOM HB NOT DEFINED FOR THR
WARNING: ATOM HG21 NOT DEFINED FOR THR
WARNING: ATOM HG22 NOT DEFINED FOR THR
WARNING: ATOM HG23 NOT DEFINED FOR THR
WARNING: ATOM HG1 NOT DEFINED FOR THR
WARNING: ATOM H NOT DEFINED FOR VAL
WARNING: ATOM HA NOT DEFINED FOR VAL
WARNING: ATOM HB NOT DEFINED FOR VAL
WARNING: ATOM HG11 NOT DEFINED FOR VAL
WARNING: ATOM HG12 NOT DEFINED FOR VAL
WARNING: ATOM HG13 NOT DEFINED FOR VAL
WARNING: ATOM HG21 NOT DEFINED FOR VAL
WARNING: ATOM HG22 NOT DEFINED FOR VAL
WARNING: ATOM HG23 NOT DEFINED FOR VAL
WARNING: ATOM H NOT DEFINED FOR ASP
WARNING: ATOM HA NOT DEFINED FOR ASP
WARNING: ATOM HB1 NOT DEFINED FOR ASP
WARNING: ATOM HB2 NOT DEFINED FOR ASP
WARNING: ATOM H NOT DEFINED FOR LEU
WARNING: ATOM HA NOT DEFINED FOR LEU
WARNING: ATOM HB1 NOT DEFINED FOR LEU
WARNING: ATOM HB2 NOT DEFINED FOR LEU
WARNING: ATOM HG NOT DEFINED FOR LEU
WARNING: ATOM HD11 NOT DEFINED FOR LEU
WARNING: ATOM HD12 NOT DEFINED FOR LEU
WARNING: ATOM HD13 NOT DEFINED FOR LEU
WARNING: ATOM HD21 NOT DEFINED FOR LEU
WARNING: ATOM HD22 NOT DEFINED FOR LEU
WARNING: ATOM HD23 NOT DEFINED FOR LEU
WARNING: ATOM H NOT DEFINED FOR LYS
WARNING: ATOM HA NOT DEFINED FOR LYS
WARNING: ATOM HB1 NOT DEFINED FOR LYS
WARNING: ATOM HB2 NOT DEFINED FOR LYS
WARNING: ATOM HG1 NOT DEFINED FOR LYS
WARNING: ATOM HG2 NOT DEFINED FOR LYS
WARNING: ATOM HD1 NOT DEFINED FOR LYS
WARNING: ATOM HD2 NOT DEFINED FOR LYS
WARNING: ATOM HE1 NOT DEFINED FOR LYS
WARNING: ATOM HE2 NOT DEFINED FOR LYS
WARNING: ATOM HZ1 NOT DEFINED FOR LYS
WARNING: ATOM HZ2 NOT DEFINED FOR LYS
WARNING: ATOM HZ3 NOT DEFINED FOR LYS
WARNING: ATOM H NOT DEFINED FOR ILE
WARNING: ATOM HA NOT DEFINED FOR ILE
WARNING: ATOM HB NOT DEFINED FOR ILE
WARNING: ATOM HG21 NOT DEFINED FOR ILE
WARNING: ATOM HG22 NOT DEFINED FOR ILE
WARNING: ATOM HG23 NOT DEFINED FOR ILE
WARNING: ATOM HG11 NOT DEFINED FOR ILE
WARNING: ATOM HG12 NOT DEFINED FOR ILE
WARNING: ATOM HD1 NOT DEFINED FOR ILE
WARNING: ATOM HD2 NOT DEFINED FOR ILE
WARNING: ATOM HD3 NOT DEFINED FOR ILE
WARNING: ATOM H NOT DEFINED FOR THR
WARNING: ATOM HA NOT DEFINED FOR THR
WARNING: ATOM HB NOT DEFINED FOR THR
WARNING: ATOM HG21 NOT DEFINED FOR THR
WARNING: ATOM HG22 NOT DEFINED FOR THR
WARNING: ATOM HG23 NOT DEFINED FOR THR
WARNING: ATOM HG1 NOT DEFINED FOR THR
WARNING: ATOM H NOT DEFINED FOR SER
WARNING: ATOM HA NOT DEFINED FOR SER
WARNING: ATOM HB1 NOT DEFINED FOR SER
WARNING: ATOM HB2 NOT DEFINED FOR SER
WARNING: ATOM HG NOT DEFINED FOR SER
WARNING: ATOM HD1 NOT DEFINED FOR PRO
WARNING: ATOM HD2 NOT DEFINED FOR PRO
WARNING: ATOM HG1 NOT DEFINED FOR PRO
WARNING: ATOM HG2 NOT DEFINED FOR PRO
WARNING: ATOM HB1 NOT DEFINED FOR PRO
WARNING: ATOM HB2 NOT DEFINED FOR PRO
WARNING: ATOM HA NOT DEFINED FOR PRO
WARNING: ATOM H NOT DEFINED FOR ILE
WARNING: ATOM HA NOT DEFINED FOR ILE
WARNING: ATOM HB NOT DEFINED FOR ILE
WARNING: ATOM HG21 NOT DEFINED FOR ILE
WARNING: ATOM HG22 NOT DEFINED FOR ILE
WARNING: ATOM HG23 NOT DEFINED FOR ILE
WARNING: ATOM HG11 NOT DEFINED FOR ILE
WARNING: ATOM HG12 NOT DEFINED FOR ILE
WARNING: ATOM HD1 NOT DEFINED FOR ILE
WARNING: ATOM HD2 NOT DEFINED FOR ILE
WARNING: ATOM HD3 NOT DEFINED FOR ILE
WARNING: ATOM H NOT DEFINED FOR THR
WARNING: ATOM HA NOT DEFINED FOR THR
WARNING: ATOM HB NOT DEFINED FOR THR
WARNING: ATOM HG21 NOT DEFINED FOR THR
WARNING: ATOM HG22 NOT DEFINED FOR THR
WARNING: ATOM HG23 NOT DEFINED FOR THR
WARNING: ATOM HG1 NOT DEFINED FOR THR
WARNING: ATOM H NOT DEFINED FOR GLU
WARNING: ATOM HA NOT DEFINED FOR GLU
WARNING: ATOM HB1 NOT DEFINED FOR GLU
WARNING: ATOM HB2 NOT DEFINED FOR GLU
WARNING: ATOM HG1 NOT DEFINED FOR GLU
WARNING: ATOM HG2 NOT DEFINED FOR GLU
WARNING: ATOM H NOT DEFINED FOR ASP
WARNING: ATOM HA NOT DEFINED FOR ASP
WARNING: ATOM HB1 NOT DEFINED FOR ASP
WARNING: ATOM HB2 NOT DEFINED FOR ASP
WARNING: ATOM H NOT DEFINED FOR THR
WARNING: ATOM HA NOT DEFINED FOR THR
WARNING: ATOM HB NOT DEFINED FOR THR
WARNING: ATOM HG21 NOT DEFINED FOR THR
WARNING: ATOM HG22 NOT DEFINED FOR THR
WARNING: ATOM HG23 NOT DEFINED FOR THR
WARNING: ATOM HG1 NOT DEFINED FOR THR
WARNING: ATOM H NOT DEFINED FOR ALA
WARNING: ATOM HA NOT DEFINED FOR ALA
WARNING: ATOM HB1 NOT DEFINED FOR ALA
WARNING: ATOM HB2 NOT DEFINED FOR ALA
WARNING: ATOM HB3 NOT DEFINED FOR ALA
WARNING: ATOM H NOT DEFINED FOR THR
WARNING: ATOM HA NOT DEFINED FOR THR
WARNING: ATOM HB NOT DEFINED FOR THR
WARNING: ATOM HG21 NOT DEFINED FOR THR
WARNING: ATOM HG22 NOT DEFINED FOR THR
WARNING: ATOM HG23 NOT DEFINED FOR THR
WARNING: ATOM HG1 NOT DEFINED FOR THR
WARNING: ATOM H NOT DEFINED FOR TYR
WARNING: ATOM HA NOT DEFINED FOR TYR
WARNING: ATOM HB1 NOT DEFINED FOR TYR
WARNING: ATOM HB2 NOT DEFINED FOR TYR
WARNING: ATOM HD1 NOT DEFINED FOR TYR
WARNING: ATOM HE1 NOT DEFINED FOR TYR
WARNING: ATOM HH NOT DEFINED FOR TYR
WARNING: ATOM HE2 NOT DEFINED FOR TYR
WARNING: ATOM HD2 NOT DEFINED FOR TYR
WARNING: ATOM H NOT DEFINED FOR PHE
WARNING: ATOM HA NOT DEFINED FOR PHE
WARNING: ATOM HB1 NOT DEFINED FOR PHE
WARNING: ATOM HB2 NOT DEFINED FOR PHE
WARNING: ATOM HD1 NOT DEFINED FOR PHE
WARNING: ATOM HE1 NOT DEFINED FOR PHE
WARNING: ATOM HZ NOT DEFINED FOR PHE
WARNING: ATOM HE2 NOT DEFINED FOR PHE
WARNING: ATOM HD2 NOT DEFINED FOR PHE
WARNING: ATOM H NOT DEFINED FOR CYS
WARNING: ATOM HA NOT DEFINED FOR CYS
WARNING: ATOM HB1 NOT DEFINED FOR CYS
WARNING: ATOM HB2 NOT DEFINED FOR CYS
WARNING: ATOM H NOT DEFINED FOR ALA
WARNING: ATOM HA NOT DEFINED FOR ALA
WARNING: ATOM HB1 NOT DEFINED FOR ALA
WARNING: ATOM HB2 NOT DEFINED FOR ALA
WARNING: ATOM HB3 NOT DEFINED FOR ALA
WARNING: ATOM H NOT DEFINED FOR ARG
WARNING: ATOM HA NOT DEFINED FOR ARG
WARNING: ATOM HB1 NOT DEFINED FOR ARG
WARNING: ATOM HB2 NOT DEFINED FOR ARG
WARNING: ATOM HG1 NOT DEFINED FOR ARG
WARNING: ATOM HG2 NOT DEFINED FOR ARG
WARNING: ATOM HD1 NOT DEFINED FOR ARG
WARNING: ATOM HD2 NOT DEFINED FOR ARG
WARNING: ATOM HE NOT DEFINED FOR ARG
WARNING: ATOM HH11 NOT DEFINED FOR ARG
WARNING: ATOM HH12 NOT DEFINED FOR ARG
WARNING: ATOM HH21 NOT DEFINED FOR ARG
WARNING: ATOM HH22 NOT DEFINED FOR ARG
WARNING: ATOM H NOT DEFINED FOR ALA
WARNING: ATOM HA NOT DEFINED FOR ALA
WARNING: ATOM HB1 NOT DEFINED FOR ALA
WARNING: ATOM HB2 NOT DEFINED FOR ALA
WARNING: ATOM HB3 NOT DEFINED FOR ALA
WARNING: ATOM H NOT DEFINED FOR LEU
WARNING: ATOM HA NOT DEFINED FOR LEU
WARNING: ATOM HB1 NOT DEFINED FOR LEU
WARNING: ATOM HB2 NOT DEFINED FOR LEU
WARNING: ATOM HG NOT DEFINED FOR LEU
WARNING: ATOM HD11 NOT DEFINED FOR LEU
WARNING: ATOM HD12 NOT DEFINED FOR LEU
WARNING: ATOM HD13 NOT DEFINED FOR LEU
WARNING: ATOM HD21 NOT DEFINED FOR LEU
WARNING: ATOM HD22 NOT DEFINED FOR LEU
WARNING: ATOM HD23 NOT DEFINED FOR LEU
WARNING: ATOM H NOT DEFINED FOR GLN
WARNING: ATOM HA NOT DEFINED FOR GLN
WARNING: ATOM HB1 NOT DEFINED FOR GLN
WARNING: ATOM HB2 NOT DEFINED FOR GLN
WARNING: ATOM HG1 NOT DEFINED FOR GLN
WARNING: ATOM HG2 NOT DEFINED FOR GLN
WARNING: ATOM HE21 NOT DEFINED FOR GLN
WARNING: ATOM HE22 NOT DEFINED FOR GLN
WARNING: ATOM HD1 NOT DEFINED FOR PRO
WARNING: ATOM HD2 NOT DEFINED FOR PRO
WARNING: ATOM HG1 NOT DEFINED FOR PRO
WARNING: ATOM HG2 NOT DEFINED FOR PRO
WARNING: ATOM HB1 NOT DEFINED FOR PRO
WARNING: ATOM HB2 NOT DEFINED FOR PRO
WARNING: ATOM HA NOT DEFINED FOR PRO
WARNING: ATOM H NOT DEFINED FOR TYR
WARNING: ATOM HA NOT DEFINED FOR TYR
WARNING: ATOM HB1 NOT DEFINED FOR TYR
WARNING: ATOM HB2 NOT DEFINED FOR TYR
WARNING: ATOM HD1 NOT DEFINED FOR TYR
WARNING: ATOM HE1 NOT DEFINED FOR TYR
WARNING: ATOM HH NOT DEFINED FOR TYR
WARNING: ATOM HE2 NOT DEFINED FOR TYR
WARNING: ATOM HD2 NOT DEFINED FOR TYR
WARNING: ATOM H NOT DEFINED FOR TYR
WARNING: ATOM HA NOT DEFINED FOR TYR
WARNING: ATOM HB1 NOT DEFINED FOR TYR
WARNING: ATOM HB2 NOT DEFINED FOR TYR
WARNING: ATOM HD1 NOT DEFINED FOR TYR
WARNING: ATOM HE1 NOT DEFINED FOR TYR
WARNING: ATOM HH NOT DEFINED FOR TYR
WARNING: ATOM HE2 NOT DEFINED FOR TYR
WARNING: ATOM HD2 NOT DEFINED FOR TYR
WARNING: ATOM H NOT DEFINED FOR VAL
WARNING: ATOM HA NOT DEFINED FOR VAL
WARNING: ATOM HB NOT DEFINED FOR VAL
WARNING: ATOM HG11 NOT DEFINED FOR VAL
WARNING: ATOM HG12 NOT DEFINED FOR VAL
WARNING: ATOM HG13 NOT DEFINED FOR VAL
WARNING: ATOM HG21 NOT DEFINED FOR VAL
WARNING: ATOM HG22 NOT DEFINED FOR VAL
WARNING: ATOM HG23 NOT DEFINED FOR VAL
WARNING: ATOM H NOT DEFINED FOR ASN
WARNING: ATOM HA NOT DEFINED FOR ASN
WARNING: ATOM HB1 NOT DEFINED FOR ASN
WARNING: ATOM HB2 NOT DEFINED FOR ASN
WARNING: ATOM HD21 NOT DEFINED FOR ASN
WARNING: ATOM HD22 NOT DEFINED FOR ASN
WARNING: ATOM H NOT DEFINED FOR ALA
WARNING: ATOM HA NOT DEFINED FOR ALA
WARNING: ATOM HB1 NOT DEFINED FOR ALA
WARNING: ATOM HB2 NOT DEFINED FOR ALA
WARNING: ATOM HB3 NOT DEFINED FOR ALA
WARNING: ATOM H NOT DEFINED FOR PHE
WARNING: ATOM HA NOT DEFINED FOR PHE
WARNING: ATOM HB1 NOT DEFINED FOR PHE
WARNING: ATOM HB2 NOT DEFINED FOR PHE
WARNING: ATOM HD1 NOT DEFINED FOR PHE
WARNING: ATOM HE1 NOT DEFINED FOR PHE
WARNING: ATOM HZ NOT DEFINED FOR PHE
WARNING: ATOM HE2 NOT DEFINED FOR PHE
WARNING: ATOM HD2 NOT DEFINED FOR PHE
WARNING: ATOM H NOT DEFINED FOR ASN
WARNING: ATOM HA NOT DEFINED FOR ASN
WARNING: ATOM HB1 NOT DEFINED FOR ASN
WARNING: ATOM HB2 NOT DEFINED FOR ASN
WARNING: ATOM HD21 NOT DEFINED FOR ASN
WARNING: ATOM HD22 NOT DEFINED FOR ASN
WARNING: ATOM H NOT DEFINED FOR ILE
WARNING: ATOM HA NOT DEFINED FOR ILE
WARNING: ATOM HB NOT DEFINED FOR ILE
WARNING: ATOM HG21 NOT DEFINED FOR ILE
WARNING: ATOM HG22 NOT DEFINED FOR ILE
WARNING: ATOM HG23 NOT DEFINED FOR ILE
WARNING: ATOM HG11 NOT DEFINED FOR ILE
WARNING: ATOM HG12 NOT DEFINED FOR ILE
WARNING: ATOM HD1 NOT DEFINED FOR ILE
WARNING: ATOM HD2 NOT DEFINED FOR ILE
WARNING: ATOM HD3 NOT DEFINED FOR ILE
WARNING: ATOM H NOT DEFINED FOR TRP
WARNING: ATOM HA NOT DEFINED FOR TRP
WARNING: ATOM HB1 NOT DEFINED FOR TRP
WARNING: ATOM HB2 NOT DEFINED FOR TRP
WARNING: ATOM HD1 NOT DEFINED FOR TRP
WARNING: ATOM HE1 NOT DEFINED FOR TRP
WARNING: ATOM HZ2 NOT DEFINED FOR TRP
WARNING: ATOM HH2 NOT DEFINED FOR TRP
WARNING: ATOM HZ3 NOT DEFINED FOR TRP
WARNING: ATOM HE3 NOT DEFINED FOR TRP
WARNING: ATOM H NOT DEFINED FOR GLY
WARNING: ATOM HA1 NOT DEFINED FOR GLY
WARNING: ATOM HA2 NOT DEFINED FOR GLY
WARNING: ATOM HD1 NOT DEFINED FOR PRO
WARNING: ATOM HD2 NOT DEFINED FOR PRO
WARNING: ATOM HG1 NOT DEFINED FOR PRO
WARNING: ATOM HG2 NOT DEFINED FOR PRO
WARNING: ATOM HB1 NOT DEFINED FOR PRO
WARNING: ATOM HB2 NOT DEFINED FOR PRO
WARNING: ATOM HA NOT DEFINED FOR PRO
WARNING: ATOM H NOT DEFINED FOR GLY
WARNING: ATOM HA1 NOT DEFINED FOR GLY
WARNING: ATOM HA2 NOT DEFINED FOR GLY
WARNING: ATOM H NOT DEFINED FOR THR
WARNING: ATOM HA NOT DEFINED FOR THR
WARNING: ATOM HB NOT DEFINED FOR THR
WARNING: ATOM HG21 NOT DEFINED FOR THR
WARNING: ATOM HG22 NOT DEFINED FOR THR
WARNING: ATOM HG23 NOT DEFINED FOR THR
WARNING: ATOM HG1 NOT DEFINED FOR THR
WARNING: ATOM H NOT DEFINED FOR LEU
WARNING: ATOM HA NOT DEFINED FOR LEU
WARNING: ATOM HB1 NOT DEFINED FOR LEU
WARNING: ATOM HB2 NOT DEFINED FOR LEU
WARNING: ATOM HG NOT DEFINED FOR LEU
WARNING: ATOM HD11 NOT DEFINED FOR LEU
WARNING: ATOM HD12 NOT DEFINED FOR LEU
WARNING: ATOM HD13 NOT DEFINED FOR LEU
WARNING: ATOM HD21 NOT DEFINED FOR LEU
WARNING: ATOM HD22 NOT DEFINED FOR LEU
WARNING: ATOM HD23 NOT DEFINED FOR LEU
WARNING: ATOM H NOT DEFINED FOR VAL
WARNING: ATOM HA NOT DEFINED FOR VAL
WARNING: ATOM HB NOT DEFINED FOR VAL
WARNING: ATOM HG11 NOT DEFINED FOR VAL
WARNING: ATOM HG12 NOT DEFINED FOR VAL
WARNING: ATOM HG13 NOT DEFINED FOR VAL
WARNING: ATOM HG21 NOT DEFINED FOR VAL
WARNING: ATOM HG22 NOT DEFINED FOR VAL
WARNING: ATOM HG23 NOT DEFINED FOR VAL
WARNING: ATOM H NOT DEFINED FOR THR
WARNING: ATOM HA NOT DEFINED FOR THR
WARNING: ATOM HB NOT DEFINED FOR THR
WARNING: ATOM HG21 NOT DEFINED FOR THR
WARNING: ATOM HG22 NOT DEFINED FOR THR
WARNING: ATOM HG23 NOT DEFINED FOR THR
WARNING: ATOM HG1 NOT DEFINED FOR THR
WARNING: ATOM H NOT DEFINED FOR VAL
WARNING: ATOM HA NOT DEFINED FOR VAL
WARNING: ATOM HB NOT DEFINED FOR VAL
WARNING: ATOM HG11 NOT DEFINED FOR VAL
WARNING: ATOM HG12 NOT DEFINED FOR VAL
WARNING: ATOM HG13 NOT DEFINED FOR VAL
WARNING: ATOM HG21 NOT DEFINED FOR VAL
WARNING: ATOM HG22 NOT DEFINED FOR VAL
WARNING: ATOM HG23 NOT DEFINED FOR VAL
WARNING: ATOM H NOT DEFINED FOR SER
WARNING: ATOM HA NOT DEFINED FOR SER
WARNING: ATOM HB1 NOT DEFINED FOR SER
WARNING: ATOM HB2 NOT DEFINED FOR SER
WARNING: ATOM HG NOT DEFINED FOR SER
WARNING: ATOM H NOT DEFINED FOR LEU
WARNING: ATOM HA NOT DEFINED FOR LEU
WARNING: ATOM HB1 NOT DEFINED FOR LEU
WARNING: ATOM HB2 NOT DEFINED FOR LEU
WARNING: ATOM HG NOT DEFINED FOR LEU
WARNING: ATOM HD11 NOT DEFINED FOR LEU
WARNING: ATOM HD12 NOT DEFINED FOR LEU
WARNING: ATOM HD13 NOT DEFINED FOR LEU
WARNING: ATOM HD21 NOT DEFINED FOR LEU
WARNING: ATOM HD22 NOT DEFINED FOR LEU
WARNING: ATOM HD23 NOT DEFINED FOR LEU
WARNING: ATOM H1 NOT DEFINED FOR ALA
WARNING: ATOM H2 NOT DEFINED FOR ALA
WARNING: ATOM H3 NOT DEFINED FOR ALA
WARNING: ATOM HA NOT DEFINED FOR ALA
WARNING: ATOM HB1 NOT DEFINED FOR ALA
WARNING: ATOM HB2 NOT DEFINED FOR ALA
WARNING: ATOM HB3 NOT DEFINED FOR ALA
WARNING: ATOM H NOT DEFINED FOR GLN
WARNING: ATOM HA NOT DEFINED FOR GLN
WARNING: ATOM HB1 NOT DEFINED FOR GLN
WARNING: ATOM HB2 NOT DEFINED FOR GLN
WARNING: ATOM HG1 NOT DEFINED FOR GLN
WARNING: ATOM HG2 NOT DEFINED FOR GLN
WARNING: ATOM HE21 NOT DEFINED FOR GLN
WARNING: ATOM HE22 NOT DEFINED FOR GLN
WARNING: ATOM H NOT DEFINED FOR VAL
WARNING: ATOM HA NOT DEFINED FOR VAL
WARNING: ATOM HB NOT DEFINED FOR VAL
WARNING: ATOM HG11 NOT DEFINED FOR VAL
WARNING: ATOM HG12 NOT DEFINED FOR VAL
WARNING: ATOM HG13 NOT DEFINED FOR VAL
WARNING: ATOM HG21 NOT DEFINED FOR VAL
WARNING: ATOM HG22 NOT DEFINED FOR VAL
WARNING: ATOM HG23 NOT DEFINED FOR VAL
WARNING: ATOM H NOT DEFINED FOR LEU
WARNING: ATOM HA NOT DEFINED FOR LEU
WARNING: ATOM HB1 NOT DEFINED FOR LEU
WARNING: ATOM HB2 NOT DEFINED FOR LEU
WARNING: ATOM HG NOT DEFINED FOR LEU
WARNING: ATOM HD11 NOT DEFINED FOR LEU
WARNING: ATOM HD12 NOT DEFINED FOR LEU
WARNING: ATOM HD13 NOT DEFINED FOR LEU
WARNING: ATOM HD21 NOT DEFINED FOR LEU
WARNING: ATOM HD22 NOT DEFINED FOR LEU
WARNING: ATOM HD23 NOT DEFINED FOR LEU
WARNING: ATOM H NOT DEFINED FOR THR
WARNING: ATOM HA NOT DEFINED FOR THR
WARNING: ATOM HB NOT DEFINED FOR THR
WARNING: ATOM HG21 NOT DEFINED FOR THR
WARNING: ATOM HG22 NOT DEFINED FOR THR
WARNING: ATOM HG23 NOT DEFINED FOR THR
WARNING: ATOM HG1 NOT DEFINED FOR THR
WARNING: ATOM H NOT DEFINED FOR GLN
WARNING: ATOM HA NOT DEFINED FOR GLN
WARNING: ATOM HB1 NOT DEFINED FOR GLN
WARNING: ATOM HB2 NOT DEFINED FOR GLN
WARNING: ATOM HG1 NOT DEFINED FOR GLN
WARNING: ATOM HG2 NOT DEFINED FOR GLN
WARNING: ATOM HE21 NOT DEFINED FOR GLN
WARNING: ATOM HE22 NOT DEFINED FOR GLN
WARNING: ATOM H NOT DEFINED FOR THR
WARNING: ATOM HA NOT DEFINED FOR THR
WARNING: ATOM HB NOT DEFINED FOR THR
WARNING: ATOM HG21 NOT DEFINED FOR THR
WARNING: ATOM HG22 NOT DEFINED FOR THR
WARNING: ATOM HG23 NOT DEFINED FOR THR
WARNING: ATOM HG1 NOT DEFINED FOR THR
WARNING: ATOM H NOT DEFINED FOR ALA
WARNING: ATOM HA NOT DEFINED FOR ALA
WARNING: ATOM HB1 NOT DEFINED FOR ALA
WARNING: ATOM HB2 NOT DEFINED FOR ALA
WARNING: ATOM HB3 NOT DEFINED FOR ALA
WARNING: ATOM H NOT DEFINED FOR SER
WARNING: ATOM HA NOT DEFINED FOR SER
WARNING: ATOM HB1 NOT DEFINED FOR SER
WARNING: ATOM HB2 NOT DEFINED FOR SER
WARNING: ATOM HG NOT DEFINED FOR SER
WARNING: ATOM H NOT DEFINED FOR SER
WARNING: ATOM HA NOT DEFINED FOR SER
WARNING: ATOM HB1 NOT DEFINED FOR SER
WARNING: ATOM HB2 NOT DEFINED FOR SER
WARNING: ATOM HG NOT DEFINED FOR SER
WARNING: ATOM H NOT DEFINED FOR VAL
WARNING: ATOM HA NOT DEFINED FOR VAL
WARNING: ATOM HB NOT DEFINED FOR VAL
WARNING: ATOM HG11 NOT DEFINED FOR VAL
WARNING: ATOM HG12 NOT DEFINED FOR VAL
WARNING: ATOM HG13 NOT DEFINED FOR VAL
WARNING: ATOM HG21 NOT DEFINED FOR VAL
WARNING: ATOM HG22 NOT DEFINED FOR VAL
WARNING: ATOM HG23 NOT DEFINED FOR VAL
WARNING: ATOM H NOT DEFINED FOR SER
WARNING: ATOM HA NOT DEFINED FOR SER
WARNING: ATOM HB1 NOT DEFINED FOR SER
WARNING: ATOM HB2 NOT DEFINED FOR SER
WARNING: ATOM HG NOT DEFINED FOR SER
WARNING: ATOM H NOT DEFINED FOR ALA
WARNING: ATOM HA NOT DEFINED FOR ALA
WARNING: ATOM HB1 NOT DEFINED FOR ALA
WARNING: ATOM HB2 NOT DEFINED FOR ALA
WARNING: ATOM HB3 NOT DEFINED FOR ALA
WARNING: ATOM H NOT DEFINED FOR ALA
WARNING: ATOM HA NOT DEFINED FOR ALA
WARNING: ATOM HB1 NOT DEFINED FOR ALA
WARNING: ATOM HB2 NOT DEFINED FOR ALA
WARNING: ATOM HB3 NOT DEFINED FOR ALA
WARNING: ATOM H NOT DEFINED FOR VAL
WARNING: ATOM HA NOT DEFINED FOR VAL
WARNING: ATOM HB NOT DEFINED FOR VAL
WARNING: ATOM HG11 NOT DEFINED FOR VAL
WARNING: ATOM HG12 NOT DEFINED FOR VAL
WARNING: ATOM HG13 NOT DEFINED FOR VAL
WARNING: ATOM HG21 NOT DEFINED FOR VAL
WARNING: ATOM HG22 NOT DEFINED FOR VAL
WARNING: ATOM HG23 NOT DEFINED FOR VAL
WARNING: ATOM H NOT DEFINED FOR GLY
WARNING: ATOM HA1 NOT DEFINED FOR GLY
WARNING: ATOM HA2 NOT DEFINED FOR GLY
WARNING: ATOM H NOT DEFINED FOR GLY
WARNING: ATOM HA1 NOT DEFINED FOR GLY
WARNING: ATOM HA2 NOT DEFINED FOR GLY
WARNING: ATOM H NOT DEFINED FOR THR
WARNING: ATOM HA NOT DEFINED FOR THR
WARNING: ATOM HB NOT DEFINED FOR THR
WARNING: ATOM HG21 NOT DEFINED FOR THR
WARNING: ATOM HG22 NOT DEFINED FOR THR
WARNING: ATOM HG23 NOT DEFINED FOR THR
WARNING: ATOM HG1 NOT DEFINED FOR THR
WARNING: ATOM H NOT DEFINED FOR VAL
WARNING: ATOM HA NOT DEFINED FOR VAL
WARNING: ATOM HB NOT DEFINED FOR VAL
WARNING: ATOM HG11 NOT DEFINED FOR VAL
WARNING: ATOM HG12 NOT DEFINED FOR VAL
WARNING: ATOM HG13 NOT DEFINED FOR VAL
WARNING: ATOM HG21 NOT DEFINED FOR VAL
WARNING: ATOM HG22 NOT DEFINED FOR VAL
WARNING: ATOM HG23 NOT DEFINED FOR VAL
WARNING: ATOM H NOT DEFINED FOR THR
WARNING: ATOM HA NOT DEFINED FOR THR
WARNING: ATOM HB NOT DEFINED FOR THR
WARNING: ATOM HG21 NOT DEFINED FOR THR
WARNING: ATOM HG22 NOT DEFINED FOR THR
WARNING: ATOM HG23 NOT DEFINED FOR THR
WARNING: ATOM HG1 NOT DEFINED FOR THR
WARNING: ATOM H NOT DEFINED FOR ILE
WARNING: ATOM HA NOT DEFINED FOR ILE
WARNING: ATOM HB NOT DEFINED FOR ILE
WARNING: ATOM HG21 NOT DEFINED FOR ILE
WARNING: ATOM HG22 NOT DEFINED FOR ILE
WARNING: ATOM HG23 NOT DEFINED FOR ILE
WARNING: ATOM HG11 NOT DEFINED FOR ILE
WARNING: ATOM HG12 NOT DEFINED FOR ILE
WARNING: ATOM HD1 NOT DEFINED FOR ILE
WARNING: ATOM HD2 NOT DEFINED FOR ILE
WARNING: ATOM HD3 NOT DEFINED FOR ILE
WARNING: ATOM H NOT DEFINED FOR ASN
WARNING: ATOM HA NOT DEFINED FOR ASN
WARNING: ATOM HB1 NOT DEFINED FOR ASN
WARNING: ATOM HB2 NOT DEFINED FOR ASN
WARNING: ATOM HD21 NOT DEFINED FOR ASN
WARNING: ATOM HD22 NOT DEFINED FOR ASN
WARNING: ATOM H NOT DEFINED FOR CYS
WARNING: ATOM HA NOT DEFINED FOR CYS
WARNING: ATOM HB1 NOT DEFINED FOR CYS
WARNING: ATOM HB2 NOT DEFINED FOR CYS
WARNING: ATOM H NOT DEFINED FOR GLN
WARNING: ATOM HA NOT DEFINED FOR GLN
WARNING: ATOM HB1 NOT DEFINED FOR GLN
WARNING: ATOM HB2 NOT DEFINED FOR GLN
WARNING: ATOM HG1 NOT DEFINED FOR GLN
WARNING: ATOM HG2 NOT DEFINED FOR GLN
WARNING: ATOM HE21 NOT DEFINED FOR GLN
WARNING: ATOM HE22 NOT DEFINED FOR GLN
WARNING: ATOM H NOT DEFINED FOR SER
WARNING: ATOM HA NOT DEFINED FOR SER
WARNING: ATOM HB1 NOT DEFINED FOR SER
WARNING: ATOM HB2 NOT DEFINED FOR SER
WARNING: ATOM HG NOT DEFINED FOR SER
WARNING: ATOM H NOT DEFINED FOR SER
WARNING: ATOM HA NOT DEFINED FOR SER
WARNING: ATOM HB1 NOT DEFINED FOR SER
WARNING: ATOM HB2 NOT DEFINED FOR SER
WARNING: ATOM HG NOT DEFINED FOR SER
WARNING: ATOM H NOT DEFINED FOR GLU
WARNING: ATOM HA NOT DEFINED FOR GLU
WARNING: ATOM HB1 NOT DEFINED FOR GLU
WARNING: ATOM HB2 NOT DEFINED FOR GLU
WARNING: ATOM HG1 NOT DEFINED FOR GLU
WARNING: ATOM HG2 NOT DEFINED FOR GLU
WARNING: ATOM H NOT DEFINED FOR SER
WARNING: ATOM HA NOT DEFINED FOR SER
WARNING: ATOM HB1 NOT DEFINED FOR SER
WARNING: ATOM HB2 NOT DEFINED FOR SER
WARNING: ATOM HG NOT DEFINED FOR SER
WARNING: ATOM H NOT DEFINED FOR VAL
WARNING: ATOM HA NOT DEFINED FOR VAL
WARNING: ATOM HB NOT DEFINED FOR VAL
WARNING: ATOM HG11 NOT DEFINED FOR VAL
WARNING: ATOM HG12 NOT DEFINED FOR VAL
WARNING: ATOM HG13 NOT DEFINED FOR VAL
WARNING: ATOM HG21 NOT DEFINED FOR VAL
WARNING: ATOM HG22 NOT DEFINED FOR VAL
WARNING: ATOM HG23 NOT DEFINED FOR VAL
WARNING: ATOM H NOT DEFINED FOR TYR
WARNING: ATOM HA NOT DEFINED FOR TYR
WARNING: ATOM HB1 NOT DEFINED FOR TYR
WARNING: ATOM HB2 NOT DEFINED FOR TYR
WARNING: ATOM HD1 NOT DEFINED FOR TYR
WARNING: ATOM HE1 NOT DEFINED FOR TYR
WARNING: ATOM HH NOT DEFINED FOR TYR
WARNING: ATOM HE2 NOT DEFINED FOR TYR
WARNING: ATOM HD2 NOT DEFINED FOR TYR
WARNING: ATOM H NOT DEFINED FOR ASN
WARNING: ATOM HA NOT DEFINED FOR ASN
WARNING: ATOM HB1 NOT DEFINED FOR ASN
WARNING: ATOM HB2 NOT DEFINED FOR ASN
WARNING: ATOM HD21 NOT DEFINED FOR ASN
WARNING: ATOM HD22 NOT DEFINED FOR ASN
WARNING: ATOM H NOT DEFINED FOR ASN
WARNING: ATOM HA NOT DEFINED FOR ASN
WARNING: ATOM HB1 NOT DEFINED FOR ASN
WARNING: ATOM HB2 NOT DEFINED FOR ASN
WARNING: ATOM HD21 NOT DEFINED FOR ASN
WARNING: ATOM HD22 NOT DEFINED FOR ASN
WARNING: ATOM H NOT DEFINED FOR ASN
WARNING: ATOM HA NOT DEFINED FOR ASN
WARNING: ATOM HB1 NOT DEFINED FOR ASN
WARNING: ATOM HB2 NOT DEFINED FOR ASN
WARNING: ATOM HD21 NOT DEFINED FOR ASN
WARNING: ATOM HD22 NOT DEFINED FOR ASN
WARNING: ATOM H NOT DEFINED FOR TYR
WARNING: ATOM HA NOT DEFINED FOR TYR
WARNING: ATOM HB1 NOT DEFINED FOR TYR
WARNING: ATOM HB2 NOT DEFINED FOR TYR
WARNING: ATOM HD1 NOT DEFINED FOR TYR
WARNING: ATOM HE1 NOT DEFINED FOR TYR
WARNING: ATOM HH NOT DEFINED FOR TYR
WARNING: ATOM HE2 NOT DEFINED FOR TYR
WARNING: ATOM HD2 NOT DEFINED FOR TYR
WARNING: ATOM H NOT DEFINED FOR LEU
WARNING: ATOM HA NOT DEFINED FOR LEU
WARNING: ATOM HB1 NOT DEFINED FOR LEU
WARNING: ATOM HB2 NOT DEFINED FOR LEU
WARNING: ATOM HG NOT DEFINED FOR LEU
WARNING: ATOM HD11 NOT DEFINED FOR LEU
WARNING: ATOM HD12 NOT DEFINED FOR LEU
WARNING: ATOM HD13 NOT DEFINED FOR LEU
WARNING: ATOM HD21 NOT DEFINED FOR LEU
WARNING: ATOM HD22 NOT DEFINED FOR LEU
WARNING: ATOM HD23 NOT DEFINED FOR LEU
WARNING: ATOM H NOT DEFINED FOR VAL
WARNING: ATOM HA NOT DEFINED FOR VAL
WARNING: ATOM HB NOT DEFINED FOR VAL
WARNING: ATOM HG11 NOT DEFINED FOR VAL
WARNING: ATOM HG12 NOT DEFINED FOR VAL
WARNING: ATOM HG13 NOT DEFINED FOR VAL
WARNING: ATOM HG21 NOT DEFINED FOR VAL
WARNING: ATOM HG22 NOT DEFINED FOR VAL
WARNING: ATOM HG23 NOT DEFINED FOR VAL
WARNING: ATOM H NOT DEFINED FOR TRP
WARNING: ATOM HA NOT DEFINED FOR TRP
WARNING: ATOM HB1 NOT DEFINED FOR TRP
WARNING: ATOM HB2 NOT DEFINED FOR TRP
WARNING: ATOM HD1 NOT DEFINED FOR TRP
WARNING: ATOM HE1 NOT DEFINED FOR TRP
WARNING: ATOM HZ2 NOT DEFINED FOR TRP
WARNING: ATOM HH2 NOT DEFINED FOR TRP
WARNING: ATOM HZ3 NOT DEFINED FOR TRP
WARNING: ATOM HE3 NOT DEFINED FOR TRP
WARNING: ATOM H NOT DEFINED FOR TYR
WARNING: ATOM HA NOT DEFINED FOR TYR
WARNING: ATOM HB1 NOT DEFINED FOR TYR
WARNING: ATOM HB2 NOT DEFINED FOR TYR
WARNING: ATOM HD1 NOT DEFINED FOR TYR
WARNING: ATOM HE1 NOT DEFINED FOR TYR
WARNING: ATOM HH NOT DEFINED FOR TYR
WARNING: ATOM HE2 NOT DEFINED FOR TYR
WARNING: ATOM HD2 NOT DEFINED FOR TYR
WARNING: ATOM H NOT DEFINED FOR GLN
WARNING: ATOM HA NOT DEFINED FOR GLN
WARNING: ATOM HB1 NOT DEFINED FOR GLN
WARNING: ATOM HB2 NOT DEFINED FOR GLN
WARNING: ATOM HG1 NOT DEFINED FOR GLN
WARNING: ATOM HG2 NOT DEFINED FOR GLN
WARNING: ATOM HE21 NOT DEFINED FOR GLN
WARNING: ATOM HE22 NOT DEFINED FOR GLN
WARNING: ATOM H NOT DEFINED FOR GLN
WARNING: ATOM HA NOT DEFINED FOR GLN
WARNING: ATOM HB1 NOT DEFINED FOR GLN
WARNING: ATOM HB2 NOT DEFINED FOR GLN
WARNING: ATOM HG1 NOT DEFINED FOR GLN
WARNING: ATOM HG2 NOT DEFINED FOR GLN
WARNING: ATOM HE21 NOT DEFINED FOR GLN
WARNING: ATOM HE22 NOT DEFINED FOR GLN
WARNING: ATOM H NOT DEFINED FOR LYS
WARNING: ATOM HA NOT DEFINED FOR LYS
WARNING: ATOM HB1 NOT DEFINED FOR LYS
WARNING: ATOM HB2 NOT DEFINED FOR LYS
WARNING: ATOM HG1 NOT DEFINED FOR LYS
WARNING: ATOM HG2 NOT DEFINED FOR LYS
WARNING: ATOM HD1 NOT DEFINED FOR LYS
WARNING: ATOM HD2 NOT DEFINED FOR LYS
WARNING: ATOM HE1 NOT DEFINED FOR LYS
WARNING: ATOM HE2 NOT DEFINED FOR LYS
WARNING: ATOM HZ1 NOT DEFINED FOR LYS
WARNING: ATOM HZ2 NOT DEFINED FOR LYS
WARNING: ATOM HZ3 NOT DEFINED FOR LYS
WARNING: ATOM H NOT DEFINED FOR ALA
WARNING: ATOM HA NOT DEFINED FOR ALA
WARNING: ATOM HB1 NOT DEFINED FOR ALA
WARNING: ATOM HB2 NOT DEFINED FOR ALA
WARNING: ATOM HB3 NOT DEFINED FOR ALA
WARNING: ATOM H NOT DEFINED FOR GLY
WARNING: ATOM HA1 NOT DEFINED FOR GLY
WARNING: ATOM HA2 NOT DEFINED FOR GLY
WARNING: ATOM H NOT DEFINED FOR GLN
WARNING: ATOM HA NOT DEFINED FOR GLN
WARNING: ATOM HB1 NOT DEFINED FOR GLN
WARNING: ATOM HB2 NOT DEFINED FOR GLN
WARNING: ATOM HG1 NOT DEFINED FOR GLN
WARNING: ATOM HG2 NOT DEFINED FOR GLN
WARNING: ATOM HE21 NOT DEFINED FOR GLN
WARNING: ATOM HE22 NOT DEFINED FOR GLN
WARNING: ATOM HD1 NOT DEFINED FOR PRO
WARNING: ATOM HD2 NOT DEFINED FOR PRO
WARNING: ATOM HG1 NOT DEFINED FOR PRO
WARNING: ATOM HG2 NOT DEFINED FOR PRO
WARNING: ATOM HB1 NOT DEFINED FOR PRO
WARNING: ATOM HB2 NOT DEFINED FOR PRO
WARNING: ATOM HA NOT DEFINED FOR PRO
WARNING: ATOM HD1 NOT DEFINED FOR PRO
WARNING: ATOM HD2 NOT DEFINED FOR PRO
WARNING: ATOM HG1 NOT DEFINED FOR PRO
WARNING: ATOM HG2 NOT DEFINED FOR PRO
WARNING: ATOM HB1 NOT DEFINED FOR PRO
WARNING: ATOM HB2 NOT DEFINED FOR PRO
WARNING: ATOM HA NOT DEFINED FOR PRO
WARNING: ATOM H NOT DEFINED FOR LYS
WARNING: ATOM HA NOT DEFINED FOR LYS
WARNING: ATOM HB1 NOT DEFINED FOR LYS
WARNING: ATOM HB2 NOT DEFINED FOR LYS
WARNING: ATOM HG1 NOT DEFINED FOR LYS
WARNING: ATOM HG2 NOT DEFINED FOR LYS
WARNING: ATOM HD1 NOT DEFINED FOR LYS
WARNING: ATOM HD2 NOT DEFINED FOR LYS
WARNING: ATOM HE1 NOT DEFINED FOR LYS
WARNING: ATOM HE2 NOT DEFINED FOR LYS
WARNING: ATOM HZ1 NOT DEFINED FOR LYS
WARNING: ATOM HZ2 NOT DEFINED FOR LYS
WARNING: ATOM HZ3 NOT DEFINED FOR LYS
WARNING: ATOM H NOT DEFINED FOR LEU
WARNING: ATOM HA NOT DEFINED FOR LEU
WARNING: ATOM HB1 NOT DEFINED FOR LEU
WARNING: ATOM HB2 NOT DEFINED FOR LEU
WARNING: ATOM HG NOT DEFINED FOR LEU
WARNING: ATOM HD11 NOT DEFINED FOR LEU
WARNING: ATOM HD12 NOT DEFINED FOR LEU
WARNING: ATOM HD13 NOT DEFINED FOR LEU
WARNING: ATOM HD21 NOT DEFINED FOR LEU
WARNING: ATOM HD22 NOT DEFINED FOR LEU
WARNING: ATOM HD23 NOT DEFINED FOR LEU
WARNING: ATOM H NOT DEFINED FOR LEU
WARNING: ATOM HA NOT DEFINED FOR LEU
WARNING: ATOM HB1 NOT DEFINED FOR LEU
WARNING: ATOM HB2 NOT DEFINED FOR LEU
WARNING: ATOM HG NOT DEFINED FOR LEU
WARNING: ATOM HD11 NOT DEFINED FOR LEU
WARNING: ATOM HD12 NOT DEFINED FOR LEU
WARNING: ATOM HD13 NOT DEFINED FOR LEU
WARNING: ATOM HD21 NOT DEFINED FOR LEU
WARNING: ATOM HD22 NOT DEFINED FOR LEU
WARNING: ATOM HD23 NOT DEFINED FOR LEU
WARNING: ATOM H NOT DEFINED FOR ILE
WARNING: ATOM HA NOT DEFINED FOR ILE
WARNING: ATOM HB NOT DEFINED FOR ILE
WARNING: ATOM HG21 NOT DEFINED FOR ILE
WARNING: ATOM HG22 NOT DEFINED FOR ILE
WARNING: ATOM HG23 NOT DEFINED FOR ILE
WARNING: ATOM HG11 NOT DEFINED FOR ILE
WARNING: ATOM HG12 NOT DEFINED FOR ILE
WARNING: ATOM HD1 NOT DEFINED FOR ILE
WARNING: ATOM HD2 NOT DEFINED FOR ILE
WARNING: ATOM HD3 NOT DEFINED FOR ILE
WARNING: ATOM H NOT DEFINED FOR TYR
WARNING: ATOM HA NOT DEFINED FOR TYR
WARNING: ATOM HB1 NOT DEFINED FOR TYR
WARNING: ATOM HB2 NOT DEFINED FOR TYR
WARNING: ATOM HD1 NOT DEFINED FOR TYR
WARNING: ATOM HE1 NOT DEFINED FOR TYR
WARNING: ATOM HH NOT DEFINED FOR TYR
WARNING: ATOM HE2 NOT DEFINED FOR TYR
WARNING: ATOM HD2 NOT DEFINED FOR TYR
WARNING: ATOM H NOT DEFINED FOR GLY
WARNING: ATOM HA1 NOT DEFINED FOR GLY
WARNING: ATOM HA2 NOT DEFINED FOR GLY
WARNING: ATOM H NOT DEFINED FOR ALA
WARNING: ATOM HA NOT DEFINED FOR ALA
WARNING: ATOM HB1 NOT DEFINED FOR ALA
WARNING: ATOM HB2 NOT DEFINED FOR ALA
WARNING: ATOM HB3 NOT DEFINED FOR ALA
WARNING: ATOM H NOT DEFINED FOR SER
WARNING: ATOM HA NOT DEFINED FOR SER
WARNING: ATOM HB1 NOT DEFINED FOR SER
WARNING: ATOM HB2 NOT DEFINED FOR SER
WARNING: ATOM HG NOT DEFINED FOR SER
WARNING: ATOM H NOT DEFINED FOR THR
WARNING: ATOM HA NOT DEFINED FOR THR
WARNING: ATOM HB NOT DEFINED FOR THR
WARNING: ATOM HG21 NOT DEFINED FOR THR
WARNING: ATOM HG22 NOT DEFINED FOR THR
WARNING: ATOM HG23 NOT DEFINED FOR THR
WARNING: ATOM HG1 NOT DEFINED FOR THR
WARNING: ATOM H NOT DEFINED FOR LEU
WARNING: ATOM HA NOT DEFINED FOR LEU
WARNING: ATOM HB1 NOT DEFINED FOR LEU
WARNING: ATOM HB2 NOT DEFINED FOR LEU
WARNING: ATOM HG NOT DEFINED FOR LEU
WARNING: ATOM HD11 NOT DEFINED FOR LEU
WARNING: ATOM HD12 NOT DEFINED FOR LEU
WARNING: ATOM HD13 NOT DEFINED FOR LEU
WARNING: ATOM HD21 NOT DEFINED FOR LEU
WARNING: ATOM HD22 NOT DEFINED FOR LEU
WARNING: ATOM HD23 NOT DEFINED FOR LEU
WARNING: ATOM H NOT DEFINED FOR ALA
WARNING: ATOM HA NOT DEFINED FOR ALA
WARNING: ATOM HB1 NOT DEFINED FOR ALA
WARNING: ATOM HB2 NOT DEFINED FOR ALA
WARNING: ATOM HB3 NOT DEFINED FOR ALA
WARNING: ATOM H NOT DEFINED FOR SER
WARNING: ATOM HA NOT DEFINED FOR SER
WARNING: ATOM HB1 NOT DEFINED FOR SER
WARNING: ATOM HB2 NOT DEFINED FOR SER
WARNING: ATOM HG NOT DEFINED FOR SER
WARNING: ATOM H NOT DEFINED FOR GLY
WARNING: ATOM HA1 NOT DEFINED FOR GLY
WARNING: ATOM HA2 NOT DEFINED FOR GLY
WARNING: ATOM H NOT DEFINED FOR VAL
WARNING: ATOM HA NOT DEFINED FOR VAL
WARNING: ATOM HB NOT DEFINED FOR VAL
WARNING: ATOM HG11 NOT DEFINED FOR VAL
WARNING: ATOM HG12 NOT DEFINED FOR VAL
WARNING: ATOM HG13 NOT DEFINED FOR VAL
WARNING: ATOM HG21 NOT DEFINED FOR VAL
WARNING: ATOM HG22 NOT DEFINED FOR VAL
WARNING: ATOM HG23 NOT DEFINED FOR VAL
WARNING: ATOM H NOT DEFINED FOR SER
WARNING: ATOM HA NOT DEFINED FOR SER
WARNING: ATOM HB1 NOT DEFINED FOR SER
WARNING: ATOM HB2 NOT DEFINED FOR SER
WARNING: ATOM HG NOT DEFINED FOR SER
WARNING: ATOM H NOT DEFINED FOR SER
WARNING: ATOM HA NOT DEFINED FOR SER
WARNING: ATOM HB1 NOT DEFINED FOR SER
WARNING: ATOM HB2 NOT DEFINED FOR SER
WARNING: ATOM HG NOT DEFINED FOR SER
WARNING: ATOM H NOT DEFINED FOR ARG
WARNING: ATOM HA NOT DEFINED FOR ARG
WARNING: ATOM HB1 NOT DEFINED FOR ARG
WARNING: ATOM HB2 NOT DEFINED FOR ARG
WARNING: ATOM HG1 NOT DEFINED FOR ARG
WARNING: ATOM HG2 NOT DEFINED FOR ARG
WARNING: ATOM HD1 NOT DEFINED FOR ARG
WARNING: ATOM HD2 NOT DEFINED FOR ARG
WARNING: ATOM HE NOT DEFINED FOR ARG
WARNING: ATOM HH11 NOT DEFINED FOR ARG
WARNING: ATOM HH12 NOT DEFINED FOR ARG
WARNING: ATOM HH21 NOT DEFINED FOR ARG
WARNING: ATOM HH22 NOT DEFINED FOR ARG
WARNING: ATOM H NOT DEFINED FOR PHE
WARNING: ATOM HA NOT DEFINED FOR PHE
WARNING: ATOM HB1 NOT DEFINED FOR PHE
WARNING: ATOM HB2 NOT DEFINED FOR PHE
WARNING: ATOM HD1 NOT DEFINED FOR PHE
WARNING: ATOM HE1 NOT DEFINED FOR PHE
WARNING: ATOM HZ NOT DEFINED FOR PHE
WARNING: ATOM HE2 NOT DEFINED FOR PHE
WARNING: ATOM HD2 NOT DEFINED FOR PHE
WARNING: ATOM H NOT DEFINED FOR LYS
WARNING: ATOM HA NOT DEFINED FOR LYS
WARNING: ATOM HB1 NOT DEFINED FOR LYS
WARNING: ATOM HB2 NOT DEFINED FOR LYS
WARNING: ATOM HG1 NOT DEFINED FOR LYS
WARNING: ATOM HG2 NOT DEFINED FOR LYS
WARNING: ATOM HD1 NOT DEFINED FOR LYS
WARNING: ATOM HD2 NOT DEFINED FOR LYS
WARNING: ATOM HE1 NOT DEFINED FOR LYS
WARNING: ATOM HE2 NOT DEFINED FOR LYS
WARNING: ATOM HZ1 NOT DEFINED FOR LYS
WARNING: ATOM HZ2 NOT DEFINED FOR LYS
WARNING: ATOM HZ3 NOT DEFINED FOR LYS
WARNING: ATOM H NOT DEFINED FOR GLY
WARNING: ATOM HA1 NOT DEFINED FOR GLY
WARNING: ATOM HA2 NOT DEFINED FOR GLY
WARNING: ATOM H NOT DEFINED FOR SER
WARNING: ATOM HA NOT DEFINED FOR SER
WARNING: ATOM HB1 NOT DEFINED FOR SER
WARNING: ATOM HB2 NOT DEFINED FOR SER
WARNING: ATOM HG NOT DEFINED FOR SER
WARNING: ATOM H NOT DEFINED FOR GLY
WARNING: ATOM HA1 NOT DEFINED FOR GLY
WARNING: ATOM HA2 NOT DEFINED FOR GLY
WARNING: ATOM H NOT DEFINED FOR SER
WARNING: ATOM HA NOT DEFINED FOR SER
WARNING: ATOM HB1 NOT DEFINED FOR SER
WARNING: ATOM HB2 NOT DEFINED FOR SER
WARNING: ATOM HG NOT DEFINED FOR SER
WARNING: ATOM H NOT DEFINED FOR GLY
WARNING: ATOM HA1 NOT DEFINED FOR GLY
WARNING: ATOM HA2 NOT DEFINED FOR GLY
WARNING: ATOM H NOT DEFINED FOR THR
WARNING: ATOM HA NOT DEFINED FOR THR
WARNING: ATOM HB NOT DEFINED FOR THR
WARNING: ATOM HG21 NOT DEFINED FOR THR
WARNING: ATOM HG22 NOT DEFINED FOR THR
WARNING: ATOM HG23 NOT DEFINED FOR THR
WARNING: ATOM HG1 NOT DEFINED FOR THR
WARNING: ATOM H NOT DEFINED FOR HIS
WARNING: ATOM HA NOT DEFINED FOR HIS
WARNING: ATOM HB1 NOT DEFINED FOR HIS
WARNING: ATOM HB2 NOT DEFINED FOR HIS
WARNING: ATOM HE1 NOT DEFINED FOR HIS
WARNING: ATOM HE2 NOT DEFINED FOR HIS
WARNING: ATOM HD2 NOT DEFINED FOR HIS
WARNING: ATOM H NOT DEFINED FOR PHE
WARNING: ATOM HA NOT DEFINED FOR PHE
WARNING: ATOM HB1 NOT DEFINED FOR PHE
WARNING: ATOM HB2 NOT DEFINED FOR PHE
WARNING: ATOM HD1 NOT DEFINED FOR PHE
WARNING: ATOM HE1 NOT DEFINED FOR PHE
WARNING: ATOM HZ NOT DEFINED FOR PHE
WARNING: ATOM HE2 NOT DEFINED FOR PHE
WARNING: ATOM HD2 NOT DEFINED FOR PHE
WARNING: ATOM H NOT DEFINED FOR THR
WARNING: ATOM HA NOT DEFINED FOR THR
WARNING: ATOM HB NOT DEFINED FOR THR
WARNING: ATOM HG21 NOT DEFINED FOR THR
WARNING: ATOM HG22 NOT DEFINED FOR THR
WARNING: ATOM HG23 NOT DEFINED FOR THR
WARNING: ATOM HG1 NOT DEFINED FOR THR
WARNING: ATOM H NOT DEFINED FOR LEU
WARNING: ATOM HA NOT DEFINED FOR LEU
WARNING: ATOM HB1 NOT DEFINED FOR LEU
WARNING: ATOM HB2 NOT DEFINED FOR LEU
WARNING: ATOM HG NOT DEFINED FOR LEU
WARNING: ATOM HD11 NOT DEFINED FOR LEU
WARNING: ATOM HD12 NOT DEFINED FOR LEU
WARNING: ATOM HD13 NOT DEFINED FOR LEU
WARNING: ATOM HD21 NOT DEFINED FOR LEU
WARNING: ATOM HD22 NOT DEFINED FOR LEU
WARNING: ATOM HD23 NOT DEFINED FOR LEU
WARNING: ATOM H NOT DEFINED FOR THR
WARNING: ATOM HA NOT DEFINED FOR THR
WARNING: ATOM HB NOT DEFINED FOR THR
WARNING: ATOM HG21 NOT DEFINED FOR THR
WARNING: ATOM HG22 NOT DEFINED FOR THR
WARNING: ATOM HG23 NOT DEFINED FOR THR
WARNING: ATOM HG1 NOT DEFINED FOR THR
WARNING: ATOM H NOT DEFINED FOR ILE
WARNING: ATOM HA NOT DEFINED FOR ILE
WARNING: ATOM HB NOT DEFINED FOR ILE
WARNING: ATOM HG21 NOT DEFINED FOR ILE
WARNING: ATOM HG22 NOT DEFINED FOR ILE
WARNING: ATOM HG23 NOT DEFINED FOR ILE
WARNING: ATOM HG11 NOT DEFINED FOR ILE
WARNING: ATOM HG12 NOT DEFINED FOR ILE
WARNING: ATOM HD1 NOT DEFINED FOR ILE
WARNING: ATOM HD2 NOT DEFINED FOR ILE
WARNING: ATOM HD3 NOT DEFINED FOR ILE
WARNING: ATOM H NOT DEFINED FOR SER
WARNING: ATOM HA NOT DEFINED FOR SER
WARNING: ATOM HB1 NOT DEFINED FOR SER
WARNING: ATOM HB2 NOT DEFINED FOR SER
WARNING: ATOM HG NOT DEFINED FOR SER
WARNING: ATOM H NOT DEFINED FOR ASP
WARNING: ATOM HA NOT DEFINED FOR ASP
WARNING: ATOM HB1 NOT DEFINED FOR ASP
WARNING: ATOM HB2 NOT DEFINED FOR ASP
WARNING: ATOM H NOT DEFINED FOR LEU
WARNING: ATOM HA NOT DEFINED FOR LEU
WARNING: ATOM HB1 NOT DEFINED FOR LEU
WARNING: ATOM HB2 NOT DEFINED FOR LEU
WARNING: ATOM HG NOT DEFINED FOR LEU
WARNING: ATOM HD11 NOT DEFINED FOR LEU
WARNING: ATOM HD12 NOT DEFINED FOR LEU
WARNING: ATOM HD13 NOT DEFINED FOR LEU
WARNING: ATOM HD21 NOT DEFINED FOR LEU
WARNING: ATOM HD22 NOT DEFINED FOR LEU
WARNING: ATOM HD23 NOT DEFINED FOR LEU
WARNING: ATOM H NOT DEFINED FOR GLU
WARNING: ATOM HA NOT DEFINED FOR GLU
WARNING: ATOM HB1 NOT DEFINED FOR GLU
WARNING: ATOM HB2 NOT DEFINED FOR GLU
WARNING: ATOM HG1 NOT DEFINED FOR GLU
WARNING: ATOM HG2 NOT DEFINED FOR GLU
WARNING: ATOM H NOT DEFINED FOR CYS
WARNING: ATOM HA NOT DEFINED FOR CYS
WARNING: ATOM HB1 NOT DEFINED FOR CYS
WARNING: ATOM HB2 NOT DEFINED FOR CYS
WARNING: ATOM HG NOT DEFINED FOR CYS
WARNING: ATOM H NOT DEFINED FOR ASP
WARNING: ATOM HA NOT DEFINED FOR ASP
WARNING: ATOM HB1 NOT DEFINED FOR ASP
WARNING: ATOM HB2 NOT DEFINED FOR ASP
WARNING: ATOM H NOT DEFINED FOR ASP
WARNING: ATOM HA NOT DEFINED FOR ASP
WARNING: ATOM HB1 NOT DEFINED FOR ASP
WARNING: ATOM HB2 NOT DEFINED FOR ASP
WARNING: ATOM H NOT DEFINED FOR ALA
WARNING: ATOM HA NOT DEFINED FOR ALA
WARNING: ATOM HB1 NOT DEFINED FOR ALA
WARNING: ATOM HB2 NOT DEFINED FOR ALA
WARNING: ATOM HB3 NOT DEFINED FOR ALA
WARNING: ATOM H NOT DEFINED FOR ALA
WARNING: ATOM HA NOT DEFINED FOR ALA
WARNING: ATOM HB1 NOT DEFINED FOR ALA
WARNING: ATOM HB2 NOT DEFINED FOR ALA
WARNING: ATOM HB3 NOT DEFINED FOR ALA
WARNING: ATOM H NOT DEFINED FOR THR
WARNING: ATOM HA NOT DEFINED FOR THR
WARNING: ATOM HB NOT DEFINED FOR THR
WARNING: ATOM HG21 NOT DEFINED FOR THR
WARNING: ATOM HG22 NOT DEFINED FOR THR
WARNING: ATOM HG23 NOT DEFINED FOR THR
WARNING: ATOM HG1 NOT DEFINED FOR THR
WARNING: ATOM H NOT DEFINED FOR TYR
WARNING: ATOM HA NOT DEFINED FOR TYR
WARNING: ATOM HB1 NOT DEFINED FOR TYR
WARNING: ATOM HB2 NOT DEFINED FOR TYR
WARNING: ATOM HD1 NOT DEFINED FOR TYR
WARNING: ATOM HE1 NOT DEFINED FOR TYR
WARNING: ATOM HH NOT DEFINED FOR TYR
WARNING: ATOM HE2 NOT DEFINED FOR TYR
WARNING: ATOM HD2 NOT DEFINED FOR TYR
WARNING: ATOM H NOT DEFINED FOR TYR
WARNING: ATOM HA NOT DEFINED FOR TYR
WARNING: ATOM HB1 NOT DEFINED FOR TYR
WARNING: ATOM HB2 NOT DEFINED FOR TYR
WARNING: ATOM HD1 NOT DEFINED FOR TYR
WARNING: ATOM HE1 NOT DEFINED FOR TYR
WARNING: ATOM HH NOT DEFINED FOR TYR
WARNING: ATOM HE2 NOT DEFINED FOR TYR
WARNING: ATOM HD2 NOT DEFINED FOR TYR
WARNING: ATOM H NOT DEFINED FOR CYS
WARNING: ATOM HA NOT DEFINED FOR CYS
WARNING: ATOM HB1 NOT DEFINED FOR CYS
WARNING: ATOM HB2 NOT DEFINED FOR CYS
WARNING: ATOM H NOT DEFINED FOR ALA
WARNING: ATOM HA NOT DEFINED FOR ALA
WARNING: ATOM HB1 NOT DEFINED FOR ALA
WARNING: ATOM HB2 NOT DEFINED FOR ALA
WARNING: ATOM HB3 NOT DEFINED FOR ALA
WARNING: ATOM H NOT DEFINED FOR GLY
WARNING: ATOM HA1 NOT DEFINED FOR GLY
WARNING: ATOM HA2 NOT DEFINED FOR GLY
WARNING: ATOM H NOT DEFINED FOR ALA
WARNING: ATOM HA NOT DEFINED FOR ALA
WARNING: ATOM HB1 NOT DEFINED FOR ALA
WARNING: ATOM HB2 NOT DEFINED FOR ALA
WARNING: ATOM HB3 NOT DEFINED FOR ALA
WARNING: ATOM H NOT DEFINED FOR PHE
WARNING: ATOM HA NOT DEFINED FOR PHE
WARNING: ATOM HB1 NOT DEFINED FOR PHE
WARNING: ATOM HB2 NOT DEFINED FOR PHE
WARNING: ATOM HD1 NOT DEFINED FOR PHE
WARNING: ATOM HE1 NOT DEFINED FOR PHE
WARNING: ATOM HZ NOT DEFINED FOR PHE
WARNING: ATOM HE2 NOT DEFINED FOR PHE
WARNING: ATOM HD2 NOT DEFINED FOR PHE
WARNING: ATOM H NOT DEFINED FOR SER
WARNING: ATOM HA NOT DEFINED FOR SER
WARNING: ATOM HB1 NOT DEFINED FOR SER
WARNING: ATOM HB2 NOT DEFINED FOR SER
WARNING: ATOM HG NOT DEFINED FOR SER
WARNING: ATOM H NOT DEFINED FOR GLY
WARNING: ATOM HA1 NOT DEFINED FOR GLY
WARNING: ATOM HA2 NOT DEFINED FOR GLY
WARNING: ATOM H NOT DEFINED FOR TRP
WARNING: ATOM HA NOT DEFINED FOR TRP
WARNING: ATOM HB1 NOT DEFINED FOR TRP
WARNING: ATOM HB2 NOT DEFINED FOR TRP
WARNING: ATOM HD1 NOT DEFINED FOR TRP
WARNING: ATOM HE1 NOT DEFINED FOR TRP
WARNING: ATOM HZ2 NOT DEFINED FOR TRP
WARNING: ATOM HH2 NOT DEFINED FOR TRP
WARNING: ATOM HZ3 NOT DEFINED FOR TRP
WARNING: ATOM HE3 NOT DEFINED FOR TRP
WARNING: ATOM H NOT DEFINED FOR ILE
WARNING: ATOM HA NOT DEFINED FOR ILE
WARNING: ATOM HB NOT DEFINED FOR ILE
WARNING: ATOM HG21 NOT DEFINED FOR ILE
WARNING: ATOM HG22 NOT DEFINED FOR ILE
WARNING: ATOM HG23 NOT DEFINED FOR ILE
WARNING: ATOM HG11 NOT DEFINED FOR ILE
WARNING: ATOM HG12 NOT DEFINED FOR ILE
WARNING: ATOM HD1 NOT DEFINED FOR ILE
WARNING: ATOM HD2 NOT DEFINED FOR ILE
WARNING: ATOM HD3 NOT DEFINED FOR ILE
WARNING: ATOM H NOT DEFINED FOR ASN
WARNING: ATOM HA NOT DEFINED FOR ASN
WARNING: ATOM HB1 NOT DEFINED FOR ASN
WARNING: ATOM HB2 NOT DEFINED FOR ASN
WARNING: ATOM HD21 NOT DEFINED FOR ASN
WARNING: ATOM HD22 NOT DEFINED FOR ASN
WARNING: ATOM H NOT DEFINED FOR ILE
WARNING: ATOM HA NOT DEFINED FOR ILE
WARNING: ATOM HB NOT DEFINED FOR ILE
WARNING: ATOM HG21 NOT DEFINED FOR ILE
WARNING: ATOM HG22 NOT DEFINED FOR ILE
WARNING: ATOM HG23 NOT DEFINED FOR ILE
WARNING: ATOM HG11 NOT DEFINED FOR ILE
WARNING: ATOM HG12 NOT DEFINED FOR ILE
WARNING: ATOM HD1 NOT DEFINED FOR ILE
WARNING: ATOM HD2 NOT DEFINED FOR ILE
WARNING: ATOM HD3 NOT DEFINED FOR ILE
WARNING: ATOM H NOT DEFINED FOR PHE
WARNING: ATOM HA NOT DEFINED FOR PHE
WARNING: ATOM HB1 NOT DEFINED FOR PHE
WARNING: ATOM HB2 NOT DEFINED FOR PHE
WARNING: ATOM HD1 NOT DEFINED FOR PHE
WARNING: ATOM HE1 NOT DEFINED FOR PHE
WARNING: ATOM HZ NOT DEFINED FOR PHE
WARNING: ATOM HE2 NOT DEFINED FOR PHE
WARNING: ATOM HD2 NOT DEFINED FOR PHE
WARNING: ATOM H NOT DEFINED FOR GLY
WARNING: ATOM HA1 NOT DEFINED FOR GLY
WARNING: ATOM HA2 NOT DEFINED FOR GLY
WARNING: ATOM H NOT DEFINED FOR GLY
WARNING: ATOM HA1 NOT DEFINED FOR GLY
WARNING: ATOM HA2 NOT DEFINED FOR GLY
WARNING: ATOM H NOT DEFINED FOR GLY
WARNING: ATOM HA1 NOT DEFINED FOR GLY
WARNING: ATOM HA2 NOT DEFINED FOR GLY
WARNING: ATOM H NOT DEFINED FOR THR
WARNING: ATOM HA NOT DEFINED FOR THR
WARNING: ATOM HB NOT DEFINED FOR THR
WARNING: ATOM HG21 NOT DEFINED FOR THR
WARNING: ATOM HG22 NOT DEFINED FOR THR
WARNING: ATOM HG23 NOT DEFINED FOR THR
WARNING: ATOM HG1 NOT DEFINED FOR THR
WARNING: ATOM H NOT DEFINED FOR GLU
WARNING: ATOM HA NOT DEFINED FOR GLU
WARNING: ATOM HB1 NOT DEFINED FOR GLU
WARNING: ATOM HB2 NOT DEFINED FOR GLU
WARNING: ATOM HG1 NOT DEFINED FOR GLU
WARNING: ATOM HG2 NOT DEFINED FOR GLU
WARNING: ATOM H NOT DEFINED FOR VAL
WARNING: ATOM HA NOT DEFINED FOR VAL
WARNING: ATOM HB NOT DEFINED FOR VAL
WARNING: ATOM HG11 NOT DEFINED FOR VAL
WARNING: ATOM HG12 NOT DEFINED FOR VAL
WARNING: ATOM HG13 NOT DEFINED FOR VAL
WARNING: ATOM HG21 NOT DEFINED FOR VAL
WARNING: ATOM HG22 NOT DEFINED FOR VAL
WARNING: ATOM HG23 NOT DEFINED FOR VAL
WARNING: ATOM H NOT DEFINED FOR VAL
WARNING: ATOM HA NOT DEFINED FOR VAL
WARNING: ATOM HB NOT DEFINED FOR VAL
WARNING: ATOM HG11 NOT DEFINED FOR VAL
WARNING: ATOM HG12 NOT DEFINED FOR VAL
WARNING: ATOM HG13 NOT DEFINED FOR VAL
WARNING: ATOM HG21 NOT DEFINED FOR VAL
WARNING: ATOM HG22 NOT DEFINED FOR VAL
WARNING: ATOM HG23 NOT DEFINED FOR VAL
WARNING: ATOM H NOT DEFINED FOR VAL
WARNING: ATOM HA NOT DEFINED FOR VAL
WARNING: ATOM HB NOT DEFINED FOR VAL
WARNING: ATOM HG11 NOT DEFINED FOR VAL
WARNING: ATOM HG12 NOT DEFINED FOR VAL
WARNING: ATOM HG13 NOT DEFINED FOR VAL
WARNING: ATOM HG21 NOT DEFINED FOR VAL
WARNING: ATOM HG22 NOT DEFINED FOR VAL
WARNING: ATOM HG23 NOT DEFINED FOR VAL
WARNING: ATOM H NOT DEFINED FOR LYS
WARNING: ATOM HA NOT DEFINED FOR LYS
WARNING: ATOM HB1 NOT DEFINED FOR LYS
WARNING: ATOM HB2 NOT DEFINED FOR LYS
WARNING: ATOM HG1 NOT DEFINED FOR LYS
WARNING: ATOM HG2 NOT DEFINED FOR LYS
WARNING: ATOM HD1 NOT DEFINED FOR LYS
WARNING: ATOM HD2 NOT DEFINED FOR LYS
WARNING: ATOM HE1 NOT DEFINED FOR LYS
WARNING: ATOM HE2 NOT DEFINED FOR LYS
WARNING: ATOM HZ1 NOT DEFINED FOR LYS
WARNING: ATOM HZ2 NOT DEFINED FOR LYS
WARNING: ATOM HZ3 NOT DEFINED FOR LYS
$ /Users/nf477/anaconda3/envs/nrgsuite/bin/python /Users/nf477/Projects_Natalia/GROMACS/gromacs_ab_ligand_toolkit/ab_ligand_md_8complexes/Surfaces/surface_cont_lig.py -f /Users/nf477/Projects_Natalia/GROMACS/gromacs_ab_ligand_toolkit/ab_ligand_md_8complexes/computational_DMS_top_occupancy_poses/4E2__ddhC/top_pose/clean_4E2_ddhC_P001_WT_top_pose.pdb -c HL -lig MOL -o /Users/nf477/Projects_Natalia/GROMACS/gromacs_ab_ligand_toolkit/ab_ligand_md_8complexes/computational_DMS_top_occupancy_poses/4E2__ddhC/surfaces/WT_unmodified_top_pose_output.csv -def /Users/nf477/Projects_Natalia/GROMACS/gromacs_ab_ligand_toolkit/ab_ligand_md_8complexes/computational_DMS_top_occupancy_poses/4E2__ddhC/surfaces_definition/custom_MOL_AMINO_FlexAID.def -dat /Users/nf477/Projects_Natalia/GROMACS/gromacs_ab_ligand_toolkit/ab_ligand_md_8complexes/Surfaces/FlexAID.dat

$ /Users/nf477/anaconda3/envs/nrgsuite/bin/python /Users/nf477/Projects_Natalia/GROMACS/gromacs_ab_ligand_toolkit/ab_ligand_md_8complexes/Surfaces/clean_structure.py -f 4E2_ddhC_P001_NH32A.pdb -def /Users/nf477/Projects_Natalia/GROMACS/gromacs_ab_ligand_toolkit/ab_ligand_md_8complexes/computational_DMS_top_occupancy_poses/4E2__ddhC/surfaces_definition/custom_MOL_AMINO_FlexAID.def

$ /Users/nf477/anaconda3/envs/nrgsuite/bin/python /Users/nf477/Projects_Natalia/GROMACS/gromacs_ab_ligand_toolkit/ab_ligand_md_8complexes/Surfaces/surface_cont_lig.py -f /Users/nf477/Projects_Natalia/GROMACS/gromacs_ab_ligand_toolkit/ab_ligand_md_8complexes/computational_DMS_top_occupancy_poses/4E2__ddhC/mutants/clean_4E2_ddhC_P001_NH32A.pdb -c HL -lig MOL -o /Users/nf477/Projects_Natalia/GROMACS/gromacs_ab_ligand_toolkit/ab_ligand_md_8complexes/computational_DMS_top_occupancy_poses/4E2__ddhC/surfaces/NH32A_output.csv -def /Users/nf477/Projects_Natalia/GROMACS/gromacs_ab_ligand_toolkit/ab_ligand_md_8complexes/computational_DMS_top_occupancy_poses/4E2__ddhC/surfaces_definition/custom_MOL_AMINO_FlexAID.def -dat /Users/nf477/Projects_Natalia/GROMACS/gromacs_ab_ligand_toolkit/ab_ligand_md_8complexes/Surfaces/FlexAID.dat

$ /Users/nf477/anaconda3/envs/nrgsuite/bin/python /Users/nf477/Projects_Natalia/GROMACS/gromacs_ab_ligand_toolkit/ab_ligand_md_8complexes/Surfaces/clean_structure.py -f 4E2_ddhC_P001_NH32C.pdb -def /Users/nf477/Projects_Natalia/GROMACS/gromacs_ab_ligand_toolkit/ab_ligand_md_8complexes/computational_DMS_top_occupancy_poses/4E2__ddhC/surfaces_definition/custom_MOL_AMINO_FlexAID.def

$ /Users/nf477/anaconda3/envs/nrgsuite/bin/python /Users/nf477/Projects_Natalia/GROMACS/gromacs_ab_ligand_toolkit/ab_ligand_md_8complexes/Surfaces/surface_cont_lig.py -f /Users/nf477/Projects_Natalia/GROMACS/gromacs_ab_ligand_toolkit/ab_ligand_md_8complexes/computational_DMS_top_occupancy_poses/4E2__ddhC/mutants/clean_4E2_ddhC_P001_NH32C.pdb -c HL -lig MOL -o /Users/nf477/Projects_Natalia/GROMACS/gromacs_ab_ligand_toolkit/ab_ligand_md_8complexes/computational_DMS_top_occupancy_poses/4E2__ddhC/surfaces/NH32C_output.csv -def /Users/nf477/Projects_Natalia/GROMACS/gromacs_ab_ligand_toolkit/ab_ligand_md_8complexes/computational_DMS_top_occupancy_poses/4E2__ddhC/surfaces_definition/custom_MOL_AMINO_FlexAID.def -dat /Users/nf477/Projects_Natalia/GROMACS/gromacs_ab_ligand_toolkit/ab_ligand_md_8complexes/Surfaces/FlexAID.dat

$ /Users/nf477/anaconda3/envs/nrgsuite/bin/python /Users/nf477/Projects_Natalia/GROMACS/gromacs_ab_ligand_toolkit/ab_ligand_md_8complexes/Surfaces/clean_structure.py -f 4E2_ddhC_P001_NH32D.pdb -def /Users/nf477/Projects_Natalia/GROMACS/gromacs_ab_ligand_toolkit/ab_ligand_md_8complexes/computational_DMS_top_occupancy_poses/4E2__ddhC/surfaces_definition/custom_MOL_AMINO_FlexAID.def

$ /Users/nf477/anaconda3/envs/nrgsuite/bin/python /Users/nf477/Projects_Natalia/GROMACS/gromacs_ab_ligand_toolkit/ab_ligand_md_8complexes/Surfaces/surface_cont_lig.py -f /Users/nf477/Projects_Natalia/GROMACS/gromacs_ab_ligand_toolkit/ab_ligand_md_8complexes/computational_DMS_top_occupancy_poses/4E2__ddhC/mutants/clean_4E2_ddhC_P001_NH32D.pdb -c HL -lig MOL -o /Users/nf477/Projects_Natalia/GROMACS/gromacs_ab_ligand_toolkit/ab_ligand_md_8complexes/computational_DMS_top_occupancy_poses/4E2__ddhC/surfaces/NH32D_output.csv -def /Users/nf477/Projects_Natalia/GROMACS/gromacs_ab_ligand_toolkit/ab_ligand_md_8complexes/computational_DMS_top_occupancy_poses/4E2__ddhC/surfaces_definition/custom_MOL_AMINO_FlexAID.def -dat /Users/nf477/Projects_Natalia/GROMACS/gromacs_ab_ligand_toolkit/ab_ligand_md_8complexes/Surfaces/FlexAID.dat

$ /Users/nf477/anaconda3/envs/nrgsuite/bin/python /Users/nf477/Projects_Natalia/GROMACS/gromacs_ab_ligand_toolkit/ab_ligand_md_8complexes/Surfaces/clean_structure.py -f 4E2_ddhC_P001_NH32E.pdb -def /Users/nf477/Projects_Natalia/GROMACS/gromacs_ab_ligand_toolkit/ab_ligand_md_8complexes/computational_DMS_top_occupancy_poses/4E2__ddhC/surfaces_definition/custom_MOL_AMINO_FlexAID.def

$ /Users/nf477/anaconda3/envs/nrgsuite/bin/python /Users/nf477/Projects_Natalia/GROMACS/gromacs_ab_ligand_toolkit/ab_ligand_md_8complexes/Surfaces/surface_cont_lig.py -f /Users/nf477/Projects_Natalia/GROMACS/gromacs_ab_ligand_toolkit/ab_ligand_md_8complexes/computational_DMS_top_occupancy_poses/4E2__ddhC/mutants/clean_4E2_ddhC_P001_NH32E.pdb -c HL -lig MOL -o /Users/nf477/Projects_Natalia/GROMACS/gromacs_ab_ligand_toolkit/ab_ligand_md_8complexes/computational_DMS_top_occupancy_poses/4E2__ddhC/surfaces/NH32E_output.csv -def /Users/nf477/Projects_Natalia/GROMACS/gromacs_ab_ligand_toolkit/ab_ligand_md_8complexes/computational_DMS_top_occupancy_poses/4E2__ddhC/surfaces_definition/custom_MOL_AMINO_FlexAID.def -dat /Users/nf477/Projects_Natalia/GROMACS/gromacs_ab_ligand_toolkit/ab_ligand_md_8complexes/Surfaces/FlexAID.dat

$ /Users/nf477/anaconda3/envs/nrgsuite/bin/python /Users/nf477/Projects_Natalia/GROMACS/gromacs_ab_ligand_toolkit/ab_ligand_md_8complexes/Surfaces/clean_structure.py -f 4E2_ddhC_P001_NH32F.pdb -def /Users/nf477/Projects_Natalia/GROMACS/gromacs_ab_ligand_toolkit/ab_ligand_md_8complexes/computational_DMS_top_occupancy_poses/4E2__ddhC/surfaces_definition/custom_MOL_AMINO_FlexAID.def

$ /Users/nf477/anaconda3/envs/nrgsuite/bin/python /Users/nf477/Projects_Natalia/GROMACS/gromacs_ab_ligand_toolkit/ab_ligand_md_8complexes/Surfaces/surface_cont_lig.py -f /Users/nf477/Projects_Natalia/GROMACS/gromacs_ab_ligand_toolkit/ab_ligand_md_8complexes/computational_DMS_top_occupancy_poses/4E2__ddhC/mutants/clean_4E2_ddhC_P001_NH32F.pdb -c HL -lig MOL -o /Users/nf477/Projects_Natalia/GROMACS/gromacs_ab_ligand_toolkit/ab_ligand_md_8complexes/computational_DMS_top_occupancy_poses/4E2__ddhC/surfaces/NH32F_output.csv -def /Users/nf477/Projects_Natalia/GROMACS/gromacs_ab_ligand_toolkit/ab_ligand_md_8complexes/computational_DMS_top_occupancy_poses/4E2__ddhC/surfaces_definition/custom_MOL_AMINO_FlexAID.def -dat /Users/nf477/Projects_Natalia/GROMACS/gromacs_ab_ligand_toolkit/ab_ligand_md_8complexes/Surfaces/FlexAID.dat

$ /Users/nf477/anaconda3/envs/nrgsuite/bin/python /Users/nf477/Projects_Natalia/GROMACS/gromacs_ab_ligand_toolkit/ab_ligand_md_8complexes/Surfaces/clean_structure.py -f 4E2_ddhC_P001_NH32G.pdb -def /Users/nf477/Projects_Natalia/GROMACS/gromacs_ab_ligand_toolkit/ab_ligand_md_8complexes/computational_DMS_top_occupancy_poses/4E2__ddhC/surfaces_definition/custom_MOL_AMINO_FlexAID.def

$ /Users/nf477/anaconda3/envs/nrgsuite/bin/python /Users/nf477/Projects_Natalia/GROMACS/gromacs_ab_ligand_toolkit/ab_ligand_md_8complexes/Surfaces/surface_cont_lig.py -f /Users/nf477/Projects_Natalia/GROMACS/gromacs_ab_ligand_toolkit/ab_ligand_md_8complexes/computational_DMS_top_occupancy_poses/4E2__ddhC/mutants/clean_4E2_ddhC_P001_NH32G.pdb -c HL -lig MOL -o /Users/nf477/Projects_Natalia/GROMACS/gromacs_ab_ligand_toolkit/ab_ligand_md_8complexes/computational_DMS_top_occupancy_poses/4E2__ddhC/surfaces/NH32G_output.csv -def /Users/nf477/Projects_Natalia/GROMACS/gromacs_ab_ligand_toolkit/ab_ligand_md_8complexes/computational_DMS_top_occupancy_poses/4E2__ddhC/surfaces_definition/custom_MOL_AMINO_FlexAID.def -dat /Users/nf477/Projects_Natalia/GROMACS/gromacs_ab_ligand_toolkit/ab_ligand_md_8complexes/Surfaces/FlexAID.dat

$ /Users/nf477/anaconda3/envs/nrgsuite/bin/python /Users/nf477/Projects_Natalia/GROMACS/gromacs_ab_ligand_toolkit/ab_ligand_md_8complexes/Surfaces/clean_structure.py -f 4E2_ddhC_P001_NH32H.pdb -def /Users/nf477/Projects_Natalia/GROMACS/gromacs_ab_ligand_toolkit/ab_ligand_md_8complexes/computational_DMS_top_occupancy_poses/4E2__ddhC/surfaces_definition/custom_MOL_AMINO_FlexAID.def

$ /Users/nf477/anaconda3/envs/nrgsuite/bin/python /Users/nf477/Projects_Natalia/GROMACS/gromacs_ab_ligand_toolkit/ab_ligand_md_8complexes/Surfaces/surface_cont_lig.py -f /Users/nf477/Projects_Natalia/GROMACS/gromacs_ab_ligand_toolkit/ab_ligand_md_8complexes/computational_DMS_top_occupancy_poses/4E2__ddhC/mutants/clean_4E2_ddhC_P001_NH32H.pdb -c HL -lig MOL -o /Users/nf477/Projects_Natalia/GROMACS/gromacs_ab_ligand_toolkit/ab_ligand_md_8complexes/computational_DMS_top_occupancy_poses/4E2__ddhC/surfaces/NH32H_output.csv -def /Users/nf477/Projects_Natalia/GROMACS/gromacs_ab_ligand_toolkit/ab_ligand_md_8complexes/computational_DMS_top_occupancy_poses/4E2__ddhC/surfaces_definition/custom_MOL_AMINO_FlexAID.def -dat /Users/nf477/Projects_Natalia/GROMACS/gromacs_ab_ligand_toolkit/ab_ligand_md_8complexes/Surfaces/FlexAID.dat

$ /Users/nf477/anaconda3/envs/nrgsuite/bin/python /Users/nf477/Projects_Natalia/GROMACS/gromacs_ab_ligand_toolkit/ab_ligand_md_8complexes/Surfaces/clean_structure.py -f 4E2_ddhC_P001_NH32I.pdb -def /Users/nf477/Projects_Natalia/GROMACS/gromacs_ab_ligand_toolkit/ab_ligand_md_8complexes/computational_DMS_top_occupancy_poses/4E2__ddhC/surfaces_definition/custom_MOL_AMINO_FlexAID.def

$ /Users/nf477/anaconda3/envs/nrgsuite/bin/python /Users/nf477/Projects_Natalia/GROMACS/gromacs_ab_ligand_toolkit/ab_ligand_md_8complexes/Surfaces/surface_cont_lig.py -f /Users/nf477/Projects_Natalia/GROMACS/gromacs_ab_ligand_toolkit/ab_ligand_md_8complexes/computational_DMS_top_occupancy_poses/4E2__ddhC/mutants/clean_4E2_ddhC_P001_NH32I.pdb -c HL -lig MOL -o /Users/nf477/Projects_Natalia/GROMACS/gromacs_ab_ligand_toolkit/ab_ligand_md_8complexes/computational_DMS_top_occupancy_poses/4E2__ddhC/surfaces/NH32I_output.csv -def /Users/nf477/Projects_Natalia/GROMACS/gromacs_ab_ligand_toolkit/ab_ligand_md_8complexes/computational_DMS_top_occupancy_poses/4E2__ddhC/surfaces_definition/custom_MOL_AMINO_FlexAID.def -dat /Users/nf477/Projects_Natalia/GROMACS/gromacs_ab_ligand_toolkit/ab_ligand_md_8complexes/Surfaces/FlexAID.dat

$ /Users/nf477/anaconda3/envs/nrgsuite/bin/python /Users/nf477/Projects_Natalia/GROMACS/gromacs_ab_ligand_toolkit/ab_ligand_md_8complexes/Surfaces/clean_structure.py -f 4E2_ddhC_P001_NH32K.pdb -def /Users/nf477/Projects_Natalia/GROMACS/gromacs_ab_ligand_toolkit/ab_ligand_md_8complexes/computational_DMS_top_occupancy_poses/4E2__ddhC/surfaces_definition/custom_MOL_AMINO_FlexAID.def

$ /Users/nf477/anaconda3/envs/nrgsuite/bin/python /Users/nf477/Projects_Natalia/GROMACS/gromacs_ab_ligand_toolkit/ab_ligand_md_8complexes/Surfaces/surface_cont_lig.py -f /Users/nf477/Projects_Natalia/GROMACS/gromacs_ab_ligand_toolkit/ab_ligand_md_8complexes/computational_DMS_top_occupancy_poses/4E2__ddhC/mutants/clean_4E2_ddhC_P001_NH32K.pdb -c HL -lig MOL -o /Users/nf477/Projects_Natalia/GROMACS/gromacs_ab_ligand_toolkit/ab_ligand_md_8complexes/computational_DMS_top_occupancy_poses/4E2__ddhC/surfaces/NH32K_output.csv -def /Users/nf477/Projects_Natalia/GROMACS/gromacs_ab_ligand_toolkit/ab_ligand_md_8complexes/computational_DMS_top_occupancy_poses/4E2__ddhC/surfaces_definition/custom_MOL_AMINO_FlexAID.def -dat /Users/nf477/Projects_Natalia/GROMACS/gromacs_ab_ligand_toolkit/ab_ligand_md_8complexes/Surfaces/FlexAID.dat

$ /Users/nf477/anaconda3/envs/nrgsuite/bin/python /Users/nf477/Projects_Natalia/GROMACS/gromacs_ab_ligand_toolkit/ab_ligand_md_8complexes/Surfaces/clean_structure.py -f 4E2_ddhC_P001_NH32L.pdb -def /Users/nf477/Projects_Natalia/GROMACS/gromacs_ab_ligand_toolkit/ab_ligand_md_8complexes/computational_DMS_top_occupancy_poses/4E2__ddhC/surfaces_definition/custom_MOL_AMINO_FlexAID.def

$ /Users/nf477/anaconda3/envs/nrgsuite/bin/python /Users/nf477/Projects_Natalia/GROMACS/gromacs_ab_ligand_toolkit/ab_ligand_md_8complexes/Surfaces/surface_cont_lig.py -f /Users/nf477/Projects_Natalia/GROMACS/gromacs_ab_ligand_toolkit/ab_ligand_md_8complexes/computational_DMS_top_occupancy_poses/4E2__ddhC/mutants/clean_4E2_ddhC_P001_NH32L.pdb -c HL -lig MOL -o /Users/nf477/Projects_Natalia/GROMACS/gromacs_ab_ligand_toolkit/ab_ligand_md_8complexes/computational_DMS_top_occupancy_poses/4E2__ddhC/surfaces/NH32L_output.csv -def /Users/nf477/Projects_Natalia/GROMACS/gromacs_ab_ligand_toolkit/ab_ligand_md_8complexes/computational_DMS_top_occupancy_poses/4E2__ddhC/surfaces_definition/custom_MOL_AMINO_FlexAID.def -dat /Users/nf477/Projects_Natalia/GROMACS/gromacs_ab_ligand_toolkit/ab_ligand_md_8complexes/Surfaces/FlexAID.dat

$ /Users/nf477/anaconda3/envs/nrgsuite/bin/python /Users/nf477/Projects_Natalia/GROMACS/gromacs_ab_ligand_toolkit/ab_ligand_md_8complexes/Surfaces/clean_structure.py -f 4E2_ddhC_P001_NH32M.pdb -def /Users/nf477/Projects_Natalia/GROMACS/gromacs_ab_ligand_toolkit/ab_ligand_md_8complexes/computational_DMS_top_occupancy_poses/4E2__ddhC/surfaces_definition/custom_MOL_AMINO_FlexAID.def

$ /Users/nf477/anaconda3/envs/nrgsuite/bin/python /Users/nf477/Projects_Natalia/GROMACS/gromacs_ab_ligand_toolkit/ab_ligand_md_8complexes/Surfaces/surface_cont_lig.py -f /Users/nf477/Projects_Natalia/GROMACS/gromacs_ab_ligand_toolkit/ab_ligand_md_8complexes/computational_DMS_top_occupancy_poses/4E2__ddhC/mutants/clean_4E2_ddhC_P001_NH32M.pdb -c HL -lig MOL -o /Users/nf477/Projects_Natalia/GROMACS/gromacs_ab_ligand_toolkit/ab_ligand_md_8complexes/computational_DMS_top_occupancy_poses/4E2__ddhC/surfaces/NH32M_output.csv -def /Users/nf477/Projects_Natalia/GROMACS/gromacs_ab_ligand_toolkit/ab_ligand_md_8complexes/computational_DMS_top_occupancy_poses/4E2__ddhC/surfaces_definition/custom_MOL_AMINO_FlexAID.def -dat /Users/nf477/Projects_Natalia/GROMACS/gromacs_ab_ligand_toolkit/ab_ligand_md_8complexes/Surfaces/FlexAID.dat

$ /Users/nf477/anaconda3/envs/nrgsuite/bin/python /Users/nf477/Projects_Natalia/GROMACS/gromacs_ab_ligand_toolkit/ab_ligand_md_8complexes/Surfaces/clean_structure.py -f 4E2_ddhC_P001_NH32N.pdb -def /Users/nf477/Projects_Natalia/GROMACS/gromacs_ab_ligand_toolkit/ab_ligand_md_8complexes/computational_DMS_top_occupancy_poses/4E2__ddhC/surfaces_definition/custom_MOL_AMINO_FlexAID.def

$ /Users/nf477/anaconda3/envs/nrgsuite/bin/python /Users/nf477/Projects_Natalia/GROMACS/gromacs_ab_ligand_toolkit/ab_ligand_md_8complexes/Surfaces/surface_cont_lig.py -f /Users/nf477/Projects_Natalia/GROMACS/gromacs_ab_ligand_toolkit/ab_ligand_md_8complexes/computational_DMS_top_occupancy_poses/4E2__ddhC/mutants/clean_4E2_ddhC_P001_NH32N.pdb -c HL -lig MOL -o /Users/nf477/Projects_Natalia/GROMACS/gromacs_ab_ligand_toolkit/ab_ligand_md_8complexes/computational_DMS_top_occupancy_poses/4E2__ddhC/surfaces/NH32N_output.csv -def /Users/nf477/Projects_Natalia/GROMACS/gromacs_ab_ligand_toolkit/ab_ligand_md_8complexes/computational_DMS_top_occupancy_poses/4E2__ddhC/surfaces_definition/custom_MOL_AMINO_FlexAID.def -dat /Users/nf477/Projects_Natalia/GROMACS/gromacs_ab_ligand_toolkit/ab_ligand_md_8complexes/Surfaces/FlexAID.dat

$ /Users/nf477/anaconda3/envs/nrgsuite/bin/python /Users/nf477/Projects_Natalia/GROMACS/gromacs_ab_ligand_toolkit/ab_ligand_md_8complexes/Surfaces/clean_structure.py -f 4E2_ddhC_P001_NH32P.pdb -def /Users/nf477/Projects_Natalia/GROMACS/gromacs_ab_ligand_toolkit/ab_ligand_md_8complexes/computational_DMS_top_occupancy_poses/4E2__ddhC/surfaces_definition/custom_MOL_AMINO_FlexAID.def

$ /Users/nf477/anaconda3/envs/nrgsuite/bin/python /Users/nf477/Projects_Natalia/GROMACS/gromacs_ab_ligand_toolkit/ab_ligand_md_8complexes/Surfaces/surface_cont_lig.py -f /Users/nf477/Projects_Natalia/GROMACS/gromacs_ab_ligand_toolkit/ab_ligand_md_8complexes/computational_DMS_top_occupancy_poses/4E2__ddhC/mutants/clean_4E2_ddhC_P001_NH32P.pdb -c HL -lig MOL -o /Users/nf477/Projects_Natalia/GROMACS/gromacs_ab_ligand_toolkit/ab_ligand_md_8complexes/computational_DMS_top_occupancy_poses/4E2__ddhC/surfaces/NH32P_output.csv -def /Users/nf477/Projects_Natalia/GROMACS/gromacs_ab_ligand_toolkit/ab_ligand_md_8complexes/computational_DMS_top_occupancy_poses/4E2__ddhC/surfaces_definition/custom_MOL_AMINO_FlexAID.def -dat /Users/nf477/Projects_Natalia/GROMACS/gromacs_ab_ligand_toolkit/ab_ligand_md_8complexes/Surfaces/FlexAID.dat

$ /Users/nf477/anaconda3/envs/nrgsuite/bin/python /Users/nf477/Projects_Natalia/GROMACS/gromacs_ab_ligand_toolkit/ab_ligand_md_8complexes/Surfaces/clean_structure.py -f 4E2_ddhC_P001_NH32Q.pdb -def /Users/nf477/Projects_Natalia/GROMACS/gromacs_ab_ligand_toolkit/ab_ligand_md_8complexes/computational_DMS_top_occupancy_poses/4E2__ddhC/surfaces_definition/custom_MOL_AMINO_FlexAID.def

$ /Users/nf477/anaconda3/envs/nrgsuite/bin/python /Users/nf477/Projects_Natalia/GROMACS/gromacs_ab_ligand_toolkit/ab_ligand_md_8complexes/Surfaces/surface_cont_lig.py -f /Users/nf477/Projects_Natalia/GROMACS/gromacs_ab_ligand_toolkit/ab_ligand_md_8complexes/computational_DMS_top_occupancy_poses/4E2__ddhC/mutants/clean_4E2_ddhC_P001_NH32Q.pdb -c HL -lig MOL -o /Users/nf477/Projects_Natalia/GROMACS/gromacs_ab_ligand_toolkit/ab_ligand_md_8complexes/computational_DMS_top_occupancy_poses/4E2__ddhC/surfaces/NH32Q_output.csv -def /Users/nf477/Projects_Natalia/GROMACS/gromacs_ab_ligand_toolkit/ab_ligand_md_8complexes/computational_DMS_top_occupancy_poses/4E2__ddhC/surfaces_definition/custom_MOL_AMINO_FlexAID.def -dat /Users/nf477/Projects_Natalia/GROMACS/gromacs_ab_ligand_toolkit/ab_ligand_md_8complexes/Surfaces/FlexAID.dat

$ /Users/nf477/anaconda3/envs/nrgsuite/bin/python /Users/nf477/Projects_Natalia/GROMACS/gromacs_ab_ligand_toolkit/ab_ligand_md_8complexes/Surfaces/clean_structure.py -f 4E2_ddhC_P001_NH32R.pdb -def /Users/nf477/Projects_Natalia/GROMACS/gromacs_ab_ligand_toolkit/ab_ligand_md_8complexes/computational_DMS_top_occupancy_poses/4E2__ddhC/surfaces_definition/custom_MOL_AMINO_FlexAID.def

$ /Users/nf477/anaconda3/envs/nrgsuite/bin/python /Users/nf477/Projects_Natalia/GROMACS/gromacs_ab_ligand_toolkit/ab_ligand_md_8complexes/Surfaces/surface_cont_lig.py -f /Users/nf477/Projects_Natalia/GROMACS/gromacs_ab_ligand_toolkit/ab_ligand_md_8complexes/computational_DMS_top_occupancy_poses/4E2__ddhC/mutants/clean_4E2_ddhC_P001_NH32R.pdb -c HL -lig MOL -o /Users/nf477/Projects_Natalia/GROMACS/gromacs_ab_ligand_toolkit/ab_ligand_md_8complexes/computational_DMS_top_occupancy_poses/4E2__ddhC/surfaces/NH32R_output.csv -def /Users/nf477/Projects_Natalia/GROMACS/gromacs_ab_ligand_toolkit/ab_ligand_md_8complexes/computational_DMS_top_occupancy_poses/4E2__ddhC/surfaces_definition/custom_MOL_AMINO_FlexAID.def -dat /Users/nf477/Projects_Natalia/GROMACS/gromacs_ab_ligand_toolkit/ab_ligand_md_8complexes/Surfaces/FlexAID.dat

$ /Users/nf477/anaconda3/envs/nrgsuite/bin/python /Users/nf477/Projects_Natalia/GROMACS/gromacs_ab_ligand_toolkit/ab_ligand_md_8complexes/Surfaces/clean_structure.py -f 4E2_ddhC_P001_NH32S.pdb -def /Users/nf477/Projects_Natalia/GROMACS/gromacs_ab_ligand_toolkit/ab_ligand_md_8complexes/computational_DMS_top_occupancy_poses/4E2__ddhC/surfaces_definition/custom_MOL_AMINO_FlexAID.def

$ /Users/nf477/anaconda3/envs/nrgsuite/bin/python /Users/nf477/Projects_Natalia/GROMACS/gromacs_ab_ligand_toolkit/ab_ligand_md_8complexes/Surfaces/surface_cont_lig.py -f /Users/nf477/Projects_Natalia/GROMACS/gromacs_ab_ligand_toolkit/ab_ligand_md_8complexes/computational_DMS_top_occupancy_poses/4E2__ddhC/mutants/clean_4E2_ddhC_P001_NH32S.pdb -c HL -lig MOL -o /Users/nf477/Projects_Natalia/GROMACS/gromacs_ab_ligand_toolkit/ab_ligand_md_8complexes/computational_DMS_top_occupancy_poses/4E2__ddhC/surfaces/NH32S_output.csv -def /Users/nf477/Projects_Natalia/GROMACS/gromacs_ab_ligand_toolkit/ab_ligand_md_8complexes/computational_DMS_top_occupancy_poses/4E2__ddhC/surfaces_definition/custom_MOL_AMINO_FlexAID.def -dat /Users/nf477/Projects_Natalia/GROMACS/gromacs_ab_ligand_toolkit/ab_ligand_md_8complexes/Surfaces/FlexAID.dat

$ /Users/nf477/anaconda3/envs/nrgsuite/bin/python /Users/nf477/Projects_Natalia/GROMACS/gromacs_ab_ligand_toolkit/ab_ligand_md_8complexes/Surfaces/clean_structure.py -f 4E2_ddhC_P001_NH32T.pdb -def /Users/nf477/Projects_Natalia/GROMACS/gromacs_ab_ligand_toolkit/ab_ligand_md_8complexes/computational_DMS_top_occupancy_poses/4E2__ddhC/surfaces_definition/custom_MOL_AMINO_FlexAID.def

$ /Users/nf477/anaconda3/envs/nrgsuite/bin/python /Users/nf477/Projects_Natalia/GROMACS/gromacs_ab_ligand_toolkit/ab_ligand_md_8complexes/Surfaces/surface_cont_lig.py -f /Users/nf477/Projects_Natalia/GROMACS/gromacs_ab_ligand_toolkit/ab_ligand_md_8complexes/computational_DMS_top_occupancy_poses/4E2__ddhC/mutants/clean_4E2_ddhC_P001_NH32T.pdb -c HL -lig MOL -o /Users/nf477/Projects_Natalia/GROMACS/gromacs_ab_ligand_toolkit/ab_ligand_md_8complexes/computational_DMS_top_occupancy_poses/4E2__ddhC/surfaces/NH32T_output.csv -def /Users/nf477/Projects_Natalia/GROMACS/gromacs_ab_ligand_toolkit/ab_ligand_md_8complexes/computational_DMS_top_occupancy_poses/4E2__ddhC/surfaces_definition/custom_MOL_AMINO_FlexAID.def -dat /Users/nf477/Projects_Natalia/GROMACS/gromacs_ab_ligand_toolkit/ab_ligand_md_8complexes/Surfaces/FlexAID.dat

$ /Users/nf477/anaconda3/envs/nrgsuite/bin/python /Users/nf477/Projects_Natalia/GROMACS/gromacs_ab_ligand_toolkit/ab_ligand_md_8complexes/Surfaces/clean_structure.py -f 4E2_ddhC_P001_NH32V.pdb -def /Users/nf477/Projects_Natalia/GROMACS/gromacs_ab_ligand_toolkit/ab_ligand_md_8complexes/computational_DMS_top_occupancy_poses/4E2__ddhC/surfaces_definition/custom_MOL_AMINO_FlexAID.def

$ /Users/nf477/anaconda3/envs/nrgsuite/bin/python /Users/nf477/Projects_Natalia/GROMACS/gromacs_ab_ligand_toolkit/ab_ligand_md_8complexes/Surfaces/surface_cont_lig.py -f /Users/nf477/Projects_Natalia/GROMACS/gromacs_ab_ligand_toolkit/ab_ligand_md_8complexes/computational_DMS_top_occupancy_poses/4E2__ddhC/mutants/clean_4E2_ddhC_P001_NH32V.pdb -c HL -lig MOL -o /Users/nf477/Projects_Natalia/GROMACS/gromacs_ab_ligand_toolkit/ab_ligand_md_8complexes/computational_DMS_top_occupancy_poses/4E2__ddhC/surfaces/NH32V_output.csv -def /Users/nf477/Projects_Natalia/GROMACS/gromacs_ab_ligand_toolkit/ab_ligand_md_8complexes/computational_DMS_top_occupancy_poses/4E2__ddhC/surfaces_definition/custom_MOL_AMINO_FlexAID.def -dat /Users/nf477/Projects_Natalia/GROMACS/gromacs_ab_ligand_toolkit/ab_ligand_md_8complexes/Surfaces/FlexAID.dat

$ /Users/nf477/anaconda3/envs/nrgsuite/bin/python /Users/nf477/Projects_Natalia/GROMACS/gromacs_ab_ligand_toolkit/ab_ligand_md_8complexes/Surfaces/clean_structure.py -f 4E2_ddhC_P001_NH32W.pdb -def /Users/nf477/Projects_Natalia/GROMACS/gromacs_ab_ligand_toolkit/ab_ligand_md_8complexes/computational_DMS_top_occupancy_poses/4E2__ddhC/surfaces_definition/custom_MOL_AMINO_FlexAID.def

$ /Users/nf477/anaconda3/envs/nrgsuite/bin/python /Users/nf477/Projects_Natalia/GROMACS/gromacs_ab_ligand_toolkit/ab_ligand_md_8complexes/Surfaces/surface_cont_lig.py -f /Users/nf477/Projects_Natalia/GROMACS/gromacs_ab_ligand_toolkit/ab_ligand_md_8complexes/computational_DMS_top_occupancy_poses/4E2__ddhC/mutants/clean_4E2_ddhC_P001_NH32W.pdb -c HL -lig MOL -o /Users/nf477/Projects_Natalia/GROMACS/gromacs_ab_ligand_toolkit/ab_ligand_md_8complexes/computational_DMS_top_occupancy_poses/4E2__ddhC/surfaces/NH32W_output.csv -def /Users/nf477/Projects_Natalia/GROMACS/gromacs_ab_ligand_toolkit/ab_ligand_md_8complexes/computational_DMS_top_occupancy_poses/4E2__ddhC/surfaces_definition/custom_MOL_AMINO_FlexAID.def -dat /Users/nf477/Projects_Natalia/GROMACS/gromacs_ab_ligand_toolkit/ab_ligand_md_8complexes/Surfaces/FlexAID.dat

$ /Users/nf477/anaconda3/envs/nrgsuite/bin/python /Users/nf477/Projects_Natalia/GROMACS/gromacs_ab_ligand_toolkit/ab_ligand_md_8complexes/Surfaces/clean_structure.py -f 4E2_ddhC_P001_NH32Y.pdb -def /Users/nf477/Projects_Natalia/GROMACS/gromacs_ab_ligand_toolkit/ab_ligand_md_8complexes/computational_DMS_top_occupancy_poses/4E2__ddhC/surfaces_definition/custom_MOL_AMINO_FlexAID.def

$ /Users/nf477/anaconda3/envs/nrgsuite/bin/python /Users/nf477/Projects_Natalia/GROMACS/gromacs_ab_ligand_toolkit/ab_ligand_md_8complexes/Surfaces/surface_cont_lig.py -f /Users/nf477/Projects_Natalia/GROMACS/gromacs_ab_ligand_toolkit/ab_ligand_md_8complexes/computational_DMS_top_occupancy_poses/4E2__ddhC/mutants/clean_4E2_ddhC_P001_NH32Y.pdb -c HL -lig MOL -o /Users/nf477/Projects_Natalia/GROMACS/gromacs_ab_ligand_toolkit/ab_ligand_md_8complexes/computational_DMS_top_occupancy_poses/4E2__ddhC/surfaces/NH32Y_output.csv -def /Users/nf477/Projects_Natalia/GROMACS/gromacs_ab_ligand_toolkit/ab_ligand_md_8complexes/computational_DMS_top_occupancy_poses/4E2__ddhC/surfaces_definition/custom_MOL_AMINO_FlexAID.def -dat /Users/nf477/Projects_Natalia/GROMACS/gromacs_ab_ligand_toolkit/ab_ligand_md_8complexes/Surfaces/FlexAID.dat

$ /Users/nf477/anaconda3/envs/nrgsuite/bin/python /Users/nf477/Projects_Natalia/GROMACS/gromacs_ab_ligand_toolkit/ab_ligand_md_8complexes/Surfaces/clean_structure.py -f 4E2_ddhC_P001_IH49A.pdb -def /Users/nf477/Projects_Natalia/GROMACS/gromacs_ab_ligand_toolkit/ab_ligand_md_8complexes/computational_DMS_top_occupancy_poses/4E2__ddhC/surfaces_definition/custom_MOL_AMINO_FlexAID.def

$ /Users/nf477/anaconda3/envs/nrgsuite/bin/python /Users/nf477/Projects_Natalia/GROMACS/gromacs_ab_ligand_toolkit/ab_ligand_md_8complexes/Surfaces/surface_cont_lig.py -f /Users/nf477/Projects_Natalia/GROMACS/gromacs_ab_ligand_toolkit/ab_ligand_md_8complexes/computational_DMS_top_occupancy_poses/4E2__ddhC/mutants/clean_4E2_ddhC_P001_IH49A.pdb -c HL -lig MOL -o /Users/nf477/Projects_Natalia/GROMACS/gromacs_ab_ligand_toolkit/ab_ligand_md_8complexes/computational_DMS_top_occupancy_poses/4E2__ddhC/surfaces/IH49A_output.csv -def /Users/nf477/Projects_Natalia/GROMACS/gromacs_ab_ligand_toolkit/ab_ligand_md_8complexes/computational_DMS_top_occupancy_poses/4E2__ddhC/surfaces_definition/custom_MOL_AMINO_FlexAID.def -dat /Users/nf477/Projects_Natalia/GROMACS/gromacs_ab_ligand_toolkit/ab_ligand_md_8complexes/Surfaces/FlexAID.dat

$ /Users/nf477/anaconda3/envs/nrgsuite/bin/python /Users/nf477/Projects_Natalia/GROMACS/gromacs_ab_ligand_toolkit/ab_ligand_md_8complexes/Surfaces/clean_structure.py -f 4E2_ddhC_P001_IH49C.pdb -def /Users/nf477/Projects_Natalia/GROMACS/gromacs_ab_ligand_toolkit/ab_ligand_md_8complexes/computational_DMS_top_occupancy_poses/4E2__ddhC/surfaces_definition/custom_MOL_AMINO_FlexAID.def

$ /Users/nf477/anaconda3/envs/nrgsuite/bin/python /Users/nf477/Projects_Natalia/GROMACS/gromacs_ab_ligand_toolkit/ab_ligand_md_8complexes/Surfaces/surface_cont_lig.py -f /Users/nf477/Projects_Natalia/GROMACS/gromacs_ab_ligand_toolkit/ab_ligand_md_8complexes/computational_DMS_top_occupancy_poses/4E2__ddhC/mutants/clean_4E2_ddhC_P001_IH49C.pdb -c HL -lig MOL -o /Users/nf477/Projects_Natalia/GROMACS/gromacs_ab_ligand_toolkit/ab_ligand_md_8complexes/computational_DMS_top_occupancy_poses/4E2__ddhC/surfaces/IH49C_output.csv -def /Users/nf477/Projects_Natalia/GROMACS/gromacs_ab_ligand_toolkit/ab_ligand_md_8complexes/computational_DMS_top_occupancy_poses/4E2__ddhC/surfaces_definition/custom_MOL_AMINO_FlexAID.def -dat /Users/nf477/Projects_Natalia/GROMACS/gromacs_ab_ligand_toolkit/ab_ligand_md_8complexes/Surfaces/FlexAID.dat

$ /Users/nf477/anaconda3/envs/nrgsuite/bin/python /Users/nf477/Projects_Natalia/GROMACS/gromacs_ab_ligand_toolkit/ab_ligand_md_8complexes/Surfaces/clean_structure.py -f 4E2_ddhC_P001_IH49D.pdb -def /Users/nf477/Projects_Natalia/GROMACS/gromacs_ab_ligand_toolkit/ab_ligand_md_8complexes/computational_DMS_top_occupancy_poses/4E2__ddhC/surfaces_definition/custom_MOL_AMINO_FlexAID.def

$ /Users/nf477/anaconda3/envs/nrgsuite/bin/python /Users/nf477/Projects_Natalia/GROMACS/gromacs_ab_ligand_toolkit/ab_ligand_md_8complexes/Surfaces/surface_cont_lig.py -f /Users/nf477/Projects_Natalia/GROMACS/gromacs_ab_ligand_toolkit/ab_ligand_md_8complexes/computational_DMS_top_occupancy_poses/4E2__ddhC/mutants/clean_4E2_ddhC_P001_IH49D.pdb -c HL -lig MOL -o /Users/nf477/Projects_Natalia/GROMACS/gromacs_ab_ligand_toolkit/ab_ligand_md_8complexes/computational_DMS_top_occupancy_poses/4E2__ddhC/surfaces/IH49D_output.csv -def /Users/nf477/Projects_Natalia/GROMACS/gromacs_ab_ligand_toolkit/ab_ligand_md_8complexes/computational_DMS_top_occupancy_poses/4E2__ddhC/surfaces_definition/custom_MOL_AMINO_FlexAID.def -dat /Users/nf477/Projects_Natalia/GROMACS/gromacs_ab_ligand_toolkit/ab_ligand_md_8complexes/Surfaces/FlexAID.dat

$ /Users/nf477/anaconda3/envs/nrgsuite/bin/python /Users/nf477/Projects_Natalia/GROMACS/gromacs_ab_ligand_toolkit/ab_ligand_md_8complexes/Surfaces/clean_structure.py -f 4E2_ddhC_P001_IH49E.pdb -def /Users/nf477/Projects_Natalia/GROMACS/gromacs_ab_ligand_toolkit/ab_ligand_md_8complexes/computational_DMS_top_occupancy_poses/4E2__ddhC/surfaces_definition/custom_MOL_AMINO_FlexAID.def

$ /Users/nf477/anaconda3/envs/nrgsuite/bin/python /Users/nf477/Projects_Natalia/GROMACS/gromacs_ab_ligand_toolkit/ab_ligand_md_8complexes/Surfaces/surface_cont_lig.py -f /Users/nf477/Projects_Natalia/GROMACS/gromacs_ab_ligand_toolkit/ab_ligand_md_8complexes/computational_DMS_top_occupancy_poses/4E2__ddhC/mutants/clean_4E2_ddhC_P001_IH49E.pdb -c HL -lig MOL -o /Users/nf477/Projects_Natalia/GROMACS/gromacs_ab_ligand_toolkit/ab_ligand_md_8complexes/computational_DMS_top_occupancy_poses/4E2__ddhC/surfaces/IH49E_output.csv -def /Users/nf477/Projects_Natalia/GROMACS/gromacs_ab_ligand_toolkit/ab_ligand_md_8complexes/computational_DMS_top_occupancy_poses/4E2__ddhC/surfaces_definition/custom_MOL_AMINO_FlexAID.def -dat /Users/nf477/Projects_Natalia/GROMACS/gromacs_ab_ligand_toolkit/ab_ligand_md_8complexes/Surfaces/FlexAID.dat

$ /Users/nf477/anaconda3/envs/nrgsuite/bin/python /Users/nf477/Projects_Natalia/GROMACS/gromacs_ab_ligand_toolkit/ab_ligand_md_8complexes/Surfaces/clean_structure.py -f 4E2_ddhC_P001_IH49F.pdb -def /Users/nf477/Projects_Natalia/GROMACS/gromacs_ab_ligand_toolkit/ab_ligand_md_8complexes/computational_DMS_top_occupancy_poses/4E2__ddhC/surfaces_definition/custom_MOL_AMINO_FlexAID.def

$ /Users/nf477/anaconda3/envs/nrgsuite/bin/python /Users/nf477/Projects_Natalia/GROMACS/gromacs_ab_ligand_toolkit/ab_ligand_md_8complexes/Surfaces/surface_cont_lig.py -f /Users/nf477/Projects_Natalia/GROMACS/gromacs_ab_ligand_toolkit/ab_ligand_md_8complexes/computational_DMS_top_occupancy_poses/4E2__ddhC/mutants/clean_4E2_ddhC_P001_IH49F.pdb -c HL -lig MOL -o /Users/nf477/Projects_Natalia/GROMACS/gromacs_ab_ligand_toolkit/ab_ligand_md_8complexes/computational_DMS_top_occupancy_poses/4E2__ddhC/surfaces/IH49F_output.csv -def /Users/nf477/Projects_Natalia/GROMACS/gromacs_ab_ligand_toolkit/ab_ligand_md_8complexes/computational_DMS_top_occupancy_poses/4E2__ddhC/surfaces_definition/custom_MOL_AMINO_FlexAID.def -dat /Users/nf477/Projects_Natalia/GROMACS/gromacs_ab_ligand_toolkit/ab_ligand_md_8complexes/Surfaces/FlexAID.dat

$ /Users/nf477/anaconda3/envs/nrgsuite/bin/python /Users/nf477/Projects_Natalia/GROMACS/gromacs_ab_ligand_toolkit/ab_ligand_md_8complexes/Surfaces/clean_structure.py -f 4E2_ddhC_P001_IH49G.pdb -def /Users/nf477/Projects_Natalia/GROMACS/gromacs_ab_ligand_toolkit/ab_ligand_md_8complexes/computational_DMS_top_occupancy_poses/4E2__ddhC/surfaces_definition/custom_MOL_AMINO_FlexAID.def

$ /Users/nf477/anaconda3/envs/nrgsuite/bin/python /Users/nf477/Projects_Natalia/GROMACS/gromacs_ab_ligand_toolkit/ab_ligand_md_8complexes/Surfaces/surface_cont_lig.py -f /Users/nf477/Projects_Natalia/GROMACS/gromacs_ab_ligand_toolkit/ab_ligand_md_8complexes/computational_DMS_top_occupancy_poses/4E2__ddhC/mutants/clean_4E2_ddhC_P001_IH49G.pdb -c HL -lig MOL -o /Users/nf477/Projects_Natalia/GROMACS/gromacs_ab_ligand_toolkit/ab_ligand_md_8complexes/computational_DMS_top_occupancy_poses/4E2__ddhC/surfaces/IH49G_output.csv -def /Users/nf477/Projects_Natalia/GROMACS/gromacs_ab_ligand_toolkit/ab_ligand_md_8complexes/computational_DMS_top_occupancy_poses/4E2__ddhC/surfaces_definition/custom_MOL_AMINO_FlexAID.def -dat /Users/nf477/Projects_Natalia/GROMACS/gromacs_ab_ligand_toolkit/ab_ligand_md_8complexes/Surfaces/FlexAID.dat

$ /Users/nf477/anaconda3/envs/nrgsuite/bin/python /Users/nf477/Projects_Natalia/GROMACS/gromacs_ab_ligand_toolkit/ab_ligand_md_8complexes/Surfaces/clean_structure.py -f 4E2_ddhC_P001_IH49H.pdb -def /Users/nf477/Projects_Natalia/GROMACS/gromacs_ab_ligand_toolkit/ab_ligand_md_8complexes/computational_DMS_top_occupancy_poses/4E2__ddhC/surfaces_definition/custom_MOL_AMINO_FlexAID.def

$ /Users/nf477/anaconda3/envs/nrgsuite/bin/python /Users/nf477/Projects_Natalia/GROMACS/gromacs_ab_ligand_toolkit/ab_ligand_md_8complexes/Surfaces/surface_cont_lig.py -f /Users/nf477/Projects_Natalia/GROMACS/gromacs_ab_ligand_toolkit/ab_ligand_md_8complexes/computational_DMS_top_occupancy_poses/4E2__ddhC/mutants/clean_4E2_ddhC_P001_IH49H.pdb -c HL -lig MOL -o /Users/nf477/Projects_Natalia/GROMACS/gromacs_ab_ligand_toolkit/ab_ligand_md_8complexes/computational_DMS_top_occupancy_poses/4E2__ddhC/surfaces/IH49H_output.csv -def /Users/nf477/Projects_Natalia/GROMACS/gromacs_ab_ligand_toolkit/ab_ligand_md_8complexes/computational_DMS_top_occupancy_poses/4E2__ddhC/surfaces_definition/custom_MOL_AMINO_FlexAID.def -dat /Users/nf477/Projects_Natalia/GROMACS/gromacs_ab_ligand_toolkit/ab_ligand_md_8complexes/Surfaces/FlexAID.dat

$ /Users/nf477/anaconda3/envs/nrgsuite/bin/python /Users/nf477/Projects_Natalia/GROMACS/gromacs_ab_ligand_toolkit/ab_ligand_md_8complexes/Surfaces/clean_structure.py -f 4E2_ddhC_P001_IH49I.pdb -def /Users/nf477/Projects_Natalia/GROMACS/gromacs_ab_ligand_toolkit/ab_ligand_md_8complexes/computational_DMS_top_occupancy_poses/4E2__ddhC/surfaces_definition/custom_MOL_AMINO_FlexAID.def

$ /Users/nf477/anaconda3/envs/nrgsuite/bin/python /Users/nf477/Projects_Natalia/GROMACS/gromacs_ab_ligand_toolkit/ab_ligand_md_8complexes/Surfaces/surface_cont_lig.py -f /Users/nf477/Projects_Natalia/GROMACS/gromacs_ab_ligand_toolkit/ab_ligand_md_8complexes/computational_DMS_top_occupancy_poses/4E2__ddhC/mutants/clean_4E2_ddhC_P001_IH49I.pdb -c HL -lig MOL -o /Users/nf477/Projects_Natalia/GROMACS/gromacs_ab_ligand_toolkit/ab_ligand_md_8complexes/computational_DMS_top_occupancy_poses/4E2__ddhC/surfaces/IH49I_output.csv -def /Users/nf477/Projects_Natalia/GROMACS/gromacs_ab_ligand_toolkit/ab_ligand_md_8complexes/computational_DMS_top_occupancy_poses/4E2__ddhC/surfaces_definition/custom_MOL_AMINO_FlexAID.def -dat /Users/nf477/Projects_Natalia/GROMACS/gromacs_ab_ligand_toolkit/ab_ligand_md_8complexes/Surfaces/FlexAID.dat

$ /Users/nf477/anaconda3/envs/nrgsuite/bin/python /Users/nf477/Projects_Natalia/GROMACS/gromacs_ab_ligand_toolkit/ab_ligand_md_8complexes/Surfaces/clean_structure.py -f 4E2_ddhC_P001_IH49K.pdb -def /Users/nf477/Projects_Natalia/GROMACS/gromacs_ab_ligand_toolkit/ab_ligand_md_8complexes/computational_DMS_top_occupancy_poses/4E2__ddhC/surfaces_definition/custom_MOL_AMINO_FlexAID.def

$ /Users/nf477/anaconda3/envs/nrgsuite/bin/python /Users/nf477/Projects_Natalia/GROMACS/gromacs_ab_ligand_toolkit/ab_ligand_md_8complexes/Surfaces/surface_cont_lig.py -f /Users/nf477/Projects_Natalia/GROMACS/gromacs_ab_ligand_toolkit/ab_ligand_md_8complexes/computational_DMS_top_occupancy_poses/4E2__ddhC/mutants/clean_4E2_ddhC_P001_IH49K.pdb -c HL -lig MOL -o /Users/nf477/Projects_Natalia/GROMACS/gromacs_ab_ligand_toolkit/ab_ligand_md_8complexes/computational_DMS_top_occupancy_poses/4E2__ddhC/surfaces/IH49K_output.csv -def /Users/nf477/Projects_Natalia/GROMACS/gromacs_ab_ligand_toolkit/ab_ligand_md_8complexes/computational_DMS_top_occupancy_poses/4E2__ddhC/surfaces_definition/custom_MOL_AMINO_FlexAID.def -dat /Users/nf477/Projects_Natalia/GROMACS/gromacs_ab_ligand_toolkit/ab_ligand_md_8complexes/Surfaces/FlexAID.dat

$ /Users/nf477/anaconda3/envs/nrgsuite/bin/python /Users/nf477/Projects_Natalia/GROMACS/gromacs_ab_ligand_toolkit/ab_ligand_md_8complexes/Surfaces/clean_structure.py -f 4E2_ddhC_P001_IH49L.pdb -def /Users/nf477/Projects_Natalia/GROMACS/gromacs_ab_ligand_toolkit/ab_ligand_md_8complexes/computational_DMS_top_occupancy_poses/4E2__ddhC/surfaces_definition/custom_MOL_AMINO_FlexAID.def

$ /Users/nf477/anaconda3/envs/nrgsuite/bin/python /Users/nf477/Projects_Natalia/GROMACS/gromacs_ab_ligand_toolkit/ab_ligand_md_8complexes/Surfaces/surface_cont_lig.py -f /Users/nf477/Projects_Natalia/GROMACS/gromacs_ab_ligand_toolkit/ab_ligand_md_8complexes/computational_DMS_top_occupancy_poses/4E2__ddhC/mutants/clean_4E2_ddhC_P001_IH49L.pdb -c HL -lig MOL -o /Users/nf477/Projects_Natalia/GROMACS/gromacs_ab_ligand_toolkit/ab_ligand_md_8complexes/computational_DMS_top_occupancy_poses/4E2__ddhC/surfaces/IH49L_output.csv -def /Users/nf477/Projects_Natalia/GROMACS/gromacs_ab_ligand_toolkit/ab_ligand_md_8complexes/computational_DMS_top_occupancy_poses/4E2__ddhC/surfaces_definition/custom_MOL_AMINO_FlexAID.def -dat /Users/nf477/Projects_Natalia/GROMACS/gromacs_ab_ligand_toolkit/ab_ligand_md_8complexes/Surfaces/FlexAID.dat

$ /Users/nf477/anaconda3/envs/nrgsuite/bin/python /Users/nf477/Projects_Natalia/GROMACS/gromacs_ab_ligand_toolkit/ab_ligand_md_8complexes/Surfaces/clean_structure.py -f 4E2_ddhC_P001_IH49M.pdb -def /Users/nf477/Projects_Natalia/GROMACS/gromacs_ab_ligand_toolkit/ab_ligand_md_8complexes/computational_DMS_top_occupancy_poses/4E2__ddhC/surfaces_definition/custom_MOL_AMINO_FlexAID.def

$ /Users/nf477/anaconda3/envs/nrgsuite/bin/python /Users/nf477/Projects_Natalia/GROMACS/gromacs_ab_ligand_toolkit/ab_ligand_md_8complexes/Surfaces/surface_cont_lig.py -f /Users/nf477/Projects_Natalia/GROMACS/gromacs_ab_ligand_toolkit/ab_ligand_md_8complexes/computational_DMS_top_occupancy_poses/4E2__ddhC/mutants/clean_4E2_ddhC_P001_IH49M.pdb -c HL -lig MOL -o /Users/nf477/Projects_Natalia/GROMACS/gromacs_ab_ligand_toolkit/ab_ligand_md_8complexes/computational_DMS_top_occupancy_poses/4E2__ddhC/surfaces/IH49M_output.csv -def /Users/nf477/Projects_Natalia/GROMACS/gromacs_ab_ligand_toolkit/ab_ligand_md_8complexes/computational_DMS_top_occupancy_poses/4E2__ddhC/surfaces_definition/custom_MOL_AMINO_FlexAID.def -dat /Users/nf477/Projects_Natalia/GROMACS/gromacs_ab_ligand_toolkit/ab_ligand_md_8complexes/Surfaces/FlexAID.dat

$ /Users/nf477/anaconda3/envs/nrgsuite/bin/python /Users/nf477/Projects_Natalia/GROMACS/gromacs_ab_ligand_toolkit/ab_ligand_md_8complexes/Surfaces/clean_structure.py -f 4E2_ddhC_P001_IH49N.pdb -def /Users/nf477/Projects_Natalia/GROMACS/gromacs_ab_ligand_toolkit/ab_ligand_md_8complexes/computational_DMS_top_occupancy_poses/4E2__ddhC/surfaces_definition/custom_MOL_AMINO_FlexAID.def

$ /Users/nf477/anaconda3/envs/nrgsuite/bin/python /Users/nf477/Projects_Natalia/GROMACS/gromacs_ab_ligand_toolkit/ab_ligand_md_8complexes/Surfaces/surface_cont_lig.py -f /Users/nf477/Projects_Natalia/GROMACS/gromacs_ab_ligand_toolkit/ab_ligand_md_8complexes/computational_DMS_top_occupancy_poses/4E2__ddhC/mutants/clean_4E2_ddhC_P001_IH49N.pdb -c HL -lig MOL -o /Users/nf477/Projects_Natalia/GROMACS/gromacs_ab_ligand_toolkit/ab_ligand_md_8complexes/computational_DMS_top_occupancy_poses/4E2__ddhC/surfaces/IH49N_output.csv -def /Users/nf477/Projects_Natalia/GROMACS/gromacs_ab_ligand_toolkit/ab_ligand_md_8complexes/computational_DMS_top_occupancy_poses/4E2__ddhC/surfaces_definition/custom_MOL_AMINO_FlexAID.def -dat /Users/nf477/Projects_Natalia/GROMACS/gromacs_ab_ligand_toolkit/ab_ligand_md_8complexes/Surfaces/FlexAID.dat

$ /Users/nf477/anaconda3/envs/nrgsuite/bin/python /Users/nf477/Projects_Natalia/GROMACS/gromacs_ab_ligand_toolkit/ab_ligand_md_8complexes/Surfaces/clean_structure.py -f 4E2_ddhC_P001_IH49P.pdb -def /Users/nf477/Projects_Natalia/GROMACS/gromacs_ab_ligand_toolkit/ab_ligand_md_8complexes/computational_DMS_top_occupancy_poses/4E2__ddhC/surfaces_definition/custom_MOL_AMINO_FlexAID.def

$ /Users/nf477/anaconda3/envs/nrgsuite/bin/python /Users/nf477/Projects_Natalia/GROMACS/gromacs_ab_ligand_toolkit/ab_ligand_md_8complexes/Surfaces/surface_cont_lig.py -f /Users/nf477/Projects_Natalia/GROMACS/gromacs_ab_ligand_toolkit/ab_ligand_md_8complexes/computational_DMS_top_occupancy_poses/4E2__ddhC/mutants/clean_4E2_ddhC_P001_IH49P.pdb -c HL -lig MOL -o /Users/nf477/Projects_Natalia/GROMACS/gromacs_ab_ligand_toolkit/ab_ligand_md_8complexes/computational_DMS_top_occupancy_poses/4E2__ddhC/surfaces/IH49P_output.csv -def /Users/nf477/Projects_Natalia/GROMACS/gromacs_ab_ligand_toolkit/ab_ligand_md_8complexes/computational_DMS_top_occupancy_poses/4E2__ddhC/surfaces_definition/custom_MOL_AMINO_FlexAID.def -dat /Users/nf477/Projects_Natalia/GROMACS/gromacs_ab_ligand_toolkit/ab_ligand_md_8complexes/Surfaces/FlexAID.dat

$ /Users/nf477/anaconda3/envs/nrgsuite/bin/python /Users/nf477/Projects_Natalia/GROMACS/gromacs_ab_ligand_toolkit/ab_ligand_md_8complexes/Surfaces/clean_structure.py -f 4E2_ddhC_P001_IH49Q.pdb -def /Users/nf477/Projects_Natalia/GROMACS/gromacs_ab_ligand_toolkit/ab_ligand_md_8complexes/computational_DMS_top_occupancy_poses/4E2__ddhC/surfaces_definition/custom_MOL_AMINO_FlexAID.def

$ /Users/nf477/anaconda3/envs/nrgsuite/bin/python /Users/nf477/Projects_Natalia/GROMACS/gromacs_ab_ligand_toolkit/ab_ligand_md_8complexes/Surfaces/surface_cont_lig.py -f /Users/nf477/Projects_Natalia/GROMACS/gromacs_ab_ligand_toolkit/ab_ligand_md_8complexes/computational_DMS_top_occupancy_poses/4E2__ddhC/mutants/clean_4E2_ddhC_P001_IH49Q.pdb -c HL -lig MOL -o /Users/nf477/Projects_Natalia/GROMACS/gromacs_ab_ligand_toolkit/ab_ligand_md_8complexes/computational_DMS_top_occupancy_poses/4E2__ddhC/surfaces/IH49Q_output.csv -def /Users/nf477/Projects_Natalia/GROMACS/gromacs_ab_ligand_toolkit/ab_ligand_md_8complexes/computational_DMS_top_occupancy_poses/4E2__ddhC/surfaces_definition/custom_MOL_AMINO_FlexAID.def -dat /Users/nf477/Projects_Natalia/GROMACS/gromacs_ab_ligand_toolkit/ab_ligand_md_8complexes/Surfaces/FlexAID.dat

$ /Users/nf477/anaconda3/envs/nrgsuite/bin/python /Users/nf477/Projects_Natalia/GROMACS/gromacs_ab_ligand_toolkit/ab_ligand_md_8complexes/Surfaces/clean_structure.py -f 4E2_ddhC_P001_IH49R.pdb -def /Users/nf477/Projects_Natalia/GROMACS/gromacs_ab_ligand_toolkit/ab_ligand_md_8complexes/computational_DMS_top_occupancy_poses/4E2__ddhC/surfaces_definition/custom_MOL_AMINO_FlexAID.def

$ /Users/nf477/anaconda3/envs/nrgsuite/bin/python /Users/nf477/Projects_Natalia/GROMACS/gromacs_ab_ligand_toolkit/ab_ligand_md_8complexes/Surfaces/surface_cont_lig.py -f /Users/nf477/Projects_Natalia/GROMACS/gromacs_ab_ligand_toolkit/ab_ligand_md_8complexes/computational_DMS_top_occupancy_poses/4E2__ddhC/mutants/clean_4E2_ddhC_P001_IH49R.pdb -c HL -lig MOL -o /Users/nf477/Projects_Natalia/GROMACS/gromacs_ab_ligand_toolkit/ab_ligand_md_8complexes/computational_DMS_top_occupancy_poses/4E2__ddhC/surfaces/IH49R_output.csv -def /Users/nf477/Projects_Natalia/GROMACS/gromacs_ab_ligand_toolkit/ab_ligand_md_8complexes/computational_DMS_top_occupancy_poses/4E2__ddhC/surfaces_definition/custom_MOL_AMINO_FlexAID.def -dat /Users/nf477/Projects_Natalia/GROMACS/gromacs_ab_ligand_toolkit/ab_ligand_md_8complexes/Surfaces/FlexAID.dat

$ /Users/nf477/anaconda3/envs/nrgsuite/bin/python /Users/nf477/Projects_Natalia/GROMACS/gromacs_ab_ligand_toolkit/ab_ligand_md_8complexes/Surfaces/clean_structure.py -f 4E2_ddhC_P001_IH49S.pdb -def /Users/nf477/Projects_Natalia/GROMACS/gromacs_ab_ligand_toolkit/ab_ligand_md_8complexes/computational_DMS_top_occupancy_poses/4E2__ddhC/surfaces_definition/custom_MOL_AMINO_FlexAID.def

$ /Users/nf477/anaconda3/envs/nrgsuite/bin/python /Users/nf477/Projects_Natalia/GROMACS/gromacs_ab_ligand_toolkit/ab_ligand_md_8complexes/Surfaces/surface_cont_lig.py -f /Users/nf477/Projects_Natalia/GROMACS/gromacs_ab_ligand_toolkit/ab_ligand_md_8complexes/computational_DMS_top_occupancy_poses/4E2__ddhC/mutants/clean_4E2_ddhC_P001_IH49S.pdb -c HL -lig MOL -o /Users/nf477/Projects_Natalia/GROMACS/gromacs_ab_ligand_toolkit/ab_ligand_md_8complexes/computational_DMS_top_occupancy_poses/4E2__ddhC/surfaces/IH49S_output.csv -def /Users/nf477/Projects_Natalia/GROMACS/gromacs_ab_ligand_toolkit/ab_ligand_md_8complexes/computational_DMS_top_occupancy_poses/4E2__ddhC/surfaces_definition/custom_MOL_AMINO_FlexAID.def -dat /Users/nf477/Projects_Natalia/GROMACS/gromacs_ab_ligand_toolkit/ab_ligand_md_8complexes/Surfaces/FlexAID.dat

$ /Users/nf477/anaconda3/envs/nrgsuite/bin/python /Users/nf477/Projects_Natalia/GROMACS/gromacs_ab_ligand_toolkit/ab_ligand_md_8complexes/Surfaces/clean_structure.py -f 4E2_ddhC_P001_IH49T.pdb -def /Users/nf477/Projects_Natalia/GROMACS/gromacs_ab_ligand_toolkit/ab_ligand_md_8complexes/computational_DMS_top_occupancy_poses/4E2__ddhC/surfaces_definition/custom_MOL_AMINO_FlexAID.def

$ /Users/nf477/anaconda3/envs/nrgsuite/bin/python /Users/nf477/Projects_Natalia/GROMACS/gromacs_ab_ligand_toolkit/ab_ligand_md_8complexes/Surfaces/surface_cont_lig.py -f /Users/nf477/Projects_Natalia/GROMACS/gromacs_ab_ligand_toolkit/ab_ligand_md_8complexes/computational_DMS_top_occupancy_poses/4E2__ddhC/mutants/clean_4E2_ddhC_P001_IH49T.pdb -c HL -lig MOL -o /Users/nf477/Projects_Natalia/GROMACS/gromacs_ab_ligand_toolkit/ab_ligand_md_8complexes/computational_DMS_top_occupancy_poses/4E2__ddhC/surfaces/IH49T_output.csv -def /Users/nf477/Projects_Natalia/GROMACS/gromacs_ab_ligand_toolkit/ab_ligand_md_8complexes/computational_DMS_top_occupancy_poses/4E2__ddhC/surfaces_definition/custom_MOL_AMINO_FlexAID.def -dat /Users/nf477/Projects_Natalia/GROMACS/gromacs_ab_ligand_toolkit/ab_ligand_md_8complexes/Surfaces/FlexAID.dat

$ /Users/nf477/anaconda3/envs/nrgsuite/bin/python /Users/nf477/Projects_Natalia/GROMACS/gromacs_ab_ligand_toolkit/ab_ligand_md_8complexes/Surfaces/clean_structure.py -f 4E2_ddhC_P001_IH49V.pdb -def /Users/nf477/Projects_Natalia/GROMACS/gromacs_ab_ligand_toolkit/ab_ligand_md_8complexes/computational_DMS_top_occupancy_poses/4E2__ddhC/surfaces_definition/custom_MOL_AMINO_FlexAID.def

$ /Users/nf477/anaconda3/envs/nrgsuite/bin/python /Users/nf477/Projects_Natalia/GROMACS/gromacs_ab_ligand_toolkit/ab_ligand_md_8complexes/Surfaces/surface_cont_lig.py -f /Users/nf477/Projects_Natalia/GROMACS/gromacs_ab_ligand_toolkit/ab_ligand_md_8complexes/computational_DMS_top_occupancy_poses/4E2__ddhC/mutants/clean_4E2_ddhC_P001_IH49V.pdb -c HL -lig MOL -o /Users/nf477/Projects_Natalia/GROMACS/gromacs_ab_ligand_toolkit/ab_ligand_md_8complexes/computational_DMS_top_occupancy_poses/4E2__ddhC/surfaces/IH49V_output.csv -def /Users/nf477/Projects_Natalia/GROMACS/gromacs_ab_ligand_toolkit/ab_ligand_md_8complexes/computational_DMS_top_occupancy_poses/4E2__ddhC/surfaces_definition/custom_MOL_AMINO_FlexAID.def -dat /Users/nf477/Projects_Natalia/GROMACS/gromacs_ab_ligand_toolkit/ab_ligand_md_8complexes/Surfaces/FlexAID.dat

$ /Users/nf477/anaconda3/envs/nrgsuite/bin/python /Users/nf477/Projects_Natalia/GROMACS/gromacs_ab_ligand_toolkit/ab_ligand_md_8complexes/Surfaces/clean_structure.py -f 4E2_ddhC_P001_IH49W.pdb -def /Users/nf477/Projects_Natalia/GROMACS/gromacs_ab_ligand_toolkit/ab_ligand_md_8complexes/computational_DMS_top_occupancy_poses/4E2__ddhC/surfaces_definition/custom_MOL_AMINO_FlexAID.def

$ /Users/nf477/anaconda3/envs/nrgsuite/bin/python /Users/nf477/Projects_Natalia/GROMACS/gromacs_ab_ligand_toolkit/ab_ligand_md_8complexes/Surfaces/surface_cont_lig.py -f /Users/nf477/Projects_Natalia/GROMACS/gromacs_ab_ligand_toolkit/ab_ligand_md_8complexes/computational_DMS_top_occupancy_poses/4E2__ddhC/mutants/clean_4E2_ddhC_P001_IH49W.pdb -c HL -lig MOL -o /Users/nf477/Projects_Natalia/GROMACS/gromacs_ab_ligand_toolkit/ab_ligand_md_8complexes/computational_DMS_top_occupancy_poses/4E2__ddhC/surfaces/IH49W_output.csv -def /Users/nf477/Projects_Natalia/GROMACS/gromacs_ab_ligand_toolkit/ab_ligand_md_8complexes/computational_DMS_top_occupancy_poses/4E2__ddhC/surfaces_definition/custom_MOL_AMINO_FlexAID.def -dat /Users/nf477/Projects_Natalia/GROMACS/gromacs_ab_ligand_toolkit/ab_ligand_md_8complexes/Surfaces/FlexAID.dat

$ /Users/nf477/anaconda3/envs/nrgsuite/bin/python /Users/nf477/Projects_Natalia/GROMACS/gromacs_ab_ligand_toolkit/ab_ligand_md_8complexes/Surfaces/clean_structure.py -f 4E2_ddhC_P001_IH49Y.pdb -def /Users/nf477/Projects_Natalia/GROMACS/gromacs_ab_ligand_toolkit/ab_ligand_md_8complexes/computational_DMS_top_occupancy_poses/4E2__ddhC/surfaces_definition/custom_MOL_AMINO_FlexAID.def

$ /Users/nf477/anaconda3/envs/nrgsuite/bin/python /Users/nf477/Projects_Natalia/GROMACS/gromacs_ab_ligand_toolkit/ab_ligand_md_8complexes/Surfaces/surface_cont_lig.py -f /Users/nf477/Projects_Natalia/GROMACS/gromacs_ab_ligand_toolkit/ab_ligand_md_8complexes/computational_DMS_top_occupancy_poses/4E2__ddhC/mutants/clean_4E2_ddhC_P001_IH49Y.pdb -c HL -lig MOL -o /Users/nf477/Projects_Natalia/GROMACS/gromacs_ab_ligand_toolkit/ab_ligand_md_8complexes/computational_DMS_top_occupancy_poses/4E2__ddhC/surfaces/IH49Y_output.csv -def /Users/nf477/Projects_Natalia/GROMACS/gromacs_ab_ligand_toolkit/ab_ligand_md_8complexes/computational_DMS_top_occupancy_poses/4E2__ddhC/surfaces_definition/custom_MOL_AMINO_FlexAID.def -dat /Users/nf477/Projects_Natalia/GROMACS/gromacs_ab_ligand_toolkit/ab_ligand_md_8complexes/Surfaces/FlexAID.dat

$ /Users/nf477/anaconda3/envs/nrgsuite/bin/python /Users/nf477/Projects_Natalia/GROMACS/gromacs_ab_ligand_toolkit/ab_ligand_md_8complexes/Surfaces/clean_structure.py -f 4E2_ddhC_P001_NH51A.pdb -def /Users/nf477/Projects_Natalia/GROMACS/gromacs_ab_ligand_toolkit/ab_ligand_md_8complexes/computational_DMS_top_occupancy_poses/4E2__ddhC/surfaces_definition/custom_MOL_AMINO_FlexAID.def

$ /Users/nf477/anaconda3/envs/nrgsuite/bin/python /Users/nf477/Projects_Natalia/GROMACS/gromacs_ab_ligand_toolkit/ab_ligand_md_8complexes/Surfaces/surface_cont_lig.py -f /Users/nf477/Projects_Natalia/GROMACS/gromacs_ab_ligand_toolkit/ab_ligand_md_8complexes/computational_DMS_top_occupancy_poses/4E2__ddhC/mutants/clean_4E2_ddhC_P001_NH51A.pdb -c HL -lig MOL -o /Users/nf477/Projects_Natalia/GROMACS/gromacs_ab_ligand_toolkit/ab_ligand_md_8complexes/computational_DMS_top_occupancy_poses/4E2__ddhC/surfaces/NH51A_output.csv -def /Users/nf477/Projects_Natalia/GROMACS/gromacs_ab_ligand_toolkit/ab_ligand_md_8complexes/computational_DMS_top_occupancy_poses/4E2__ddhC/surfaces_definition/custom_MOL_AMINO_FlexAID.def -dat /Users/nf477/Projects_Natalia/GROMACS/gromacs_ab_ligand_toolkit/ab_ligand_md_8complexes/Surfaces/FlexAID.dat

$ /Users/nf477/anaconda3/envs/nrgsuite/bin/python /Users/nf477/Projects_Natalia/GROMACS/gromacs_ab_ligand_toolkit/ab_ligand_md_8complexes/Surfaces/clean_structure.py -f 4E2_ddhC_P001_NH51C.pdb -def /Users/nf477/Projects_Natalia/GROMACS/gromacs_ab_ligand_toolkit/ab_ligand_md_8complexes/computational_DMS_top_occupancy_poses/4E2__ddhC/surfaces_definition/custom_MOL_AMINO_FlexAID.def

$ /Users/nf477/anaconda3/envs/nrgsuite/bin/python /Users/nf477/Projects_Natalia/GROMACS/gromacs_ab_ligand_toolkit/ab_ligand_md_8complexes/Surfaces/surface_cont_lig.py -f /Users/nf477/Projects_Natalia/GROMACS/gromacs_ab_ligand_toolkit/ab_ligand_md_8complexes/computational_DMS_top_occupancy_poses/4E2__ddhC/mutants/clean_4E2_ddhC_P001_NH51C.pdb -c HL -lig MOL -o /Users/nf477/Projects_Natalia/GROMACS/gromacs_ab_ligand_toolkit/ab_ligand_md_8complexes/computational_DMS_top_occupancy_poses/4E2__ddhC/surfaces/NH51C_output.csv -def /Users/nf477/Projects_Natalia/GROMACS/gromacs_ab_ligand_toolkit/ab_ligand_md_8complexes/computational_DMS_top_occupancy_poses/4E2__ddhC/surfaces_definition/custom_MOL_AMINO_FlexAID.def -dat /Users/nf477/Projects_Natalia/GROMACS/gromacs_ab_ligand_toolkit/ab_ligand_md_8complexes/Surfaces/FlexAID.dat

$ /Users/nf477/anaconda3/envs/nrgsuite/bin/python /Users/nf477/Projects_Natalia/GROMACS/gromacs_ab_ligand_toolkit/ab_ligand_md_8complexes/Surfaces/clean_structure.py -f 4E2_ddhC_P001_NH51D.pdb -def /Users/nf477/Projects_Natalia/GROMACS/gromacs_ab_ligand_toolkit/ab_ligand_md_8complexes/computational_DMS_top_occupancy_poses/4E2__ddhC/surfaces_definition/custom_MOL_AMINO_FlexAID.def

$ /Users/nf477/anaconda3/envs/nrgsuite/bin/python /Users/nf477/Projects_Natalia/GROMACS/gromacs_ab_ligand_toolkit/ab_ligand_md_8complexes/Surfaces/surface_cont_lig.py -f /Users/nf477/Projects_Natalia/GROMACS/gromacs_ab_ligand_toolkit/ab_ligand_md_8complexes/computational_DMS_top_occupancy_poses/4E2__ddhC/mutants/clean_4E2_ddhC_P001_NH51D.pdb -c HL -lig MOL -o /Users/nf477/Projects_Natalia/GROMACS/gromacs_ab_ligand_toolkit/ab_ligand_md_8complexes/computational_DMS_top_occupancy_poses/4E2__ddhC/surfaces/NH51D_output.csv -def /Users/nf477/Projects_Natalia/GROMACS/gromacs_ab_ligand_toolkit/ab_ligand_md_8complexes/computational_DMS_top_occupancy_poses/4E2__ddhC/surfaces_definition/custom_MOL_AMINO_FlexAID.def -dat /Users/nf477/Projects_Natalia/GROMACS/gromacs_ab_ligand_toolkit/ab_ligand_md_8complexes/Surfaces/FlexAID.dat

$ /Users/nf477/anaconda3/envs/nrgsuite/bin/python /Users/nf477/Projects_Natalia/GROMACS/gromacs_ab_ligand_toolkit/ab_ligand_md_8complexes/Surfaces/clean_structure.py -f 4E2_ddhC_P001_NH51E.pdb -def /Users/nf477/Projects_Natalia/GROMACS/gromacs_ab_ligand_toolkit/ab_ligand_md_8complexes/computational_DMS_top_occupancy_poses/4E2__ddhC/surfaces_definition/custom_MOL_AMINO_FlexAID.def

$ /Users/nf477/anaconda3/envs/nrgsuite/bin/python /Users/nf477/Projects_Natalia/GROMACS/gromacs_ab_ligand_toolkit/ab_ligand_md_8complexes/Surfaces/surface_cont_lig.py -f /Users/nf477/Projects_Natalia/GROMACS/gromacs_ab_ligand_toolkit/ab_ligand_md_8complexes/computational_DMS_top_occupancy_poses/4E2__ddhC/mutants/clean_4E2_ddhC_P001_NH51E.pdb -c HL -lig MOL -o /Users/nf477/Projects_Natalia/GROMACS/gromacs_ab_ligand_toolkit/ab_ligand_md_8complexes/computational_DMS_top_occupancy_poses/4E2__ddhC/surfaces/NH51E_output.csv -def /Users/nf477/Projects_Natalia/GROMACS/gromacs_ab_ligand_toolkit/ab_ligand_md_8complexes/computational_DMS_top_occupancy_poses/4E2__ddhC/surfaces_definition/custom_MOL_AMINO_FlexAID.def -dat /Users/nf477/Projects_Natalia/GROMACS/gromacs_ab_ligand_toolkit/ab_ligand_md_8complexes/Surfaces/FlexAID.dat

$ /Users/nf477/anaconda3/envs/nrgsuite/bin/python /Users/nf477/Projects_Natalia/GROMACS/gromacs_ab_ligand_toolkit/ab_ligand_md_8complexes/Surfaces/clean_structure.py -f 4E2_ddhC_P001_NH51F.pdb -def /Users/nf477/Projects_Natalia/GROMACS/gromacs_ab_ligand_toolkit/ab_ligand_md_8complexes/computational_DMS_top_occupancy_poses/4E2__ddhC/surfaces_definition/custom_MOL_AMINO_FlexAID.def

$ /Users/nf477/anaconda3/envs/nrgsuite/bin/python /Users/nf477/Projects_Natalia/GROMACS/gromacs_ab_ligand_toolkit/ab_ligand_md_8complexes/Surfaces/surface_cont_lig.py -f /Users/nf477/Projects_Natalia/GROMACS/gromacs_ab_ligand_toolkit/ab_ligand_md_8complexes/computational_DMS_top_occupancy_poses/4E2__ddhC/mutants/clean_4E2_ddhC_P001_NH51F.pdb -c HL -lig MOL -o /Users/nf477/Projects_Natalia/GROMACS/gromacs_ab_ligand_toolkit/ab_ligand_md_8complexes/computational_DMS_top_occupancy_poses/4E2__ddhC/surfaces/NH51F_output.csv -def /Users/nf477/Projects_Natalia/GROMACS/gromacs_ab_ligand_toolkit/ab_ligand_md_8complexes/computational_DMS_top_occupancy_poses/4E2__ddhC/surfaces_definition/custom_MOL_AMINO_FlexAID.def -dat /Users/nf477/Projects_Natalia/GROMACS/gromacs_ab_ligand_toolkit/ab_ligand_md_8complexes/Surfaces/FlexAID.dat

$ /Users/nf477/anaconda3/envs/nrgsuite/bin/python /Users/nf477/Projects_Natalia/GROMACS/gromacs_ab_ligand_toolkit/ab_ligand_md_8complexes/Surfaces/clean_structure.py -f 4E2_ddhC_P001_NH51G.pdb -def /Users/nf477/Projects_Natalia/GROMACS/gromacs_ab_ligand_toolkit/ab_ligand_md_8complexes/computational_DMS_top_occupancy_poses/4E2__ddhC/surfaces_definition/custom_MOL_AMINO_FlexAID.def

$ /Users/nf477/anaconda3/envs/nrgsuite/bin/python /Users/nf477/Projects_Natalia/GROMACS/gromacs_ab_ligand_toolkit/ab_ligand_md_8complexes/Surfaces/surface_cont_lig.py -f /Users/nf477/Projects_Natalia/GROMACS/gromacs_ab_ligand_toolkit/ab_ligand_md_8complexes/computational_DMS_top_occupancy_poses/4E2__ddhC/mutants/clean_4E2_ddhC_P001_NH51G.pdb -c HL -lig MOL -o /Users/nf477/Projects_Natalia/GROMACS/gromacs_ab_ligand_toolkit/ab_ligand_md_8complexes/computational_DMS_top_occupancy_poses/4E2__ddhC/surfaces/NH51G_output.csv -def /Users/nf477/Projects_Natalia/GROMACS/gromacs_ab_ligand_toolkit/ab_ligand_md_8complexes/computational_DMS_top_occupancy_poses/4E2__ddhC/surfaces_definition/custom_MOL_AMINO_FlexAID.def -dat /Users/nf477/Projects_Natalia/GROMACS/gromacs_ab_ligand_toolkit/ab_ligand_md_8complexes/Surfaces/FlexAID.dat

$ /Users/nf477/anaconda3/envs/nrgsuite/bin/python /Users/nf477/Projects_Natalia/GROMACS/gromacs_ab_ligand_toolkit/ab_ligand_md_8complexes/Surfaces/clean_structure.py -f 4E2_ddhC_P001_NH51H.pdb -def /Users/nf477/Projects_Natalia/GROMACS/gromacs_ab_ligand_toolkit/ab_ligand_md_8complexes/computational_DMS_top_occupancy_poses/4E2__ddhC/surfaces_definition/custom_MOL_AMINO_FlexAID.def

$ /Users/nf477/anaconda3/envs/nrgsuite/bin/python /Users/nf477/Projects_Natalia/GROMACS/gromacs_ab_ligand_toolkit/ab_ligand_md_8complexes/Surfaces/surface_cont_lig.py -f /Users/nf477/Projects_Natalia/GROMACS/gromacs_ab_ligand_toolkit/ab_ligand_md_8complexes/computational_DMS_top_occupancy_poses/4E2__ddhC/mutants/clean_4E2_ddhC_P001_NH51H.pdb -c HL -lig MOL -o /Users/nf477/Projects_Natalia/GROMACS/gromacs_ab_ligand_toolkit/ab_ligand_md_8complexes/computational_DMS_top_occupancy_poses/4E2__ddhC/surfaces/NH51H_output.csv -def /Users/nf477/Projects_Natalia/GROMACS/gromacs_ab_ligand_toolkit/ab_ligand_md_8complexes/computational_DMS_top_occupancy_poses/4E2__ddhC/surfaces_definition/custom_MOL_AMINO_FlexAID.def -dat /Users/nf477/Projects_Natalia/GROMACS/gromacs_ab_ligand_toolkit/ab_ligand_md_8complexes/Surfaces/FlexAID.dat

$ /Users/nf477/anaconda3/envs/nrgsuite/bin/python /Users/nf477/Projects_Natalia/GROMACS/gromacs_ab_ligand_toolkit/ab_ligand_md_8complexes/Surfaces/clean_structure.py -f 4E2_ddhC_P001_NH51I.pdb -def /Users/nf477/Projects_Natalia/GROMACS/gromacs_ab_ligand_toolkit/ab_ligand_md_8complexes/computational_DMS_top_occupancy_poses/4E2__ddhC/surfaces_definition/custom_MOL_AMINO_FlexAID.def

$ /Users/nf477/anaconda3/envs/nrgsuite/bin/python /Users/nf477/Projects_Natalia/GROMACS/gromacs_ab_ligand_toolkit/ab_ligand_md_8complexes/Surfaces/surface_cont_lig.py -f /Users/nf477/Projects_Natalia/GROMACS/gromacs_ab_ligand_toolkit/ab_ligand_md_8complexes/computational_DMS_top_occupancy_poses/4E2__ddhC/mutants/clean_4E2_ddhC_P001_NH51I.pdb -c HL -lig MOL -o /Users/nf477/Projects_Natalia/GROMACS/gromacs_ab_ligand_toolkit/ab_ligand_md_8complexes/computational_DMS_top_occupancy_poses/4E2__ddhC/surfaces/NH51I_output.csv -def /Users/nf477/Projects_Natalia/GROMACS/gromacs_ab_ligand_toolkit/ab_ligand_md_8complexes/computational_DMS_top_occupancy_poses/4E2__ddhC/surfaces_definition/custom_MOL_AMINO_FlexAID.def -dat /Users/nf477/Projects_Natalia/GROMACS/gromacs_ab_ligand_toolkit/ab_ligand_md_8complexes/Surfaces/FlexAID.dat

$ /Users/nf477/anaconda3/envs/nrgsuite/bin/python /Users/nf477/Projects_Natalia/GROMACS/gromacs_ab_ligand_toolkit/ab_ligand_md_8complexes/Surfaces/clean_structure.py -f 4E2_ddhC_P001_NH51K.pdb -def /Users/nf477/Projects_Natalia/GROMACS/gromacs_ab_ligand_toolkit/ab_ligand_md_8complexes/computational_DMS_top_occupancy_poses/4E2__ddhC/surfaces_definition/custom_MOL_AMINO_FlexAID.def

$ /Users/nf477/anaconda3/envs/nrgsuite/bin/python /Users/nf477/Projects_Natalia/GROMACS/gromacs_ab_ligand_toolkit/ab_ligand_md_8complexes/Surfaces/surface_cont_lig.py -f /Users/nf477/Projects_Natalia/GROMACS/gromacs_ab_ligand_toolkit/ab_ligand_md_8complexes/computational_DMS_top_occupancy_poses/4E2__ddhC/mutants/clean_4E2_ddhC_P001_NH51K.pdb -c HL -lig MOL -o /Users/nf477/Projects_Natalia/GROMACS/gromacs_ab_ligand_toolkit/ab_ligand_md_8complexes/computational_DMS_top_occupancy_poses/4E2__ddhC/surfaces/NH51K_output.csv -def /Users/nf477/Projects_Natalia/GROMACS/gromacs_ab_ligand_toolkit/ab_ligand_md_8complexes/computational_DMS_top_occupancy_poses/4E2__ddhC/surfaces_definition/custom_MOL_AMINO_FlexAID.def -dat /Users/nf477/Projects_Natalia/GROMACS/gromacs_ab_ligand_toolkit/ab_ligand_md_8complexes/Surfaces/FlexAID.dat

$ /Users/nf477/anaconda3/envs/nrgsuite/bin/python /Users/nf477/Projects_Natalia/GROMACS/gromacs_ab_ligand_toolkit/ab_ligand_md_8complexes/Surfaces/clean_structure.py -f 4E2_ddhC_P001_NH51L.pdb -def /Users/nf477/Projects_Natalia/GROMACS/gromacs_ab_ligand_toolkit/ab_ligand_md_8complexes/computational_DMS_top_occupancy_poses/4E2__ddhC/surfaces_definition/custom_MOL_AMINO_FlexAID.def

$ /Users/nf477/anaconda3/envs/nrgsuite/bin/python /Users/nf477/Projects_Natalia/GROMACS/gromacs_ab_ligand_toolkit/ab_ligand_md_8complexes/Surfaces/surface_cont_lig.py -f /Users/nf477/Projects_Natalia/GROMACS/gromacs_ab_ligand_toolkit/ab_ligand_md_8complexes/computational_DMS_top_occupancy_poses/4E2__ddhC/mutants/clean_4E2_ddhC_P001_NH51L.pdb -c HL -lig MOL -o /Users/nf477/Projects_Natalia/GROMACS/gromacs_ab_ligand_toolkit/ab_ligand_md_8complexes/computational_DMS_top_occupancy_poses/4E2__ddhC/surfaces/NH51L_output.csv -def /Users/nf477/Projects_Natalia/GROMACS/gromacs_ab_ligand_toolkit/ab_ligand_md_8complexes/computational_DMS_top_occupancy_poses/4E2__ddhC/surfaces_definition/custom_MOL_AMINO_FlexAID.def -dat /Users/nf477/Projects_Natalia/GROMACS/gromacs_ab_ligand_toolkit/ab_ligand_md_8complexes/Surfaces/FlexAID.dat

$ /Users/nf477/anaconda3/envs/nrgsuite/bin/python /Users/nf477/Projects_Natalia/GROMACS/gromacs_ab_ligand_toolkit/ab_ligand_md_8complexes/Surfaces/clean_structure.py -f 4E2_ddhC_P001_NH51M.pdb -def /Users/nf477/Projects_Natalia/GROMACS/gromacs_ab_ligand_toolkit/ab_ligand_md_8complexes/computational_DMS_top_occupancy_poses/4E2__ddhC/surfaces_definition/custom_MOL_AMINO_FlexAID.def

$ /Users/nf477/anaconda3/envs/nrgsuite/bin/python /Users/nf477/Projects_Natalia/GROMACS/gromacs_ab_ligand_toolkit/ab_ligand_md_8complexes/Surfaces/surface_cont_lig.py -f /Users/nf477/Projects_Natalia/GROMACS/gromacs_ab_ligand_toolkit/ab_ligand_md_8complexes/computational_DMS_top_occupancy_poses/4E2__ddhC/mutants/clean_4E2_ddhC_P001_NH51M.pdb -c HL -lig MOL -o /Users/nf477/Projects_Natalia/GROMACS/gromacs_ab_ligand_toolkit/ab_ligand_md_8complexes/computational_DMS_top_occupancy_poses/4E2__ddhC/surfaces/NH51M_output.csv -def /Users/nf477/Projects_Natalia/GROMACS/gromacs_ab_ligand_toolkit/ab_ligand_md_8complexes/computational_DMS_top_occupancy_poses/4E2__ddhC/surfaces_definition/custom_MOL_AMINO_FlexAID.def -dat /Users/nf477/Projects_Natalia/GROMACS/gromacs_ab_ligand_toolkit/ab_ligand_md_8complexes/Surfaces/FlexAID.dat

$ /Users/nf477/anaconda3/envs/nrgsuite/bin/python /Users/nf477/Projects_Natalia/GROMACS/gromacs_ab_ligand_toolkit/ab_ligand_md_8complexes/Surfaces/clean_structure.py -f 4E2_ddhC_P001_NH51N.pdb -def /Users/nf477/Projects_Natalia/GROMACS/gromacs_ab_ligand_toolkit/ab_ligand_md_8complexes/computational_DMS_top_occupancy_poses/4E2__ddhC/surfaces_definition/custom_MOL_AMINO_FlexAID.def

$ /Users/nf477/anaconda3/envs/nrgsuite/bin/python /Users/nf477/Projects_Natalia/GROMACS/gromacs_ab_ligand_toolkit/ab_ligand_md_8complexes/Surfaces/surface_cont_lig.py -f /Users/nf477/Projects_Natalia/GROMACS/gromacs_ab_ligand_toolkit/ab_ligand_md_8complexes/computational_DMS_top_occupancy_poses/4E2__ddhC/mutants/clean_4E2_ddhC_P001_NH51N.pdb -c HL -lig MOL -o /Users/nf477/Projects_Natalia/GROMACS/gromacs_ab_ligand_toolkit/ab_ligand_md_8complexes/computational_DMS_top_occupancy_poses/4E2__ddhC/surfaces/NH51N_output.csv -def /Users/nf477/Projects_Natalia/GROMACS/gromacs_ab_ligand_toolkit/ab_ligand_md_8complexes/computational_DMS_top_occupancy_poses/4E2__ddhC/surfaces_definition/custom_MOL_AMINO_FlexAID.def -dat /Users/nf477/Projects_Natalia/GROMACS/gromacs_ab_ligand_toolkit/ab_ligand_md_8complexes/Surfaces/FlexAID.dat

$ /Users/nf477/anaconda3/envs/nrgsuite/bin/python /Users/nf477/Projects_Natalia/GROMACS/gromacs_ab_ligand_toolkit/ab_ligand_md_8complexes/Surfaces/clean_structure.py -f 4E2_ddhC_P001_NH51P.pdb -def /Users/nf477/Projects_Natalia/GROMACS/gromacs_ab_ligand_toolkit/ab_ligand_md_8complexes/computational_DMS_top_occupancy_poses/4E2__ddhC/surfaces_definition/custom_MOL_AMINO_FlexAID.def

$ /Users/nf477/anaconda3/envs/nrgsuite/bin/python /Users/nf477/Projects_Natalia/GROMACS/gromacs_ab_ligand_toolkit/ab_ligand_md_8complexes/Surfaces/surface_cont_lig.py -f /Users/nf477/Projects_Natalia/GROMACS/gromacs_ab_ligand_toolkit/ab_ligand_md_8complexes/computational_DMS_top_occupancy_poses/4E2__ddhC/mutants/clean_4E2_ddhC_P001_NH51P.pdb -c HL -lig MOL -o /Users/nf477/Projects_Natalia/GROMACS/gromacs_ab_ligand_toolkit/ab_ligand_md_8complexes/computational_DMS_top_occupancy_poses/4E2__ddhC/surfaces/NH51P_output.csv -def /Users/nf477/Projects_Natalia/GROMACS/gromacs_ab_ligand_toolkit/ab_ligand_md_8complexes/computational_DMS_top_occupancy_poses/4E2__ddhC/surfaces_definition/custom_MOL_AMINO_FlexAID.def -dat /Users/nf477/Projects_Natalia/GROMACS/gromacs_ab_ligand_toolkit/ab_ligand_md_8complexes/Surfaces/FlexAID.dat

$ /Users/nf477/anaconda3/envs/nrgsuite/bin/python /Users/nf477/Projects_Natalia/GROMACS/gromacs_ab_ligand_toolkit/ab_ligand_md_8complexes/Surfaces/clean_structure.py -f 4E2_ddhC_P001_NH51Q.pdb -def /Users/nf477/Projects_Natalia/GROMACS/gromacs_ab_ligand_toolkit/ab_ligand_md_8complexes/computational_DMS_top_occupancy_poses/4E2__ddhC/surfaces_definition/custom_MOL_AMINO_FlexAID.def

$ /Users/nf477/anaconda3/envs/nrgsuite/bin/python /Users/nf477/Projects_Natalia/GROMACS/gromacs_ab_ligand_toolkit/ab_ligand_md_8complexes/Surfaces/surface_cont_lig.py -f /Users/nf477/Projects_Natalia/GROMACS/gromacs_ab_ligand_toolkit/ab_ligand_md_8complexes/computational_DMS_top_occupancy_poses/4E2__ddhC/mutants/clean_4E2_ddhC_P001_NH51Q.pdb -c HL -lig MOL -o /Users/nf477/Projects_Natalia/GROMACS/gromacs_ab_ligand_toolkit/ab_ligand_md_8complexes/computational_DMS_top_occupancy_poses/4E2__ddhC/surfaces/NH51Q_output.csv -def /Users/nf477/Projects_Natalia/GROMACS/gromacs_ab_ligand_toolkit/ab_ligand_md_8complexes/computational_DMS_top_occupancy_poses/4E2__ddhC/surfaces_definition/custom_MOL_AMINO_FlexAID.def -dat /Users/nf477/Projects_Natalia/GROMACS/gromacs_ab_ligand_toolkit/ab_ligand_md_8complexes/Surfaces/FlexAID.dat

$ /Users/nf477/anaconda3/envs/nrgsuite/bin/python /Users/nf477/Projects_Natalia/GROMACS/gromacs_ab_ligand_toolkit/ab_ligand_md_8complexes/Surfaces/clean_structure.py -f 4E2_ddhC_P001_NH51R.pdb -def /Users/nf477/Projects_Natalia/GROMACS/gromacs_ab_ligand_toolkit/ab_ligand_md_8complexes/computational_DMS_top_occupancy_poses/4E2__ddhC/surfaces_definition/custom_MOL_AMINO_FlexAID.def

$ /Users/nf477/anaconda3/envs/nrgsuite/bin/python /Users/nf477/Projects_Natalia/GROMACS/gromacs_ab_ligand_toolkit/ab_ligand_md_8complexes/Surfaces/surface_cont_lig.py -f /Users/nf477/Projects_Natalia/GROMACS/gromacs_ab_ligand_toolkit/ab_ligand_md_8complexes/computational_DMS_top_occupancy_poses/4E2__ddhC/mutants/clean_4E2_ddhC_P001_NH51R.pdb -c HL -lig MOL -o /Users/nf477/Projects_Natalia/GROMACS/gromacs_ab_ligand_toolkit/ab_ligand_md_8complexes/computational_DMS_top_occupancy_poses/4E2__ddhC/surfaces/NH51R_output.csv -def /Users/nf477/Projects_Natalia/GROMACS/gromacs_ab_ligand_toolkit/ab_ligand_md_8complexes/computational_DMS_top_occupancy_poses/4E2__ddhC/surfaces_definition/custom_MOL_AMINO_FlexAID.def -dat /Users/nf477/Projects_Natalia/GROMACS/gromacs_ab_ligand_toolkit/ab_ligand_md_8complexes/Surfaces/FlexAID.dat

$ /Users/nf477/anaconda3/envs/nrgsuite/bin/python /Users/nf477/Projects_Natalia/GROMACS/gromacs_ab_ligand_toolkit/ab_ligand_md_8complexes/Surfaces/clean_structure.py -f 4E2_ddhC_P001_NH51S.pdb -def /Users/nf477/Projects_Natalia/GROMACS/gromacs_ab_ligand_toolkit/ab_ligand_md_8complexes/computational_DMS_top_occupancy_poses/4E2__ddhC/surfaces_definition/custom_MOL_AMINO_FlexAID.def

$ /Users/nf477/anaconda3/envs/nrgsuite/bin/python /Users/nf477/Projects_Natalia/GROMACS/gromacs_ab_ligand_toolkit/ab_ligand_md_8complexes/Surfaces/surface_cont_lig.py -f /Users/nf477/Projects_Natalia/GROMACS/gromacs_ab_ligand_toolkit/ab_ligand_md_8complexes/computational_DMS_top_occupancy_poses/4E2__ddhC/mutants/clean_4E2_ddhC_P001_NH51S.pdb -c HL -lig MOL -o /Users/nf477/Projects_Natalia/GROMACS/gromacs_ab_ligand_toolkit/ab_ligand_md_8complexes/computational_DMS_top_occupancy_poses/4E2__ddhC/surfaces/NH51S_output.csv -def /Users/nf477/Projects_Natalia/GROMACS/gromacs_ab_ligand_toolkit/ab_ligand_md_8complexes/computational_DMS_top_occupancy_poses/4E2__ddhC/surfaces_definition/custom_MOL_AMINO_FlexAID.def -dat /Users/nf477/Projects_Natalia/GROMACS/gromacs_ab_ligand_toolkit/ab_ligand_md_8complexes/Surfaces/FlexAID.dat

$ /Users/nf477/anaconda3/envs/nrgsuite/bin/python /Users/nf477/Projects_Natalia/GROMACS/gromacs_ab_ligand_toolkit/ab_ligand_md_8complexes/Surfaces/clean_structure.py -f 4E2_ddhC_P001_NH51T.pdb -def /Users/nf477/Projects_Natalia/GROMACS/gromacs_ab_ligand_toolkit/ab_ligand_md_8complexes/computational_DMS_top_occupancy_poses/4E2__ddhC/surfaces_definition/custom_MOL_AMINO_FlexAID.def

$ /Users/nf477/anaconda3/envs/nrgsuite/bin/python /Users/nf477/Projects_Natalia/GROMACS/gromacs_ab_ligand_toolkit/ab_ligand_md_8complexes/Surfaces/surface_cont_lig.py -f /Users/nf477/Projects_Natalia/GROMACS/gromacs_ab_ligand_toolkit/ab_ligand_md_8complexes/computational_DMS_top_occupancy_poses/4E2__ddhC/mutants/clean_4E2_ddhC_P001_NH51T.pdb -c HL -lig MOL -o /Users/nf477/Projects_Natalia/GROMACS/gromacs_ab_ligand_toolkit/ab_ligand_md_8complexes/computational_DMS_top_occupancy_poses/4E2__ddhC/surfaces/NH51T_output.csv -def /Users/nf477/Projects_Natalia/GROMACS/gromacs_ab_ligand_toolkit/ab_ligand_md_8complexes/computational_DMS_top_occupancy_poses/4E2__ddhC/surfaces_definition/custom_MOL_AMINO_FlexAID.def -dat /Users/nf477/Projects_Natalia/GROMACS/gromacs_ab_ligand_toolkit/ab_ligand_md_8complexes/Surfaces/FlexAID.dat

$ /Users/nf477/anaconda3/envs/nrgsuite/bin/python /Users/nf477/Projects_Natalia/GROMACS/gromacs_ab_ligand_toolkit/ab_ligand_md_8complexes/Surfaces/clean_structure.py -f 4E2_ddhC_P001_NH51V.pdb -def /Users/nf477/Projects_Natalia/GROMACS/gromacs_ab_ligand_toolkit/ab_ligand_md_8complexes/computational_DMS_top_occupancy_poses/4E2__ddhC/surfaces_definition/custom_MOL_AMINO_FlexAID.def

$ /Users/nf477/anaconda3/envs/nrgsuite/bin/python /Users/nf477/Projects_Natalia/GROMACS/gromacs_ab_ligand_toolkit/ab_ligand_md_8complexes/Surfaces/surface_cont_lig.py -f /Users/nf477/Projects_Natalia/GROMACS/gromacs_ab_ligand_toolkit/ab_ligand_md_8complexes/computational_DMS_top_occupancy_poses/4E2__ddhC/mutants/clean_4E2_ddhC_P001_NH51V.pdb -c HL -lig MOL -o /Users/nf477/Projects_Natalia/GROMACS/gromacs_ab_ligand_toolkit/ab_ligand_md_8complexes/computational_DMS_top_occupancy_poses/4E2__ddhC/surfaces/NH51V_output.csv -def /Users/nf477/Projects_Natalia/GROMACS/gromacs_ab_ligand_toolkit/ab_ligand_md_8complexes/computational_DMS_top_occupancy_poses/4E2__ddhC/surfaces_definition/custom_MOL_AMINO_FlexAID.def -dat /Users/nf477/Projects_Natalia/GROMACS/gromacs_ab_ligand_toolkit/ab_ligand_md_8complexes/Surfaces/FlexAID.dat

$ /Users/nf477/anaconda3/envs/nrgsuite/bin/python /Users/nf477/Projects_Natalia/GROMACS/gromacs_ab_ligand_toolkit/ab_ligand_md_8complexes/Surfaces/clean_structure.py -f 4E2_ddhC_P001_NH51W.pdb -def /Users/nf477/Projects_Natalia/GROMACS/gromacs_ab_ligand_toolkit/ab_ligand_md_8complexes/computational_DMS_top_occupancy_poses/4E2__ddhC/surfaces_definition/custom_MOL_AMINO_FlexAID.def

$ /Users/nf477/anaconda3/envs/nrgsuite/bin/python /Users/nf477/Projects_Natalia/GROMACS/gromacs_ab_ligand_toolkit/ab_ligand_md_8complexes/Surfaces/surface_cont_lig.py -f /Users/nf477/Projects_Natalia/GROMACS/gromacs_ab_ligand_toolkit/ab_ligand_md_8complexes/computational_DMS_top_occupancy_poses/4E2__ddhC/mutants/clean_4E2_ddhC_P001_NH51W.pdb -c HL -lig MOL -o /Users/nf477/Projects_Natalia/GROMACS/gromacs_ab_ligand_toolkit/ab_ligand_md_8complexes/computational_DMS_top_occupancy_poses/4E2__ddhC/surfaces/NH51W_output.csv -def /Users/nf477/Projects_Natalia/GROMACS/gromacs_ab_ligand_toolkit/ab_ligand_md_8complexes/computational_DMS_top_occupancy_poses/4E2__ddhC/surfaces_definition/custom_MOL_AMINO_FlexAID.def -dat /Users/nf477/Projects_Natalia/GROMACS/gromacs_ab_ligand_toolkit/ab_ligand_md_8complexes/Surfaces/FlexAID.dat

$ /Users/nf477/anaconda3/envs/nrgsuite/bin/python /Users/nf477/Projects_Natalia/GROMACS/gromacs_ab_ligand_toolkit/ab_ligand_md_8complexes/Surfaces/clean_structure.py -f 4E2_ddhC_P001_NH51Y.pdb -def /Users/nf477/Projects_Natalia/GROMACS/gromacs_ab_ligand_toolkit/ab_ligand_md_8complexes/computational_DMS_top_occupancy_poses/4E2__ddhC/surfaces_definition/custom_MOL_AMINO_FlexAID.def

$ /Users/nf477/anaconda3/envs/nrgsuite/bin/python /Users/nf477/Projects_Natalia/GROMACS/gromacs_ab_ligand_toolkit/ab_ligand_md_8complexes/Surfaces/surface_cont_lig.py -f /Users/nf477/Projects_Natalia/GROMACS/gromacs_ab_ligand_toolkit/ab_ligand_md_8complexes/computational_DMS_top_occupancy_poses/4E2__ddhC/mutants/clean_4E2_ddhC_P001_NH51Y.pdb -c HL -lig MOL -o /Users/nf477/Projects_Natalia/GROMACS/gromacs_ab_ligand_toolkit/ab_ligand_md_8complexes/computational_DMS_top_occupancy_poses/4E2__ddhC/surfaces/NH51Y_output.csv -def /Users/nf477/Projects_Natalia/GROMACS/gromacs_ab_ligand_toolkit/ab_ligand_md_8complexes/computational_DMS_top_occupancy_poses/4E2__ddhC/surfaces_definition/custom_MOL_AMINO_FlexAID.def -dat /Users/nf477/Projects_Natalia/GROMACS/gromacs_ab_ligand_toolkit/ab_ligand_md_8complexes/Surfaces/FlexAID.dat

$ /Users/nf477/anaconda3/envs/nrgsuite/bin/python /Users/nf477/Projects_Natalia/GROMACS/gromacs_ab_ligand_toolkit/ab_ligand_md_8complexes/Surfaces/clean_structure.py -f 4E2_ddhC_P001_YH57A.pdb -def /Users/nf477/Projects_Natalia/GROMACS/gromacs_ab_ligand_toolkit/ab_ligand_md_8complexes/computational_DMS_top_occupancy_poses/4E2__ddhC/surfaces_definition/custom_MOL_AMINO_FlexAID.def

$ /Users/nf477/anaconda3/envs/nrgsuite/bin/python /Users/nf477/Projects_Natalia/GROMACS/gromacs_ab_ligand_toolkit/ab_ligand_md_8complexes/Surfaces/surface_cont_lig.py -f /Users/nf477/Projects_Natalia/GROMACS/gromacs_ab_ligand_toolkit/ab_ligand_md_8complexes/computational_DMS_top_occupancy_poses/4E2__ddhC/mutants/clean_4E2_ddhC_P001_YH57A.pdb -c HL -lig MOL -o /Users/nf477/Projects_Natalia/GROMACS/gromacs_ab_ligand_toolkit/ab_ligand_md_8complexes/computational_DMS_top_occupancy_poses/4E2__ddhC/surfaces/YH57A_output.csv -def /Users/nf477/Projects_Natalia/GROMACS/gromacs_ab_ligand_toolkit/ab_ligand_md_8complexes/computational_DMS_top_occupancy_poses/4E2__ddhC/surfaces_definition/custom_MOL_AMINO_FlexAID.def -dat /Users/nf477/Projects_Natalia/GROMACS/gromacs_ab_ligand_toolkit/ab_ligand_md_8complexes/Surfaces/FlexAID.dat

$ /Users/nf477/anaconda3/envs/nrgsuite/bin/python /Users/nf477/Projects_Natalia/GROMACS/gromacs_ab_ligand_toolkit/ab_ligand_md_8complexes/Surfaces/clean_structure.py -f 4E2_ddhC_P001_YH57C.pdb -def /Users/nf477/Projects_Natalia/GROMACS/gromacs_ab_ligand_toolkit/ab_ligand_md_8complexes/computational_DMS_top_occupancy_poses/4E2__ddhC/surfaces_definition/custom_MOL_AMINO_FlexAID.def

$ /Users/nf477/anaconda3/envs/nrgsuite/bin/python /Users/nf477/Projects_Natalia/GROMACS/gromacs_ab_ligand_toolkit/ab_ligand_md_8complexes/Surfaces/surface_cont_lig.py -f /Users/nf477/Projects_Natalia/GROMACS/gromacs_ab_ligand_toolkit/ab_ligand_md_8complexes/computational_DMS_top_occupancy_poses/4E2__ddhC/mutants/clean_4E2_ddhC_P001_YH57C.pdb -c HL -lig MOL -o /Users/nf477/Projects_Natalia/GROMACS/gromacs_ab_ligand_toolkit/ab_ligand_md_8complexes/computational_DMS_top_occupancy_poses/4E2__ddhC/surfaces/YH57C_output.csv -def /Users/nf477/Projects_Natalia/GROMACS/gromacs_ab_ligand_toolkit/ab_ligand_md_8complexes/computational_DMS_top_occupancy_poses/4E2__ddhC/surfaces_definition/custom_MOL_AMINO_FlexAID.def -dat /Users/nf477/Projects_Natalia/GROMACS/gromacs_ab_ligand_toolkit/ab_ligand_md_8complexes/Surfaces/FlexAID.dat

$ /Users/nf477/anaconda3/envs/nrgsuite/bin/python /Users/nf477/Projects_Natalia/GROMACS/gromacs_ab_ligand_toolkit/ab_ligand_md_8complexes/Surfaces/clean_structure.py -f 4E2_ddhC_P001_YH57D.pdb -def /Users/nf477/Projects_Natalia/GROMACS/gromacs_ab_ligand_toolkit/ab_ligand_md_8complexes/computational_DMS_top_occupancy_poses/4E2__ddhC/surfaces_definition/custom_MOL_AMINO_FlexAID.def

$ /Users/nf477/anaconda3/envs/nrgsuite/bin/python /Users/nf477/Projects_Natalia/GROMACS/gromacs_ab_ligand_toolkit/ab_ligand_md_8complexes/Surfaces/surface_cont_lig.py -f /Users/nf477/Projects_Natalia/GROMACS/gromacs_ab_ligand_toolkit/ab_ligand_md_8complexes/computational_DMS_top_occupancy_poses/4E2__ddhC/mutants/clean_4E2_ddhC_P001_YH57D.pdb -c HL -lig MOL -o /Users/nf477/Projects_Natalia/GROMACS/gromacs_ab_ligand_toolkit/ab_ligand_md_8complexes/computational_DMS_top_occupancy_poses/4E2__ddhC/surfaces/YH57D_output.csv -def /Users/nf477/Projects_Natalia/GROMACS/gromacs_ab_ligand_toolkit/ab_ligand_md_8complexes/computational_DMS_top_occupancy_poses/4E2__ddhC/surfaces_definition/custom_MOL_AMINO_FlexAID.def -dat /Users/nf477/Projects_Natalia/GROMACS/gromacs_ab_ligand_toolkit/ab_ligand_md_8complexes/Surfaces/FlexAID.dat

$ /Users/nf477/anaconda3/envs/nrgsuite/bin/python /Users/nf477/Projects_Natalia/GROMACS/gromacs_ab_ligand_toolkit/ab_ligand_md_8complexes/Surfaces/clean_structure.py -f 4E2_ddhC_P001_YH57E.pdb -def /Users/nf477/Projects_Natalia/GROMACS/gromacs_ab_ligand_toolkit/ab_ligand_md_8complexes/computational_DMS_top_occupancy_poses/4E2__ddhC/surfaces_definition/custom_MOL_AMINO_FlexAID.def

$ /Users/nf477/anaconda3/envs/nrgsuite/bin/python /Users/nf477/Projects_Natalia/GROMACS/gromacs_ab_ligand_toolkit/ab_ligand_md_8complexes/Surfaces/surface_cont_lig.py -f /Users/nf477/Projects_Natalia/GROMACS/gromacs_ab_ligand_toolkit/ab_ligand_md_8complexes/computational_DMS_top_occupancy_poses/4E2__ddhC/mutants/clean_4E2_ddhC_P001_YH57E.pdb -c HL -lig MOL -o /Users/nf477/Projects_Natalia/GROMACS/gromacs_ab_ligand_toolkit/ab_ligand_md_8complexes/computational_DMS_top_occupancy_poses/4E2__ddhC/surfaces/YH57E_output.csv -def /Users/nf477/Projects_Natalia/GROMACS/gromacs_ab_ligand_toolkit/ab_ligand_md_8complexes/computational_DMS_top_occupancy_poses/4E2__ddhC/surfaces_definition/custom_MOL_AMINO_FlexAID.def -dat /Users/nf477/Projects_Natalia/GROMACS/gromacs_ab_ligand_toolkit/ab_ligand_md_8complexes/Surfaces/FlexAID.dat

$ /Users/nf477/anaconda3/envs/nrgsuite/bin/python /Users/nf477/Projects_Natalia/GROMACS/gromacs_ab_ligand_toolkit/ab_ligand_md_8complexes/Surfaces/clean_structure.py -f 4E2_ddhC_P001_YH57F.pdb -def /Users/nf477/Projects_Natalia/GROMACS/gromacs_ab_ligand_toolkit/ab_ligand_md_8complexes/computational_DMS_top_occupancy_poses/4E2__ddhC/surfaces_definition/custom_MOL_AMINO_FlexAID.def

$ /Users/nf477/anaconda3/envs/nrgsuite/bin/python /Users/nf477/Projects_Natalia/GROMACS/gromacs_ab_ligand_toolkit/ab_ligand_md_8complexes/Surfaces/surface_cont_lig.py -f /Users/nf477/Projects_Natalia/GROMACS/gromacs_ab_ligand_toolkit/ab_ligand_md_8complexes/computational_DMS_top_occupancy_poses/4E2__ddhC/mutants/clean_4E2_ddhC_P001_YH57F.pdb -c HL -lig MOL -o /Users/nf477/Projects_Natalia/GROMACS/gromacs_ab_ligand_toolkit/ab_ligand_md_8complexes/computational_DMS_top_occupancy_poses/4E2__ddhC/surfaces/YH57F_output.csv -def /Users/nf477/Projects_Natalia/GROMACS/gromacs_ab_ligand_toolkit/ab_ligand_md_8complexes/computational_DMS_top_occupancy_poses/4E2__ddhC/surfaces_definition/custom_MOL_AMINO_FlexAID.def -dat /Users/nf477/Projects_Natalia/GROMACS/gromacs_ab_ligand_toolkit/ab_ligand_md_8complexes/Surfaces/FlexAID.dat

$ /Users/nf477/anaconda3/envs/nrgsuite/bin/python /Users/nf477/Projects_Natalia/GROMACS/gromacs_ab_ligand_toolkit/ab_ligand_md_8complexes/Surfaces/clean_structure.py -f 4E2_ddhC_P001_YH57G.pdb -def /Users/nf477/Projects_Natalia/GROMACS/gromacs_ab_ligand_toolkit/ab_ligand_md_8complexes/computational_DMS_top_occupancy_poses/4E2__ddhC/surfaces_definition/custom_MOL_AMINO_FlexAID.def

$ /Users/nf477/anaconda3/envs/nrgsuite/bin/python /Users/nf477/Projects_Natalia/GROMACS/gromacs_ab_ligand_toolkit/ab_ligand_md_8complexes/Surfaces/surface_cont_lig.py -f /Users/nf477/Projects_Natalia/GROMACS/gromacs_ab_ligand_toolkit/ab_ligand_md_8complexes/computational_DMS_top_occupancy_poses/4E2__ddhC/mutants/clean_4E2_ddhC_P001_YH57G.pdb -c HL -lig MOL -o /Users/nf477/Projects_Natalia/GROMACS/gromacs_ab_ligand_toolkit/ab_ligand_md_8complexes/computational_DMS_top_occupancy_poses/4E2__ddhC/surfaces/YH57G_output.csv -def /Users/nf477/Projects_Natalia/GROMACS/gromacs_ab_ligand_toolkit/ab_ligand_md_8complexes/computational_DMS_top_occupancy_poses/4E2__ddhC/surfaces_definition/custom_MOL_AMINO_FlexAID.def -dat /Users/nf477/Projects_Natalia/GROMACS/gromacs_ab_ligand_toolkit/ab_ligand_md_8complexes/Surfaces/FlexAID.dat

$ /Users/nf477/anaconda3/envs/nrgsuite/bin/python /Users/nf477/Projects_Natalia/GROMACS/gromacs_ab_ligand_toolkit/ab_ligand_md_8complexes/Surfaces/clean_structure.py -f 4E2_ddhC_P001_YH57H.pdb -def /Users/nf477/Projects_Natalia/GROMACS/gromacs_ab_ligand_toolkit/ab_ligand_md_8complexes/computational_DMS_top_occupancy_poses/4E2__ddhC/surfaces_definition/custom_MOL_AMINO_FlexAID.def

$ /Users/nf477/anaconda3/envs/nrgsuite/bin/python /Users/nf477/Projects_Natalia/GROMACS/gromacs_ab_ligand_toolkit/ab_ligand_md_8complexes/Surfaces/surface_cont_lig.py -f /Users/nf477/Projects_Natalia/GROMACS/gromacs_ab_ligand_toolkit/ab_ligand_md_8complexes/computational_DMS_top_occupancy_poses/4E2__ddhC/mutants/clean_4E2_ddhC_P001_YH57H.pdb -c HL -lig MOL -o /Users/nf477/Projects_Natalia/GROMACS/gromacs_ab_ligand_toolkit/ab_ligand_md_8complexes/computational_DMS_top_occupancy_poses/4E2__ddhC/surfaces/YH57H_output.csv -def /Users/nf477/Projects_Natalia/GROMACS/gromacs_ab_ligand_toolkit/ab_ligand_md_8complexes/computational_DMS_top_occupancy_poses/4E2__ddhC/surfaces_definition/custom_MOL_AMINO_FlexAID.def -dat /Users/nf477/Projects_Natalia/GROMACS/gromacs_ab_ligand_toolkit/ab_ligand_md_8complexes/Surfaces/FlexAID.dat

$ /Users/nf477/anaconda3/envs/nrgsuite/bin/python /Users/nf477/Projects_Natalia/GROMACS/gromacs_ab_ligand_toolkit/ab_ligand_md_8complexes/Surfaces/clean_structure.py -f 4E2_ddhC_P001_YH57I.pdb -def /Users/nf477/Projects_Natalia/GROMACS/gromacs_ab_ligand_toolkit/ab_ligand_md_8complexes/computational_DMS_top_occupancy_poses/4E2__ddhC/surfaces_definition/custom_MOL_AMINO_FlexAID.def

$ /Users/nf477/anaconda3/envs/nrgsuite/bin/python /Users/nf477/Projects_Natalia/GROMACS/gromacs_ab_ligand_toolkit/ab_ligand_md_8complexes/Surfaces/surface_cont_lig.py -f /Users/nf477/Projects_Natalia/GROMACS/gromacs_ab_ligand_toolkit/ab_ligand_md_8complexes/computational_DMS_top_occupancy_poses/4E2__ddhC/mutants/clean_4E2_ddhC_P001_YH57I.pdb -c HL -lig MOL -o /Users/nf477/Projects_Natalia/GROMACS/gromacs_ab_ligand_toolkit/ab_ligand_md_8complexes/computational_DMS_top_occupancy_poses/4E2__ddhC/surfaces/YH57I_output.csv -def /Users/nf477/Projects_Natalia/GROMACS/gromacs_ab_ligand_toolkit/ab_ligand_md_8complexes/computational_DMS_top_occupancy_poses/4E2__ddhC/surfaces_definition/custom_MOL_AMINO_FlexAID.def -dat /Users/nf477/Projects_Natalia/GROMACS/gromacs_ab_ligand_toolkit/ab_ligand_md_8complexes/Surfaces/FlexAID.dat

$ /Users/nf477/anaconda3/envs/nrgsuite/bin/python /Users/nf477/Projects_Natalia/GROMACS/gromacs_ab_ligand_toolkit/ab_ligand_md_8complexes/Surfaces/clean_structure.py -f 4E2_ddhC_P001_YH57K.pdb -def /Users/nf477/Projects_Natalia/GROMACS/gromacs_ab_ligand_toolkit/ab_ligand_md_8complexes/computational_DMS_top_occupancy_poses/4E2__ddhC/surfaces_definition/custom_MOL_AMINO_FlexAID.def

$ /Users/nf477/anaconda3/envs/nrgsuite/bin/python /Users/nf477/Projects_Natalia/GROMACS/gromacs_ab_ligand_toolkit/ab_ligand_md_8complexes/Surfaces/surface_cont_lig.py -f /Users/nf477/Projects_Natalia/GROMACS/gromacs_ab_ligand_toolkit/ab_ligand_md_8complexes/computational_DMS_top_occupancy_poses/4E2__ddhC/mutants/clean_4E2_ddhC_P001_YH57K.pdb -c HL -lig MOL -o /Users/nf477/Projects_Natalia/GROMACS/gromacs_ab_ligand_toolkit/ab_ligand_md_8complexes/computational_DMS_top_occupancy_poses/4E2__ddhC/surfaces/YH57K_output.csv -def /Users/nf477/Projects_Natalia/GROMACS/gromacs_ab_ligand_toolkit/ab_ligand_md_8complexes/computational_DMS_top_occupancy_poses/4E2__ddhC/surfaces_definition/custom_MOL_AMINO_FlexAID.def -dat /Users/nf477/Projects_Natalia/GROMACS/gromacs_ab_ligand_toolkit/ab_ligand_md_8complexes/Surfaces/FlexAID.dat

$ /Users/nf477/anaconda3/envs/nrgsuite/bin/python /Users/nf477/Projects_Natalia/GROMACS/gromacs_ab_ligand_toolkit/ab_ligand_md_8complexes/Surfaces/clean_structure.py -f 4E2_ddhC_P001_YH57L.pdb -def /Users/nf477/Projects_Natalia/GROMACS/gromacs_ab_ligand_toolkit/ab_ligand_md_8complexes/computational_DMS_top_occupancy_poses/4E2__ddhC/surfaces_definition/custom_MOL_AMINO_FlexAID.def

$ /Users/nf477/anaconda3/envs/nrgsuite/bin/python /Users/nf477/Projects_Natalia/GROMACS/gromacs_ab_ligand_toolkit/ab_ligand_md_8complexes/Surfaces/surface_cont_lig.py -f /Users/nf477/Projects_Natalia/GROMACS/gromacs_ab_ligand_toolkit/ab_ligand_md_8complexes/computational_DMS_top_occupancy_poses/4E2__ddhC/mutants/clean_4E2_ddhC_P001_YH57L.pdb -c HL -lig MOL -o /Users/nf477/Projects_Natalia/GROMACS/gromacs_ab_ligand_toolkit/ab_ligand_md_8complexes/computational_DMS_top_occupancy_poses/4E2__ddhC/surfaces/YH57L_output.csv -def /Users/nf477/Projects_Natalia/GROMACS/gromacs_ab_ligand_toolkit/ab_ligand_md_8complexes/computational_DMS_top_occupancy_poses/4E2__ddhC/surfaces_definition/custom_MOL_AMINO_FlexAID.def -dat /Users/nf477/Projects_Natalia/GROMACS/gromacs_ab_ligand_toolkit/ab_ligand_md_8complexes/Surfaces/FlexAID.dat

$ /Users/nf477/anaconda3/envs/nrgsuite/bin/python /Users/nf477/Projects_Natalia/GROMACS/gromacs_ab_ligand_toolkit/ab_ligand_md_8complexes/Surfaces/clean_structure.py -f 4E2_ddhC_P001_YH57M.pdb -def /Users/nf477/Projects_Natalia/GROMACS/gromacs_ab_ligand_toolkit/ab_ligand_md_8complexes/computational_DMS_top_occupancy_poses/4E2__ddhC/surfaces_definition/custom_MOL_AMINO_FlexAID.def

$ /Users/nf477/anaconda3/envs/nrgsuite/bin/python /Users/nf477/Projects_Natalia/GROMACS/gromacs_ab_ligand_toolkit/ab_ligand_md_8complexes/Surfaces/surface_cont_lig.py -f /Users/nf477/Projects_Natalia/GROMACS/gromacs_ab_ligand_toolkit/ab_ligand_md_8complexes/computational_DMS_top_occupancy_poses/4E2__ddhC/mutants/clean_4E2_ddhC_P001_YH57M.pdb -c HL -lig MOL -o /Users/nf477/Projects_Natalia/GROMACS/gromacs_ab_ligand_toolkit/ab_ligand_md_8complexes/computational_DMS_top_occupancy_poses/4E2__ddhC/surfaces/YH57M_output.csv -def /Users/nf477/Projects_Natalia/GROMACS/gromacs_ab_ligand_toolkit/ab_ligand_md_8complexes/computational_DMS_top_occupancy_poses/4E2__ddhC/surfaces_definition/custom_MOL_AMINO_FlexAID.def -dat /Users/nf477/Projects_Natalia/GROMACS/gromacs_ab_ligand_toolkit/ab_ligand_md_8complexes/Surfaces/FlexAID.dat

$ /Users/nf477/anaconda3/envs/nrgsuite/bin/python /Users/nf477/Projects_Natalia/GROMACS/gromacs_ab_ligand_toolkit/ab_ligand_md_8complexes/Surfaces/clean_structure.py -f 4E2_ddhC_P001_YH57N.pdb -def /Users/nf477/Projects_Natalia/GROMACS/gromacs_ab_ligand_toolkit/ab_ligand_md_8complexes/computational_DMS_top_occupancy_poses/4E2__ddhC/surfaces_definition/custom_MOL_AMINO_FlexAID.def

$ /Users/nf477/anaconda3/envs/nrgsuite/bin/python /Users/nf477/Projects_Natalia/GROMACS/gromacs_ab_ligand_toolkit/ab_ligand_md_8complexes/Surfaces/surface_cont_lig.py -f /Users/nf477/Projects_Natalia/GROMACS/gromacs_ab_ligand_toolkit/ab_ligand_md_8complexes/computational_DMS_top_occupancy_poses/4E2__ddhC/mutants/clean_4E2_ddhC_P001_YH57N.pdb -c HL -lig MOL -o /Users/nf477/Projects_Natalia/GROMACS/gromacs_ab_ligand_toolkit/ab_ligand_md_8complexes/computational_DMS_top_occupancy_poses/4E2__ddhC/surfaces/YH57N_output.csv -def /Users/nf477/Projects_Natalia/GROMACS/gromacs_ab_ligand_toolkit/ab_ligand_md_8complexes/computational_DMS_top_occupancy_poses/4E2__ddhC/surfaces_definition/custom_MOL_AMINO_FlexAID.def -dat /Users/nf477/Projects_Natalia/GROMACS/gromacs_ab_ligand_toolkit/ab_ligand_md_8complexes/Surfaces/FlexAID.dat

$ /Users/nf477/anaconda3/envs/nrgsuite/bin/python /Users/nf477/Projects_Natalia/GROMACS/gromacs_ab_ligand_toolkit/ab_ligand_md_8complexes/Surfaces/clean_structure.py -f 4E2_ddhC_P001_YH57P.pdb -def /Users/nf477/Projects_Natalia/GROMACS/gromacs_ab_ligand_toolkit/ab_ligand_md_8complexes/computational_DMS_top_occupancy_poses/4E2__ddhC/surfaces_definition/custom_MOL_AMINO_FlexAID.def

$ /Users/nf477/anaconda3/envs/nrgsuite/bin/python /Users/nf477/Projects_Natalia/GROMACS/gromacs_ab_ligand_toolkit/ab_ligand_md_8complexes/Surfaces/surface_cont_lig.py -f /Users/nf477/Projects_Natalia/GROMACS/gromacs_ab_ligand_toolkit/ab_ligand_md_8complexes/computational_DMS_top_occupancy_poses/4E2__ddhC/mutants/clean_4E2_ddhC_P001_YH57P.pdb -c HL -lig MOL -o /Users/nf477/Projects_Natalia/GROMACS/gromacs_ab_ligand_toolkit/ab_ligand_md_8complexes/computational_DMS_top_occupancy_poses/4E2__ddhC/surfaces/YH57P_output.csv -def /Users/nf477/Projects_Natalia/GROMACS/gromacs_ab_ligand_toolkit/ab_ligand_md_8complexes/computational_DMS_top_occupancy_poses/4E2__ddhC/surfaces_definition/custom_MOL_AMINO_FlexAID.def -dat /Users/nf477/Projects_Natalia/GROMACS/gromacs_ab_ligand_toolkit/ab_ligand_md_8complexes/Surfaces/FlexAID.dat

$ /Users/nf477/anaconda3/envs/nrgsuite/bin/python /Users/nf477/Projects_Natalia/GROMACS/gromacs_ab_ligand_toolkit/ab_ligand_md_8complexes/Surfaces/clean_structure.py -f 4E2_ddhC_P001_YH57Q.pdb -def /Users/nf477/Projects_Natalia/GROMACS/gromacs_ab_ligand_toolkit/ab_ligand_md_8complexes/computational_DMS_top_occupancy_poses/4E2__ddhC/surfaces_definition/custom_MOL_AMINO_FlexAID.def

$ /Users/nf477/anaconda3/envs/nrgsuite/bin/python /Users/nf477/Projects_Natalia/GROMACS/gromacs_ab_ligand_toolkit/ab_ligand_md_8complexes/Surfaces/surface_cont_lig.py -f /Users/nf477/Projects_Natalia/GROMACS/gromacs_ab_ligand_toolkit/ab_ligand_md_8complexes/computational_DMS_top_occupancy_poses/4E2__ddhC/mutants/clean_4E2_ddhC_P001_YH57Q.pdb -c HL -lig MOL -o /Users/nf477/Projects_Natalia/GROMACS/gromacs_ab_ligand_toolkit/ab_ligand_md_8complexes/computational_DMS_top_occupancy_poses/4E2__ddhC/surfaces/YH57Q_output.csv -def /Users/nf477/Projects_Natalia/GROMACS/gromacs_ab_ligand_toolkit/ab_ligand_md_8complexes/computational_DMS_top_occupancy_poses/4E2__ddhC/surfaces_definition/custom_MOL_AMINO_FlexAID.def -dat /Users/nf477/Projects_Natalia/GROMACS/gromacs_ab_ligand_toolkit/ab_ligand_md_8complexes/Surfaces/FlexAID.dat

$ /Users/nf477/anaconda3/envs/nrgsuite/bin/python /Users/nf477/Projects_Natalia/GROMACS/gromacs_ab_ligand_toolkit/ab_ligand_md_8complexes/Surfaces/clean_structure.py -f 4E2_ddhC_P001_YH57R.pdb -def /Users/nf477/Projects_Natalia/GROMACS/gromacs_ab_ligand_toolkit/ab_ligand_md_8complexes/computational_DMS_top_occupancy_poses/4E2__ddhC/surfaces_definition/custom_MOL_AMINO_FlexAID.def

$ /Users/nf477/anaconda3/envs/nrgsuite/bin/python /Users/nf477/Projects_Natalia/GROMACS/gromacs_ab_ligand_toolkit/ab_ligand_md_8complexes/Surfaces/surface_cont_lig.py -f /Users/nf477/Projects_Natalia/GROMACS/gromacs_ab_ligand_toolkit/ab_ligand_md_8complexes/computational_DMS_top_occupancy_poses/4E2__ddhC/mutants/clean_4E2_ddhC_P001_YH57R.pdb -c HL -lig MOL -o /Users/nf477/Projects_Natalia/GROMACS/gromacs_ab_ligand_toolkit/ab_ligand_md_8complexes/computational_DMS_top_occupancy_poses/4E2__ddhC/surfaces/YH57R_output.csv -def /Users/nf477/Projects_Natalia/GROMACS/gromacs_ab_ligand_toolkit/ab_ligand_md_8complexes/computational_DMS_top_occupancy_poses/4E2__ddhC/surfaces_definition/custom_MOL_AMINO_FlexAID.def -dat /Users/nf477/Projects_Natalia/GROMACS/gromacs_ab_ligand_toolkit/ab_ligand_md_8complexes/Surfaces/FlexAID.dat

$ /Users/nf477/anaconda3/envs/nrgsuite/bin/python /Users/nf477/Projects_Natalia/GROMACS/gromacs_ab_ligand_toolkit/ab_ligand_md_8complexes/Surfaces/clean_structure.py -f 4E2_ddhC_P001_YH57S.pdb -def /Users/nf477/Projects_Natalia/GROMACS/gromacs_ab_ligand_toolkit/ab_ligand_md_8complexes/computational_DMS_top_occupancy_poses/4E2__ddhC/surfaces_definition/custom_MOL_AMINO_FlexAID.def

$ /Users/nf477/anaconda3/envs/nrgsuite/bin/python /Users/nf477/Projects_Natalia/GROMACS/gromacs_ab_ligand_toolkit/ab_ligand_md_8complexes/Surfaces/surface_cont_lig.py -f /Users/nf477/Projects_Natalia/GROMACS/gromacs_ab_ligand_toolkit/ab_ligand_md_8complexes/computational_DMS_top_occupancy_poses/4E2__ddhC/mutants/clean_4E2_ddhC_P001_YH57S.pdb -c HL -lig MOL -o /Users/nf477/Projects_Natalia/GROMACS/gromacs_ab_ligand_toolkit/ab_ligand_md_8complexes/computational_DMS_top_occupancy_poses/4E2__ddhC/surfaces/YH57S_output.csv -def /Users/nf477/Projects_Natalia/GROMACS/gromacs_ab_ligand_toolkit/ab_ligand_md_8complexes/computational_DMS_top_occupancy_poses/4E2__ddhC/surfaces_definition/custom_MOL_AMINO_FlexAID.def -dat /Users/nf477/Projects_Natalia/GROMACS/gromacs_ab_ligand_toolkit/ab_ligand_md_8complexes/Surfaces/FlexAID.dat

$ /Users/nf477/anaconda3/envs/nrgsuite/bin/python /Users/nf477/Projects_Natalia/GROMACS/gromacs_ab_ligand_toolkit/ab_ligand_md_8complexes/Surfaces/clean_structure.py -f 4E2_ddhC_P001_YH57T.pdb -def /Users/nf477/Projects_Natalia/GROMACS/gromacs_ab_ligand_toolkit/ab_ligand_md_8complexes/computational_DMS_top_occupancy_poses/4E2__ddhC/surfaces_definition/custom_MOL_AMINO_FlexAID.def

$ /Users/nf477/anaconda3/envs/nrgsuite/bin/python /Users/nf477/Projects_Natalia/GROMACS/gromacs_ab_ligand_toolkit/ab_ligand_md_8complexes/Surfaces/surface_cont_lig.py -f /Users/nf477/Projects_Natalia/GROMACS/gromacs_ab_ligand_toolkit/ab_ligand_md_8complexes/computational_DMS_top_occupancy_poses/4E2__ddhC/mutants/clean_4E2_ddhC_P001_YH57T.pdb -c HL -lig MOL -o /Users/nf477/Projects_Natalia/GROMACS/gromacs_ab_ligand_toolkit/ab_ligand_md_8complexes/computational_DMS_top_occupancy_poses/4E2__ddhC/surfaces/YH57T_output.csv -def /Users/nf477/Projects_Natalia/GROMACS/gromacs_ab_ligand_toolkit/ab_ligand_md_8complexes/computational_DMS_top_occupancy_poses/4E2__ddhC/surfaces_definition/custom_MOL_AMINO_FlexAID.def -dat /Users/nf477/Projects_Natalia/GROMACS/gromacs_ab_ligand_toolkit/ab_ligand_md_8complexes/Surfaces/FlexAID.dat

$ /Users/nf477/anaconda3/envs/nrgsuite/bin/python /Users/nf477/Projects_Natalia/GROMACS/gromacs_ab_ligand_toolkit/ab_ligand_md_8complexes/Surfaces/clean_structure.py -f 4E2_ddhC_P001_YH57V.pdb -def /Users/nf477/Projects_Natalia/GROMACS/gromacs_ab_ligand_toolkit/ab_ligand_md_8complexes/computational_DMS_top_occupancy_poses/4E2__ddhC/surfaces_definition/custom_MOL_AMINO_FlexAID.def

$ /Users/nf477/anaconda3/envs/nrgsuite/bin/python /Users/nf477/Projects_Natalia/GROMACS/gromacs_ab_ligand_toolkit/ab_ligand_md_8complexes/Surfaces/surface_cont_lig.py -f /Users/nf477/Projects_Natalia/GROMACS/gromacs_ab_ligand_toolkit/ab_ligand_md_8complexes/computational_DMS_top_occupancy_poses/4E2__ddhC/mutants/clean_4E2_ddhC_P001_YH57V.pdb -c HL -lig MOL -o /Users/nf477/Projects_Natalia/GROMACS/gromacs_ab_ligand_toolkit/ab_ligand_md_8complexes/computational_DMS_top_occupancy_poses/4E2__ddhC/surfaces/YH57V_output.csv -def /Users/nf477/Projects_Natalia/GROMACS/gromacs_ab_ligand_toolkit/ab_ligand_md_8complexes/computational_DMS_top_occupancy_poses/4E2__ddhC/surfaces_definition/custom_MOL_AMINO_FlexAID.def -dat /Users/nf477/Projects_Natalia/GROMACS/gromacs_ab_ligand_toolkit/ab_ligand_md_8complexes/Surfaces/FlexAID.dat

$ /Users/nf477/anaconda3/envs/nrgsuite/bin/python /Users/nf477/Projects_Natalia/GROMACS/gromacs_ab_ligand_toolkit/ab_ligand_md_8complexes/Surfaces/clean_structure.py -f 4E2_ddhC_P001_YH57W.pdb -def /Users/nf477/Projects_Natalia/GROMACS/gromacs_ab_ligand_toolkit/ab_ligand_md_8complexes/computational_DMS_top_occupancy_poses/4E2__ddhC/surfaces_definition/custom_MOL_AMINO_FlexAID.def

$ /Users/nf477/anaconda3/envs/nrgsuite/bin/python /Users/nf477/Projects_Natalia/GROMACS/gromacs_ab_ligand_toolkit/ab_ligand_md_8complexes/Surfaces/surface_cont_lig.py -f /Users/nf477/Projects_Natalia/GROMACS/gromacs_ab_ligand_toolkit/ab_ligand_md_8complexes/computational_DMS_top_occupancy_poses/4E2__ddhC/mutants/clean_4E2_ddhC_P001_YH57W.pdb -c HL -lig MOL -o /Users/nf477/Projects_Natalia/GROMACS/gromacs_ab_ligand_toolkit/ab_ligand_md_8complexes/computational_DMS_top_occupancy_poses/4E2__ddhC/surfaces/YH57W_output.csv -def /Users/nf477/Projects_Natalia/GROMACS/gromacs_ab_ligand_toolkit/ab_ligand_md_8complexes/computational_DMS_top_occupancy_poses/4E2__ddhC/surfaces_definition/custom_MOL_AMINO_FlexAID.def -dat /Users/nf477/Projects_Natalia/GROMACS/gromacs_ab_ligand_toolkit/ab_ligand_md_8complexes/Surfaces/FlexAID.dat

$ /Users/nf477/anaconda3/envs/nrgsuite/bin/python /Users/nf477/Projects_Natalia/GROMACS/gromacs_ab_ligand_toolkit/ab_ligand_md_8complexes/Surfaces/clean_structure.py -f 4E2_ddhC_P001_YH57Y.pdb -def /Users/nf477/Projects_Natalia/GROMACS/gromacs_ab_ligand_toolkit/ab_ligand_md_8complexes/computational_DMS_top_occupancy_poses/4E2__ddhC/surfaces_definition/custom_MOL_AMINO_FlexAID.def

$ /Users/nf477/anaconda3/envs/nrgsuite/bin/python /Users/nf477/Projects_Natalia/GROMACS/gromacs_ab_ligand_toolkit/ab_ligand_md_8complexes/Surfaces/surface_cont_lig.py -f /Users/nf477/Projects_Natalia/GROMACS/gromacs_ab_ligand_toolkit/ab_ligand_md_8complexes/computational_DMS_top_occupancy_poses/4E2__ddhC/mutants/clean_4E2_ddhC_P001_YH57Y.pdb -c HL -lig MOL -o /Users/nf477/Projects_Natalia/GROMACS/gromacs_ab_ligand_toolkit/ab_ligand_md_8complexes/computational_DMS_top_occupancy_poses/4E2__ddhC/surfaces/YH57Y_output.csv -def /Users/nf477/Projects_Natalia/GROMACS/gromacs_ab_ligand_toolkit/ab_ligand_md_8complexes/computational_DMS_top_occupancy_poses/4E2__ddhC/surfaces_definition/custom_MOL_AMINO_FlexAID.def -dat /Users/nf477/Projects_Natalia/GROMACS/gromacs_ab_ligand_toolkit/ab_ligand_md_8complexes/Surfaces/FlexAID.dat

$ /Users/nf477/anaconda3/envs/nrgsuite/bin/python /Users/nf477/Projects_Natalia/GROMACS/gromacs_ab_ligand_toolkit/ab_ligand_md_8complexes/Surfaces/clean_structure.py -f 4E2_ddhC_P001_VH101A.pdb -def /Users/nf477/Projects_Natalia/GROMACS/gromacs_ab_ligand_toolkit/ab_ligand_md_8complexes/computational_DMS_top_occupancy_poses/4E2__ddhC/surfaces_definition/custom_MOL_AMINO_FlexAID.def

$ /Users/nf477/anaconda3/envs/nrgsuite/bin/python /Users/nf477/Projects_Natalia/GROMACS/gromacs_ab_ligand_toolkit/ab_ligand_md_8complexes/Surfaces/surface_cont_lig.py -f /Users/nf477/Projects_Natalia/GROMACS/gromacs_ab_ligand_toolkit/ab_ligand_md_8complexes/computational_DMS_top_occupancy_poses/4E2__ddhC/mutants/clean_4E2_ddhC_P001_VH101A.pdb -c HL -lig MOL -o /Users/nf477/Projects_Natalia/GROMACS/gromacs_ab_ligand_toolkit/ab_ligand_md_8complexes/computational_DMS_top_occupancy_poses/4E2__ddhC/surfaces/VH101A_output.csv -def /Users/nf477/Projects_Natalia/GROMACS/gromacs_ab_ligand_toolkit/ab_ligand_md_8complexes/computational_DMS_top_occupancy_poses/4E2__ddhC/surfaces_definition/custom_MOL_AMINO_FlexAID.def -dat /Users/nf477/Projects_Natalia/GROMACS/gromacs_ab_ligand_toolkit/ab_ligand_md_8complexes/Surfaces/FlexAID.dat

$ /Users/nf477/anaconda3/envs/nrgsuite/bin/python /Users/nf477/Projects_Natalia/GROMACS/gromacs_ab_ligand_toolkit/ab_ligand_md_8complexes/Surfaces/clean_structure.py -f 4E2_ddhC_P001_VH101C.pdb -def /Users/nf477/Projects_Natalia/GROMACS/gromacs_ab_ligand_toolkit/ab_ligand_md_8complexes/computational_DMS_top_occupancy_poses/4E2__ddhC/surfaces_definition/custom_MOL_AMINO_FlexAID.def

$ /Users/nf477/anaconda3/envs/nrgsuite/bin/python /Users/nf477/Projects_Natalia/GROMACS/gromacs_ab_ligand_toolkit/ab_ligand_md_8complexes/Surfaces/surface_cont_lig.py -f /Users/nf477/Projects_Natalia/GROMACS/gromacs_ab_ligand_toolkit/ab_ligand_md_8complexes/computational_DMS_top_occupancy_poses/4E2__ddhC/mutants/clean_4E2_ddhC_P001_VH101C.pdb -c HL -lig MOL -o /Users/nf477/Projects_Natalia/GROMACS/gromacs_ab_ligand_toolkit/ab_ligand_md_8complexes/computational_DMS_top_occupancy_poses/4E2__ddhC/surfaces/VH101C_output.csv -def /Users/nf477/Projects_Natalia/GROMACS/gromacs_ab_ligand_toolkit/ab_ligand_md_8complexes/computational_DMS_top_occupancy_poses/4E2__ddhC/surfaces_definition/custom_MOL_AMINO_FlexAID.def -dat /Users/nf477/Projects_Natalia/GROMACS/gromacs_ab_ligand_toolkit/ab_ligand_md_8complexes/Surfaces/FlexAID.dat

$ /Users/nf477/anaconda3/envs/nrgsuite/bin/python /Users/nf477/Projects_Natalia/GROMACS/gromacs_ab_ligand_toolkit/ab_ligand_md_8complexes/Surfaces/clean_structure.py -f 4E2_ddhC_P001_VH101D.pdb -def /Users/nf477/Projects_Natalia/GROMACS/gromacs_ab_ligand_toolkit/ab_ligand_md_8complexes/computational_DMS_top_occupancy_poses/4E2__ddhC/surfaces_definition/custom_MOL_AMINO_FlexAID.def

$ /Users/nf477/anaconda3/envs/nrgsuite/bin/python /Users/nf477/Projects_Natalia/GROMACS/gromacs_ab_ligand_toolkit/ab_ligand_md_8complexes/Surfaces/surface_cont_lig.py -f /Users/nf477/Projects_Natalia/GROMACS/gromacs_ab_ligand_toolkit/ab_ligand_md_8complexes/computational_DMS_top_occupancy_poses/4E2__ddhC/mutants/clean_4E2_ddhC_P001_VH101D.pdb -c HL -lig MOL -o /Users/nf477/Projects_Natalia/GROMACS/gromacs_ab_ligand_toolkit/ab_ligand_md_8complexes/computational_DMS_top_occupancy_poses/4E2__ddhC/surfaces/VH101D_output.csv -def /Users/nf477/Projects_Natalia/GROMACS/gromacs_ab_ligand_toolkit/ab_ligand_md_8complexes/computational_DMS_top_occupancy_poses/4E2__ddhC/surfaces_definition/custom_MOL_AMINO_FlexAID.def -dat /Users/nf477/Projects_Natalia/GROMACS/gromacs_ab_ligand_toolkit/ab_ligand_md_8complexes/Surfaces/FlexAID.dat

$ /Users/nf477/anaconda3/envs/nrgsuite/bin/python /Users/nf477/Projects_Natalia/GROMACS/gromacs_ab_ligand_toolkit/ab_ligand_md_8complexes/Surfaces/clean_structure.py -f 4E2_ddhC_P001_VH101E.pdb -def /Users/nf477/Projects_Natalia/GROMACS/gromacs_ab_ligand_toolkit/ab_ligand_md_8complexes/computational_DMS_top_occupancy_poses/4E2__ddhC/surfaces_definition/custom_MOL_AMINO_FlexAID.def

$ /Users/nf477/anaconda3/envs/nrgsuite/bin/python /Users/nf477/Projects_Natalia/GROMACS/gromacs_ab_ligand_toolkit/ab_ligand_md_8complexes/Surfaces/surface_cont_lig.py -f /Users/nf477/Projects_Natalia/GROMACS/gromacs_ab_ligand_toolkit/ab_ligand_md_8complexes/computational_DMS_top_occupancy_poses/4E2__ddhC/mutants/clean_4E2_ddhC_P001_VH101E.pdb -c HL -lig MOL -o /Users/nf477/Projects_Natalia/GROMACS/gromacs_ab_ligand_toolkit/ab_ligand_md_8complexes/computational_DMS_top_occupancy_poses/4E2__ddhC/surfaces/VH101E_output.csv -def /Users/nf477/Projects_Natalia/GROMACS/gromacs_ab_ligand_toolkit/ab_ligand_md_8complexes/computational_DMS_top_occupancy_poses/4E2__ddhC/surfaces_definition/custom_MOL_AMINO_FlexAID.def -dat /Users/nf477/Projects_Natalia/GROMACS/gromacs_ab_ligand_toolkit/ab_ligand_md_8complexes/Surfaces/FlexAID.dat

$ /Users/nf477/anaconda3/envs/nrgsuite/bin/python /Users/nf477/Projects_Natalia/GROMACS/gromacs_ab_ligand_toolkit/ab_ligand_md_8complexes/Surfaces/clean_structure.py -f 4E2_ddhC_P001_VH101F.pdb -def /Users/nf477/Projects_Natalia/GROMACS/gromacs_ab_ligand_toolkit/ab_ligand_md_8complexes/computational_DMS_top_occupancy_poses/4E2__ddhC/surfaces_definition/custom_MOL_AMINO_FlexAID.def

$ /Users/nf477/anaconda3/envs/nrgsuite/bin/python /Users/nf477/Projects_Natalia/GROMACS/gromacs_ab_ligand_toolkit/ab_ligand_md_8complexes/Surfaces/surface_cont_lig.py -f /Users/nf477/Projects_Natalia/GROMACS/gromacs_ab_ligand_toolkit/ab_ligand_md_8complexes/computational_DMS_top_occupancy_poses/4E2__ddhC/mutants/clean_4E2_ddhC_P001_VH101F.pdb -c HL -lig MOL -o /Users/nf477/Projects_Natalia/GROMACS/gromacs_ab_ligand_toolkit/ab_ligand_md_8complexes/computational_DMS_top_occupancy_poses/4E2__ddhC/surfaces/VH101F_output.csv -def /Users/nf477/Projects_Natalia/GROMACS/gromacs_ab_ligand_toolkit/ab_ligand_md_8complexes/computational_DMS_top_occupancy_poses/4E2__ddhC/surfaces_definition/custom_MOL_AMINO_FlexAID.def -dat /Users/nf477/Projects_Natalia/GROMACS/gromacs_ab_ligand_toolkit/ab_ligand_md_8complexes/Surfaces/FlexAID.dat

$ /Users/nf477/anaconda3/envs/nrgsuite/bin/python /Users/nf477/Projects_Natalia/GROMACS/gromacs_ab_ligand_toolkit/ab_ligand_md_8complexes/Surfaces/clean_structure.py -f 4E2_ddhC_P001_VH101G.pdb -def /Users/nf477/Projects_Natalia/GROMACS/gromacs_ab_ligand_toolkit/ab_ligand_md_8complexes/computational_DMS_top_occupancy_poses/4E2__ddhC/surfaces_definition/custom_MOL_AMINO_FlexAID.def

$ /Users/nf477/anaconda3/envs/nrgsuite/bin/python /Users/nf477/Projects_Natalia/GROMACS/gromacs_ab_ligand_toolkit/ab_ligand_md_8complexes/Surfaces/surface_cont_lig.py -f /Users/nf477/Projects_Natalia/GROMACS/gromacs_ab_ligand_toolkit/ab_ligand_md_8complexes/computational_DMS_top_occupancy_poses/4E2__ddhC/mutants/clean_4E2_ddhC_P001_VH101G.pdb -c HL -lig MOL -o /Users/nf477/Projects_Natalia/GROMACS/gromacs_ab_ligand_toolkit/ab_ligand_md_8complexes/computational_DMS_top_occupancy_poses/4E2__ddhC/surfaces/VH101G_output.csv -def /Users/nf477/Projects_Natalia/GROMACS/gromacs_ab_ligand_toolkit/ab_ligand_md_8complexes/computational_DMS_top_occupancy_poses/4E2__ddhC/surfaces_definition/custom_MOL_AMINO_FlexAID.def -dat /Users/nf477/Projects_Natalia/GROMACS/gromacs_ab_ligand_toolkit/ab_ligand_md_8complexes/Surfaces/FlexAID.dat

$ /Users/nf477/anaconda3/envs/nrgsuite/bin/python /Users/nf477/Projects_Natalia/GROMACS/gromacs_ab_ligand_toolkit/ab_ligand_md_8complexes/Surfaces/clean_structure.py -f 4E2_ddhC_P001_VH101H.pdb -def /Users/nf477/Projects_Natalia/GROMACS/gromacs_ab_ligand_toolkit/ab_ligand_md_8complexes/computational_DMS_top_occupancy_poses/4E2__ddhC/surfaces_definition/custom_MOL_AMINO_FlexAID.def

$ /Users/nf477/anaconda3/envs/nrgsuite/bin/python /Users/nf477/Projects_Natalia/GROMACS/gromacs_ab_ligand_toolkit/ab_ligand_md_8complexes/Surfaces/surface_cont_lig.py -f /Users/nf477/Projects_Natalia/GROMACS/gromacs_ab_ligand_toolkit/ab_ligand_md_8complexes/computational_DMS_top_occupancy_poses/4E2__ddhC/mutants/clean_4E2_ddhC_P001_VH101H.pdb -c HL -lig MOL -o /Users/nf477/Projects_Natalia/GROMACS/gromacs_ab_ligand_toolkit/ab_ligand_md_8complexes/computational_DMS_top_occupancy_poses/4E2__ddhC/surfaces/VH101H_output.csv -def /Users/nf477/Projects_Natalia/GROMACS/gromacs_ab_ligand_toolkit/ab_ligand_md_8complexes/computational_DMS_top_occupancy_poses/4E2__ddhC/surfaces_definition/custom_MOL_AMINO_FlexAID.def -dat /Users/nf477/Projects_Natalia/GROMACS/gromacs_ab_ligand_toolkit/ab_ligand_md_8complexes/Surfaces/FlexAID.dat

$ /Users/nf477/anaconda3/envs/nrgsuite/bin/python /Users/nf477/Projects_Natalia/GROMACS/gromacs_ab_ligand_toolkit/ab_ligand_md_8complexes/Surfaces/clean_structure.py -f 4E2_ddhC_P001_VH101I.pdb -def /Users/nf477/Projects_Natalia/GROMACS/gromacs_ab_ligand_toolkit/ab_ligand_md_8complexes/computational_DMS_top_occupancy_poses/4E2__ddhC/surfaces_definition/custom_MOL_AMINO_FlexAID.def

$ /Users/nf477/anaconda3/envs/nrgsuite/bin/python /Users/nf477/Projects_Natalia/GROMACS/gromacs_ab_ligand_toolkit/ab_ligand_md_8complexes/Surfaces/surface_cont_lig.py -f /Users/nf477/Projects_Natalia/GROMACS/gromacs_ab_ligand_toolkit/ab_ligand_md_8complexes/computational_DMS_top_occupancy_poses/4E2__ddhC/mutants/clean_4E2_ddhC_P001_VH101I.pdb -c HL -lig MOL -o /Users/nf477/Projects_Natalia/GROMACS/gromacs_ab_ligand_toolkit/ab_ligand_md_8complexes/computational_DMS_top_occupancy_poses/4E2__ddhC/surfaces/VH101I_output.csv -def /Users/nf477/Projects_Natalia/GROMACS/gromacs_ab_ligand_toolkit/ab_ligand_md_8complexes/computational_DMS_top_occupancy_poses/4E2__ddhC/surfaces_definition/custom_MOL_AMINO_FlexAID.def -dat /Users/nf477/Projects_Natalia/GROMACS/gromacs_ab_ligand_toolkit/ab_ligand_md_8complexes/Surfaces/FlexAID.dat

$ /Users/nf477/anaconda3/envs/nrgsuite/bin/python /Users/nf477/Projects_Natalia/GROMACS/gromacs_ab_ligand_toolkit/ab_ligand_md_8complexes/Surfaces/clean_structure.py -f 4E2_ddhC_P001_VH101K.pdb -def /Users/nf477/Projects_Natalia/GROMACS/gromacs_ab_ligand_toolkit/ab_ligand_md_8complexes/computational_DMS_top_occupancy_poses/4E2__ddhC/surfaces_definition/custom_MOL_AMINO_FlexAID.def

$ /Users/nf477/anaconda3/envs/nrgsuite/bin/python /Users/nf477/Projects_Natalia/GROMACS/gromacs_ab_ligand_toolkit/ab_ligand_md_8complexes/Surfaces/surface_cont_lig.py -f /Users/nf477/Projects_Natalia/GROMACS/gromacs_ab_ligand_toolkit/ab_ligand_md_8complexes/computational_DMS_top_occupancy_poses/4E2__ddhC/mutants/clean_4E2_ddhC_P001_VH101K.pdb -c HL -lig MOL -o /Users/nf477/Projects_Natalia/GROMACS/gromacs_ab_ligand_toolkit/ab_ligand_md_8complexes/computational_DMS_top_occupancy_poses/4E2__ddhC/surfaces/VH101K_output.csv -def /Users/nf477/Projects_Natalia/GROMACS/gromacs_ab_ligand_toolkit/ab_ligand_md_8complexes/computational_DMS_top_occupancy_poses/4E2__ddhC/surfaces_definition/custom_MOL_AMINO_FlexAID.def -dat /Users/nf477/Projects_Natalia/GROMACS/gromacs_ab_ligand_toolkit/ab_ligand_md_8complexes/Surfaces/FlexAID.dat

$ /Users/nf477/anaconda3/envs/nrgsuite/bin/python /Users/nf477/Projects_Natalia/GROMACS/gromacs_ab_ligand_toolkit/ab_ligand_md_8complexes/Surfaces/clean_structure.py -f 4E2_ddhC_P001_VH101L.pdb -def /Users/nf477/Projects_Natalia/GROMACS/gromacs_ab_ligand_toolkit/ab_ligand_md_8complexes/computational_DMS_top_occupancy_poses/4E2__ddhC/surfaces_definition/custom_MOL_AMINO_FlexAID.def

$ /Users/nf477/anaconda3/envs/nrgsuite/bin/python /Users/nf477/Projects_Natalia/GROMACS/gromacs_ab_ligand_toolkit/ab_ligand_md_8complexes/Surfaces/surface_cont_lig.py -f /Users/nf477/Projects_Natalia/GROMACS/gromacs_ab_ligand_toolkit/ab_ligand_md_8complexes/computational_DMS_top_occupancy_poses/4E2__ddhC/mutants/clean_4E2_ddhC_P001_VH101L.pdb -c HL -lig MOL -o /Users/nf477/Projects_Natalia/GROMACS/gromacs_ab_ligand_toolkit/ab_ligand_md_8complexes/computational_DMS_top_occupancy_poses/4E2__ddhC/surfaces/VH101L_output.csv -def /Users/nf477/Projects_Natalia/GROMACS/gromacs_ab_ligand_toolkit/ab_ligand_md_8complexes/computational_DMS_top_occupancy_poses/4E2__ddhC/surfaces_definition/custom_MOL_AMINO_FlexAID.def -dat /Users/nf477/Projects_Natalia/GROMACS/gromacs_ab_ligand_toolkit/ab_ligand_md_8complexes/Surfaces/FlexAID.dat

$ /Users/nf477/anaconda3/envs/nrgsuite/bin/python /Users/nf477/Projects_Natalia/GROMACS/gromacs_ab_ligand_toolkit/ab_ligand_md_8complexes/Surfaces/clean_structure.py -f 4E2_ddhC_P001_VH101M.pdb -def /Users/nf477/Projects_Natalia/GROMACS/gromacs_ab_ligand_toolkit/ab_ligand_md_8complexes/computational_DMS_top_occupancy_poses/4E2__ddhC/surfaces_definition/custom_MOL_AMINO_FlexAID.def

$ /Users/nf477/anaconda3/envs/nrgsuite/bin/python /Users/nf477/Projects_Natalia/GROMACS/gromacs_ab_ligand_toolkit/ab_ligand_md_8complexes/Surfaces/surface_cont_lig.py -f /Users/nf477/Projects_Natalia/GROMACS/gromacs_ab_ligand_toolkit/ab_ligand_md_8complexes/computational_DMS_top_occupancy_poses/4E2__ddhC/mutants/clean_4E2_ddhC_P001_VH101M.pdb -c HL -lig MOL -o /Users/nf477/Projects_Natalia/GROMACS/gromacs_ab_ligand_toolkit/ab_ligand_md_8complexes/computational_DMS_top_occupancy_poses/4E2__ddhC/surfaces/VH101M_output.csv -def /Users/nf477/Projects_Natalia/GROMACS/gromacs_ab_ligand_toolkit/ab_ligand_md_8complexes/computational_DMS_top_occupancy_poses/4E2__ddhC/surfaces_definition/custom_MOL_AMINO_FlexAID.def -dat /Users/nf477/Projects_Natalia/GROMACS/gromacs_ab_ligand_toolkit/ab_ligand_md_8complexes/Surfaces/FlexAID.dat

$ /Users/nf477/anaconda3/envs/nrgsuite/bin/python /Users/nf477/Projects_Natalia/GROMACS/gromacs_ab_ligand_toolkit/ab_ligand_md_8complexes/Surfaces/clean_structure.py -f 4E2_ddhC_P001_VH101N.pdb -def /Users/nf477/Projects_Natalia/GROMACS/gromacs_ab_ligand_toolkit/ab_ligand_md_8complexes/computational_DMS_top_occupancy_poses/4E2__ddhC/surfaces_definition/custom_MOL_AMINO_FlexAID.def

$ /Users/nf477/anaconda3/envs/nrgsuite/bin/python /Users/nf477/Projects_Natalia/GROMACS/gromacs_ab_ligand_toolkit/ab_ligand_md_8complexes/Surfaces/surface_cont_lig.py -f /Users/nf477/Projects_Natalia/GROMACS/gromacs_ab_ligand_toolkit/ab_ligand_md_8complexes/computational_DMS_top_occupancy_poses/4E2__ddhC/mutants/clean_4E2_ddhC_P001_VH101N.pdb -c HL -lig MOL -o /Users/nf477/Projects_Natalia/GROMACS/gromacs_ab_ligand_toolkit/ab_ligand_md_8complexes/computational_DMS_top_occupancy_poses/4E2__ddhC/surfaces/VH101N_output.csv -def /Users/nf477/Projects_Natalia/GROMACS/gromacs_ab_ligand_toolkit/ab_ligand_md_8complexes/computational_DMS_top_occupancy_poses/4E2__ddhC/surfaces_definition/custom_MOL_AMINO_FlexAID.def -dat /Users/nf477/Projects_Natalia/GROMACS/gromacs_ab_ligand_toolkit/ab_ligand_md_8complexes/Surfaces/FlexAID.dat

$ /Users/nf477/anaconda3/envs/nrgsuite/bin/python /Users/nf477/Projects_Natalia/GROMACS/gromacs_ab_ligand_toolkit/ab_ligand_md_8complexes/Surfaces/clean_structure.py -f 4E2_ddhC_P001_VH101P.pdb -def /Users/nf477/Projects_Natalia/GROMACS/gromacs_ab_ligand_toolkit/ab_ligand_md_8complexes/computational_DMS_top_occupancy_poses/4E2__ddhC/surfaces_definition/custom_MOL_AMINO_FlexAID.def

$ /Users/nf477/anaconda3/envs/nrgsuite/bin/python /Users/nf477/Projects_Natalia/GROMACS/gromacs_ab_ligand_toolkit/ab_ligand_md_8complexes/Surfaces/surface_cont_lig.py -f /Users/nf477/Projects_Natalia/GROMACS/gromacs_ab_ligand_toolkit/ab_ligand_md_8complexes/computational_DMS_top_occupancy_poses/4E2__ddhC/mutants/clean_4E2_ddhC_P001_VH101P.pdb -c HL -lig MOL -o /Users/nf477/Projects_Natalia/GROMACS/gromacs_ab_ligand_toolkit/ab_ligand_md_8complexes/computational_DMS_top_occupancy_poses/4E2__ddhC/surfaces/VH101P_output.csv -def /Users/nf477/Projects_Natalia/GROMACS/gromacs_ab_ligand_toolkit/ab_ligand_md_8complexes/computational_DMS_top_occupancy_poses/4E2__ddhC/surfaces_definition/custom_MOL_AMINO_FlexAID.def -dat /Users/nf477/Projects_Natalia/GROMACS/gromacs_ab_ligand_toolkit/ab_ligand_md_8complexes/Surfaces/FlexAID.dat

$ /Users/nf477/anaconda3/envs/nrgsuite/bin/python /Users/nf477/Projects_Natalia/GROMACS/gromacs_ab_ligand_toolkit/ab_ligand_md_8complexes/Surfaces/clean_structure.py -f 4E2_ddhC_P001_VH101Q.pdb -def /Users/nf477/Projects_Natalia/GROMACS/gromacs_ab_ligand_toolkit/ab_ligand_md_8complexes/computational_DMS_top_occupancy_poses/4E2__ddhC/surfaces_definition/custom_MOL_AMINO_FlexAID.def

$ /Users/nf477/anaconda3/envs/nrgsuite/bin/python /Users/nf477/Projects_Natalia/GROMACS/gromacs_ab_ligand_toolkit/ab_ligand_md_8complexes/Surfaces/surface_cont_lig.py -f /Users/nf477/Projects_Natalia/GROMACS/gromacs_ab_ligand_toolkit/ab_ligand_md_8complexes/computational_DMS_top_occupancy_poses/4E2__ddhC/mutants/clean_4E2_ddhC_P001_VH101Q.pdb -c HL -lig MOL -o /Users/nf477/Projects_Natalia/GROMACS/gromacs_ab_ligand_toolkit/ab_ligand_md_8complexes/computational_DMS_top_occupancy_poses/4E2__ddhC/surfaces/VH101Q_output.csv -def /Users/nf477/Projects_Natalia/GROMACS/gromacs_ab_ligand_toolkit/ab_ligand_md_8complexes/computational_DMS_top_occupancy_poses/4E2__ddhC/surfaces_definition/custom_MOL_AMINO_FlexAID.def -dat /Users/nf477/Projects_Natalia/GROMACS/gromacs_ab_ligand_toolkit/ab_ligand_md_8complexes/Surfaces/FlexAID.dat

$ /Users/nf477/anaconda3/envs/nrgsuite/bin/python /Users/nf477/Projects_Natalia/GROMACS/gromacs_ab_ligand_toolkit/ab_ligand_md_8complexes/Surfaces/clean_structure.py -f 4E2_ddhC_P001_VH101R.pdb -def /Users/nf477/Projects_Natalia/GROMACS/gromacs_ab_ligand_toolkit/ab_ligand_md_8complexes/computational_DMS_top_occupancy_poses/4E2__ddhC/surfaces_definition/custom_MOL_AMINO_FlexAID.def

$ /Users/nf477/anaconda3/envs/nrgsuite/bin/python /Users/nf477/Projects_Natalia/GROMACS/gromacs_ab_ligand_toolkit/ab_ligand_md_8complexes/Surfaces/surface_cont_lig.py -f /Users/nf477/Projects_Natalia/GROMACS/gromacs_ab_ligand_toolkit/ab_ligand_md_8complexes/computational_DMS_top_occupancy_poses/4E2__ddhC/mutants/clean_4E2_ddhC_P001_VH101R.pdb -c HL -lig MOL -o /Users/nf477/Projects_Natalia/GROMACS/gromacs_ab_ligand_toolkit/ab_ligand_md_8complexes/computational_DMS_top_occupancy_poses/4E2__ddhC/surfaces/VH101R_output.csv -def /Users/nf477/Projects_Natalia/GROMACS/gromacs_ab_ligand_toolkit/ab_ligand_md_8complexes/computational_DMS_top_occupancy_poses/4E2__ddhC/surfaces_definition/custom_MOL_AMINO_FlexAID.def -dat /Users/nf477/Projects_Natalia/GROMACS/gromacs_ab_ligand_toolkit/ab_ligand_md_8complexes/Surfaces/FlexAID.dat

$ /Users/nf477/anaconda3/envs/nrgsuite/bin/python /Users/nf477/Projects_Natalia/GROMACS/gromacs_ab_ligand_toolkit/ab_ligand_md_8complexes/Surfaces/clean_structure.py -f 4E2_ddhC_P001_VH101S.pdb -def /Users/nf477/Projects_Natalia/GROMACS/gromacs_ab_ligand_toolkit/ab_ligand_md_8complexes/computational_DMS_top_occupancy_poses/4E2__ddhC/surfaces_definition/custom_MOL_AMINO_FlexAID.def

$ /Users/nf477/anaconda3/envs/nrgsuite/bin/python /Users/nf477/Projects_Natalia/GROMACS/gromacs_ab_ligand_toolkit/ab_ligand_md_8complexes/Surfaces/surface_cont_lig.py -f /Users/nf477/Projects_Natalia/GROMACS/gromacs_ab_ligand_toolkit/ab_ligand_md_8complexes/computational_DMS_top_occupancy_poses/4E2__ddhC/mutants/clean_4E2_ddhC_P001_VH101S.pdb -c HL -lig MOL -o /Users/nf477/Projects_Natalia/GROMACS/gromacs_ab_ligand_toolkit/ab_ligand_md_8complexes/computational_DMS_top_occupancy_poses/4E2__ddhC/surfaces/VH101S_output.csv -def /Users/nf477/Projects_Natalia/GROMACS/gromacs_ab_ligand_toolkit/ab_ligand_md_8complexes/computational_DMS_top_occupancy_poses/4E2__ddhC/surfaces_definition/custom_MOL_AMINO_FlexAID.def -dat /Users/nf477/Projects_Natalia/GROMACS/gromacs_ab_ligand_toolkit/ab_ligand_md_8complexes/Surfaces/FlexAID.dat

$ /Users/nf477/anaconda3/envs/nrgsuite/bin/python /Users/nf477/Projects_Natalia/GROMACS/gromacs_ab_ligand_toolkit/ab_ligand_md_8complexes/Surfaces/clean_structure.py -f 4E2_ddhC_P001_VH101T.pdb -def /Users/nf477/Projects_Natalia/GROMACS/gromacs_ab_ligand_toolkit/ab_ligand_md_8complexes/computational_DMS_top_occupancy_poses/4E2__ddhC/surfaces_definition/custom_MOL_AMINO_FlexAID.def

$ /Users/nf477/anaconda3/envs/nrgsuite/bin/python /Users/nf477/Projects_Natalia/GROMACS/gromacs_ab_ligand_toolkit/ab_ligand_md_8complexes/Surfaces/surface_cont_lig.py -f /Users/nf477/Projects_Natalia/GROMACS/gromacs_ab_ligand_toolkit/ab_ligand_md_8complexes/computational_DMS_top_occupancy_poses/4E2__ddhC/mutants/clean_4E2_ddhC_P001_VH101T.pdb -c HL -lig MOL -o /Users/nf477/Projects_Natalia/GROMACS/gromacs_ab_ligand_toolkit/ab_ligand_md_8complexes/computational_DMS_top_occupancy_poses/4E2__ddhC/surfaces/VH101T_output.csv -def /Users/nf477/Projects_Natalia/GROMACS/gromacs_ab_ligand_toolkit/ab_ligand_md_8complexes/computational_DMS_top_occupancy_poses/4E2__ddhC/surfaces_definition/custom_MOL_AMINO_FlexAID.def -dat /Users/nf477/Projects_Natalia/GROMACS/gromacs_ab_ligand_toolkit/ab_ligand_md_8complexes/Surfaces/FlexAID.dat

$ /Users/nf477/anaconda3/envs/nrgsuite/bin/python /Users/nf477/Projects_Natalia/GROMACS/gromacs_ab_ligand_toolkit/ab_ligand_md_8complexes/Surfaces/clean_structure.py -f 4E2_ddhC_P001_VH101V.pdb -def /Users/nf477/Projects_Natalia/GROMACS/gromacs_ab_ligand_toolkit/ab_ligand_md_8complexes/computational_DMS_top_occupancy_poses/4E2__ddhC/surfaces_definition/custom_MOL_AMINO_FlexAID.def

$ /Users/nf477/anaconda3/envs/nrgsuite/bin/python /Users/nf477/Projects_Natalia/GROMACS/gromacs_ab_ligand_toolkit/ab_ligand_md_8complexes/Surfaces/surface_cont_lig.py -f /Users/nf477/Projects_Natalia/GROMACS/gromacs_ab_ligand_toolkit/ab_ligand_md_8complexes/computational_DMS_top_occupancy_poses/4E2__ddhC/mutants/clean_4E2_ddhC_P001_VH101V.pdb -c HL -lig MOL -o /Users/nf477/Projects_Natalia/GROMACS/gromacs_ab_ligand_toolkit/ab_ligand_md_8complexes/computational_DMS_top_occupancy_poses/4E2__ddhC/surfaces/VH101V_output.csv -def /Users/nf477/Projects_Natalia/GROMACS/gromacs_ab_ligand_toolkit/ab_ligand_md_8complexes/computational_DMS_top_occupancy_poses/4E2__ddhC/surfaces_definition/custom_MOL_AMINO_FlexAID.def -dat /Users/nf477/Projects_Natalia/GROMACS/gromacs_ab_ligand_toolkit/ab_ligand_md_8complexes/Surfaces/FlexAID.dat

$ /Users/nf477/anaconda3/envs/nrgsuite/bin/python /Users/nf477/Projects_Natalia/GROMACS/gromacs_ab_ligand_toolkit/ab_ligand_md_8complexes/Surfaces/clean_structure.py -f 4E2_ddhC_P001_VH101W.pdb -def /Users/nf477/Projects_Natalia/GROMACS/gromacs_ab_ligand_toolkit/ab_ligand_md_8complexes/computational_DMS_top_occupancy_poses/4E2__ddhC/surfaces_definition/custom_MOL_AMINO_FlexAID.def

$ /Users/nf477/anaconda3/envs/nrgsuite/bin/python /Users/nf477/Projects_Natalia/GROMACS/gromacs_ab_ligand_toolkit/ab_ligand_md_8complexes/Surfaces/surface_cont_lig.py -f /Users/nf477/Projects_Natalia/GROMACS/gromacs_ab_ligand_toolkit/ab_ligand_md_8complexes/computational_DMS_top_occupancy_poses/4E2__ddhC/mutants/clean_4E2_ddhC_P001_VH101W.pdb -c HL -lig MOL -o /Users/nf477/Projects_Natalia/GROMACS/gromacs_ab_ligand_toolkit/ab_ligand_md_8complexes/computational_DMS_top_occupancy_poses/4E2__ddhC/surfaces/VH101W_output.csv -def /Users/nf477/Projects_Natalia/GROMACS/gromacs_ab_ligand_toolkit/ab_ligand_md_8complexes/computational_DMS_top_occupancy_poses/4E2__ddhC/surfaces_definition/custom_MOL_AMINO_FlexAID.def -dat /Users/nf477/Projects_Natalia/GROMACS/gromacs_ab_ligand_toolkit/ab_ligand_md_8complexes/Surfaces/FlexAID.dat

$ /Users/nf477/anaconda3/envs/nrgsuite/bin/python /Users/nf477/Projects_Natalia/GROMACS/gromacs_ab_ligand_toolkit/ab_ligand_md_8complexes/Surfaces/clean_structure.py -f 4E2_ddhC_P001_VH101Y.pdb -def /Users/nf477/Projects_Natalia/GROMACS/gromacs_ab_ligand_toolkit/ab_ligand_md_8complexes/computational_DMS_top_occupancy_poses/4E2__ddhC/surfaces_definition/custom_MOL_AMINO_FlexAID.def

$ /Users/nf477/anaconda3/envs/nrgsuite/bin/python /Users/nf477/Projects_Natalia/GROMACS/gromacs_ab_ligand_toolkit/ab_ligand_md_8complexes/Surfaces/surface_cont_lig.py -f /Users/nf477/Projects_Natalia/GROMACS/gromacs_ab_ligand_toolkit/ab_ligand_md_8complexes/computational_DMS_top_occupancy_poses/4E2__ddhC/mutants/clean_4E2_ddhC_P001_VH101Y.pdb -c HL -lig MOL -o /Users/nf477/Projects_Natalia/GROMACS/gromacs_ab_ligand_toolkit/ab_ligand_md_8complexes/computational_DMS_top_occupancy_poses/4E2__ddhC/surfaces/VH101Y_output.csv -def /Users/nf477/Projects_Natalia/GROMACS/gromacs_ab_ligand_toolkit/ab_ligand_md_8complexes/computational_DMS_top_occupancy_poses/4E2__ddhC/surfaces_definition/custom_MOL_AMINO_FlexAID.def -dat /Users/nf477/Projects_Natalia/GROMACS/gromacs_ab_ligand_toolkit/ab_ligand_md_8complexes/Surfaces/FlexAID.dat

$ /Users/nf477/anaconda3/envs/nrgsuite/bin/python /Users/nf477/Projects_Natalia/GROMACS/gromacs_ab_ligand_toolkit/ab_ligand_md_8complexes/Surfaces/clean_structure.py -f 4E2_ddhC_P001_NH102A.pdb -def /Users/nf477/Projects_Natalia/GROMACS/gromacs_ab_ligand_toolkit/ab_ligand_md_8complexes/computational_DMS_top_occupancy_poses/4E2__ddhC/surfaces_definition/custom_MOL_AMINO_FlexAID.def

$ /Users/nf477/anaconda3/envs/nrgsuite/bin/python /Users/nf477/Projects_Natalia/GROMACS/gromacs_ab_ligand_toolkit/ab_ligand_md_8complexes/Surfaces/surface_cont_lig.py -f /Users/nf477/Projects_Natalia/GROMACS/gromacs_ab_ligand_toolkit/ab_ligand_md_8complexes/computational_DMS_top_occupancy_poses/4E2__ddhC/mutants/clean_4E2_ddhC_P001_NH102A.pdb -c HL -lig MOL -o /Users/nf477/Projects_Natalia/GROMACS/gromacs_ab_ligand_toolkit/ab_ligand_md_8complexes/computational_DMS_top_occupancy_poses/4E2__ddhC/surfaces/NH102A_output.csv -def /Users/nf477/Projects_Natalia/GROMACS/gromacs_ab_ligand_toolkit/ab_ligand_md_8complexes/computational_DMS_top_occupancy_poses/4E2__ddhC/surfaces_definition/custom_MOL_AMINO_FlexAID.def -dat /Users/nf477/Projects_Natalia/GROMACS/gromacs_ab_ligand_toolkit/ab_ligand_md_8complexes/Surfaces/FlexAID.dat

$ /Users/nf477/anaconda3/envs/nrgsuite/bin/python /Users/nf477/Projects_Natalia/GROMACS/gromacs_ab_ligand_toolkit/ab_ligand_md_8complexes/Surfaces/clean_structure.py -f 4E2_ddhC_P001_NH102C.pdb -def /Users/nf477/Projects_Natalia/GROMACS/gromacs_ab_ligand_toolkit/ab_ligand_md_8complexes/computational_DMS_top_occupancy_poses/4E2__ddhC/surfaces_definition/custom_MOL_AMINO_FlexAID.def

$ /Users/nf477/anaconda3/envs/nrgsuite/bin/python /Users/nf477/Projects_Natalia/GROMACS/gromacs_ab_ligand_toolkit/ab_ligand_md_8complexes/Surfaces/surface_cont_lig.py -f /Users/nf477/Projects_Natalia/GROMACS/gromacs_ab_ligand_toolkit/ab_ligand_md_8complexes/computational_DMS_top_occupancy_poses/4E2__ddhC/mutants/clean_4E2_ddhC_P001_NH102C.pdb -c HL -lig MOL -o /Users/nf477/Projects_Natalia/GROMACS/gromacs_ab_ligand_toolkit/ab_ligand_md_8complexes/computational_DMS_top_occupancy_poses/4E2__ddhC/surfaces/NH102C_output.csv -def /Users/nf477/Projects_Natalia/GROMACS/gromacs_ab_ligand_toolkit/ab_ligand_md_8complexes/computational_DMS_top_occupancy_poses/4E2__ddhC/surfaces_definition/custom_MOL_AMINO_FlexAID.def -dat /Users/nf477/Projects_Natalia/GROMACS/gromacs_ab_ligand_toolkit/ab_ligand_md_8complexes/Surfaces/FlexAID.dat

$ /Users/nf477/anaconda3/envs/nrgsuite/bin/python /Users/nf477/Projects_Natalia/GROMACS/gromacs_ab_ligand_toolkit/ab_ligand_md_8complexes/Surfaces/clean_structure.py -f 4E2_ddhC_P001_NH102D.pdb -def /Users/nf477/Projects_Natalia/GROMACS/gromacs_ab_ligand_toolkit/ab_ligand_md_8complexes/computational_DMS_top_occupancy_poses/4E2__ddhC/surfaces_definition/custom_MOL_AMINO_FlexAID.def

$ /Users/nf477/anaconda3/envs/nrgsuite/bin/python /Users/nf477/Projects_Natalia/GROMACS/gromacs_ab_ligand_toolkit/ab_ligand_md_8complexes/Surfaces/surface_cont_lig.py -f /Users/nf477/Projects_Natalia/GROMACS/gromacs_ab_ligand_toolkit/ab_ligand_md_8complexes/computational_DMS_top_occupancy_poses/4E2__ddhC/mutants/clean_4E2_ddhC_P001_NH102D.pdb -c HL -lig MOL -o /Users/nf477/Projects_Natalia/GROMACS/gromacs_ab_ligand_toolkit/ab_ligand_md_8complexes/computational_DMS_top_occupancy_poses/4E2__ddhC/surfaces/NH102D_output.csv -def /Users/nf477/Projects_Natalia/GROMACS/gromacs_ab_ligand_toolkit/ab_ligand_md_8complexes/computational_DMS_top_occupancy_poses/4E2__ddhC/surfaces_definition/custom_MOL_AMINO_FlexAID.def -dat /Users/nf477/Projects_Natalia/GROMACS/gromacs_ab_ligand_toolkit/ab_ligand_md_8complexes/Surfaces/FlexAID.dat

$ /Users/nf477/anaconda3/envs/nrgsuite/bin/python /Users/nf477/Projects_Natalia/GROMACS/gromacs_ab_ligand_toolkit/ab_ligand_md_8complexes/Surfaces/clean_structure.py -f 4E2_ddhC_P001_NH102E.pdb -def /Users/nf477/Projects_Natalia/GROMACS/gromacs_ab_ligand_toolkit/ab_ligand_md_8complexes/computational_DMS_top_occupancy_poses/4E2__ddhC/surfaces_definition/custom_MOL_AMINO_FlexAID.def

$ /Users/nf477/anaconda3/envs/nrgsuite/bin/python /Users/nf477/Projects_Natalia/GROMACS/gromacs_ab_ligand_toolkit/ab_ligand_md_8complexes/Surfaces/surface_cont_lig.py -f /Users/nf477/Projects_Natalia/GROMACS/gromacs_ab_ligand_toolkit/ab_ligand_md_8complexes/computational_DMS_top_occupancy_poses/4E2__ddhC/mutants/clean_4E2_ddhC_P001_NH102E.pdb -c HL -lig MOL -o /Users/nf477/Projects_Natalia/GROMACS/gromacs_ab_ligand_toolkit/ab_ligand_md_8complexes/computational_DMS_top_occupancy_poses/4E2__ddhC/surfaces/NH102E_output.csv -def /Users/nf477/Projects_Natalia/GROMACS/gromacs_ab_ligand_toolkit/ab_ligand_md_8complexes/computational_DMS_top_occupancy_poses/4E2__ddhC/surfaces_definition/custom_MOL_AMINO_FlexAID.def -dat /Users/nf477/Projects_Natalia/GROMACS/gromacs_ab_ligand_toolkit/ab_ligand_md_8complexes/Surfaces/FlexAID.dat

$ /Users/nf477/anaconda3/envs/nrgsuite/bin/python /Users/nf477/Projects_Natalia/GROMACS/gromacs_ab_ligand_toolkit/ab_ligand_md_8complexes/Surfaces/clean_structure.py -f 4E2_ddhC_P001_NH102F.pdb -def /Users/nf477/Projects_Natalia/GROMACS/gromacs_ab_ligand_toolkit/ab_ligand_md_8complexes/computational_DMS_top_occupancy_poses/4E2__ddhC/surfaces_definition/custom_MOL_AMINO_FlexAID.def

$ /Users/nf477/anaconda3/envs/nrgsuite/bin/python /Users/nf477/Projects_Natalia/GROMACS/gromacs_ab_ligand_toolkit/ab_ligand_md_8complexes/Surfaces/surface_cont_lig.py -f /Users/nf477/Projects_Natalia/GROMACS/gromacs_ab_ligand_toolkit/ab_ligand_md_8complexes/computational_DMS_top_occupancy_poses/4E2__ddhC/mutants/clean_4E2_ddhC_P001_NH102F.pdb -c HL -lig MOL -o /Users/nf477/Projects_Natalia/GROMACS/gromacs_ab_ligand_toolkit/ab_ligand_md_8complexes/computational_DMS_top_occupancy_poses/4E2__ddhC/surfaces/NH102F_output.csv -def /Users/nf477/Projects_Natalia/GROMACS/gromacs_ab_ligand_toolkit/ab_ligand_md_8complexes/computational_DMS_top_occupancy_poses/4E2__ddhC/surfaces_definition/custom_MOL_AMINO_FlexAID.def -dat /Users/nf477/Projects_Natalia/GROMACS/gromacs_ab_ligand_toolkit/ab_ligand_md_8complexes/Surfaces/FlexAID.dat

$ /Users/nf477/anaconda3/envs/nrgsuite/bin/python /Users/nf477/Projects_Natalia/GROMACS/gromacs_ab_ligand_toolkit/ab_ligand_md_8complexes/Surfaces/clean_structure.py -f 4E2_ddhC_P001_NH102G.pdb -def /Users/nf477/Projects_Natalia/GROMACS/gromacs_ab_ligand_toolkit/ab_ligand_md_8complexes/computational_DMS_top_occupancy_poses/4E2__ddhC/surfaces_definition/custom_MOL_AMINO_FlexAID.def

$ /Users/nf477/anaconda3/envs/nrgsuite/bin/python /Users/nf477/Projects_Natalia/GROMACS/gromacs_ab_ligand_toolkit/ab_ligand_md_8complexes/Surfaces/surface_cont_lig.py -f /Users/nf477/Projects_Natalia/GROMACS/gromacs_ab_ligand_toolkit/ab_ligand_md_8complexes/computational_DMS_top_occupancy_poses/4E2__ddhC/mutants/clean_4E2_ddhC_P001_NH102G.pdb -c HL -lig MOL -o /Users/nf477/Projects_Natalia/GROMACS/gromacs_ab_ligand_toolkit/ab_ligand_md_8complexes/computational_DMS_top_occupancy_poses/4E2__ddhC/surfaces/NH102G_output.csv -def /Users/nf477/Projects_Natalia/GROMACS/gromacs_ab_ligand_toolkit/ab_ligand_md_8complexes/computational_DMS_top_occupancy_poses/4E2__ddhC/surfaces_definition/custom_MOL_AMINO_FlexAID.def -dat /Users/nf477/Projects_Natalia/GROMACS/gromacs_ab_ligand_toolkit/ab_ligand_md_8complexes/Surfaces/FlexAID.dat

$ /Users/nf477/anaconda3/envs/nrgsuite/bin/python /Users/nf477/Projects_Natalia/GROMACS/gromacs_ab_ligand_toolkit/ab_ligand_md_8complexes/Surfaces/clean_structure.py -f 4E2_ddhC_P001_NH102H.pdb -def /Users/nf477/Projects_Natalia/GROMACS/gromacs_ab_ligand_toolkit/ab_ligand_md_8complexes/computational_DMS_top_occupancy_poses/4E2__ddhC/surfaces_definition/custom_MOL_AMINO_FlexAID.def

$ /Users/nf477/anaconda3/envs/nrgsuite/bin/python /Users/nf477/Projects_Natalia/GROMACS/gromacs_ab_ligand_toolkit/ab_ligand_md_8complexes/Surfaces/surface_cont_lig.py -f /Users/nf477/Projects_Natalia/GROMACS/gromacs_ab_ligand_toolkit/ab_ligand_md_8complexes/computational_DMS_top_occupancy_poses/4E2__ddhC/mutants/clean_4E2_ddhC_P001_NH102H.pdb -c HL -lig MOL -o /Users/nf477/Projects_Natalia/GROMACS/gromacs_ab_ligand_toolkit/ab_ligand_md_8complexes/computational_DMS_top_occupancy_poses/4E2__ddhC/surfaces/NH102H_output.csv -def /Users/nf477/Projects_Natalia/GROMACS/gromacs_ab_ligand_toolkit/ab_ligand_md_8complexes/computational_DMS_top_occupancy_poses/4E2__ddhC/surfaces_definition/custom_MOL_AMINO_FlexAID.def -dat /Users/nf477/Projects_Natalia/GROMACS/gromacs_ab_ligand_toolkit/ab_ligand_md_8complexes/Surfaces/FlexAID.dat

$ /Users/nf477/anaconda3/envs/nrgsuite/bin/python /Users/nf477/Projects_Natalia/GROMACS/gromacs_ab_ligand_toolkit/ab_ligand_md_8complexes/Surfaces/clean_structure.py -f 4E2_ddhC_P001_NH102I.pdb -def /Users/nf477/Projects_Natalia/GROMACS/gromacs_ab_ligand_toolkit/ab_ligand_md_8complexes/computational_DMS_top_occupancy_poses/4E2__ddhC/surfaces_definition/custom_MOL_AMINO_FlexAID.def

$ /Users/nf477/anaconda3/envs/nrgsuite/bin/python /Users/nf477/Projects_Natalia/GROMACS/gromacs_ab_ligand_toolkit/ab_ligand_md_8complexes/Surfaces/surface_cont_lig.py -f /Users/nf477/Projects_Natalia/GROMACS/gromacs_ab_ligand_toolkit/ab_ligand_md_8complexes/computational_DMS_top_occupancy_poses/4E2__ddhC/mutants/clean_4E2_ddhC_P001_NH102I.pdb -c HL -lig MOL -o /Users/nf477/Projects_Natalia/GROMACS/gromacs_ab_ligand_toolkit/ab_ligand_md_8complexes/computational_DMS_top_occupancy_poses/4E2__ddhC/surfaces/NH102I_output.csv -def /Users/nf477/Projects_Natalia/GROMACS/gromacs_ab_ligand_toolkit/ab_ligand_md_8complexes/computational_DMS_top_occupancy_poses/4E2__ddhC/surfaces_definition/custom_MOL_AMINO_FlexAID.def -dat /Users/nf477/Projects_Natalia/GROMACS/gromacs_ab_ligand_toolkit/ab_ligand_md_8complexes/Surfaces/FlexAID.dat

$ /Users/nf477/anaconda3/envs/nrgsuite/bin/python /Users/nf477/Projects_Natalia/GROMACS/gromacs_ab_ligand_toolkit/ab_ligand_md_8complexes/Surfaces/clean_structure.py -f 4E2_ddhC_P001_NH102K.pdb -def /Users/nf477/Projects_Natalia/GROMACS/gromacs_ab_ligand_toolkit/ab_ligand_md_8complexes/computational_DMS_top_occupancy_poses/4E2__ddhC/surfaces_definition/custom_MOL_AMINO_FlexAID.def

$ /Users/nf477/anaconda3/envs/nrgsuite/bin/python /Users/nf477/Projects_Natalia/GROMACS/gromacs_ab_ligand_toolkit/ab_ligand_md_8complexes/Surfaces/surface_cont_lig.py -f /Users/nf477/Projects_Natalia/GROMACS/gromacs_ab_ligand_toolkit/ab_ligand_md_8complexes/computational_DMS_top_occupancy_poses/4E2__ddhC/mutants/clean_4E2_ddhC_P001_NH102K.pdb -c HL -lig MOL -o /Users/nf477/Projects_Natalia/GROMACS/gromacs_ab_ligand_toolkit/ab_ligand_md_8complexes/computational_DMS_top_occupancy_poses/4E2__ddhC/surfaces/NH102K_output.csv -def /Users/nf477/Projects_Natalia/GROMACS/gromacs_ab_ligand_toolkit/ab_ligand_md_8complexes/computational_DMS_top_occupancy_poses/4E2__ddhC/surfaces_definition/custom_MOL_AMINO_FlexAID.def -dat /Users/nf477/Projects_Natalia/GROMACS/gromacs_ab_ligand_toolkit/ab_ligand_md_8complexes/Surfaces/FlexAID.dat

$ /Users/nf477/anaconda3/envs/nrgsuite/bin/python /Users/nf477/Projects_Natalia/GROMACS/gromacs_ab_ligand_toolkit/ab_ligand_md_8complexes/Surfaces/clean_structure.py -f 4E2_ddhC_P001_NH102L.pdb -def /Users/nf477/Projects_Natalia/GROMACS/gromacs_ab_ligand_toolkit/ab_ligand_md_8complexes/computational_DMS_top_occupancy_poses/4E2__ddhC/surfaces_definition/custom_MOL_AMINO_FlexAID.def

$ /Users/nf477/anaconda3/envs/nrgsuite/bin/python /Users/nf477/Projects_Natalia/GROMACS/gromacs_ab_ligand_toolkit/ab_ligand_md_8complexes/Surfaces/surface_cont_lig.py -f /Users/nf477/Projects_Natalia/GROMACS/gromacs_ab_ligand_toolkit/ab_ligand_md_8complexes/computational_DMS_top_occupancy_poses/4E2__ddhC/mutants/clean_4E2_ddhC_P001_NH102L.pdb -c HL -lig MOL -o /Users/nf477/Projects_Natalia/GROMACS/gromacs_ab_ligand_toolkit/ab_ligand_md_8complexes/computational_DMS_top_occupancy_poses/4E2__ddhC/surfaces/NH102L_output.csv -def /Users/nf477/Projects_Natalia/GROMACS/gromacs_ab_ligand_toolkit/ab_ligand_md_8complexes/computational_DMS_top_occupancy_poses/4E2__ddhC/surfaces_definition/custom_MOL_AMINO_FlexAID.def -dat /Users/nf477/Projects_Natalia/GROMACS/gromacs_ab_ligand_toolkit/ab_ligand_md_8complexes/Surfaces/FlexAID.dat

$ /Users/nf477/anaconda3/envs/nrgsuite/bin/python /Users/nf477/Projects_Natalia/GROMACS/gromacs_ab_ligand_toolkit/ab_ligand_md_8complexes/Surfaces/clean_structure.py -f 4E2_ddhC_P001_NH102M.pdb -def /Users/nf477/Projects_Natalia/GROMACS/gromacs_ab_ligand_toolkit/ab_ligand_md_8complexes/computational_DMS_top_occupancy_poses/4E2__ddhC/surfaces_definition/custom_MOL_AMINO_FlexAID.def

$ /Users/nf477/anaconda3/envs/nrgsuite/bin/python /Users/nf477/Projects_Natalia/GROMACS/gromacs_ab_ligand_toolkit/ab_ligand_md_8complexes/Surfaces/surface_cont_lig.py -f /Users/nf477/Projects_Natalia/GROMACS/gromacs_ab_ligand_toolkit/ab_ligand_md_8complexes/computational_DMS_top_occupancy_poses/4E2__ddhC/mutants/clean_4E2_ddhC_P001_NH102M.pdb -c HL -lig MOL -o /Users/nf477/Projects_Natalia/GROMACS/gromacs_ab_ligand_toolkit/ab_ligand_md_8complexes/computational_DMS_top_occupancy_poses/4E2__ddhC/surfaces/NH102M_output.csv -def /Users/nf477/Projects_Natalia/GROMACS/gromacs_ab_ligand_toolkit/ab_ligand_md_8complexes/computational_DMS_top_occupancy_poses/4E2__ddhC/surfaces_definition/custom_MOL_AMINO_FlexAID.def -dat /Users/nf477/Projects_Natalia/GROMACS/gromacs_ab_ligand_toolkit/ab_ligand_md_8complexes/Surfaces/FlexAID.dat

$ /Users/nf477/anaconda3/envs/nrgsuite/bin/python /Users/nf477/Projects_Natalia/GROMACS/gromacs_ab_ligand_toolkit/ab_ligand_md_8complexes/Surfaces/clean_structure.py -f 4E2_ddhC_P001_NH102N.pdb -def /Users/nf477/Projects_Natalia/GROMACS/gromacs_ab_ligand_toolkit/ab_ligand_md_8complexes/computational_DMS_top_occupancy_poses/4E2__ddhC/surfaces_definition/custom_MOL_AMINO_FlexAID.def

$ /Users/nf477/anaconda3/envs/nrgsuite/bin/python /Users/nf477/Projects_Natalia/GROMACS/gromacs_ab_ligand_toolkit/ab_ligand_md_8complexes/Surfaces/surface_cont_lig.py -f /Users/nf477/Projects_Natalia/GROMACS/gromacs_ab_ligand_toolkit/ab_ligand_md_8complexes/computational_DMS_top_occupancy_poses/4E2__ddhC/mutants/clean_4E2_ddhC_P001_NH102N.pdb -c HL -lig MOL -o /Users/nf477/Projects_Natalia/GROMACS/gromacs_ab_ligand_toolkit/ab_ligand_md_8complexes/computational_DMS_top_occupancy_poses/4E2__ddhC/surfaces/NH102N_output.csv -def /Users/nf477/Projects_Natalia/GROMACS/gromacs_ab_ligand_toolkit/ab_ligand_md_8complexes/computational_DMS_top_occupancy_poses/4E2__ddhC/surfaces_definition/custom_MOL_AMINO_FlexAID.def -dat /Users/nf477/Projects_Natalia/GROMACS/gromacs_ab_ligand_toolkit/ab_ligand_md_8complexes/Surfaces/FlexAID.dat

$ /Users/nf477/anaconda3/envs/nrgsuite/bin/python /Users/nf477/Projects_Natalia/GROMACS/gromacs_ab_ligand_toolkit/ab_ligand_md_8complexes/Surfaces/clean_structure.py -f 4E2_ddhC_P001_NH102P.pdb -def /Users/nf477/Projects_Natalia/GROMACS/gromacs_ab_ligand_toolkit/ab_ligand_md_8complexes/computational_DMS_top_occupancy_poses/4E2__ddhC/surfaces_definition/custom_MOL_AMINO_FlexAID.def

$ /Users/nf477/anaconda3/envs/nrgsuite/bin/python /Users/nf477/Projects_Natalia/GROMACS/gromacs_ab_ligand_toolkit/ab_ligand_md_8complexes/Surfaces/surface_cont_lig.py -f /Users/nf477/Projects_Natalia/GROMACS/gromacs_ab_ligand_toolkit/ab_ligand_md_8complexes/computational_DMS_top_occupancy_poses/4E2__ddhC/mutants/clean_4E2_ddhC_P001_NH102P.pdb -c HL -lig MOL -o /Users/nf477/Projects_Natalia/GROMACS/gromacs_ab_ligand_toolkit/ab_ligand_md_8complexes/computational_DMS_top_occupancy_poses/4E2__ddhC/surfaces/NH102P_output.csv -def /Users/nf477/Projects_Natalia/GROMACS/gromacs_ab_ligand_toolkit/ab_ligand_md_8complexes/computational_DMS_top_occupancy_poses/4E2__ddhC/surfaces_definition/custom_MOL_AMINO_FlexAID.def -dat /Users/nf477/Projects_Natalia/GROMACS/gromacs_ab_ligand_toolkit/ab_ligand_md_8complexes/Surfaces/FlexAID.dat

$ /Users/nf477/anaconda3/envs/nrgsuite/bin/python /Users/nf477/Projects_Natalia/GROMACS/gromacs_ab_ligand_toolkit/ab_ligand_md_8complexes/Surfaces/clean_structure.py -f 4E2_ddhC_P001_NH102Q.pdb -def /Users/nf477/Projects_Natalia/GROMACS/gromacs_ab_ligand_toolkit/ab_ligand_md_8complexes/computational_DMS_top_occupancy_poses/4E2__ddhC/surfaces_definition/custom_MOL_AMINO_FlexAID.def

$ /Users/nf477/anaconda3/envs/nrgsuite/bin/python /Users/nf477/Projects_Natalia/GROMACS/gromacs_ab_ligand_toolkit/ab_ligand_md_8complexes/Surfaces/surface_cont_lig.py -f /Users/nf477/Projects_Natalia/GROMACS/gromacs_ab_ligand_toolkit/ab_ligand_md_8complexes/computational_DMS_top_occupancy_poses/4E2__ddhC/mutants/clean_4E2_ddhC_P001_NH102Q.pdb -c HL -lig MOL -o /Users/nf477/Projects_Natalia/GROMACS/gromacs_ab_ligand_toolkit/ab_ligand_md_8complexes/computational_DMS_top_occupancy_poses/4E2__ddhC/surfaces/NH102Q_output.csv -def /Users/nf477/Projects_Natalia/GROMACS/gromacs_ab_ligand_toolkit/ab_ligand_md_8complexes/computational_DMS_top_occupancy_poses/4E2__ddhC/surfaces_definition/custom_MOL_AMINO_FlexAID.def -dat /Users/nf477/Projects_Natalia/GROMACS/gromacs_ab_ligand_toolkit/ab_ligand_md_8complexes/Surfaces/FlexAID.dat

$ /Users/nf477/anaconda3/envs/nrgsuite/bin/python /Users/nf477/Projects_Natalia/GROMACS/gromacs_ab_ligand_toolkit/ab_ligand_md_8complexes/Surfaces/clean_structure.py -f 4E2_ddhC_P001_NH102R.pdb -def /Users/nf477/Projects_Natalia/GROMACS/gromacs_ab_ligand_toolkit/ab_ligand_md_8complexes/computational_DMS_top_occupancy_poses/4E2__ddhC/surfaces_definition/custom_MOL_AMINO_FlexAID.def

$ /Users/nf477/anaconda3/envs/nrgsuite/bin/python /Users/nf477/Projects_Natalia/GROMACS/gromacs_ab_ligand_toolkit/ab_ligand_md_8complexes/Surfaces/surface_cont_lig.py -f /Users/nf477/Projects_Natalia/GROMACS/gromacs_ab_ligand_toolkit/ab_ligand_md_8complexes/computational_DMS_top_occupancy_poses/4E2__ddhC/mutants/clean_4E2_ddhC_P001_NH102R.pdb -c HL -lig MOL -o /Users/nf477/Projects_Natalia/GROMACS/gromacs_ab_ligand_toolkit/ab_ligand_md_8complexes/computational_DMS_top_occupancy_poses/4E2__ddhC/surfaces/NH102R_output.csv -def /Users/nf477/Projects_Natalia/GROMACS/gromacs_ab_ligand_toolkit/ab_ligand_md_8complexes/computational_DMS_top_occupancy_poses/4E2__ddhC/surfaces_definition/custom_MOL_AMINO_FlexAID.def -dat /Users/nf477/Projects_Natalia/GROMACS/gromacs_ab_ligand_toolkit/ab_ligand_md_8complexes/Surfaces/FlexAID.dat

$ /Users/nf477/anaconda3/envs/nrgsuite/bin/python /Users/nf477/Projects_Natalia/GROMACS/gromacs_ab_ligand_toolkit/ab_ligand_md_8complexes/Surfaces/clean_structure.py -f 4E2_ddhC_P001_NH102S.pdb -def /Users/nf477/Projects_Natalia/GROMACS/gromacs_ab_ligand_toolkit/ab_ligand_md_8complexes/computational_DMS_top_occupancy_poses/4E2__ddhC/surfaces_definition/custom_MOL_AMINO_FlexAID.def

$ /Users/nf477/anaconda3/envs/nrgsuite/bin/python /Users/nf477/Projects_Natalia/GROMACS/gromacs_ab_ligand_toolkit/ab_ligand_md_8complexes/Surfaces/surface_cont_lig.py -f /Users/nf477/Projects_Natalia/GROMACS/gromacs_ab_ligand_toolkit/ab_ligand_md_8complexes/computational_DMS_top_occupancy_poses/4E2__ddhC/mutants/clean_4E2_ddhC_P001_NH102S.pdb -c HL -lig MOL -o /Users/nf477/Projects_Natalia/GROMACS/gromacs_ab_ligand_toolkit/ab_ligand_md_8complexes/computational_DMS_top_occupancy_poses/4E2__ddhC/surfaces/NH102S_output.csv -def /Users/nf477/Projects_Natalia/GROMACS/gromacs_ab_ligand_toolkit/ab_ligand_md_8complexes/computational_DMS_top_occupancy_poses/4E2__ddhC/surfaces_definition/custom_MOL_AMINO_FlexAID.def -dat /Users/nf477/Projects_Natalia/GROMACS/gromacs_ab_ligand_toolkit/ab_ligand_md_8complexes/Surfaces/FlexAID.dat

$ /Users/nf477/anaconda3/envs/nrgsuite/bin/python /Users/nf477/Projects_Natalia/GROMACS/gromacs_ab_ligand_toolkit/ab_ligand_md_8complexes/Surfaces/clean_structure.py -f 4E2_ddhC_P001_NH102T.pdb -def /Users/nf477/Projects_Natalia/GROMACS/gromacs_ab_ligand_toolkit/ab_ligand_md_8complexes/computational_DMS_top_occupancy_poses/4E2__ddhC/surfaces_definition/custom_MOL_AMINO_FlexAID.def

$ /Users/nf477/anaconda3/envs/nrgsuite/bin/python /Users/nf477/Projects_Natalia/GROMACS/gromacs_ab_ligand_toolkit/ab_ligand_md_8complexes/Surfaces/surface_cont_lig.py -f /Users/nf477/Projects_Natalia/GROMACS/gromacs_ab_ligand_toolkit/ab_ligand_md_8complexes/computational_DMS_top_occupancy_poses/4E2__ddhC/mutants/clean_4E2_ddhC_P001_NH102T.pdb -c HL -lig MOL -o /Users/nf477/Projects_Natalia/GROMACS/gromacs_ab_ligand_toolkit/ab_ligand_md_8complexes/computational_DMS_top_occupancy_poses/4E2__ddhC/surfaces/NH102T_output.csv -def /Users/nf477/Projects_Natalia/GROMACS/gromacs_ab_ligand_toolkit/ab_ligand_md_8complexes/computational_DMS_top_occupancy_poses/4E2__ddhC/surfaces_definition/custom_MOL_AMINO_FlexAID.def -dat /Users/nf477/Projects_Natalia/GROMACS/gromacs_ab_ligand_toolkit/ab_ligand_md_8complexes/Surfaces/FlexAID.dat

$ /Users/nf477/anaconda3/envs/nrgsuite/bin/python /Users/nf477/Projects_Natalia/GROMACS/gromacs_ab_ligand_toolkit/ab_ligand_md_8complexes/Surfaces/clean_structure.py -f 4E2_ddhC_P001_NH102V.pdb -def /Users/nf477/Projects_Natalia/GROMACS/gromacs_ab_ligand_toolkit/ab_ligand_md_8complexes/computational_DMS_top_occupancy_poses/4E2__ddhC/surfaces_definition/custom_MOL_AMINO_FlexAID.def

$ /Users/nf477/anaconda3/envs/nrgsuite/bin/python /Users/nf477/Projects_Natalia/GROMACS/gromacs_ab_ligand_toolkit/ab_ligand_md_8complexes/Surfaces/surface_cont_lig.py -f /Users/nf477/Projects_Natalia/GROMACS/gromacs_ab_ligand_toolkit/ab_ligand_md_8complexes/computational_DMS_top_occupancy_poses/4E2__ddhC/mutants/clean_4E2_ddhC_P001_NH102V.pdb -c HL -lig MOL -o /Users/nf477/Projects_Natalia/GROMACS/gromacs_ab_ligand_toolkit/ab_ligand_md_8complexes/computational_DMS_top_occupancy_poses/4E2__ddhC/surfaces/NH102V_output.csv -def /Users/nf477/Projects_Natalia/GROMACS/gromacs_ab_ligand_toolkit/ab_ligand_md_8complexes/computational_DMS_top_occupancy_poses/4E2__ddhC/surfaces_definition/custom_MOL_AMINO_FlexAID.def -dat /Users/nf477/Projects_Natalia/GROMACS/gromacs_ab_ligand_toolkit/ab_ligand_md_8complexes/Surfaces/FlexAID.dat

$ /Users/nf477/anaconda3/envs/nrgsuite/bin/python /Users/nf477/Projects_Natalia/GROMACS/gromacs_ab_ligand_toolkit/ab_ligand_md_8complexes/Surfaces/clean_structure.py -f 4E2_ddhC_P001_NH102W.pdb -def /Users/nf477/Projects_Natalia/GROMACS/gromacs_ab_ligand_toolkit/ab_ligand_md_8complexes/computational_DMS_top_occupancy_poses/4E2__ddhC/surfaces_definition/custom_MOL_AMINO_FlexAID.def

$ /Users/nf477/anaconda3/envs/nrgsuite/bin/python /Users/nf477/Projects_Natalia/GROMACS/gromacs_ab_ligand_toolkit/ab_ligand_md_8complexes/Surfaces/surface_cont_lig.py -f /Users/nf477/Projects_Natalia/GROMACS/gromacs_ab_ligand_toolkit/ab_ligand_md_8complexes/computational_DMS_top_occupancy_poses/4E2__ddhC/mutants/clean_4E2_ddhC_P001_NH102W.pdb -c HL -lig MOL -o /Users/nf477/Projects_Natalia/GROMACS/gromacs_ab_ligand_toolkit/ab_ligand_md_8complexes/computational_DMS_top_occupancy_poses/4E2__ddhC/surfaces/NH102W_output.csv -def /Users/nf477/Projects_Natalia/GROMACS/gromacs_ab_ligand_toolkit/ab_ligand_md_8complexes/computational_DMS_top_occupancy_poses/4E2__ddhC/surfaces_definition/custom_MOL_AMINO_FlexAID.def -dat /Users/nf477/Projects_Natalia/GROMACS/gromacs_ab_ligand_toolkit/ab_ligand_md_8complexes/Surfaces/FlexAID.dat

$ /Users/nf477/anaconda3/envs/nrgsuite/bin/python /Users/nf477/Projects_Natalia/GROMACS/gromacs_ab_ligand_toolkit/ab_ligand_md_8complexes/Surfaces/clean_structure.py -f 4E2_ddhC_P001_NH102Y.pdb -def /Users/nf477/Projects_Natalia/GROMACS/gromacs_ab_ligand_toolkit/ab_ligand_md_8complexes/computational_DMS_top_occupancy_poses/4E2__ddhC/surfaces_definition/custom_MOL_AMINO_FlexAID.def

$ /Users/nf477/anaconda3/envs/nrgsuite/bin/python /Users/nf477/Projects_Natalia/GROMACS/gromacs_ab_ligand_toolkit/ab_ligand_md_8complexes/Surfaces/surface_cont_lig.py -f /Users/nf477/Projects_Natalia/GROMACS/gromacs_ab_ligand_toolkit/ab_ligand_md_8complexes/computational_DMS_top_occupancy_poses/4E2__ddhC/mutants/clean_4E2_ddhC_P001_NH102Y.pdb -c HL -lig MOL -o /Users/nf477/Projects_Natalia/GROMACS/gromacs_ab_ligand_toolkit/ab_ligand_md_8complexes/computational_DMS_top_occupancy_poses/4E2__ddhC/surfaces/NH102Y_output.csv -def /Users/nf477/Projects_Natalia/GROMACS/gromacs_ab_ligand_toolkit/ab_ligand_md_8complexes/computational_DMS_top_occupancy_poses/4E2__ddhC/surfaces_definition/custom_MOL_AMINO_FlexAID.def -dat /Users/nf477/Projects_Natalia/GROMACS/gromacs_ab_ligand_toolkit/ab_ligand_md_8complexes/Surfaces/FlexAID.dat

$ /Users/nf477/anaconda3/envs/nrgsuite/bin/python /Users/nf477/Projects_Natalia/GROMACS/gromacs_ab_ligand_toolkit/ab_ligand_md_8complexes/Surfaces/clean_structure.py -f 4E2_ddhC_P001_AL93A.pdb -def /Users/nf477/Projects_Natalia/GROMACS/gromacs_ab_ligand_toolkit/ab_ligand_md_8complexes/computational_DMS_top_occupancy_poses/4E2__ddhC/surfaces_definition/custom_MOL_AMINO_FlexAID.def

$ /Users/nf477/anaconda3/envs/nrgsuite/bin/python /Users/nf477/Projects_Natalia/GROMACS/gromacs_ab_ligand_toolkit/ab_ligand_md_8complexes/Surfaces/surface_cont_lig.py -f /Users/nf477/Projects_Natalia/GROMACS/gromacs_ab_ligand_toolkit/ab_ligand_md_8complexes/computational_DMS_top_occupancy_poses/4E2__ddhC/mutants/clean_4E2_ddhC_P001_AL93A.pdb -c HL -lig MOL -o /Users/nf477/Projects_Natalia/GROMACS/gromacs_ab_ligand_toolkit/ab_ligand_md_8complexes/computational_DMS_top_occupancy_poses/4E2__ddhC/surfaces/AL93A_output.csv -def /Users/nf477/Projects_Natalia/GROMACS/gromacs_ab_ligand_toolkit/ab_ligand_md_8complexes/computational_DMS_top_occupancy_poses/4E2__ddhC/surfaces_definition/custom_MOL_AMINO_FlexAID.def -dat /Users/nf477/Projects_Natalia/GROMACS/gromacs_ab_ligand_toolkit/ab_ligand_md_8complexes/Surfaces/FlexAID.dat

$ /Users/nf477/anaconda3/envs/nrgsuite/bin/python /Users/nf477/Projects_Natalia/GROMACS/gromacs_ab_ligand_toolkit/ab_ligand_md_8complexes/Surfaces/clean_structure.py -f 4E2_ddhC_P001_AL93C.pdb -def /Users/nf477/Projects_Natalia/GROMACS/gromacs_ab_ligand_toolkit/ab_ligand_md_8complexes/computational_DMS_top_occupancy_poses/4E2__ddhC/surfaces_definition/custom_MOL_AMINO_FlexAID.def

$ /Users/nf477/anaconda3/envs/nrgsuite/bin/python /Users/nf477/Projects_Natalia/GROMACS/gromacs_ab_ligand_toolkit/ab_ligand_md_8complexes/Surfaces/surface_cont_lig.py -f /Users/nf477/Projects_Natalia/GROMACS/gromacs_ab_ligand_toolkit/ab_ligand_md_8complexes/computational_DMS_top_occupancy_poses/4E2__ddhC/mutants/clean_4E2_ddhC_P001_AL93C.pdb -c HL -lig MOL -o /Users/nf477/Projects_Natalia/GROMACS/gromacs_ab_ligand_toolkit/ab_ligand_md_8complexes/computational_DMS_top_occupancy_poses/4E2__ddhC/surfaces/AL93C_output.csv -def /Users/nf477/Projects_Natalia/GROMACS/gromacs_ab_ligand_toolkit/ab_ligand_md_8complexes/computational_DMS_top_occupancy_poses/4E2__ddhC/surfaces_definition/custom_MOL_AMINO_FlexAID.def -dat /Users/nf477/Projects_Natalia/GROMACS/gromacs_ab_ligand_toolkit/ab_ligand_md_8complexes/Surfaces/FlexAID.dat

$ /Users/nf477/anaconda3/envs/nrgsuite/bin/python /Users/nf477/Projects_Natalia/GROMACS/gromacs_ab_ligand_toolkit/ab_ligand_md_8complexes/Surfaces/clean_structure.py -f 4E2_ddhC_P001_AL93D.pdb -def /Users/nf477/Projects_Natalia/GROMACS/gromacs_ab_ligand_toolkit/ab_ligand_md_8complexes/computational_DMS_top_occupancy_poses/4E2__ddhC/surfaces_definition/custom_MOL_AMINO_FlexAID.def

$ /Users/nf477/anaconda3/envs/nrgsuite/bin/python /Users/nf477/Projects_Natalia/GROMACS/gromacs_ab_ligand_toolkit/ab_ligand_md_8complexes/Surfaces/surface_cont_lig.py -f /Users/nf477/Projects_Natalia/GROMACS/gromacs_ab_ligand_toolkit/ab_ligand_md_8complexes/computational_DMS_top_occupancy_poses/4E2__ddhC/mutants/clean_4E2_ddhC_P001_AL93D.pdb -c HL -lig MOL -o /Users/nf477/Projects_Natalia/GROMACS/gromacs_ab_ligand_toolkit/ab_ligand_md_8complexes/computational_DMS_top_occupancy_poses/4E2__ddhC/surfaces/AL93D_output.csv -def /Users/nf477/Projects_Natalia/GROMACS/gromacs_ab_ligand_toolkit/ab_ligand_md_8complexes/computational_DMS_top_occupancy_poses/4E2__ddhC/surfaces_definition/custom_MOL_AMINO_FlexAID.def -dat /Users/nf477/Projects_Natalia/GROMACS/gromacs_ab_ligand_toolkit/ab_ligand_md_8complexes/Surfaces/FlexAID.dat

$ /Users/nf477/anaconda3/envs/nrgsuite/bin/python /Users/nf477/Projects_Natalia/GROMACS/gromacs_ab_ligand_toolkit/ab_ligand_md_8complexes/Surfaces/clean_structure.py -f 4E2_ddhC_P001_AL93E.pdb -def /Users/nf477/Projects_Natalia/GROMACS/gromacs_ab_ligand_toolkit/ab_ligand_md_8complexes/computational_DMS_top_occupancy_poses/4E2__ddhC/surfaces_definition/custom_MOL_AMINO_FlexAID.def

$ /Users/nf477/anaconda3/envs/nrgsuite/bin/python /Users/nf477/Projects_Natalia/GROMACS/gromacs_ab_ligand_toolkit/ab_ligand_md_8complexes/Surfaces/surface_cont_lig.py -f /Users/nf477/Projects_Natalia/GROMACS/gromacs_ab_ligand_toolkit/ab_ligand_md_8complexes/computational_DMS_top_occupancy_poses/4E2__ddhC/mutants/clean_4E2_ddhC_P001_AL93E.pdb -c HL -lig MOL -o /Users/nf477/Projects_Natalia/GROMACS/gromacs_ab_ligand_toolkit/ab_ligand_md_8complexes/computational_DMS_top_occupancy_poses/4E2__ddhC/surfaces/AL93E_output.csv -def /Users/nf477/Projects_Natalia/GROMACS/gromacs_ab_ligand_toolkit/ab_ligand_md_8complexes/computational_DMS_top_occupancy_poses/4E2__ddhC/surfaces_definition/custom_MOL_AMINO_FlexAID.def -dat /Users/nf477/Projects_Natalia/GROMACS/gromacs_ab_ligand_toolkit/ab_ligand_md_8complexes/Surfaces/FlexAID.dat

$ /Users/nf477/anaconda3/envs/nrgsuite/bin/python /Users/nf477/Projects_Natalia/GROMACS/gromacs_ab_ligand_toolkit/ab_ligand_md_8complexes/Surfaces/clean_structure.py -f 4E2_ddhC_P001_AL93F.pdb -def /Users/nf477/Projects_Natalia/GROMACS/gromacs_ab_ligand_toolkit/ab_ligand_md_8complexes/computational_DMS_top_occupancy_poses/4E2__ddhC/surfaces_definition/custom_MOL_AMINO_FlexAID.def

$ /Users/nf477/anaconda3/envs/nrgsuite/bin/python /Users/nf477/Projects_Natalia/GROMACS/gromacs_ab_ligand_toolkit/ab_ligand_md_8complexes/Surfaces/surface_cont_lig.py -f /Users/nf477/Projects_Natalia/GROMACS/gromacs_ab_ligand_toolkit/ab_ligand_md_8complexes/computational_DMS_top_occupancy_poses/4E2__ddhC/mutants/clean_4E2_ddhC_P001_AL93F.pdb -c HL -lig MOL -o /Users/nf477/Projects_Natalia/GROMACS/gromacs_ab_ligand_toolkit/ab_ligand_md_8complexes/computational_DMS_top_occupancy_poses/4E2__ddhC/surfaces/AL93F_output.csv -def /Users/nf477/Projects_Natalia/GROMACS/gromacs_ab_ligand_toolkit/ab_ligand_md_8complexes/computational_DMS_top_occupancy_poses/4E2__ddhC/surfaces_definition/custom_MOL_AMINO_FlexAID.def -dat /Users/nf477/Projects_Natalia/GROMACS/gromacs_ab_ligand_toolkit/ab_ligand_md_8complexes/Surfaces/FlexAID.dat

$ /Users/nf477/anaconda3/envs/nrgsuite/bin/python /Users/nf477/Projects_Natalia/GROMACS/gromacs_ab_ligand_toolkit/ab_ligand_md_8complexes/Surfaces/clean_structure.py -f 4E2_ddhC_P001_AL93G.pdb -def /Users/nf477/Projects_Natalia/GROMACS/gromacs_ab_ligand_toolkit/ab_ligand_md_8complexes/computational_DMS_top_occupancy_poses/4E2__ddhC/surfaces_definition/custom_MOL_AMINO_FlexAID.def

$ /Users/nf477/anaconda3/envs/nrgsuite/bin/python /Users/nf477/Projects_Natalia/GROMACS/gromacs_ab_ligand_toolkit/ab_ligand_md_8complexes/Surfaces/surface_cont_lig.py -f /Users/nf477/Projects_Natalia/GROMACS/gromacs_ab_ligand_toolkit/ab_ligand_md_8complexes/computational_DMS_top_occupancy_poses/4E2__ddhC/mutants/clean_4E2_ddhC_P001_AL93G.pdb -c HL -lig MOL -o /Users/nf477/Projects_Natalia/GROMACS/gromacs_ab_ligand_toolkit/ab_ligand_md_8complexes/computational_DMS_top_occupancy_poses/4E2__ddhC/surfaces/AL93G_output.csv -def /Users/nf477/Projects_Natalia/GROMACS/gromacs_ab_ligand_toolkit/ab_ligand_md_8complexes/computational_DMS_top_occupancy_poses/4E2__ddhC/surfaces_definition/custom_MOL_AMINO_FlexAID.def -dat /Users/nf477/Projects_Natalia/GROMACS/gromacs_ab_ligand_toolkit/ab_ligand_md_8complexes/Surfaces/FlexAID.dat

$ /Users/nf477/anaconda3/envs/nrgsuite/bin/python /Users/nf477/Projects_Natalia/GROMACS/gromacs_ab_ligand_toolkit/ab_ligand_md_8complexes/Surfaces/clean_structure.py -f 4E2_ddhC_P001_AL93H.pdb -def /Users/nf477/Projects_Natalia/GROMACS/gromacs_ab_ligand_toolkit/ab_ligand_md_8complexes/computational_DMS_top_occupancy_poses/4E2__ddhC/surfaces_definition/custom_MOL_AMINO_FlexAID.def

$ /Users/nf477/anaconda3/envs/nrgsuite/bin/python /Users/nf477/Projects_Natalia/GROMACS/gromacs_ab_ligand_toolkit/ab_ligand_md_8complexes/Surfaces/surface_cont_lig.py -f /Users/nf477/Projects_Natalia/GROMACS/gromacs_ab_ligand_toolkit/ab_ligand_md_8complexes/computational_DMS_top_occupancy_poses/4E2__ddhC/mutants/clean_4E2_ddhC_P001_AL93H.pdb -c HL -lig MOL -o /Users/nf477/Projects_Natalia/GROMACS/gromacs_ab_ligand_toolkit/ab_ligand_md_8complexes/computational_DMS_top_occupancy_poses/4E2__ddhC/surfaces/AL93H_output.csv -def /Users/nf477/Projects_Natalia/GROMACS/gromacs_ab_ligand_toolkit/ab_ligand_md_8complexes/computational_DMS_top_occupancy_poses/4E2__ddhC/surfaces_definition/custom_MOL_AMINO_FlexAID.def -dat /Users/nf477/Projects_Natalia/GROMACS/gromacs_ab_ligand_toolkit/ab_ligand_md_8complexes/Surfaces/FlexAID.dat

$ /Users/nf477/anaconda3/envs/nrgsuite/bin/python /Users/nf477/Projects_Natalia/GROMACS/gromacs_ab_ligand_toolkit/ab_ligand_md_8complexes/Surfaces/clean_structure.py -f 4E2_ddhC_P001_AL93I.pdb -def /Users/nf477/Projects_Natalia/GROMACS/gromacs_ab_ligand_toolkit/ab_ligand_md_8complexes/computational_DMS_top_occupancy_poses/4E2__ddhC/surfaces_definition/custom_MOL_AMINO_FlexAID.def

$ /Users/nf477/anaconda3/envs/nrgsuite/bin/python /Users/nf477/Projects_Natalia/GROMACS/gromacs_ab_ligand_toolkit/ab_ligand_md_8complexes/Surfaces/surface_cont_lig.py -f /Users/nf477/Projects_Natalia/GROMACS/gromacs_ab_ligand_toolkit/ab_ligand_md_8complexes/computational_DMS_top_occupancy_poses/4E2__ddhC/mutants/clean_4E2_ddhC_P001_AL93I.pdb -c HL -lig MOL -o /Users/nf477/Projects_Natalia/GROMACS/gromacs_ab_ligand_toolkit/ab_ligand_md_8complexes/computational_DMS_top_occupancy_poses/4E2__ddhC/surfaces/AL93I_output.csv -def /Users/nf477/Projects_Natalia/GROMACS/gromacs_ab_ligand_toolkit/ab_ligand_md_8complexes/computational_DMS_top_occupancy_poses/4E2__ddhC/surfaces_definition/custom_MOL_AMINO_FlexAID.def -dat /Users/nf477/Projects_Natalia/GROMACS/gromacs_ab_ligand_toolkit/ab_ligand_md_8complexes/Surfaces/FlexAID.dat

$ /Users/nf477/anaconda3/envs/nrgsuite/bin/python /Users/nf477/Projects_Natalia/GROMACS/gromacs_ab_ligand_toolkit/ab_ligand_md_8complexes/Surfaces/clean_structure.py -f 4E2_ddhC_P001_AL93K.pdb -def /Users/nf477/Projects_Natalia/GROMACS/gromacs_ab_ligand_toolkit/ab_ligand_md_8complexes/computational_DMS_top_occupancy_poses/4E2__ddhC/surfaces_definition/custom_MOL_AMINO_FlexAID.def

$ /Users/nf477/anaconda3/envs/nrgsuite/bin/python /Users/nf477/Projects_Natalia/GROMACS/gromacs_ab_ligand_toolkit/ab_ligand_md_8complexes/Surfaces/surface_cont_lig.py -f /Users/nf477/Projects_Natalia/GROMACS/gromacs_ab_ligand_toolkit/ab_ligand_md_8complexes/computational_DMS_top_occupancy_poses/4E2__ddhC/mutants/clean_4E2_ddhC_P001_AL93K.pdb -c HL -lig MOL -o /Users/nf477/Projects_Natalia/GROMACS/gromacs_ab_ligand_toolkit/ab_ligand_md_8complexes/computational_DMS_top_occupancy_poses/4E2__ddhC/surfaces/AL93K_output.csv -def /Users/nf477/Projects_Natalia/GROMACS/gromacs_ab_ligand_toolkit/ab_ligand_md_8complexes/computational_DMS_top_occupancy_poses/4E2__ddhC/surfaces_definition/custom_MOL_AMINO_FlexAID.def -dat /Users/nf477/Projects_Natalia/GROMACS/gromacs_ab_ligand_toolkit/ab_ligand_md_8complexes/Surfaces/FlexAID.dat

$ /Users/nf477/anaconda3/envs/nrgsuite/bin/python /Users/nf477/Projects_Natalia/GROMACS/gromacs_ab_ligand_toolkit/ab_ligand_md_8complexes/Surfaces/clean_structure.py -f 4E2_ddhC_P001_AL93L.pdb -def /Users/nf477/Projects_Natalia/GROMACS/gromacs_ab_ligand_toolkit/ab_ligand_md_8complexes/computational_DMS_top_occupancy_poses/4E2__ddhC/surfaces_definition/custom_MOL_AMINO_FlexAID.def

$ /Users/nf477/anaconda3/envs/nrgsuite/bin/python /Users/nf477/Projects_Natalia/GROMACS/gromacs_ab_ligand_toolkit/ab_ligand_md_8complexes/Surfaces/surface_cont_lig.py -f /Users/nf477/Projects_Natalia/GROMACS/gromacs_ab_ligand_toolkit/ab_ligand_md_8complexes/computational_DMS_top_occupancy_poses/4E2__ddhC/mutants/clean_4E2_ddhC_P001_AL93L.pdb -c HL -lig MOL -o /Users/nf477/Projects_Natalia/GROMACS/gromacs_ab_ligand_toolkit/ab_ligand_md_8complexes/computational_DMS_top_occupancy_poses/4E2__ddhC/surfaces/AL93L_output.csv -def /Users/nf477/Projects_Natalia/GROMACS/gromacs_ab_ligand_toolkit/ab_ligand_md_8complexes/computational_DMS_top_occupancy_poses/4E2__ddhC/surfaces_definition/custom_MOL_AMINO_FlexAID.def -dat /Users/nf477/Projects_Natalia/GROMACS/gromacs_ab_ligand_toolkit/ab_ligand_md_8complexes/Surfaces/FlexAID.dat

$ /Users/nf477/anaconda3/envs/nrgsuite/bin/python /Users/nf477/Projects_Natalia/GROMACS/gromacs_ab_ligand_toolkit/ab_ligand_md_8complexes/Surfaces/clean_structure.py -f 4E2_ddhC_P001_AL93M.pdb -def /Users/nf477/Projects_Natalia/GROMACS/gromacs_ab_ligand_toolkit/ab_ligand_md_8complexes/computational_DMS_top_occupancy_poses/4E2__ddhC/surfaces_definition/custom_MOL_AMINO_FlexAID.def

$ /Users/nf477/anaconda3/envs/nrgsuite/bin/python /Users/nf477/Projects_Natalia/GROMACS/gromacs_ab_ligand_toolkit/ab_ligand_md_8complexes/Surfaces/surface_cont_lig.py -f /Users/nf477/Projects_Natalia/GROMACS/gromacs_ab_ligand_toolkit/ab_ligand_md_8complexes/computational_DMS_top_occupancy_poses/4E2__ddhC/mutants/clean_4E2_ddhC_P001_AL93M.pdb -c HL -lig MOL -o /Users/nf477/Projects_Natalia/GROMACS/gromacs_ab_ligand_toolkit/ab_ligand_md_8complexes/computational_DMS_top_occupancy_poses/4E2__ddhC/surfaces/AL93M_output.csv -def /Users/nf477/Projects_Natalia/GROMACS/gromacs_ab_ligand_toolkit/ab_ligand_md_8complexes/computational_DMS_top_occupancy_poses/4E2__ddhC/surfaces_definition/custom_MOL_AMINO_FlexAID.def -dat /Users/nf477/Projects_Natalia/GROMACS/gromacs_ab_ligand_toolkit/ab_ligand_md_8complexes/Surfaces/FlexAID.dat

$ /Users/nf477/anaconda3/envs/nrgsuite/bin/python /Users/nf477/Projects_Natalia/GROMACS/gromacs_ab_ligand_toolkit/ab_ligand_md_8complexes/Surfaces/clean_structure.py -f 4E2_ddhC_P001_AL93N.pdb -def /Users/nf477/Projects_Natalia/GROMACS/gromacs_ab_ligand_toolkit/ab_ligand_md_8complexes/computational_DMS_top_occupancy_poses/4E2__ddhC/surfaces_definition/custom_MOL_AMINO_FlexAID.def

$ /Users/nf477/anaconda3/envs/nrgsuite/bin/python /Users/nf477/Projects_Natalia/GROMACS/gromacs_ab_ligand_toolkit/ab_ligand_md_8complexes/Surfaces/surface_cont_lig.py -f /Users/nf477/Projects_Natalia/GROMACS/gromacs_ab_ligand_toolkit/ab_ligand_md_8complexes/computational_DMS_top_occupancy_poses/4E2__ddhC/mutants/clean_4E2_ddhC_P001_AL93N.pdb -c HL -lig MOL -o /Users/nf477/Projects_Natalia/GROMACS/gromacs_ab_ligand_toolkit/ab_ligand_md_8complexes/computational_DMS_top_occupancy_poses/4E2__ddhC/surfaces/AL93N_output.csv -def /Users/nf477/Projects_Natalia/GROMACS/gromacs_ab_ligand_toolkit/ab_ligand_md_8complexes/computational_DMS_top_occupancy_poses/4E2__ddhC/surfaces_definition/custom_MOL_AMINO_FlexAID.def -dat /Users/nf477/Projects_Natalia/GROMACS/gromacs_ab_ligand_toolkit/ab_ligand_md_8complexes/Surfaces/FlexAID.dat

$ /Users/nf477/anaconda3/envs/nrgsuite/bin/python /Users/nf477/Projects_Natalia/GROMACS/gromacs_ab_ligand_toolkit/ab_ligand_md_8complexes/Surfaces/clean_structure.py -f 4E2_ddhC_P001_AL93P.pdb -def /Users/nf477/Projects_Natalia/GROMACS/gromacs_ab_ligand_toolkit/ab_ligand_md_8complexes/computational_DMS_top_occupancy_poses/4E2__ddhC/surfaces_definition/custom_MOL_AMINO_FlexAID.def

$ /Users/nf477/anaconda3/envs/nrgsuite/bin/python /Users/nf477/Projects_Natalia/GROMACS/gromacs_ab_ligand_toolkit/ab_ligand_md_8complexes/Surfaces/surface_cont_lig.py -f /Users/nf477/Projects_Natalia/GROMACS/gromacs_ab_ligand_toolkit/ab_ligand_md_8complexes/computational_DMS_top_occupancy_poses/4E2__ddhC/mutants/clean_4E2_ddhC_P001_AL93P.pdb -c HL -lig MOL -o /Users/nf477/Projects_Natalia/GROMACS/gromacs_ab_ligand_toolkit/ab_ligand_md_8complexes/computational_DMS_top_occupancy_poses/4E2__ddhC/surfaces/AL93P_output.csv -def /Users/nf477/Projects_Natalia/GROMACS/gromacs_ab_ligand_toolkit/ab_ligand_md_8complexes/computational_DMS_top_occupancy_poses/4E2__ddhC/surfaces_definition/custom_MOL_AMINO_FlexAID.def -dat /Users/nf477/Projects_Natalia/GROMACS/gromacs_ab_ligand_toolkit/ab_ligand_md_8complexes/Surfaces/FlexAID.dat

$ /Users/nf477/anaconda3/envs/nrgsuite/bin/python /Users/nf477/Projects_Natalia/GROMACS/gromacs_ab_ligand_toolkit/ab_ligand_md_8complexes/Surfaces/clean_structure.py -f 4E2_ddhC_P001_AL93Q.pdb -def /Users/nf477/Projects_Natalia/GROMACS/gromacs_ab_ligand_toolkit/ab_ligand_md_8complexes/computational_DMS_top_occupancy_poses/4E2__ddhC/surfaces_definition/custom_MOL_AMINO_FlexAID.def

$ /Users/nf477/anaconda3/envs/nrgsuite/bin/python /Users/nf477/Projects_Natalia/GROMACS/gromacs_ab_ligand_toolkit/ab_ligand_md_8complexes/Surfaces/surface_cont_lig.py -f /Users/nf477/Projects_Natalia/GROMACS/gromacs_ab_ligand_toolkit/ab_ligand_md_8complexes/computational_DMS_top_occupancy_poses/4E2__ddhC/mutants/clean_4E2_ddhC_P001_AL93Q.pdb -c HL -lig MOL -o /Users/nf477/Projects_Natalia/GROMACS/gromacs_ab_ligand_toolkit/ab_ligand_md_8complexes/computational_DMS_top_occupancy_poses/4E2__ddhC/surfaces/AL93Q_output.csv -def /Users/nf477/Projects_Natalia/GROMACS/gromacs_ab_ligand_toolkit/ab_ligand_md_8complexes/computational_DMS_top_occupancy_poses/4E2__ddhC/surfaces_definition/custom_MOL_AMINO_FlexAID.def -dat /Users/nf477/Projects_Natalia/GROMACS/gromacs_ab_ligand_toolkit/ab_ligand_md_8complexes/Surfaces/FlexAID.dat

$ /Users/nf477/anaconda3/envs/nrgsuite/bin/python /Users/nf477/Projects_Natalia/GROMACS/gromacs_ab_ligand_toolkit/ab_ligand_md_8complexes/Surfaces/clean_structure.py -f 4E2_ddhC_P001_AL93R.pdb -def /Users/nf477/Projects_Natalia/GROMACS/gromacs_ab_ligand_toolkit/ab_ligand_md_8complexes/computational_DMS_top_occupancy_poses/4E2__ddhC/surfaces_definition/custom_MOL_AMINO_FlexAID.def

$ /Users/nf477/anaconda3/envs/nrgsuite/bin/python /Users/nf477/Projects_Natalia/GROMACS/gromacs_ab_ligand_toolkit/ab_ligand_md_8complexes/Surfaces/surface_cont_lig.py -f /Users/nf477/Projects_Natalia/GROMACS/gromacs_ab_ligand_toolkit/ab_ligand_md_8complexes/computational_DMS_top_occupancy_poses/4E2__ddhC/mutants/clean_4E2_ddhC_P001_AL93R.pdb -c HL -lig MOL -o /Users/nf477/Projects_Natalia/GROMACS/gromacs_ab_ligand_toolkit/ab_ligand_md_8complexes/computational_DMS_top_occupancy_poses/4E2__ddhC/surfaces/AL93R_output.csv -def /Users/nf477/Projects_Natalia/GROMACS/gromacs_ab_ligand_toolkit/ab_ligand_md_8complexes/computational_DMS_top_occupancy_poses/4E2__ddhC/surfaces_definition/custom_MOL_AMINO_FlexAID.def -dat /Users/nf477/Projects_Natalia/GROMACS/gromacs_ab_ligand_toolkit/ab_ligand_md_8complexes/Surfaces/FlexAID.dat

$ /Users/nf477/anaconda3/envs/nrgsuite/bin/python /Users/nf477/Projects_Natalia/GROMACS/gromacs_ab_ligand_toolkit/ab_ligand_md_8complexes/Surfaces/clean_structure.py -f 4E2_ddhC_P001_AL93S.pdb -def /Users/nf477/Projects_Natalia/GROMACS/gromacs_ab_ligand_toolkit/ab_ligand_md_8complexes/computational_DMS_top_occupancy_poses/4E2__ddhC/surfaces_definition/custom_MOL_AMINO_FlexAID.def

$ /Users/nf477/anaconda3/envs/nrgsuite/bin/python /Users/nf477/Projects_Natalia/GROMACS/gromacs_ab_ligand_toolkit/ab_ligand_md_8complexes/Surfaces/surface_cont_lig.py -f /Users/nf477/Projects_Natalia/GROMACS/gromacs_ab_ligand_toolkit/ab_ligand_md_8complexes/computational_DMS_top_occupancy_poses/4E2__ddhC/mutants/clean_4E2_ddhC_P001_AL93S.pdb -c HL -lig MOL -o /Users/nf477/Projects_Natalia/GROMACS/gromacs_ab_ligand_toolkit/ab_ligand_md_8complexes/computational_DMS_top_occupancy_poses/4E2__ddhC/surfaces/AL93S_output.csv -def /Users/nf477/Projects_Natalia/GROMACS/gromacs_ab_ligand_toolkit/ab_ligand_md_8complexes/computational_DMS_top_occupancy_poses/4E2__ddhC/surfaces_definition/custom_MOL_AMINO_FlexAID.def -dat /Users/nf477/Projects_Natalia/GROMACS/gromacs_ab_ligand_toolkit/ab_ligand_md_8complexes/Surfaces/FlexAID.dat

$ /Users/nf477/anaconda3/envs/nrgsuite/bin/python /Users/nf477/Projects_Natalia/GROMACS/gromacs_ab_ligand_toolkit/ab_ligand_md_8complexes/Surfaces/clean_structure.py -f 4E2_ddhC_P001_AL93T.pdb -def /Users/nf477/Projects_Natalia/GROMACS/gromacs_ab_ligand_toolkit/ab_ligand_md_8complexes/computational_DMS_top_occupancy_poses/4E2__ddhC/surfaces_definition/custom_MOL_AMINO_FlexAID.def

$ /Users/nf477/anaconda3/envs/nrgsuite/bin/python /Users/nf477/Projects_Natalia/GROMACS/gromacs_ab_ligand_toolkit/ab_ligand_md_8complexes/Surfaces/surface_cont_lig.py -f /Users/nf477/Projects_Natalia/GROMACS/gromacs_ab_ligand_toolkit/ab_ligand_md_8complexes/computational_DMS_top_occupancy_poses/4E2__ddhC/mutants/clean_4E2_ddhC_P001_AL93T.pdb -c HL -lig MOL -o /Users/nf477/Projects_Natalia/GROMACS/gromacs_ab_ligand_toolkit/ab_ligand_md_8complexes/computational_DMS_top_occupancy_poses/4E2__ddhC/surfaces/AL93T_output.csv -def /Users/nf477/Projects_Natalia/GROMACS/gromacs_ab_ligand_toolkit/ab_ligand_md_8complexes/computational_DMS_top_occupancy_poses/4E2__ddhC/surfaces_definition/custom_MOL_AMINO_FlexAID.def -dat /Users/nf477/Projects_Natalia/GROMACS/gromacs_ab_ligand_toolkit/ab_ligand_md_8complexes/Surfaces/FlexAID.dat

$ /Users/nf477/anaconda3/envs/nrgsuite/bin/python /Users/nf477/Projects_Natalia/GROMACS/gromacs_ab_ligand_toolkit/ab_ligand_md_8complexes/Surfaces/clean_structure.py -f 4E2_ddhC_P001_AL93V.pdb -def /Users/nf477/Projects_Natalia/GROMACS/gromacs_ab_ligand_toolkit/ab_ligand_md_8complexes/computational_DMS_top_occupancy_poses/4E2__ddhC/surfaces_definition/custom_MOL_AMINO_FlexAID.def

$ /Users/nf477/anaconda3/envs/nrgsuite/bin/python /Users/nf477/Projects_Natalia/GROMACS/gromacs_ab_ligand_toolkit/ab_ligand_md_8complexes/Surfaces/surface_cont_lig.py -f /Users/nf477/Projects_Natalia/GROMACS/gromacs_ab_ligand_toolkit/ab_ligand_md_8complexes/computational_DMS_top_occupancy_poses/4E2__ddhC/mutants/clean_4E2_ddhC_P001_AL93V.pdb -c HL -lig MOL -o /Users/nf477/Projects_Natalia/GROMACS/gromacs_ab_ligand_toolkit/ab_ligand_md_8complexes/computational_DMS_top_occupancy_poses/4E2__ddhC/surfaces/AL93V_output.csv -def /Users/nf477/Projects_Natalia/GROMACS/gromacs_ab_ligand_toolkit/ab_ligand_md_8complexes/computational_DMS_top_occupancy_poses/4E2__ddhC/surfaces_definition/custom_MOL_AMINO_FlexAID.def -dat /Users/nf477/Projects_Natalia/GROMACS/gromacs_ab_ligand_toolkit/ab_ligand_md_8complexes/Surfaces/FlexAID.dat

$ /Users/nf477/anaconda3/envs/nrgsuite/bin/python /Users/nf477/Projects_Natalia/GROMACS/gromacs_ab_ligand_toolkit/ab_ligand_md_8complexes/Surfaces/clean_structure.py -f 4E2_ddhC_P001_AL93W.pdb -def /Users/nf477/Projects_Natalia/GROMACS/gromacs_ab_ligand_toolkit/ab_ligand_md_8complexes/computational_DMS_top_occupancy_poses/4E2__ddhC/surfaces_definition/custom_MOL_AMINO_FlexAID.def

$ /Users/nf477/anaconda3/envs/nrgsuite/bin/python /Users/nf477/Projects_Natalia/GROMACS/gromacs_ab_ligand_toolkit/ab_ligand_md_8complexes/Surfaces/surface_cont_lig.py -f /Users/nf477/Projects_Natalia/GROMACS/gromacs_ab_ligand_toolkit/ab_ligand_md_8complexes/computational_DMS_top_occupancy_poses/4E2__ddhC/mutants/clean_4E2_ddhC_P001_AL93W.pdb -c HL -lig MOL -o /Users/nf477/Projects_Natalia/GROMACS/gromacs_ab_ligand_toolkit/ab_ligand_md_8complexes/computational_DMS_top_occupancy_poses/4E2__ddhC/surfaces/AL93W_output.csv -def /Users/nf477/Projects_Natalia/GROMACS/gromacs_ab_ligand_toolkit/ab_ligand_md_8complexes/computational_DMS_top_occupancy_poses/4E2__ddhC/surfaces_definition/custom_MOL_AMINO_FlexAID.def -dat /Users/nf477/Projects_Natalia/GROMACS/gromacs_ab_ligand_toolkit/ab_ligand_md_8complexes/Surfaces/FlexAID.dat

$ /Users/nf477/anaconda3/envs/nrgsuite/bin/python /Users/nf477/Projects_Natalia/GROMACS/gromacs_ab_ligand_toolkit/ab_ligand_md_8complexes/Surfaces/clean_structure.py -f 4E2_ddhC_P001_AL93Y.pdb -def /Users/nf477/Projects_Natalia/GROMACS/gromacs_ab_ligand_toolkit/ab_ligand_md_8complexes/computational_DMS_top_occupancy_poses/4E2__ddhC/surfaces_definition/custom_MOL_AMINO_FlexAID.def

$ /Users/nf477/anaconda3/envs/nrgsuite/bin/python /Users/nf477/Projects_Natalia/GROMACS/gromacs_ab_ligand_toolkit/ab_ligand_md_8complexes/Surfaces/surface_cont_lig.py -f /Users/nf477/Projects_Natalia/GROMACS/gromacs_ab_ligand_toolkit/ab_ligand_md_8complexes/computational_DMS_top_occupancy_poses/4E2__ddhC/mutants/clean_4E2_ddhC_P001_AL93Y.pdb -c HL -lig MOL -o /Users/nf477/Projects_Natalia/GROMACS/gromacs_ab_ligand_toolkit/ab_ligand_md_8complexes/computational_DMS_top_occupancy_poses/4E2__ddhC/surfaces/AL93Y_output.csv -def /Users/nf477/Projects_Natalia/GROMACS/gromacs_ab_ligand_toolkit/ab_ligand_md_8complexes/computational_DMS_top_occupancy_poses/4E2__ddhC/surfaces_definition/custom_MOL_AMINO_FlexAID.def -dat /Users/nf477/Projects_Natalia/GROMACS/gromacs_ab_ligand_toolkit/ab_ligand_md_8complexes/Surfaces/FlexAID.dat

$ /Users/nf477/anaconda3/envs/nrgsuite/bin/python /Users/nf477/Projects_Natalia/GROMACS/gromacs_ab_ligand_toolkit/ab_ligand_md_8complexes/Surfaces/clean_structure.py -f 4E2_ddhC_P001_WL97A.pdb -def /Users/nf477/Projects_Natalia/GROMACS/gromacs_ab_ligand_toolkit/ab_ligand_md_8complexes/computational_DMS_top_occupancy_poses/4E2__ddhC/surfaces_definition/custom_MOL_AMINO_FlexAID.def

$ /Users/nf477/anaconda3/envs/nrgsuite/bin/python /Users/nf477/Projects_Natalia/GROMACS/gromacs_ab_ligand_toolkit/ab_ligand_md_8complexes/Surfaces/surface_cont_lig.py -f /Users/nf477/Projects_Natalia/GROMACS/gromacs_ab_ligand_toolkit/ab_ligand_md_8complexes/computational_DMS_top_occupancy_poses/4E2__ddhC/mutants/clean_4E2_ddhC_P001_WL97A.pdb -c HL -lig MOL -o /Users/nf477/Projects_Natalia/GROMACS/gromacs_ab_ligand_toolkit/ab_ligand_md_8complexes/computational_DMS_top_occupancy_poses/4E2__ddhC/surfaces/WL97A_output.csv -def /Users/nf477/Projects_Natalia/GROMACS/gromacs_ab_ligand_toolkit/ab_ligand_md_8complexes/computational_DMS_top_occupancy_poses/4E2__ddhC/surfaces_definition/custom_MOL_AMINO_FlexAID.def -dat /Users/nf477/Projects_Natalia/GROMACS/gromacs_ab_ligand_toolkit/ab_ligand_md_8complexes/Surfaces/FlexAID.dat

$ /Users/nf477/anaconda3/envs/nrgsuite/bin/python /Users/nf477/Projects_Natalia/GROMACS/gromacs_ab_ligand_toolkit/ab_ligand_md_8complexes/Surfaces/clean_structure.py -f 4E2_ddhC_P001_WL97C.pdb -def /Users/nf477/Projects_Natalia/GROMACS/gromacs_ab_ligand_toolkit/ab_ligand_md_8complexes/computational_DMS_top_occupancy_poses/4E2__ddhC/surfaces_definition/custom_MOL_AMINO_FlexAID.def

$ /Users/nf477/anaconda3/envs/nrgsuite/bin/python /Users/nf477/Projects_Natalia/GROMACS/gromacs_ab_ligand_toolkit/ab_ligand_md_8complexes/Surfaces/surface_cont_lig.py -f /Users/nf477/Projects_Natalia/GROMACS/gromacs_ab_ligand_toolkit/ab_ligand_md_8complexes/computational_DMS_top_occupancy_poses/4E2__ddhC/mutants/clean_4E2_ddhC_P001_WL97C.pdb -c HL -lig MOL -o /Users/nf477/Projects_Natalia/GROMACS/gromacs_ab_ligand_toolkit/ab_ligand_md_8complexes/computational_DMS_top_occupancy_poses/4E2__ddhC/surfaces/WL97C_output.csv -def /Users/nf477/Projects_Natalia/GROMACS/gromacs_ab_ligand_toolkit/ab_ligand_md_8complexes/computational_DMS_top_occupancy_poses/4E2__ddhC/surfaces_definition/custom_MOL_AMINO_FlexAID.def -dat /Users/nf477/Projects_Natalia/GROMACS/gromacs_ab_ligand_toolkit/ab_ligand_md_8complexes/Surfaces/FlexAID.dat

$ /Users/nf477/anaconda3/envs/nrgsuite/bin/python /Users/nf477/Projects_Natalia/GROMACS/gromacs_ab_ligand_toolkit/ab_ligand_md_8complexes/Surfaces/clean_structure.py -f 4E2_ddhC_P001_WL97D.pdb -def /Users/nf477/Projects_Natalia/GROMACS/gromacs_ab_ligand_toolkit/ab_ligand_md_8complexes/computational_DMS_top_occupancy_poses/4E2__ddhC/surfaces_definition/custom_MOL_AMINO_FlexAID.def

$ /Users/nf477/anaconda3/envs/nrgsuite/bin/python /Users/nf477/Projects_Natalia/GROMACS/gromacs_ab_ligand_toolkit/ab_ligand_md_8complexes/Surfaces/surface_cont_lig.py -f /Users/nf477/Projects_Natalia/GROMACS/gromacs_ab_ligand_toolkit/ab_ligand_md_8complexes/computational_DMS_top_occupancy_poses/4E2__ddhC/mutants/clean_4E2_ddhC_P001_WL97D.pdb -c HL -lig MOL -o /Users/nf477/Projects_Natalia/GROMACS/gromacs_ab_ligand_toolkit/ab_ligand_md_8complexes/computational_DMS_top_occupancy_poses/4E2__ddhC/surfaces/WL97D_output.csv -def /Users/nf477/Projects_Natalia/GROMACS/gromacs_ab_ligand_toolkit/ab_ligand_md_8complexes/computational_DMS_top_occupancy_poses/4E2__ddhC/surfaces_definition/custom_MOL_AMINO_FlexAID.def -dat /Users/nf477/Projects_Natalia/GROMACS/gromacs_ab_ligand_toolkit/ab_ligand_md_8complexes/Surfaces/FlexAID.dat

$ /Users/nf477/anaconda3/envs/nrgsuite/bin/python /Users/nf477/Projects_Natalia/GROMACS/gromacs_ab_ligand_toolkit/ab_ligand_md_8complexes/Surfaces/clean_structure.py -f 4E2_ddhC_P001_WL97E.pdb -def /Users/nf477/Projects_Natalia/GROMACS/gromacs_ab_ligand_toolkit/ab_ligand_md_8complexes/computational_DMS_top_occupancy_poses/4E2__ddhC/surfaces_definition/custom_MOL_AMINO_FlexAID.def

$ /Users/nf477/anaconda3/envs/nrgsuite/bin/python /Users/nf477/Projects_Natalia/GROMACS/gromacs_ab_ligand_toolkit/ab_ligand_md_8complexes/Surfaces/surface_cont_lig.py -f /Users/nf477/Projects_Natalia/GROMACS/gromacs_ab_ligand_toolkit/ab_ligand_md_8complexes/computational_DMS_top_occupancy_poses/4E2__ddhC/mutants/clean_4E2_ddhC_P001_WL97E.pdb -c HL -lig MOL -o /Users/nf477/Projects_Natalia/GROMACS/gromacs_ab_ligand_toolkit/ab_ligand_md_8complexes/computational_DMS_top_occupancy_poses/4E2__ddhC/surfaces/WL97E_output.csv -def /Users/nf477/Projects_Natalia/GROMACS/gromacs_ab_ligand_toolkit/ab_ligand_md_8complexes/computational_DMS_top_occupancy_poses/4E2__ddhC/surfaces_definition/custom_MOL_AMINO_FlexAID.def -dat /Users/nf477/Projects_Natalia/GROMACS/gromacs_ab_ligand_toolkit/ab_ligand_md_8complexes/Surfaces/FlexAID.dat

$ /Users/nf477/anaconda3/envs/nrgsuite/bin/python /Users/nf477/Projects_Natalia/GROMACS/gromacs_ab_ligand_toolkit/ab_ligand_md_8complexes/Surfaces/clean_structure.py -f 4E2_ddhC_P001_WL97F.pdb -def /Users/nf477/Projects_Natalia/GROMACS/gromacs_ab_ligand_toolkit/ab_ligand_md_8complexes/computational_DMS_top_occupancy_poses/4E2__ddhC/surfaces_definition/custom_MOL_AMINO_FlexAID.def

$ /Users/nf477/anaconda3/envs/nrgsuite/bin/python /Users/nf477/Projects_Natalia/GROMACS/gromacs_ab_ligand_toolkit/ab_ligand_md_8complexes/Surfaces/surface_cont_lig.py -f /Users/nf477/Projects_Natalia/GROMACS/gromacs_ab_ligand_toolkit/ab_ligand_md_8complexes/computational_DMS_top_occupancy_poses/4E2__ddhC/mutants/clean_4E2_ddhC_P001_WL97F.pdb -c HL -lig MOL -o /Users/nf477/Projects_Natalia/GROMACS/gromacs_ab_ligand_toolkit/ab_ligand_md_8complexes/computational_DMS_top_occupancy_poses/4E2__ddhC/surfaces/WL97F_output.csv -def /Users/nf477/Projects_Natalia/GROMACS/gromacs_ab_ligand_toolkit/ab_ligand_md_8complexes/computational_DMS_top_occupancy_poses/4E2__ddhC/surfaces_definition/custom_MOL_AMINO_FlexAID.def -dat /Users/nf477/Projects_Natalia/GROMACS/gromacs_ab_ligand_toolkit/ab_ligand_md_8complexes/Surfaces/FlexAID.dat

$ /Users/nf477/anaconda3/envs/nrgsuite/bin/python /Users/nf477/Projects_Natalia/GROMACS/gromacs_ab_ligand_toolkit/ab_ligand_md_8complexes/Surfaces/clean_structure.py -f 4E2_ddhC_P001_WL97G.pdb -def /Users/nf477/Projects_Natalia/GROMACS/gromacs_ab_ligand_toolkit/ab_ligand_md_8complexes/computational_DMS_top_occupancy_poses/4E2__ddhC/surfaces_definition/custom_MOL_AMINO_FlexAID.def

$ /Users/nf477/anaconda3/envs/nrgsuite/bin/python /Users/nf477/Projects_Natalia/GROMACS/gromacs_ab_ligand_toolkit/ab_ligand_md_8complexes/Surfaces/surface_cont_lig.py -f /Users/nf477/Projects_Natalia/GROMACS/gromacs_ab_ligand_toolkit/ab_ligand_md_8complexes/computational_DMS_top_occupancy_poses/4E2__ddhC/mutants/clean_4E2_ddhC_P001_WL97G.pdb -c HL -lig MOL -o /Users/nf477/Projects_Natalia/GROMACS/gromacs_ab_ligand_toolkit/ab_ligand_md_8complexes/computational_DMS_top_occupancy_poses/4E2__ddhC/surfaces/WL97G_output.csv -def /Users/nf477/Projects_Natalia/GROMACS/gromacs_ab_ligand_toolkit/ab_ligand_md_8complexes/computational_DMS_top_occupancy_poses/4E2__ddhC/surfaces_definition/custom_MOL_AMINO_FlexAID.def -dat /Users/nf477/Projects_Natalia/GROMACS/gromacs_ab_ligand_toolkit/ab_ligand_md_8complexes/Surfaces/FlexAID.dat

$ /Users/nf477/anaconda3/envs/nrgsuite/bin/python /Users/nf477/Projects_Natalia/GROMACS/gromacs_ab_ligand_toolkit/ab_ligand_md_8complexes/Surfaces/clean_structure.py -f 4E2_ddhC_P001_WL97H.pdb -def /Users/nf477/Projects_Natalia/GROMACS/gromacs_ab_ligand_toolkit/ab_ligand_md_8complexes/computational_DMS_top_occupancy_poses/4E2__ddhC/surfaces_definition/custom_MOL_AMINO_FlexAID.def

$ /Users/nf477/anaconda3/envs/nrgsuite/bin/python /Users/nf477/Projects_Natalia/GROMACS/gromacs_ab_ligand_toolkit/ab_ligand_md_8complexes/Surfaces/surface_cont_lig.py -f /Users/nf477/Projects_Natalia/GROMACS/gromacs_ab_ligand_toolkit/ab_ligand_md_8complexes/computational_DMS_top_occupancy_poses/4E2__ddhC/mutants/clean_4E2_ddhC_P001_WL97H.pdb -c HL -lig MOL -o /Users/nf477/Projects_Natalia/GROMACS/gromacs_ab_ligand_toolkit/ab_ligand_md_8complexes/computational_DMS_top_occupancy_poses/4E2__ddhC/surfaces/WL97H_output.csv -def /Users/nf477/Projects_Natalia/GROMACS/gromacs_ab_ligand_toolkit/ab_ligand_md_8complexes/computational_DMS_top_occupancy_poses/4E2__ddhC/surfaces_definition/custom_MOL_AMINO_FlexAID.def -dat /Users/nf477/Projects_Natalia/GROMACS/gromacs_ab_ligand_toolkit/ab_ligand_md_8complexes/Surfaces/FlexAID.dat

$ /Users/nf477/anaconda3/envs/nrgsuite/bin/python /Users/nf477/Projects_Natalia/GROMACS/gromacs_ab_ligand_toolkit/ab_ligand_md_8complexes/Surfaces/clean_structure.py -f 4E2_ddhC_P001_WL97I.pdb -def /Users/nf477/Projects_Natalia/GROMACS/gromacs_ab_ligand_toolkit/ab_ligand_md_8complexes/computational_DMS_top_occupancy_poses/4E2__ddhC/surfaces_definition/custom_MOL_AMINO_FlexAID.def

$ /Users/nf477/anaconda3/envs/nrgsuite/bin/python /Users/nf477/Projects_Natalia/GROMACS/gromacs_ab_ligand_toolkit/ab_ligand_md_8complexes/Surfaces/surface_cont_lig.py -f /Users/nf477/Projects_Natalia/GROMACS/gromacs_ab_ligand_toolkit/ab_ligand_md_8complexes/computational_DMS_top_occupancy_poses/4E2__ddhC/mutants/clean_4E2_ddhC_P001_WL97I.pdb -c HL -lig MOL -o /Users/nf477/Projects_Natalia/GROMACS/gromacs_ab_ligand_toolkit/ab_ligand_md_8complexes/computational_DMS_top_occupancy_poses/4E2__ddhC/surfaces/WL97I_output.csv -def /Users/nf477/Projects_Natalia/GROMACS/gromacs_ab_ligand_toolkit/ab_ligand_md_8complexes/computational_DMS_top_occupancy_poses/4E2__ddhC/surfaces_definition/custom_MOL_AMINO_FlexAID.def -dat /Users/nf477/Projects_Natalia/GROMACS/gromacs_ab_ligand_toolkit/ab_ligand_md_8complexes/Surfaces/FlexAID.dat

$ /Users/nf477/anaconda3/envs/nrgsuite/bin/python /Users/nf477/Projects_Natalia/GROMACS/gromacs_ab_ligand_toolkit/ab_ligand_md_8complexes/Surfaces/clean_structure.py -f 4E2_ddhC_P001_WL97K.pdb -def /Users/nf477/Projects_Natalia/GROMACS/gromacs_ab_ligand_toolkit/ab_ligand_md_8complexes/computational_DMS_top_occupancy_poses/4E2__ddhC/surfaces_definition/custom_MOL_AMINO_FlexAID.def

$ /Users/nf477/anaconda3/envs/nrgsuite/bin/python /Users/nf477/Projects_Natalia/GROMACS/gromacs_ab_ligand_toolkit/ab_ligand_md_8complexes/Surfaces/surface_cont_lig.py -f /Users/nf477/Projects_Natalia/GROMACS/gromacs_ab_ligand_toolkit/ab_ligand_md_8complexes/computational_DMS_top_occupancy_poses/4E2__ddhC/mutants/clean_4E2_ddhC_P001_WL97K.pdb -c HL -lig MOL -o /Users/nf477/Projects_Natalia/GROMACS/gromacs_ab_ligand_toolkit/ab_ligand_md_8complexes/computational_DMS_top_occupancy_poses/4E2__ddhC/surfaces/WL97K_output.csv -def /Users/nf477/Projects_Natalia/GROMACS/gromacs_ab_ligand_toolkit/ab_ligand_md_8complexes/computational_DMS_top_occupancy_poses/4E2__ddhC/surfaces_definition/custom_MOL_AMINO_FlexAID.def -dat /Users/nf477/Projects_Natalia/GROMACS/gromacs_ab_ligand_toolkit/ab_ligand_md_8complexes/Surfaces/FlexAID.dat

$ /Users/nf477/anaconda3/envs/nrgsuite/bin/python /Users/nf477/Projects_Natalia/GROMACS/gromacs_ab_ligand_toolkit/ab_ligand_md_8complexes/Surfaces/clean_structure.py -f 4E2_ddhC_P001_WL97L.pdb -def /Users/nf477/Projects_Natalia/GROMACS/gromacs_ab_ligand_toolkit/ab_ligand_md_8complexes/computational_DMS_top_occupancy_poses/4E2__ddhC/surfaces_definition/custom_MOL_AMINO_FlexAID.def

$ /Users/nf477/anaconda3/envs/nrgsuite/bin/python /Users/nf477/Projects_Natalia/GROMACS/gromacs_ab_ligand_toolkit/ab_ligand_md_8complexes/Surfaces/surface_cont_lig.py -f /Users/nf477/Projects_Natalia/GROMACS/gromacs_ab_ligand_toolkit/ab_ligand_md_8complexes/computational_DMS_top_occupancy_poses/4E2__ddhC/mutants/clean_4E2_ddhC_P001_WL97L.pdb -c HL -lig MOL -o /Users/nf477/Projects_Natalia/GROMACS/gromacs_ab_ligand_toolkit/ab_ligand_md_8complexes/computational_DMS_top_occupancy_poses/4E2__ddhC/surfaces/WL97L_output.csv -def /Users/nf477/Projects_Natalia/GROMACS/gromacs_ab_ligand_toolkit/ab_ligand_md_8complexes/computational_DMS_top_occupancy_poses/4E2__ddhC/surfaces_definition/custom_MOL_AMINO_FlexAID.def -dat /Users/nf477/Projects_Natalia/GROMACS/gromacs_ab_ligand_toolkit/ab_ligand_md_8complexes/Surfaces/FlexAID.dat

$ /Users/nf477/anaconda3/envs/nrgsuite/bin/python /Users/nf477/Projects_Natalia/GROMACS/gromacs_ab_ligand_toolkit/ab_ligand_md_8complexes/Surfaces/clean_structure.py -f 4E2_ddhC_P001_WL97M.pdb -def /Users/nf477/Projects_Natalia/GROMACS/gromacs_ab_ligand_toolkit/ab_ligand_md_8complexes/computational_DMS_top_occupancy_poses/4E2__ddhC/surfaces_definition/custom_MOL_AMINO_FlexAID.def

$ /Users/nf477/anaconda3/envs/nrgsuite/bin/python /Users/nf477/Projects_Natalia/GROMACS/gromacs_ab_ligand_toolkit/ab_ligand_md_8complexes/Surfaces/surface_cont_lig.py -f /Users/nf477/Projects_Natalia/GROMACS/gromacs_ab_ligand_toolkit/ab_ligand_md_8complexes/computational_DMS_top_occupancy_poses/4E2__ddhC/mutants/clean_4E2_ddhC_P001_WL97M.pdb -c HL -lig MOL -o /Users/nf477/Projects_Natalia/GROMACS/gromacs_ab_ligand_toolkit/ab_ligand_md_8complexes/computational_DMS_top_occupancy_poses/4E2__ddhC/surfaces/WL97M_output.csv -def /Users/nf477/Projects_Natalia/GROMACS/gromacs_ab_ligand_toolkit/ab_ligand_md_8complexes/computational_DMS_top_occupancy_poses/4E2__ddhC/surfaces_definition/custom_MOL_AMINO_FlexAID.def -dat /Users/nf477/Projects_Natalia/GROMACS/gromacs_ab_ligand_toolkit/ab_ligand_md_8complexes/Surfaces/FlexAID.dat

$ /Users/nf477/anaconda3/envs/nrgsuite/bin/python /Users/nf477/Projects_Natalia/GROMACS/gromacs_ab_ligand_toolkit/ab_ligand_md_8complexes/Surfaces/clean_structure.py -f 4E2_ddhC_P001_WL97N.pdb -def /Users/nf477/Projects_Natalia/GROMACS/gromacs_ab_ligand_toolkit/ab_ligand_md_8complexes/computational_DMS_top_occupancy_poses/4E2__ddhC/surfaces_definition/custom_MOL_AMINO_FlexAID.def

$ /Users/nf477/anaconda3/envs/nrgsuite/bin/python /Users/nf477/Projects_Natalia/GROMACS/gromacs_ab_ligand_toolkit/ab_ligand_md_8complexes/Surfaces/surface_cont_lig.py -f /Users/nf477/Projects_Natalia/GROMACS/gromacs_ab_ligand_toolkit/ab_ligand_md_8complexes/computational_DMS_top_occupancy_poses/4E2__ddhC/mutants/clean_4E2_ddhC_P001_WL97N.pdb -c HL -lig MOL -o /Users/nf477/Projects_Natalia/GROMACS/gromacs_ab_ligand_toolkit/ab_ligand_md_8complexes/computational_DMS_top_occupancy_poses/4E2__ddhC/surfaces/WL97N_output.csv -def /Users/nf477/Projects_Natalia/GROMACS/gromacs_ab_ligand_toolkit/ab_ligand_md_8complexes/computational_DMS_top_occupancy_poses/4E2__ddhC/surfaces_definition/custom_MOL_AMINO_FlexAID.def -dat /Users/nf477/Projects_Natalia/GROMACS/gromacs_ab_ligand_toolkit/ab_ligand_md_8complexes/Surfaces/FlexAID.dat

$ /Users/nf477/anaconda3/envs/nrgsuite/bin/python /Users/nf477/Projects_Natalia/GROMACS/gromacs_ab_ligand_toolkit/ab_ligand_md_8complexes/Surfaces/clean_structure.py -f 4E2_ddhC_P001_WL97P.pdb -def /Users/nf477/Projects_Natalia/GROMACS/gromacs_ab_ligand_toolkit/ab_ligand_md_8complexes/computational_DMS_top_occupancy_poses/4E2__ddhC/surfaces_definition/custom_MOL_AMINO_FlexAID.def

$ /Users/nf477/anaconda3/envs/nrgsuite/bin/python /Users/nf477/Projects_Natalia/GROMACS/gromacs_ab_ligand_toolkit/ab_ligand_md_8complexes/Surfaces/surface_cont_lig.py -f /Users/nf477/Projects_Natalia/GROMACS/gromacs_ab_ligand_toolkit/ab_ligand_md_8complexes/computational_DMS_top_occupancy_poses/4E2__ddhC/mutants/clean_4E2_ddhC_P001_WL97P.pdb -c HL -lig MOL -o /Users/nf477/Projects_Natalia/GROMACS/gromacs_ab_ligand_toolkit/ab_ligand_md_8complexes/computational_DMS_top_occupancy_poses/4E2__ddhC/surfaces/WL97P_output.csv -def /Users/nf477/Projects_Natalia/GROMACS/gromacs_ab_ligand_toolkit/ab_ligand_md_8complexes/computational_DMS_top_occupancy_poses/4E2__ddhC/surfaces_definition/custom_MOL_AMINO_FlexAID.def -dat /Users/nf477/Projects_Natalia/GROMACS/gromacs_ab_ligand_toolkit/ab_ligand_md_8complexes/Surfaces/FlexAID.dat

$ /Users/nf477/anaconda3/envs/nrgsuite/bin/python /Users/nf477/Projects_Natalia/GROMACS/gromacs_ab_ligand_toolkit/ab_ligand_md_8complexes/Surfaces/clean_structure.py -f 4E2_ddhC_P001_WL97Q.pdb -def /Users/nf477/Projects_Natalia/GROMACS/gromacs_ab_ligand_toolkit/ab_ligand_md_8complexes/computational_DMS_top_occupancy_poses/4E2__ddhC/surfaces_definition/custom_MOL_AMINO_FlexAID.def

$ /Users/nf477/anaconda3/envs/nrgsuite/bin/python /Users/nf477/Projects_Natalia/GROMACS/gromacs_ab_ligand_toolkit/ab_ligand_md_8complexes/Surfaces/surface_cont_lig.py -f /Users/nf477/Projects_Natalia/GROMACS/gromacs_ab_ligand_toolkit/ab_ligand_md_8complexes/computational_DMS_top_occupancy_poses/4E2__ddhC/mutants/clean_4E2_ddhC_P001_WL97Q.pdb -c HL -lig MOL -o /Users/nf477/Projects_Natalia/GROMACS/gromacs_ab_ligand_toolkit/ab_ligand_md_8complexes/computational_DMS_top_occupancy_poses/4E2__ddhC/surfaces/WL97Q_output.csv -def /Users/nf477/Projects_Natalia/GROMACS/gromacs_ab_ligand_toolkit/ab_ligand_md_8complexes/computational_DMS_top_occupancy_poses/4E2__ddhC/surfaces_definition/custom_MOL_AMINO_FlexAID.def -dat /Users/nf477/Projects_Natalia/GROMACS/gromacs_ab_ligand_toolkit/ab_ligand_md_8complexes/Surfaces/FlexAID.dat

$ /Users/nf477/anaconda3/envs/nrgsuite/bin/python /Users/nf477/Projects_Natalia/GROMACS/gromacs_ab_ligand_toolkit/ab_ligand_md_8complexes/Surfaces/clean_structure.py -f 4E2_ddhC_P001_WL97R.pdb -def /Users/nf477/Projects_Natalia/GROMACS/gromacs_ab_ligand_toolkit/ab_ligand_md_8complexes/computational_DMS_top_occupancy_poses/4E2__ddhC/surfaces_definition/custom_MOL_AMINO_FlexAID.def

$ /Users/nf477/anaconda3/envs/nrgsuite/bin/python /Users/nf477/Projects_Natalia/GROMACS/gromacs_ab_ligand_toolkit/ab_ligand_md_8complexes/Surfaces/surface_cont_lig.py -f /Users/nf477/Projects_Natalia/GROMACS/gromacs_ab_ligand_toolkit/ab_ligand_md_8complexes/computational_DMS_top_occupancy_poses/4E2__ddhC/mutants/clean_4E2_ddhC_P001_WL97R.pdb -c HL -lig MOL -o /Users/nf477/Projects_Natalia/GROMACS/gromacs_ab_ligand_toolkit/ab_ligand_md_8complexes/computational_DMS_top_occupancy_poses/4E2__ddhC/surfaces/WL97R_output.csv -def /Users/nf477/Projects_Natalia/GROMACS/gromacs_ab_ligand_toolkit/ab_ligand_md_8complexes/computational_DMS_top_occupancy_poses/4E2__ddhC/surfaces_definition/custom_MOL_AMINO_FlexAID.def -dat /Users/nf477/Projects_Natalia/GROMACS/gromacs_ab_ligand_toolkit/ab_ligand_md_8complexes/Surfaces/FlexAID.dat

$ /Users/nf477/anaconda3/envs/nrgsuite/bin/python /Users/nf477/Projects_Natalia/GROMACS/gromacs_ab_ligand_toolkit/ab_ligand_md_8complexes/Surfaces/clean_structure.py -f 4E2_ddhC_P001_WL97S.pdb -def /Users/nf477/Projects_Natalia/GROMACS/gromacs_ab_ligand_toolkit/ab_ligand_md_8complexes/computational_DMS_top_occupancy_poses/4E2__ddhC/surfaces_definition/custom_MOL_AMINO_FlexAID.def

$ /Users/nf477/anaconda3/envs/nrgsuite/bin/python /Users/nf477/Projects_Natalia/GROMACS/gromacs_ab_ligand_toolkit/ab_ligand_md_8complexes/Surfaces/surface_cont_lig.py -f /Users/nf477/Projects_Natalia/GROMACS/gromacs_ab_ligand_toolkit/ab_ligand_md_8complexes/computational_DMS_top_occupancy_poses/4E2__ddhC/mutants/clean_4E2_ddhC_P001_WL97S.pdb -c HL -lig MOL -o /Users/nf477/Projects_Natalia/GROMACS/gromacs_ab_ligand_toolkit/ab_ligand_md_8complexes/computational_DMS_top_occupancy_poses/4E2__ddhC/surfaces/WL97S_output.csv -def /Users/nf477/Projects_Natalia/GROMACS/gromacs_ab_ligand_toolkit/ab_ligand_md_8complexes/computational_DMS_top_occupancy_poses/4E2__ddhC/surfaces_definition/custom_MOL_AMINO_FlexAID.def -dat /Users/nf477/Projects_Natalia/GROMACS/gromacs_ab_ligand_toolkit/ab_ligand_md_8complexes/Surfaces/FlexAID.dat

$ /Users/nf477/anaconda3/envs/nrgsuite/bin/python /Users/nf477/Projects_Natalia/GROMACS/gromacs_ab_ligand_toolkit/ab_ligand_md_8complexes/Surfaces/clean_structure.py -f 4E2_ddhC_P001_WL97T.pdb -def /Users/nf477/Projects_Natalia/GROMACS/gromacs_ab_ligand_toolkit/ab_ligand_md_8complexes/computational_DMS_top_occupancy_poses/4E2__ddhC/surfaces_definition/custom_MOL_AMINO_FlexAID.def

$ /Users/nf477/anaconda3/envs/nrgsuite/bin/python /Users/nf477/Projects_Natalia/GROMACS/gromacs_ab_ligand_toolkit/ab_ligand_md_8complexes/Surfaces/surface_cont_lig.py -f /Users/nf477/Projects_Natalia/GROMACS/gromacs_ab_ligand_toolkit/ab_ligand_md_8complexes/computational_DMS_top_occupancy_poses/4E2__ddhC/mutants/clean_4E2_ddhC_P001_WL97T.pdb -c HL -lig MOL -o /Users/nf477/Projects_Natalia/GROMACS/gromacs_ab_ligand_toolkit/ab_ligand_md_8complexes/computational_DMS_top_occupancy_poses/4E2__ddhC/surfaces/WL97T_output.csv -def /Users/nf477/Projects_Natalia/GROMACS/gromacs_ab_ligand_toolkit/ab_ligand_md_8complexes/computational_DMS_top_occupancy_poses/4E2__ddhC/surfaces_definition/custom_MOL_AMINO_FlexAID.def -dat /Users/nf477/Projects_Natalia/GROMACS/gromacs_ab_ligand_toolkit/ab_ligand_md_8complexes/Surfaces/FlexAID.dat

$ /Users/nf477/anaconda3/envs/nrgsuite/bin/python /Users/nf477/Projects_Natalia/GROMACS/gromacs_ab_ligand_toolkit/ab_ligand_md_8complexes/Surfaces/clean_structure.py -f 4E2_ddhC_P001_WL97V.pdb -def /Users/nf477/Projects_Natalia/GROMACS/gromacs_ab_ligand_toolkit/ab_ligand_md_8complexes/computational_DMS_top_occupancy_poses/4E2__ddhC/surfaces_definition/custom_MOL_AMINO_FlexAID.def

$ /Users/nf477/anaconda3/envs/nrgsuite/bin/python /Users/nf477/Projects_Natalia/GROMACS/gromacs_ab_ligand_toolkit/ab_ligand_md_8complexes/Surfaces/surface_cont_lig.py -f /Users/nf477/Projects_Natalia/GROMACS/gromacs_ab_ligand_toolkit/ab_ligand_md_8complexes/computational_DMS_top_occupancy_poses/4E2__ddhC/mutants/clean_4E2_ddhC_P001_WL97V.pdb -c HL -lig MOL -o /Users/nf477/Projects_Natalia/GROMACS/gromacs_ab_ligand_toolkit/ab_ligand_md_8complexes/computational_DMS_top_occupancy_poses/4E2__ddhC/surfaces/WL97V_output.csv -def /Users/nf477/Projects_Natalia/GROMACS/gromacs_ab_ligand_toolkit/ab_ligand_md_8complexes/computational_DMS_top_occupancy_poses/4E2__ddhC/surfaces_definition/custom_MOL_AMINO_FlexAID.def -dat /Users/nf477/Projects_Natalia/GROMACS/gromacs_ab_ligand_toolkit/ab_ligand_md_8complexes/Surfaces/FlexAID.dat

$ /Users/nf477/anaconda3/envs/nrgsuite/bin/python /Users/nf477/Projects_Natalia/GROMACS/gromacs_ab_ligand_toolkit/ab_ligand_md_8complexes/Surfaces/clean_structure.py -f 4E2_ddhC_P001_WL97W.pdb -def /Users/nf477/Projects_Natalia/GROMACS/gromacs_ab_ligand_toolkit/ab_ligand_md_8complexes/computational_DMS_top_occupancy_poses/4E2__ddhC/surfaces_definition/custom_MOL_AMINO_FlexAID.def

$ /Users/nf477/anaconda3/envs/nrgsuite/bin/python /Users/nf477/Projects_Natalia/GROMACS/gromacs_ab_ligand_toolkit/ab_ligand_md_8complexes/Surfaces/surface_cont_lig.py -f /Users/nf477/Projects_Natalia/GROMACS/gromacs_ab_ligand_toolkit/ab_ligand_md_8complexes/computational_DMS_top_occupancy_poses/4E2__ddhC/mutants/clean_4E2_ddhC_P001_WL97W.pdb -c HL -lig MOL -o /Users/nf477/Projects_Natalia/GROMACS/gromacs_ab_ligand_toolkit/ab_ligand_md_8complexes/computational_DMS_top_occupancy_poses/4E2__ddhC/surfaces/WL97W_output.csv -def /Users/nf477/Projects_Natalia/GROMACS/gromacs_ab_ligand_toolkit/ab_ligand_md_8complexes/computational_DMS_top_occupancy_poses/4E2__ddhC/surfaces_definition/custom_MOL_AMINO_FlexAID.def -dat /Users/nf477/Projects_Natalia/GROMACS/gromacs_ab_ligand_toolkit/ab_ligand_md_8complexes/Surfaces/FlexAID.dat

$ /Users/nf477/anaconda3/envs/nrgsuite/bin/python /Users/nf477/Projects_Natalia/GROMACS/gromacs_ab_ligand_toolkit/ab_ligand_md_8complexes/Surfaces/clean_structure.py -f 4E2_ddhC_P001_WL97Y.pdb -def /Users/nf477/Projects_Natalia/GROMACS/gromacs_ab_ligand_toolkit/ab_ligand_md_8complexes/computational_DMS_top_occupancy_poses/4E2__ddhC/surfaces_definition/custom_MOL_AMINO_FlexAID.def

$ /Users/nf477/anaconda3/envs/nrgsuite/bin/python /Users/nf477/Projects_Natalia/GROMACS/gromacs_ab_ligand_toolkit/ab_ligand_md_8complexes/Surfaces/surface_cont_lig.py -f /Users/nf477/Projects_Natalia/GROMACS/gromacs_ab_ligand_toolkit/ab_ligand_md_8complexes/computational_DMS_top_occupancy_poses/4E2__ddhC/mutants/clean_4E2_ddhC_P001_WL97Y.pdb -c HL -lig MOL -o /Users/nf477/Projects_Natalia/GROMACS/gromacs_ab_ligand_toolkit/ab_ligand_md_8complexes/computational_DMS_top_occupancy_poses/4E2__ddhC/surfaces/WL97Y_output.csv -def /Users/nf477/Projects_Natalia/GROMACS/gromacs_ab_ligand_toolkit/ab_ligand_md_8complexes/computational_DMS_top_occupancy_poses/4E2__ddhC/surfaces_definition/custom_MOL_AMINO_FlexAID.def -dat /Users/nf477/Projects_Natalia/GROMACS/gromacs_ab_ligand_toolkit/ab_ligand_md_8complexes/Surfaces/FlexAID.dat

